id,base_case_id,text,label,scam_type,severity,reason,evidence_span,recommended_action,risk_factor,harm_type,target_group,region_variant,noise_type,source,license,is_synthetic,privacy_level,split
VN_000383,FAKE_POLICE_0383,"Cô/chú cứ bình tĩnh, bên cháu hỗ trợ nhanh thôi. Chúng tôi là công an, chú đang liên quan đến vụ án rửa tiền, cần chuyển tiền để điều tra. Làm ngay để tránh bị khóa dịch vụ.",SCAM,FAKE_POLICE,HIGH,"Giả danh cơ quan chức năng, đe dọa và yêu cầu chuyển tiền.",công an; viện kiểm sát; vụ án; chuyển tiền,Không chuyển tiền. Gọi người thân hoặc cơ quan công an địa phương để xác minh.,authority_impersonation; fear; secrecy,financial_loss,elderly,NORTH,LONG_CONTEXT,vietnamese_synthetic,self-created,true,no_pii,train
VN_000103,OTP_BANK_0103,"Ngân hàng cần kiểm tra bảo mật, má cung cấp mã OTP ngay để tránh khóa tk.",SCAM,OTP_BANK,HIGH,Yêu cầu cung cấp OTP hoặc mã xác nhận ngân hàng.,mã OTP; mã xác nhận; dãy 6 số,Không cung cấp OTP hoặc mã xác nhận. Gọi trực tiếp ngân hàng để kiểm tra.,urgency; technical_confusion,credential_theft,elderly,SOUTH,ABBREVIATION,vietnamese_synthetic,self-created,true,no_pii,train
VN_000463,JOB_SCAM_0463,"Chú nhận job online, hoàn thành đơn đầu tiên sẽ được hoàn tiền và thưởng.",SCAM,JOB_SCAM,MEDIUM,"Lừa việc làm online, yêu cầu đóng phí hoặc nạp tiền trước.",nạp trước; đóng phí; kích hoạt tài khoản,Không đóng phí để nhận việc. Kiểm tra công ty và hợp đồng rõ ràng.,financial_pressure; false_promise,financial_loss,elderly,SOUTH,NONE,vietnamese_synthetic,self-created,true,no_pii,train
VN_000599,JOB_SCAM_0599,"Việc nhẹ lương cao, cô đóng phí hồ sơ là có thể bắt đầu ngay. please check now",SCAM,JOB_SCAM,MEDIUM,"Lừa việc làm online, yêu cầu đóng phí hoặc nạp tiền trước.",nạp trước; đóng phí; kích hoạt tài khoản,Không đóng phí để nhận việc. Kiểm tra công ty và hợp đồng rõ ràng.,financial_pressure; false_promise,financial_loss,elderly,NORTH,CODE_SWITCHING,vietnamese_synthetic,self-created,true,no_pii,train
VN_000292,OTP_BANK_0292,"Tai khoan cua o dang bi khoa, gui ma xac nhan de mo lai.",SCAM,OTP_BANK,HIGH,Yêu cầu cung cấp OTP hoặc mã xác nhận ngân hàng.,mã OTP; mã xác nhận; dãy 6 số,Không cung cấp OTP hoặc mã xác nhận. Gọi trực tiếp ngân hàng để kiểm tra.,urgency; technical_confusion,credential_theft,elderly,CENTRAL,NO_DIACRITICS,vietnamese_synthetic,self-created,true,no_pii,train
VN_000111,OTP_BANK_0111,"Tài khoản của cô đang bị khóa, gửi dãy 6 số để mở lại.",SCAM,OTP_BANK,HIGH,Yêu cầu cung cấp OTP hoặc mã xác nhận ngân hàng.,mã OTP; mã xác nhận; dãy 6 số,Không cung cấp OTP hoặc mã xác nhận. Gọi trực tiếp ngân hàng để kiểm tra.,urgency; technical_confusion,credential_theft,elderly,STANDARD,OBFUSCATION,vietnamese_synthetic,self-created,true,no_pii,train
VN_000196,EMERGENCY_MONEY_0196,"Con đang gặp chuyện gấp, bác chuyển khoản liền cho con 10 triệu nha.",SCAM,EMERGENCY_MONEY,HIGH,"Giả danh người thân, tạo tình huống khẩn cấp và yêu cầu chuyển tiền.",cấp cứu; chuyển gấp; đừng gọi lại; khẩn cấp,Không chuyển tiền vội. Gọi trực tiếp cho người thân qua số quen thuộc để xác minh.,urgency; trust_abuse; secrecy,financial_loss,elderly,CENTRAL,OBFUSCATION,vietnamese_synthetic,self-created,true,no_pii,train
VN_000045,OTP_BANK_0045,"Ngân hàng cần kiểm tra bảo mật, má cung cấp mã OTP ngay để tránh khóa tài khoản.",SCAM,OTP_BANK,HIGH,Yêu cầu cung cấp OTP hoặc mã xác nhận ngân hàng.,mã OTP; mã xác nhận; dãy 6 số,Không cung cấp OTP hoặc mã xác nhận. Gọi trực tiếp ngân hàng để kiểm tra.,urgency; technical_confusion,credential_theft,elderly,SOUTH,NONE,vietnamese_synthetic,self-created,true,no_pii,train
VN_000417,JOB_SCAM_0417,"Việc nhẹ lương cao, chú đóng phí hồ sơ là có thể bắt đầu ngay Bên cháu đang chờ phản hồi.",SCAM,JOB_SCAM,MEDIUM,"Lừa việc làm online, yêu cầu đóng phí hoặc nạp tiền trước.",nạp trước; đóng phí; kích hoạt tài khoản,Không đóng phí để nhận việc. Kiểm tra công ty và hợp đồng rõ ràng.,financial_pressure; false_promise,financial_loss,elderly,SOUTH,ABBREVIATION,vietnamese_synthetic,self-created,true,no_pii,train
VN_000222,FAKE_POLICE_0222,"Bên viện kiểm sát yêu cầu cô hợp tác ngay, nếu không sẽ bị phong tỏa tài sản.",SCAM,FAKE_POLICE,HIGH,"Giả danh cơ quan chức năng, đe dọa và yêu cầu chuyển tiền.",công an; viện kiểm sát; vụ án; chuyển tiền,Không chuyển tiền. Gọi người thân hoặc cơ quan công an địa phương để xác minh.,authority_impersonation; fear; secrecy,financial_loss,elderly,NORTH,NONE,vietnamese_synthetic,self-created,true,no_pii,train
VN_000405,OTP_BANK_0405,Má gửi mã OTP vừa nhận được để ngân hàng xác minh tài khoản ngay nhé.,SCAM,OTP_BANK,HIGH,Yêu cầu cung cấp OTP hoặc mã xác nhận ngân hàng.,mã OTP; mã xác nhận; dãy 6 số,Không cung cấp OTP hoặc mã xác nhận. Gọi trực tiếp ngân hàng để kiểm tra.,urgency; technical_confusion,credential_theft,elderly,SOUTH,NONE,vietnamese_synthetic,self-created,true,no_pii,train
VN_000441,OTP_BANK_0441,Cô gửi mã OTP vừa nhận được để NH xm tk ngay nhé.,SCAM,OTP_BANK,HIGH,Yêu cầu cung cấp OTP hoặc mã xác nhận ngân hàng.,mã OTP; mã xác nhận; dãy 6 số,Không cung cấp OTP hoặc mã xác nhận. Gọi trực tiếp ngân hàng để kiểm tra.,urgency; technical_confusion,credential_theft,elderly,STANDARD,ABBREVIATION,vietnamese_synthetic,self-created,true,no_pii,train
VN_000083,OTP_BANK_0083,"Tài khoản của mệ đang bị khóa, gửi mã xác nhận để mở lại.",SCAM,OTP_BANK,HIGH,Yêu cầu cung cấp OTP hoặc mã xác nhận ngân hàng.,mã OTP; mã xác nhận; dãy 6 số,Không cung cấp OTP hoặc mã xác nhận. Gọi trực tiếp ngân hàng để kiểm tra.,urgency; technical_confusion,credential_theft,elderly,CENTRAL,NONE,vietnamese_synthetic,self-created,true,no_pii,train
VN_000006,EMERGENCY_MONEY_0006,"Mẹ ơi con đang cấp cứu, chuyển gấp cho con 5 triệu, đừng gọi lại.",SCAM,EMERGENCY_MONEY,HIGH,"Giả danh người thân, tạo tình huống khẩn cấp và yêu cầu chuyển tiền.",cấp cứu; chuyển gấp; đừng gọi lại; khẩn cấp,Không chuyển tiền vội. Gọi trực tiếp cho người thân qua số quen thuộc để xác minh.,urgency; trust_abuse; secrecy,financial_loss,elderly,NORTH,NONE,vietnamese_synthetic,self-created,true,no_pii,train
VN_000493,FAKE_POLICE_0493,"Bác không được nói với ai, hãy chuyển tiền vào tài khoản tạm giữ để phục vụ xác minh Xử lý trong hôm nay giúp cháu.",SCAM,FAKE_POLICE,HIGH,"Giả danh cơ quan chức năng, đe dọa và yêu cầu chuyển tiền.",công an; viện kiểm sát; vụ án; chuyển tiền,Không chuyển tiền. Gọi người thân hoặc cơ quan công an địa phương để xác minh.,authority_impersonation; fear; secrecy,financial_loss,elderly,STANDARD,NONE,vietnamese_synthetic,self-created,true,no_pii,train
VN_000329,JOB_SCAM_0329,"Ba nhận job online, hoàn thành đơn đầu tiên sẽ được hoàn tiền và thưởng Làm ngay giúp bên cháu.",SCAM,JOB_SCAM,MEDIUM,"Lừa việc làm online, yêu cầu đóng phí hoặc nạp tiền trước.",nạp trước; đóng phí; kích hoạt tài khoản,Không đóng phí để nhận việc. Kiểm tra công ty và hợp đồng rõ ràng.,financial_pressure; false_promise,financial_loss,elderly,SOUTH,OBFUSCATION,vietnamese_synthetic,self-created,true,no_pii,train
VN_000128,FAKE_POLICE_0128,"O dang bi nghi ngo lien quan duong day lua dao, can lam theo huong dan ngai.",SCAM,FAKE_POLICE,HIGH,"Giả danh cơ quan chức năng, đe dọa và yêu cầu chuyển tiền.",công an; viện kiểm sát; vụ án; chuyển tiền,Không chuyển tiền. Gọi người thân hoặc cơ quan công an địa phương để xác minh.,authority_impersonation; fear; secrecy,financial_loss,elderly,CENTRAL,TYPO,vietnamese_synthetic,self-created,true,no_pii,train
VN_000408,FAKE_POLICE_0408,"Bên viện kiểm sát yêu cầu cô hợp tác ngay, nếu không sẽ bị phong tỏa tài sản Làm ngay giúp bên cháu.",SCAM,FAKE_POLICE,HIGH,"Giả danh cơ quan chức năng, đe dọa và yêu cầu chuyển tiền.",công an; viện kiểm sát; vụ án; chuyển tiền,Không chuyển tiền. Gọi người thân hoặc cơ quan công an địa phương để xác minh.,authority_impersonation; fear; secrecy,financial_loss,elderly,SOUTH,NONE,vietnamese_synthetic,self-created,true,no_pii,train
VN_000257,EMERGENCY_MONEY_0257,"O oi con bi tai nan, gui tien ngai vao so tai khoan nay giup con.",SCAM,EMERGENCY_MONEY,HIGH,"Giả danh người thân, tạo tình huống khẩn cấp và yêu cầu chuyển tiền.",cấp cứu; chuyển gấp; đừng gọi lại; khẩn cấp,Không chuyển tiền vội. Gọi trực tiếp cho người thân qua số quen thuộc để xác minh.,urgency; trust_abuse; secrecy,financial_loss,elderly,CENTRAL,TYPO,vietnamese_synthetic,self-created,true,no_pii,train
VN_000367,EMERGENCY_MONEY_0367,"Chu dung hoi nhieu, con can tien xu ly viec khan cap, chuyen ngay giup con.",SCAM,EMERGENCY_MONEY,HIGH,"Giả danh người thân, tạo tình huống khẩn cấp và yêu cầu chuyển tiền.",cấp cứu; chuyển gấp; đừng gọi lại; khẩn cấp,Không chuyển tiền vội. Gọi trực tiếp cho người thân qua số quen thuộc để xác minh.,urgency; trust_abuse; secrecy,financial_loss,elderly,SOUTH,NO_DIACRITICS,vietnamese_synthetic,self-created,true,no_pii,train
VN_000337,EMERGENCY_MONEY_0337,"Con đang gặp chuyện gấp, chú chuyển khoản liền cho con 10 triệu nha Làm ngay giúp bên cháu.",SCAM,EMERGENCY_MONEY,HIGH,"Giả danh người thân, tạo tình huống khẩn cấp và yêu cầu chuyển tiền.",cấp cứu; chuyển gấp; đừng gọi lại; khẩn cấp,Không chuyển tiền vội. Gọi trực tiếp cho người thân qua số quen thuộc để xác minh.,urgency; trust_abuse; secrecy,financial_loss,elderly,NORTH,OBFUSCATION,vietnamese_synthetic,self-created,true,no_pii,train
VN_000381,EMERGENCY_MONEY_0381,"Ba dung hoi nhieu, con can tien xu ly viec khan cap, chuyen ngai giup con.",SCAM,EMERGENCY_MONEY,HIGH,"Giả danh người thân, tạo tình huống khẩn cấp và yêu cầu chuyển tiền.",cấp cứu; chuyển gấp; đừng gọi lại; khẩn cấp,Không chuyển tiền vội. Gọi trực tiếp cho người thân qua số quen thuộc để xác minh.,urgency; trust_abuse; secrecy,financial_loss,elderly,SOUTH,TYPO,vietnamese_synthetic,self-created,true,no_pii,train
VN_000144,FAKE_POLICE_0144,"Bac khong duoc noi voi ai, hay chuyen tien vao tai khoan tam giu de phuc vu xac minh.",SCAM,FAKE_POLICE,HIGH,"Giả danh cơ quan chức năng, đe dọa và yêu cầu chuyển tiền.",công an; viện kiểm sát; vụ án; chuyển tiền,Không chuyển tiền. Gọi người thân hoặc cơ quan công an địa phương để xác minh.,authority_impersonation; fear; secrecy,financial_loss,elderly,NORTH,NO_DIACRITICS,vietnamese_synthetic,self-created,true,no_pii,train
VN_000459,FAKE_POLICE_0459,"Chúng tôi là công an, o đang liên quan đến vụ án rửa tiền, cần chuyển tiền để điều tra Làm ngay giúp bên cháu.",SCAM,FAKE_POLICE,HIGH,"Giả danh cơ quan chức năng, đe dọa và yêu cầu chuyển tiền.",công an; viện kiểm sát; vụ án; chuyển tiền,Không chuyển tiền. Gọi người thân hoặc cơ quan công an địa phương để xác minh.,authority_impersonation; fear; secrecy,financial_loss,elderly,CENTRAL,NONE,vietnamese_synthetic,self-created,true,no_pii,train
VN_000007,FAKE_POLICE_0007,"Bên viện kiểm sát yêu cầu mệ hợp tác ngay, nếu không sẽ bị phong tỏa tài sản.",SCAM,FAKE_POLICE,HIGH,"Giả danh cơ quan chức năng, đe dọa và yêu cầu chuyển tiền.",công an; viện kiểm sát; vụ án; chuyển tiền,Không chuyển tiền. Gọi người thân hoặc cơ quan công an địa phương để xác minh.,authority_impersonation; fear; secrecy,financial_loss,elderly,CENTRAL,OBFUSCATION,vietnamese_synthetic,self-created,true,no_pii,train
VN_000315,JOB_SCAM_0315,"Cô/chú cứ bình tĩnh, bên cháu hỗ trợ nhanh thôi. Việc nhẹ lương cao, bác đóng phí hồ sơ là có thể bắt đầu ngay. Làm ngay để tránh bị khóa dịch vụ.",SCAM,JOB_SCAM,MEDIUM,"Lừa việc làm online, yêu cầu đóng phí hoặc nạp tiền trước.",nạp trước; đóng phí; kích hoạt tài khoản,Không đóng phí để nhận việc. Kiểm tra công ty và hợp đồng rõ ràng.,financial_pressure; false_promise,financial_loss,elderly,CENTRAL,LONG_CONTEXT,vietnamese_synthetic,self-created,true,no_pii,train
VN_000283,JOB_SCAM_0283,"Việc nhẹ lương cao, bác đóng phí hồ sơ là có thể bắt đầu ngay. please check now",SCAM,JOB_SCAM,MEDIUM,"Lừa việc làm online, yêu cầu đóng phí hoặc nạp tiền trước.",nạp trước; đóng phí; kích hoạt tài khoản,Không đóng phí để nhận việc. Kiểm tra công ty và hợp đồng rõ ràng.,financial_pressure; false_promise,financial_loss,elderly,NORTH,CODE_SWITCHING,vietnamese_synthetic,self-created,true,no_pii,train
VN_000204,OTP_BANK_0204,"Ngân hàng cần kiểm tra bảo mật, chú cung cấp mã OTP ngay để tránh khóa tài khoản Làm ngay giúp bên cháu.",SCAM,OTP_BANK,HIGH,Yêu cầu cung cấp OTP hoặc mã xác nhận ngân hàng.,mã OTP; mã xác nhận; dãy 6 số,Không cung cấp OTP hoặc mã xác nhận. Gọi trực tiếp ngân hàng để kiểm tra.,urgency; technical_confusion,credential_theft,elderly,STANDARD,NONE,vietnamese_synthetic,self-created,true,no_pii,train
VN_000105,OTP_BANK_0105,"Ngân hàng cần kiểm tra bảo mật, bác cung cấp mã OTP ngay để tránh khóa tài khoản.",SCAM,OTP_BANK,HIGH,Yêu cầu cung cấp OTP hoặc mã xác nhận ngân hàng.,mã OTP; mã xác nhận; dãy 6 số,Không cung cấp OTP hoặc mã xác nhận. Gọi trực tiếp ngân hàng để kiểm tra.,urgency; technical_confusion,credential_theft,elderly,STANDARD,NONE,vietnamese_synthetic,self-created,true,no_pii,train
VN_000470,JOB_SCAM_0470,"Viec nhe luong cao, bac dong phi ho so la co the bat dau ngay.",SCAM,JOB_SCAM,MEDIUM,"Lừa việc làm online, yêu cầu đóng phí hoặc nạp tiền trước.",nạp trước; đóng phí; kích hoạt tài khoản,Không đóng phí để nhận việc. Kiểm tra công ty và hợp đồng rõ ràng.,financial_pressure; false_promise,financial_loss,elderly,STANDARD,NO_DIACRITICS,vietnamese_synthetic,self-created,true,no_pii,train
VN_000237,EMERGENCY_MONEY_0237,"Cô ơi con bị tai nạn, gửi tiền ngay vào stk này giúp con Làm ngay giúp bên cháu.",SCAM,EMERGENCY_MONEY,HIGH,"Giả danh người thân, tạo tình huống khẩn cấp và yêu cầu chuyển tiền.",cấp cứu; chuyển gấp; đừng gọi lại; khẩn cấp,Không chuyển tiền vội. Gọi trực tiếp cho người thân qua số quen thuộc để xác minh.,urgency; trust_abuse; secrecy,financial_loss,elderly,SOUTH,ABBREVIATION,vietnamese_synthetic,self-created,true,no_pii,train
VN_000199,JOB_SCAM_0199,"O nhận job online, hoàn thành đơn đầu tiên sẽ được hoàn tiền và thưởng.",SCAM,JOB_SCAM,MEDIUM,"Lừa việc làm online, yêu cầu đóng phí hoặc nạp tiền trước.",nạp trước; đóng phí; kích hoạt tài khoản,Không đóng phí để nhận việc. Kiểm tra công ty và hợp đồng rõ ràng.,financial_pressure; false_promise,financial_loss,elderly,CENTRAL,NONE,vietnamese_synthetic,self-created,true,no_pii,train
VN_000278,EMERGENCY_MONEY_0278,"Chú ơi con bị tai nạn, gửi tiền ngay vào số tài khoản này giúp con Làm ngay giúp bên cháu.",SCAM,EMERGENCY_MONEY,HIGH,"Giả danh người thân, tạo tình huống khẩn cấp và yêu cầu chuyển tiền.",cấp cứu; chuyển gấp; đừng gọi lại; khẩn cấp,Không chuyển tiền vội. Gọi trực tiếp cho người thân qua số quen thuộc để xác minh.,urgency; trust_abuse; secrecy,financial_loss,elderly,SOUTH,NONE,vietnamese_synthetic,self-created,true,no_pii,train
VN_000469,FAKE_POLICE_0469,"Chúng tôi là công an, mệ đang liên quan đến vụ án rửa tiền, cần chuyển tiền để điều tra Làm ngay giúp bên cháu.",SCAM,FAKE_POLICE,HIGH,"Giả danh cơ quan chức năng, đe dọa và yêu cầu chuyển tiền.",công an; viện kiểm sát; vụ án; chuyển tiền,Không chuyển tiền. Gọi người thân hoặc cơ quan công an địa phương để xác minh.,authority_impersonation; fear; secrecy,financial_loss,elderly,CENTRAL,NONE,vietnamese_synthetic,self-created,true,no_pii,train
VN_000261,OTP_BANK_0261,Bác gửi mã OTP vừa nhận được để ngân hàng xác minh tài khoản ngay nhé.,SCAM,OTP_BANK,HIGH,Yêu cầu cung cấp OTP hoặc mã xác nhận ngân hàng.,mã OTP; mã xác nhận; dãy 6 số,Không cung cấp OTP hoặc mã xác nhận. Gọi trực tiếp ngân hàng để kiểm tra.,urgency; technical_confusion,credential_theft,elderly,CENTRAL,NONE,vietnamese_synthetic,self-created,true,no_pii,train
VN_000568,EMERGENCY_MONEY_0568,"Bác đừng hỏi nhiều, con cần tiền xử lý việc khẩn cấp, chuyển ngay giúp con Xử lý trong hôm nay giúp cháu.",SCAM,EMERGENCY_MONEY,HIGH,"Giả danh người thân, tạo tình huống khẩn cấp và yêu cầu chuyển tiền.",cấp cứu; chuyển gấp; đừng gọi lại; khẩn cấp,Không chuyển tiền vội. Gọi trực tiếp cho người thân qua số quen thuộc để xác minh.,urgency; trust_abuse; secrecy,financial_loss,elderly,NORTH,NONE,vietnamese_synthetic,self-created,true,no_pii,train
VN_000195,FAKE_POLICE_0195,"Mệ đang bị nghi ngờ liên quan đường dây lừa đảo, cần làm theo hướng dẫn ngay.",SCAM,FAKE_POLICE,HIGH,"Giả danh cơ quan chức năng, đe dọa và yêu cầu chuyển tiền.",công an; viện kiểm sát; vụ án; chuyển tiền,Không chuyển tiền. Gọi người thân hoặc cơ quan công an địa phương để xác minh.,authority_impersonation; fear; secrecy,financial_loss,elderly,CENTRAL,NONE,vietnamese_synthetic,self-created,true,no_pii,train
VN_000552,EMERGENCY_MONEY_0552,"Me oi con dang cap cuu, chuyen gap cho con 5 trieu, dung goi lai Vui lòng làm ngay để tránh mất quyền lợi.",SCAM,EMERGENCY_MONEY,HIGH,"Giả danh người thân, tạo tình huống khẩn cấp và yêu cầu chuyển tiền.",cấp cứu; chuyển gấp; đừng gọi lại; khẩn cấp,Không chuyển tiền vội. Gọi trực tiếp cho người thân qua số quen thuộc để xác minh.,urgency; trust_abuse; secrecy,financial_loss,elderly,SOUTH,NO_DIACRITICS,vietnamese_synthetic,self-created,true,no_pii,train
VN_000301,FAKE_POLICE_0301,"Chúng tôi là công an, o đang liên quan đến vụ án rửa tiền, cần chuyển tiền để điều tra.",SCAM,FAKE_POLICE,HIGH,"Giả danh cơ quan chức năng, đe dọa và yêu cầu chuyển tiền.",công an; viện kiểm sát; vụ án; chuyển tiền,Không chuyển tiền. Gọi người thân hoặc cơ quan công an địa phương để xác minh.,authority_impersonation; fear; secrecy,financial_loss,elderly,CENTRAL,NONE,vietnamese_synthetic,self-created,true,no_pii,train
VN_000228,FAKE_POLICE_0228,"Chúng tôi là công an, chú đang liên quan đến vụ án rửa tiền, cần ck để điều tra.",SCAM,FAKE_POLICE,HIGH,"Giả danh cơ quan chức năng, đe dọa và yêu cầu chuyển tiền.",công an; viện kiểm sát; vụ án; chuyển tiền,Không chuyển tiền. Gọi người thân hoặc cơ quan công an địa phương để xác minh.,authority_impersonation; fear; secrecy,financial_loss,elderly,STANDARD,ABBREVIATION,vietnamese_synthetic,self-created,true,no_pii,train
VN_000308,JOB_SCAM_0308,"Ba nhận job online, hoàn thành đơn đầu tiên sẽ được hoàn tiền và thưởng.",SCAM,JOB_SCAM,MEDIUM,"Lừa việc làm online, yêu cầu đóng phí hoặc nạp tiền trước.",nạp trước; đóng phí; kích hoạt tài khoản,Không đóng phí để nhận việc. Kiểm tra công ty và hợp đồng rõ ràng.,financial_pressure; false_promise,financial_loss,elderly,SOUTH,NONE,vietnamese_synthetic,self-created,true,no_pii,train
VN_000164,FAKE_POLICE_0164,"Cô/chú cứ bình tĩnh, bên cháu hỗ trợ nhanh thôi. Bác đang bị nghi ngờ liên quan đường dây lừa đảo, cần làm theo hướng dẫn ngay. Làm ngay để tránh bị khóa dịch vụ.",SCAM,FAKE_POLICE,HIGH,"Giả danh cơ quan chức năng, đe dọa và yêu cầu chuyển tiền.",công an; viện kiểm sát; vụ án; chuyển tiền,Không chuyển tiền. Gọi người thân hoặc cơ quan công an địa phương để xác minh.,authority_impersonation; fear; secrecy,financial_loss,elderly,NORTH,LONG_CONTEXT,vietnamese_synthetic,self-created,true,no_pii,train
VN_000537,OTP_BANK_0537,Cô gửi mã OTP vừa nhận được để ngân hàng xác minh tài khoản ngay nhé Làm ngay giúp bên cháu.,SCAM,OTP_BANK,HIGH,Yêu cầu cung cấp OTP hoặc mã xác nhận ngân hàng.,mã OTP; mã xác nhận; dãy 6 số,Không cung cấp OTP hoặc mã xác nhận. Gọi trực tiếp ngân hàng để kiểm tra.,urgency; technical_confusion,credential_theft,elderly,NORTH,NONE,vietnamese_synthetic,self-created,true,no_pii,train
VN_000226,FAKE_POLICE_0226,"Ben vien kiem sat yeu cau me hop tac ngai, neu khong se bi phong toa tai san.",SCAM,FAKE_POLICE,HIGH,"Giả danh cơ quan chức năng, đe dọa và yêu cầu chuyển tiền.",công an; viện kiểm sát; vụ án; chuyển tiền,Không chuyển tiền. Gọi người thân hoặc cơ quan công an địa phương để xác minh.,authority_impersonation; fear; secrecy,financial_loss,elderly,CENTRAL,TYPO,vietnamese_synthetic,self-created,true,no_pii,train
VN_000396,OTP_BANK_0396,Chú đọc giúp cháu dãy 6 số vừa gửi về điện thoại để hoàn tất xác minh.,SCAM,OTP_BANK,HIGH,Yêu cầu cung cấp OTP hoặc mã xác nhận ngân hàng.,mã OTP; mã xác nhận; dãy 6 số,Không cung cấp OTP hoặc mã xác nhận. Gọi trực tiếp ngân hàng để kiểm tra.,urgency; technical_confusion,credential_theft,elderly,STANDARD,NONE,vietnamese_synthetic,self-created,true,no_pii,train
VN_000016,FAKE_POLICE_0016,"Bên viện kiểm sát yêu cầu chú hợp tác ngay, nếu không sẽ bị phong tỏa tài sản.",SCAM,FAKE_POLICE,HIGH,"Giả danh cơ quan chức năng, đe dọa và yêu cầu chuyển tiền.",công an; viện kiểm sát; vụ án; chuyển tiền,Không chuyển tiền. Gọi người thân hoặc cơ quan công an địa phương để xác minh.,authority_impersonation; fear; secrecy,financial_loss,elderly,NORTH,NONE,vietnamese_synthetic,self-created,true,no_pii,train
VN_000375,JOB_SCAM_0375,"Bên em tuyển cộng tác viên tại nhà, cần chuyển tiền kích hoạt tài khoản Vui lòng làm ngay để tránh mất quyền lợi.",SCAM,JOB_SCAM,MEDIUM,"Lừa việc làm online, yêu cầu đóng phí hoặc nạp tiền trước.",nạp trước; đóng phí; kích hoạt tài khoản,Không đóng phí để nhận việc. Kiểm tra công ty và hợp đồng rõ ràng.,financial_pressure; false_promise,financial_loss,elderly,CENTRAL,NONE,vietnamese_synthetic,self-created,true,no_pii,train
VN_000162,EMERGENCY_MONEY_0162,"Mệ đừng hỏi nhiều, con cần tiền xử lý việc khẩn cấp, chuyển ngay giúp con.",SCAM,EMERGENCY_MONEY,HIGH,"Giả danh người thân, tạo tình huống khẩn cấp và yêu cầu chuyển tiền.",cấp cứu; chuyển gấp; đừng gọi lại; khẩn cấp,Không chuyển tiền vội. Gọi trực tiếp cho người thân qua số quen thuộc để xác minh.,urgency; trust_abuse; secrecy,financial_loss,elderly,CENTRAL,NONE,vietnamese_synthetic,self-created,true,no_pii,train
VN_000246,EMERGENCY_MONEY_0246,"Con đang gặp chuyện gấp, mệ chuyển khoản liền cho con 10 triệu nha.",SCAM,EMERGENCY_MONEY,HIGH,"Giả danh người thân, tạo tình huống khẩn cấp và yêu cầu chuyển tiền.",cấp cứu; chuyển gấp; đừng gọi lại; khẩn cấp,Không chuyển tiền vội. Gọi trực tiếp cho người thân qua số quen thuộc để xác minh.,urgency; trust_abuse; secrecy,financial_loss,elderly,CENTRAL,NONE,vietnamese_synthetic,self-created,true,no_pii,train
VN_000388,EMERGENCY_MONEY_0388,"Má ơi con bị tai nạn, gửi tiền ngay vào số t.khoản này giúp con.",SCAM,EMERGENCY_MONEY,HIGH,"Giả danh người thân, tạo tình huống khẩn cấp và yêu cầu chuyển tiền.",cấp cứu; chuyển gấp; đừng gọi lại; khẩn cấp,Không chuyển tiền vội. Gọi trực tiếp cho người thân qua số quen thuộc để xác minh.,urgency; trust_abuse; secrecy,financial_loss,elderly,SOUTH,OBFUSCATION,vietnamese_synthetic,self-created,true,no_pii,train
VN_000117,FAKE_POLICE_0117,"Chu dang bi nghi ngo lien quan duong day lua dao, can lam theo huong dan ngai Làm ngay giúp bên cháu.",SCAM,FAKE_POLICE,HIGH,"Giả danh cơ quan chức năng, đe dọa và yêu cầu chuyển tiền.",công an; viện kiểm sát; vụ án; chuyển tiền,Không chuyển tiền. Gọi người thân hoặc cơ quan công an địa phương để xác minh.,authority_impersonation; fear; secrecy,financial_loss,elderly,STANDARD,TYPO,vietnamese_synthetic,self-created,true,no_pii,train
VN_000249,OTP_BANK_0249,"Cô/chú cứ bình tĩnh, bên cháu hỗ trợ nhanh thôi. Ngân hàng cần kiểm tra bảo mật, cô cung cấp mã OTP ngay để tránh khóa tài khoản. Làm ngay để tránh bị khóa dịch vụ.",SCAM,OTP_BANK,HIGH,Yêu cầu cung cấp OTP hoặc mã xác nhận ngân hàng.,mã OTP; mã xác nhận; dãy 6 số,Không cung cấp OTP hoặc mã xác nhận. Gọi trực tiếp ngân hàng để kiểm tra.,urgency; technical_confusion,credential_theft,elderly,SOUTH,LONG_CONTEXT,vietnamese_synthetic,self-created,true,no_pii,train
VN_000057,FAKE_POLICE_0057,"Chúng tôi là công an, cô đang liên quan đến vụ án rửa tiền, cần chuyển tiền để điều tra. please check now",SCAM,FAKE_POLICE,HIGH,"Giả danh cơ quan chức năng, đe dọa và yêu cầu chuyển tiền.",công an; viện kiểm sát; vụ án; chuyển tiền,Không chuyển tiền. Gọi người thân hoặc cơ quan công an địa phương để xác minh.,authority_impersonation; fear; secrecy,financial_loss,elderly,NORTH,CODE_SWITCHING,vietnamese_synthetic,self-created,true,no_pii,train
VN_000097,FAKE_POLICE_0097,"Bác không được nói với ai, hãy chuyển tiền vào tài khoản tạm giữ để phục vụ xác minh Làm ngay giúp bên cháu.",SCAM,FAKE_POLICE,HIGH,"Giả danh cơ quan chức năng, đe dọa và yêu cầu chuyển tiền.",công an; viện kiểm sát; vụ án; chuyển tiền,Không chuyển tiền. Gọi người thân hoặc cơ quan công an địa phương để xác minh.,authority_impersonation; fear; secrecy,financial_loss,elderly,NORTH,NONE,vietnamese_synthetic,self-created,true,no_pii,train
VN_000576,OTP_BANK_0576,Chu doc giup chau day 6 so vua gui ve dien thoai de hoan tat xac minh Làm ngay giúp bên cháu.,SCAM,OTP_BANK,HIGH,Yêu cầu cung cấp OTP hoặc mã xác nhận ngân hàng.,mã OTP; mã xác nhận; dãy 6 số,Không cung cấp OTP hoặc mã xác nhận. Gọi trực tiếp ngân hàng để kiểm tra.,urgency; technical_confusion,credential_theft,elderly,NORTH,TYPO,vietnamese_synthetic,self-created,true,no_pii,train
VN_000263,FAKE_POLICE_0263,"Bac dang bi nghi ngo lien quan duong day lua dao, can lam theo huong dan ngay.",SCAM,FAKE_POLICE,HIGH,"Giả danh cơ quan chức năng, đe dọa và yêu cầu chuyển tiền.",công an; viện kiểm sát; vụ án; chuyển tiền,Không chuyển tiền. Gọi người thân hoặc cơ quan công an địa phương để xác minh.,authority_impersonation; fear; secrecy,financial_loss,elderly,STANDARD,NO_DIACRITICS,vietnamese_synthetic,self-created,true,no_pii,train
VN_000489,JOB_SCAM_0489,"Mệ chỉ cần làm nhiệm vụ online, nạp trước 300 nghìn để nhận việc.",SCAM,JOB_SCAM,MEDIUM,"Lừa việc làm online, yêu cầu đóng phí hoặc nạp tiền trước.",nạp trước; đóng phí; kích hoạt tài khoản,Không đóng phí để nhận việc. Kiểm tra công ty và hợp đồng rõ ràng.,financial_pressure; false_promise,financial_loss,elderly,CENTRAL,NONE,vietnamese_synthetic,self-created,true,no_pii,train
VN_000366,FAKE_POLICE_0366,"Bác đang bị nghi ngờ liên quan đường dây lừa đảo, cần làm theo hướng dẫn ngay Làm ngay giúp bên cháu.",SCAM,FAKE_POLICE,HIGH,"Giả danh cơ quan chức năng, đe dọa và yêu cầu chuyển tiền.",công an; viện kiểm sát; vụ án; chuyển tiền,Không chuyển tiền. Gọi người thân hoặc cơ quan công an địa phương để xác minh.,authority_impersonation; fear; secrecy,financial_loss,elderly,NORTH,NONE,vietnamese_synthetic,self-created,true,no_pii,train
VN_000445,JOB_SCAM_0445,"Ben em tuyen cong tac vien tai nha, can chuyen tien kich hoat tai khoan Xử lý trong hôm nay giúp cháu.",SCAM,JOB_SCAM,MEDIUM,"Lừa việc làm online, yêu cầu đóng phí hoặc nạp tiền trước.",nạp trước; đóng phí; kích hoạt tài khoản,Không đóng phí để nhận việc. Kiểm tra công ty và hợp đồng rõ ràng.,financial_pressure; false_promise,financial_loss,elderly,STANDARD,NO_DIACRITICS,vietnamese_synthetic,self-created,true,no_pii,train
VN_000583,EMERGENCY_MONEY_0583,"Con đang gặp chuyện gấp, cô chuyển khoản liền cho con 10 triệu nha.",SCAM,EMERGENCY_MONEY,HIGH,"Giả danh người thân, tạo tình huống khẩn cấp và yêu cầu chuyển tiền.",cấp cứu; chuyển gấp; đừng gọi lại; khẩn cấp,Không chuyển tiền vội. Gọi trực tiếp cho người thân qua số quen thuộc để xác minh.,urgency; trust_abuse; secrecy,financial_loss,elderly,NORTH,OBFUSCATION,vietnamese_synthetic,self-created,true,no_pii,train
VN_000152,OTP_BANK_0152,Má đọc giúp cháu dãy 6 số vừa gửi về điện thoại để hoàn tất xác minh.,SCAM,OTP_BANK,HIGH,Yêu cầu cung cấp OTP hoặc mã xác nhận ngân hàng.,mã OTP; mã xác nhận; dãy 6 số,Không cung cấp OTP hoặc mã xác nhận. Gọi trực tiếp ngân hàng để kiểm tra.,urgency; technical_confusion,credential_theft,elderly,SOUTH,NONE,vietnamese_synthetic,self-created,true,no_pii,train
VN_000132,EMERGENCY_MONEY_0132,"Bác đừng hỏi nhiều, con cần tiền xử lý việc khẩn cấp, chuyển ngay giúp con Làm ngay giúp bên cháu.",SCAM,EMERGENCY_MONEY,HIGH,"Giả danh người thân, tạo tình huống khẩn cấp và yêu cầu chuyển tiền.",cấp cứu; chuyển gấp; đừng gọi lại; khẩn cấp,Không chuyển tiền vội. Gọi trực tiếp cho người thân qua số quen thuộc để xác minh.,urgency; trust_abuse; secrecy,financial_loss,elderly,NORTH,NONE,vietnamese_synthetic,self-created,true,no_pii,train
VN_000270,JOB_SCAM_0270,"Việc nhẹ lương cao, mệ đóng phí hồ sơ là có thể bắt đầu ngay.",SCAM,JOB_SCAM,MEDIUM,"Lừa việc làm online, yêu cầu đóng phí hoặc nạp tiền trước.",nạp trước; đóng phí; kích hoạt tài khoản,Không đóng phí để nhận việc. Kiểm tra công ty và hợp đồng rõ ràng.,financial_pressure; false_promise,financial_loss,elderly,CENTRAL,NONE,vietnamese_synthetic,self-created,true,no_pii,train
VN_000027,OTP_BANK_0027,Mệ gửi mã OTP vừa nhận được để ngân hàng xác minh tài khoản ngay nhé.,SCAM,OTP_BANK,HIGH,Yêu cầu cung cấp OTP hoặc mã xác nhận ngân hàng.,mã OTP; mã xác nhận; dãy 6 số,Không cung cấp OTP hoặc mã xác nhận. Gọi trực tiếp ngân hàng để kiểm tra.,urgency; technical_confusion,credential_theft,elderly,CENTRAL,NONE,vietnamese_synthetic,self-created,true,no_pii,train
VN_000233,FAKE_POLICE_0233,"Bên viện kiểm sát yêu cầu bác hợp tác ngay, nếu không sẽ bị phong tỏa tài sản Xử lý trong hôm nay giúp cháu.",SCAM,FAKE_POLICE,HIGH,"Giả danh cơ quan chức năng, đe dọa và yêu cầu chuyển tiền.",công an; viện kiểm sát; vụ án; chuyển tiền,Không chuyển tiền. Gọi người thân hoặc cơ quan công an địa phương để xác minh.,authority_impersonation; fear; secrecy,financial_loss,elderly,CENTRAL,NONE,vietnamese_synthetic,self-created,true,no_pii,train
VN_000108,JOB_SCAM_0108,"Bên em tuyển cộng tác viên tại nhà, cần gửi tiền qua giúp kích hoạt t.khoản.",SCAM,JOB_SCAM,MEDIUM,"Lừa việc làm online, yêu cầu đóng phí hoặc nạp tiền trước.",nạp trước; đóng phí; kích hoạt tài khoản,Không đóng phí để nhận việc. Kiểm tra công ty và hợp đồng rõ ràng.,financial_pressure; false_promise,financial_loss,elderly,CENTRAL,OBFUSCATION,vietnamese_synthetic,self-created,true,no_pii,train
VN_000023,FAKE_POLICE_0023,"Bên viện kiểm sát yêu cầu bác hợp tác ngay, nếu không sẽ bị phong tỏa tài sản Làm ngay giúp bên cháu.",SCAM,FAKE_POLICE,HIGH,"Giả danh cơ quan chức năng, đe dọa và yêu cầu chuyển tiền.",công an; viện kiểm sát; vụ án; chuyển tiền,Không chuyển tiền. Gọi người thân hoặc cơ quan công an địa phương để xác minh.,authority_impersonation; fear; secrecy,financial_loss,elderly,CENTRAL,NONE,vietnamese_synthetic,self-created,true,no_pii,train
VN_000058,EMERGENCY_MONEY_0058,"Mệ ơi con bị tai nạn, gửi tiền ngay vào stk này giúp con.",SCAM,EMERGENCY_MONEY,HIGH,"Giả danh người thân, tạo tình huống khẩn cấp và yêu cầu chuyển tiền.",cấp cứu; chuyển gấp; đừng gọi lại; khẩn cấp,Không chuyển tiền vội. Gọi trực tiếp cho người thân qua số quen thuộc để xác minh.,urgency; trust_abuse; secrecy,financial_loss,elderly,CENTRAL,ABBREVIATION,vietnamese_synthetic,self-created,true,no_pii,train
VN_000142,JOB_SCAM_0142,"Bac chi can lam nhiem vu online, nap truoc 300 nghin de nhan viec.",SCAM,JOB_SCAM,MEDIUM,"Lừa việc làm online, yêu cầu đóng phí hoặc nạp tiền trước.",nạp trước; đóng phí; kích hoạt tài khoản,Không đóng phí để nhận việc. Kiểm tra công ty và hợp đồng rõ ràng.,financial_pressure; false_promise,financial_loss,elderly,CENTRAL,TYPO,vietnamese_synthetic,self-created,true,no_pii,train
VN_000049,FAKE_POLICE_0049,"Bác không được nói với ai, hãy chuyển tiền vào tài khoản tạm giữ để phục vụ xác minh.",SCAM,FAKE_POLICE,HIGH,"Giả danh cơ quan chức năng, đe dọa và yêu cầu chuyển tiền.",công an; viện kiểm sát; vụ án; chuyển tiền,Không chuyển tiền. Gọi người thân hoặc cơ quan công an địa phương để xác minh.,authority_impersonation; fear; secrecy,financial_loss,elderly,STANDARD,NONE,vietnamese_synthetic,self-created,true,no_pii,train
VN_000529,JOB_SCAM_0529,"Viec nhe luong cao, co dong phi ho so la co the bat dau ngay Làm ngay giúp bên cháu.",SCAM,JOB_SCAM,MEDIUM,"Lừa việc làm online, yêu cầu đóng phí hoặc nạp tiền trước.",nạp trước; đóng phí; kích hoạt tài khoản,Không đóng phí để nhận việc. Kiểm tra công ty và hợp đồng rõ ràng.,financial_pressure; false_promise,financial_loss,elderly,NORTH,NO_DIACRITICS,vietnamese_synthetic,self-created,true,no_pii,train
VN_000418,OTP_BANK_0418,Chú đọc giúp cháu dãy 6 số vừa gửi về điện thoại để hoàn tất xác minh Làm ngay giúp bên cháu.,SCAM,OTP_BANK,HIGH,Yêu cầu cung cấp OTP hoặc mã xác nhận ngân hàng.,mã OTP; mã xác nhận; dãy 6 số,Không cung cấp OTP hoặc mã xác nhận. Gọi trực tiếp ngân hàng để kiểm tra.,urgency; technical_confusion,credential_theft,elderly,NORTH,NONE,vietnamese_synthetic,self-created,true,no_pii,train
VN_000286,EMERGENCY_MONEY_0286,"Cô ơi con bị tai nạn, gửi tiền ngay vào số t.khoản này giúp con.",SCAM,EMERGENCY_MONEY,HIGH,"Giả danh người thân, tạo tình huống khẩn cấp và yêu cầu chuyển tiền.",cấp cứu; chuyển gấp; đừng gọi lại; khẩn cấp,Không chuyển tiền vội. Gọi trực tiếp cho người thân qua số quen thuộc để xác minh.,urgency; trust_abuse; secrecy,financial_loss,elderly,SOUTH,OBFUSCATION,vietnamese_synthetic,self-created,true,no_pii,train
VN_000003,OTP_BANK_0003,"Tài khoản của cô đang bị khóa, gửi mã xác nhận để mở lại.",SCAM,OTP_BANK,HIGH,Yêu cầu cung cấp OTP hoặc mã xác nhận ngân hàng.,mã OTP; mã xác nhận; dãy 6 số,Không cung cấp OTP hoặc mã xác nhận. Gọi trực tiếp ngân hàng để kiểm tra.,urgency; technical_confusion,credential_theft,elderly,STANDARD,NONE,vietnamese_synthetic,self-created,true,no_pii,train
VN_000215,FAKE_POLICE_0215,"Chúng tôi là công an, cô đang liên quan đến vụ án rửa tiền, cần chuyển tiền để điều tra Làm ngay giúp bên cháu.",SCAM,FAKE_POLICE,HIGH,"Giả danh cơ quan chức năng, đe dọa và yêu cầu chuyển tiền.",công an; viện kiểm sát; vụ án; chuyển tiền,Không chuyển tiền. Gọi người thân hoặc cơ quan công an địa phương để xác minh.,authority_impersonation; fear; secrecy,financial_loss,elderly,STANDARD,NONE,vietnamese_synthetic,self-created,true,no_pii,train
VN_000311,EMERGENCY_MONEY_0311,"Mẹ ơi con đang cấp cứu, chuyển gấp cho con 5 triệu, đừng gọi lại Bên cháu đang chờ phản hồi.",SCAM,EMERGENCY_MONEY,HIGH,"Giả danh người thân, tạo tình huống khẩn cấp và yêu cầu chuyển tiền.",cấp cứu; chuyển gấp; đừng gọi lại; khẩn cấp,Không chuyển tiền vội. Gọi trực tiếp cho người thân qua số quen thuộc để xác minh.,urgency; trust_abuse; secrecy,financial_loss,elderly,CENTRAL,NONE,vietnamese_synthetic,self-created,true,no_pii,train
VN_000496,OTP_BANK_0496,Co doc giup chau day 6 so vua gui ve dien thoai de hoan tat xac minh.,SCAM,OTP_BANK,HIGH,Yêu cầu cung cấp OTP hoặc mã xác nhận ngân hàng.,mã OTP; mã xác nhận; dãy 6 số,Không cung cấp OTP hoặc mã xác nhận. Gọi trực tiếp ngân hàng để kiểm tra.,urgency; technical_confusion,credential_theft,elderly,STANDARD,TYPO,vietnamese_synthetic,self-created,true,no_pii,train
VN_000090,OTP_BANK_0090,"Tài khoản của chú đang bị khóa, gửi mã xác nhận để mở lại Làm ngay giúp bên cháu.",SCAM,OTP_BANK,HIGH,Yêu cầu cung cấp OTP hoặc mã xác nhận ngân hàng.,mã OTP; mã xác nhận; dãy 6 số,Không cung cấp OTP hoặc mã xác nhận. Gọi trực tiếp ngân hàng để kiểm tra.,urgency; technical_confusion,credential_theft,elderly,STANDARD,NONE,vietnamese_synthetic,self-created,true,no_pii,train
VN_000513,OTP_BANK_0513,Cô gửi mã OTP vừa nhận được để ngân hàng xác minh tài khoản ngay nhé.,SCAM,OTP_BANK,HIGH,Yêu cầu cung cấp OTP hoặc mã xác nhận ngân hàng.,mã OTP; mã xác nhận; dãy 6 số,Không cung cấp OTP hoặc mã xác nhận. Gọi trực tiếp ngân hàng để kiểm tra.,urgency; technical_confusion,credential_theft,elderly,NORTH,NONE,vietnamese_synthetic,self-created,true,no_pii,train
VN_000338,OTP_BANK_0338,"Cô/chú cứ bình tĩnh, bên cháu hỗ trợ nhanh thôi. Cô gửi mã OTP vừa nhận được để ngân hàng xác minh tài khoản ngay nhé. Làm ngay để tránh bị khóa dịch vụ.",SCAM,OTP_BANK,HIGH,Yêu cầu cung cấp OTP hoặc mã xác nhận ngân hàng.,mã OTP; mã xác nhận; dãy 6 số,Không cung cấp OTP hoặc mã xác nhận. Gọi trực tiếp ngân hàng để kiểm tra.,urgency; technical_confusion,credential_theft,elderly,STANDARD,LONG_CONTEXT,vietnamese_synthetic,self-created,true,no_pii,train
VN_000447,EMERGENCY_MONEY_0447,"Cô ơi con bị tai nạn, gửi tiền ngay vào số tài khoản này giúp con Làm ngay giúp bên cháu.",SCAM,EMERGENCY_MONEY,HIGH,"Giả danh người thân, tạo tình huống khẩn cấp và yêu cầu chuyển tiền.",cấp cứu; chuyển gấp; đừng gọi lại; khẩn cấp,Không chuyển tiền vội. Gọi trực tiếp cho người thân qua số quen thuộc để xác minh.,urgency; trust_abuse; secrecy,financial_loss,elderly,STANDARD,NONE,vietnamese_synthetic,self-created,true,no_pii,train
VN_000449,JOB_SCAM_0449,"Việc nhẹ lương cao, chú đóng phí hồ sơ là có thể bắt đầu ngay Vui lòng làm ngay để tránh mất quyền lợi.",SCAM,JOB_SCAM,MEDIUM,"Lừa việc làm online, yêu cầu đóng phí hoặc nạp tiền trước.",nạp trước; đóng phí; kích hoạt tài khoản,Không đóng phí để nhận việc. Kiểm tra công ty và hợp đồng rõ ràng.,financial_pressure; false_promise,financial_loss,elderly,SOUTH,NONE,vietnamese_synthetic,self-created,true,no_pii,train
VN_000386,OTP_BANK_0386,"Cô/chú cứ bình tĩnh, bên cháu hỗ trợ nhanh thôi. Bác gửi mã OTP vừa nhận được để ngân hàng xác minh tài khoản ngay nhé. Làm ngay để tránh bị khóa dịch vụ.",SCAM,OTP_BANK,HIGH,Yêu cầu cung cấp OTP hoặc mã xác nhận ngân hàng.,mã OTP; mã xác nhận; dãy 6 số,Không cung cấp OTP hoặc mã xác nhận. Gọi trực tiếp ngân hàng để kiểm tra.,urgency; technical_confusion,credential_theft,elderly,CENTRAL,LONG_CONTEXT,vietnamese_synthetic,self-created,true,no_pii,train
VN_000345,FAKE_POLICE_0345,"O đang bị nghi ngờ liên quan đường dây lừa đảo, cần làm theo hướng dẫn ngay Làm ngay giúp bên cháu.",SCAM,FAKE_POLICE,HIGH,"Giả danh cơ quan chức năng, đe dọa và yêu cầu chuyển tiền.",công an; viện kiểm sát; vụ án; chuyển tiền,Không chuyển tiền. Gọi người thân hoặc cơ quan công an địa phương để xác minh.,authority_impersonation; fear; secrecy,financial_loss,elderly,CENTRAL,NONE,vietnamese_synthetic,self-created,true,no_pii,train
VN_000415,JOB_SCAM_0415,"Việc nhẹ lương cao, cô đóng phí hồ sơ là có thể bắt đầu ngay Làm ngay giúp bên cháu.",SCAM,JOB_SCAM,MEDIUM,"Lừa việc làm online, yêu cầu đóng phí hoặc nạp tiền trước.",nạp trước; đóng phí; kích hoạt tài khoản,Không đóng phí để nhận việc. Kiểm tra công ty và hợp đồng rõ ràng.,financial_pressure; false_promise,financial_loss,elderly,STANDARD,NONE,vietnamese_synthetic,self-created,true,no_pii,train
VN_000165,EMERGENCY_MONEY_0165,"Con đang gặp chuyện gấp, má chuyển khoản liền cho con 10 triệu nha.",SCAM,EMERGENCY_MONEY,HIGH,"Giả danh người thân, tạo tình huống khẩn cấp và yêu cầu chuyển tiền.",cấp cứu; chuyển gấp; đừng gọi lại; khẩn cấp,Không chuyển tiền vội. Gọi trực tiếp cho người thân qua số quen thuộc để xác minh.,urgency; trust_abuse; secrecy,financial_loss,elderly,SOUTH,NONE,vietnamese_synthetic,self-created,true,no_pii,train
VN_000167,JOB_SCAM_0167,"Việc nhẹ lương cao, chú đóng phí hồ sơ là có thể bắt đầu ngay. please check now",SCAM,JOB_SCAM,MEDIUM,"Lừa việc làm online, yêu cầu đóng phí hoặc nạp tiền trước.",nạp trước; đóng phí; kích hoạt tài khoản,Không đóng phí để nhận việc. Kiểm tra công ty và hợp đồng rõ ràng.,financial_pressure; false_promise,financial_loss,elderly,NORTH,CODE_SWITCHING,vietnamese_synthetic,self-created,true,no_pii,train
VN_000219,OTP_BANK_0219,Mệ gửi mã OTP vừa nhận được để ngân hàng xác minh tài khoản ngay nhé Làm ngay giúp bên cháu.,SCAM,OTP_BANK,HIGH,Yêu cầu cung cấp OTP hoặc mã xác nhận ngân hàng.,mã OTP; mã xác nhận; dãy 6 số,Không cung cấp OTP hoặc mã xác nhận. Gọi trực tiếp ngân hàng để kiểm tra.,urgency; technical_confusion,credential_theft,elderly,CENTRAL,NONE,vietnamese_synthetic,self-created,true,no_pii,train
VN_000502,EMERGENCY_MONEY_0502,"Me oi con bi tai nan, gui tien ngay vao so tai khoan nay giup con Làm ngay giúp bên cháu.",SCAM,EMERGENCY_MONEY,HIGH,"Giả danh người thân, tạo tình huống khẩn cấp và yêu cầu chuyển tiền.",cấp cứu; chuyển gấp; đừng gọi lại; khẩn cấp,Không chuyển tiền vội. Gọi trực tiếp cho người thân qua số quen thuộc để xác minh.,urgency; trust_abuse; secrecy,financial_loss,elderly,CENTRAL,NO_DIACRITICS,vietnamese_synthetic,self-created,true,no_pii,train
VN_000565,OTP_BANK_0565,Chú đọc giúp cháu dãy 6 số vừa gửi về điện thoại để hoàn tất xác minh Xử lý trong hôm nay giúp cháu.,SCAM,OTP_BANK,HIGH,Yêu cầu cung cấp OTP hoặc mã xác nhận ngân hàng.,mã OTP; mã xác nhận; dãy 6 số,Không cung cấp OTP hoặc mã xác nhận. Gọi trực tiếp ngân hàng để kiểm tra.,urgency; technical_confusion,credential_theft,elderly,SOUTH,NONE,vietnamese_synthetic,self-created,true,no_pii,train
VN_000555,JOB_SCAM_0555,"Việc nhẹ lương cao, bác đóng phí hồ sơ là có thể bắt đầu ngay Làm ngay giúp bên cháu.",SCAM,JOB_SCAM,MEDIUM,"Lừa việc làm online, yêu cầu đóng phí hoặc nạp tiền trước.",nạp trước; đóng phí; kích hoạt tài khoản,Không đóng phí để nhận việc. Kiểm tra công ty và hợp đồng rõ ràng.,financial_pressure; false_promise,financial_loss,elderly,STANDARD,NONE,vietnamese_synthetic,self-created,true,no_pii,train
VN_000590,PHISHING_LINK_0590,Me bam link <LINK> de xac minh tai khoan truoc khi bi khoa.,SCAM,PHISHING_LINK,HIGH,Dụ người dùng bấm link lạ để đánh cắp thông tin.,<LINK>; bấm link; đăng nhập,Không bấm link lạ. Chỉ truy cập website hoặc ứng dụng chính thức.,technical_confusion; urgency,credential_theft; malware_install,elderly,CENTRAL,TYPO,vietnamese_synthetic,self-created,true,no_pii,train
VN_000342,EMERGENCY_MONEY_0342,"Ba dung hoi nhieu, con can tien xu ly viec khan cap, chuyen ngay giup con.",SCAM,EMERGENCY_MONEY,HIGH,"Giả danh người thân, tạo tình huống khẩn cấp và yêu cầu chuyển tiền.",cấp cứu; chuyển gấp; đừng gọi lại; khẩn cấp,Không chuyển tiền vội. Gọi trực tiếp cho người thân qua số quen thuộc để xác minh.,urgency; trust_abuse; secrecy,financial_loss,elderly,SOUTH,NO_DIACRITICS,vietnamese_synthetic,self-created,true,no_pii,train
VN_000516,OTP_BANK_0516,"Ngân hàng cần kiểm tra bảo mật, chú cung cấp mã OTP ngay để tránh khóa tài khoản Xử lý trong hôm nay giúp cháu.",SCAM,OTP_BANK,HIGH,Yêu cầu cung cấp OTP hoặc mã xác nhận ngân hàng.,mã OTP; mã xác nhận; dãy 6 số,Không cung cấp OTP hoặc mã xác nhận. Gọi trực tiếp ngân hàng để kiểm tra.,urgency; technical_confusion,credential_theft,elderly,SOUTH,NONE,vietnamese_synthetic,self-created,true,no_pii,train
VN_000061,OTP_BANK_0061,"Tai khoan cua chu dang bi khoa, gui ma xac nhan de mo lai.",SCAM,OTP_BANK,HIGH,Yêu cầu cung cấp OTP hoặc mã xác nhận ngân hàng.,mã OTP; mã xác nhận; dãy 6 số,Không cung cấp OTP hoặc mã xác nhận. Gọi trực tiếp ngân hàng để kiểm tra.,urgency; technical_confusion,credential_theft,elderly,STANDARD,TYPO,vietnamese_synthetic,self-created,true,no_pii,train
VN_000573,PHISHING_LINK_0573,Vui lòng truy cập <LINK> để nhận hỗ trợ hoàn tiền Mã tham chiếu 573.,SCAM,PHISHING_LINK,HIGH,Dụ người dùng bấm link lạ để đánh cắp thông tin.,<LINK>; bấm link; đăng nhập,Không bấm link lạ. Chỉ truy cập website hoặc ứng dụng chính thức.,technical_confusion; urgency,credential_theft; malware_install,elderly,CENTRAL,ABBREVIATION,vietnamese_synthetic,self-created,true,no_pii,train
VN_000450,FAKE_POLICE_0450,"Cô đang bị nghi ngờ liên quan đường dây lừa đảo, cần làm theo hướng dẫn ngay Xử lý trong hôm nay giúp cháu.",SCAM,FAKE_POLICE,HIGH,"Giả danh cơ quan chức năng, đe dọa và yêu cầu chuyển tiền.",công an; viện kiểm sát; vụ án; chuyển tiền,Không chuyển tiền. Gọi người thân hoặc cơ quan công an địa phương để xác minh.,authority_impersonation; fear; secrecy,financial_loss,elderly,STANDARD,NONE,vietnamese_synthetic,self-created,true,no_pii,train
VN_000330,FAKE_POLICE_0330,"Chúng tôi là công an, cô đang liên quan đến vụ án rửa tiền, cần chuyển tiền để điều tra Xử lý trong hôm nay giúp cháu.",SCAM,FAKE_POLICE,HIGH,"Giả danh cơ quan chức năng, đe dọa và yêu cầu chuyển tiền.",công an; viện kiểm sát; vụ án; chuyển tiền,Không chuyển tiền. Gọi người thân hoặc cơ quan công an địa phương để xác minh.,authority_impersonation; fear; secrecy,financial_loss,elderly,NORTH,NONE,vietnamese_synthetic,self-created,true,no_pii,train
VN_000471,EMERGENCY_MONEY_0471,"Chú ơi con bị tai nạn, gửi tiền ngay vào số tài khoản này giúp con Bên cháu đang chờ phản hồi.",SCAM,EMERGENCY_MONEY,HIGH,"Giả danh người thân, tạo tình huống khẩn cấp và yêu cầu chuyển tiền.",cấp cứu; chuyển gấp; đừng gọi lại; khẩn cấp,Không chuyển tiền vội. Gọi trực tiếp cho người thân qua số quen thuộc để xác minh.,urgency; trust_abuse; secrecy,financial_loss,elderly,SOUTH,NONE,vietnamese_synthetic,self-created,true,no_pii,train
VN_000406,OTP_BANK_0406,Chú gửi mã OTP vừa nhận được để ngân hàng xác minh tài khoản ngay nhé.,SCAM,OTP_BANK,HIGH,Yêu cầu cung cấp OTP hoặc mã xác nhận ngân hàng.,mã OTP; mã xác nhận; dãy 6 số,Không cung cấp OTP hoặc mã xác nhận. Gọi trực tiếp ngân hàng để kiểm tra.,urgency; technical_confusion,credential_theft,elderly,NORTH,NONE,vietnamese_synthetic,self-created,true,no_pii,train
VN_000571,OTP_BANK_0571,"Ngân hàng cần kiểm tra bảo mật, cô cung cấp mã OTP ngay để tránh khóa account.",SCAM,OTP_BANK,HIGH,Yêu cầu cung cấp OTP hoặc mã xác nhận ngân hàng.,mã OTP; mã xác nhận; dãy 6 số,Không cung cấp OTP hoặc mã xác nhận. Gọi trực tiếp ngân hàng để kiểm tra.,urgency; technical_confusion,credential_theft,elderly,SOUTH,CODE_SWITCHING,vietnamese_synthetic,self-created,true,no_pii,train
VN_000019,JOB_SCAM_0019,"Viec nhe luong cao, o dong phi ho so la co the bat dau ngay.",SCAM,JOB_SCAM,MEDIUM,"Lừa việc làm online, yêu cầu đóng phí hoặc nạp tiền trước.",nạp trước; đóng phí; kích hoạt tài khoản,Không đóng phí để nhận việc. Kiểm tra công ty và hợp đồng rõ ràng.,financial_pressure; false_promise,financial_loss,elderly,CENTRAL,NO_DIACRITICS,vietnamese_synthetic,self-created,true,no_pii,train
VN_000526,FAKE_POLICE_0526,"Ben vien kiem sat yeu cau ma hop tac ngay, neu khong se bi phong toa tai san Xử lý trong hôm nay giúp cháu.",SCAM,FAKE_POLICE,HIGH,"Giả danh cơ quan chức năng, đe dọa và yêu cầu chuyển tiền.",công an; viện kiểm sát; vụ án; chuyển tiền,Không chuyển tiền. Gọi người thân hoặc cơ quan công an địa phương để xác minh.,authority_impersonation; fear; secrecy,financial_loss,elderly,SOUTH,NO_DIACRITICS,vietnamese_synthetic,self-created,true,no_pii,train
VN_000377,PHISHING_LINK_0377,"Cô/chú cứ bình tĩnh, bên cháu hỗ trợ nhanh thôi. Vui lòng truy cập <LINK> để nhận hỗ trợ hoàn tiền. Làm ngay để tránh bị khóa dịch vụ.",SCAM,PHISHING_LINK,HIGH,Dụ người dùng bấm link lạ để đánh cắp thông tin.,<LINK>; bấm link; đăng nhập,Không bấm link lạ. Chỉ truy cập website hoặc ứng dụng chính thức.,technical_confusion; urgency,credential_theft; malware_install,elderly,NORTH,LONG_CONTEXT,vietnamese_synthetic,self-created,true,no_pii,train
VN_000154,EMERGENCY_MONEY_0154,"Con đang gặp chuyện gấp, ba chuyển khoản liền cho con 10 triệu nha.",SCAM,EMERGENCY_MONEY,HIGH,"Giả danh người thân, tạo tình huống khẩn cấp và yêu cầu chuyển tiền.",cấp cứu; chuyển gấp; đừng gọi lại; khẩn cấp,Không chuyển tiền vội. Gọi trực tiếp cho người thân qua số quen thuộc để xác minh.,urgency; trust_abuse; secrecy,financial_loss,elderly,SOUTH,NONE,vietnamese_synthetic,self-created,true,no_pii,train
VN_000098,EMERGENCY_MONEY_0098,"Bác đừng hỏi nhiều, con cần tiền xử lý việc khẩn cấp, chuyển ngay giúp con.",SCAM,EMERGENCY_MONEY,HIGH,"Giả danh người thân, tạo tình huống khẩn cấp và yêu cầu chuyển tiền.",cấp cứu; chuyển gấp; đừng gọi lại; khẩn cấp,Không chuyển tiền vội. Gọi trực tiếp cho người thân qua số quen thuộc để xác minh.,urgency; trust_abuse; secrecy,financial_loss,elderly,NORTH,NONE,vietnamese_synthetic,self-created,true,no_pii,train
VN_000515,FAKE_POLICE_0515,"Ben vien kiem sat yeu cau chu hop tac ngay, neu khong se bi phong toa tai san.",SCAM,FAKE_POLICE,HIGH,"Giả danh cơ quan chức năng, đe dọa và yêu cầu chuyển tiền.",công an; viện kiểm sát; vụ án; chuyển tiền,Không chuyển tiền. Gọi người thân hoặc cơ quan công an địa phương để xác minh.,authority_impersonation; fear; secrecy,financial_loss,elderly,STANDARD,NO_DIACRITICS,vietnamese_synthetic,self-created,true,no_pii,train
VN_000586,EMERGENCY_MONEY_0586,"Con đang gặp chuyện gấp, ba chuyển khoản liền cho con 10 triệu nha Làm ngay giúp bên cháu.",SCAM,EMERGENCY_MONEY,HIGH,"Giả danh người thân, tạo tình huống khẩn cấp và yêu cầu chuyển tiền.",cấp cứu; chuyển gấp; đừng gọi lại; khẩn cấp,Không chuyển tiền vội. Gọi trực tiếp cho người thân qua số quen thuộc để xác minh.,urgency; trust_abuse; secrecy,financial_loss,elderly,SOUTH,NONE,vietnamese_synthetic,self-created,true,no_pii,train
VN_000596,PHISHING_LINK_0596,Chú bấm link <LINK> để verify tài khoản trước khi bị khóa.,SCAM,PHISHING_LINK,HIGH,Dụ người dùng bấm link lạ để đánh cắp thông tin.,<LINK>; bấm link; đăng nhập,Không bấm link lạ. Chỉ truy cập website hoặc ứng dụng chính thức.,technical_confusion; urgency,credential_theft; malware_install,elderly,SOUTH,CODE_SWITCHING,vietnamese_synthetic,self-created,true,no_pii,train
VN_000029,FAKE_POLICE_0029,"Bác đang bị nghi ngờ liên quan đường dây lừa đảo, cần làm theo hướng dẫn ngay.",SCAM,FAKE_POLICE,HIGH,"Giả danh cơ quan chức năng, đe dọa và yêu cầu chuyển tiền.",công an; viện kiểm sát; vụ án; chuyển tiền,Không chuyển tiền. Gọi người thân hoặc cơ quan công an địa phương để xác minh.,authority_impersonation; fear; secrecy,financial_loss,elderly,STANDARD,OBFUSCATION,vietnamese_synthetic,self-created,true,no_pii,train
VN_000350,JOB_SCAM_0350,"Viec nhe luong cao, chu dong phi ho so la co the bat dau ngay.",SCAM,JOB_SCAM,MEDIUM,"Lừa việc làm online, yêu cầu đóng phí hoặc nạp tiền trước.",nạp trước; đóng phí; kích hoạt tài khoản,Không đóng phí để nhận việc. Kiểm tra công ty và hợp đồng rõ ràng.,financial_pressure; false_promise,financial_loss,elderly,SOUTH,NO_DIACRITICS,vietnamese_synthetic,self-created,true,no_pii,train
VN_000171,JOB_SCAM_0171,"Con hỏi thăm sức khỏe chút. Việc nhẹ lương cao, má đóng phí hồ sơ là có thể bắt đầu ngay.",SCAM,JOB_SCAM,MEDIUM,"Lừa việc làm online, yêu cầu đóng phí hoặc nạp tiền trước.",nạp trước; đóng phí; kích hoạt tài khoản,Không đóng phí để nhận việc. Kiểm tra công ty và hợp đồng rõ ràng.,financial_pressure; false_promise,financial_loss,elderly,SOUTH,MIXED_INTENT,vietnamese_synthetic,self-created,true,no_pii,train
VN_000275,PHISHING_LINK_0275,"Đơn hàng của mệ gặp lỗi, bấm vào <LINK> để cập nhật thông tin nhận hàng Làm ngay giúp bên cháu.",SCAM,PHISHING_LINK,HIGH,Dụ người dùng bấm link lạ để đánh cắp thông tin.,<LINK>; bấm link; đăng nhập,Không bấm link lạ. Chỉ truy cập website hoặc ứng dụng chính thức.,technical_confusion; urgency,credential_theft; malware_install,elderly,CENTRAL,NONE,vietnamese_synthetic,self-created,true,no_pii,train
VN_000512,JOB_SCAM_0512,"Việc nhẹ lương cao, ba đóng phí hồ sơ là có thể bắt đầu ngay.",SCAM,JOB_SCAM,MEDIUM,"Lừa việc làm online, yêu cầu đóng phí hoặc nạp tiền trước.",nạp trước; đóng phí; kích hoạt tài khoản,Không đóng phí để nhận việc. Kiểm tra công ty và hợp đồng rõ ràng.,financial_pressure; false_promise,financial_loss,elderly,SOUTH,NONE,vietnamese_synthetic,self-created,true,no_pii,train
VN_000207,JOB_SCAM_0207,"Bên em tuyển cộng tác viên tại nhà, cần chuyển tiền kích hoạt tài khoản Xử lý trong hôm nay giúp cháu.",SCAM,JOB_SCAM,MEDIUM,"Lừa việc làm online, yêu cầu đóng phí hoặc nạp tiền trước.",nạp trước; đóng phí; kích hoạt tài khoản,Không đóng phí để nhận việc. Kiểm tra công ty và hợp đồng rõ ràng.,financial_pressure; false_promise,financial_loss,elderly,CENTRAL,NONE,vietnamese_synthetic,self-created,true,no_pii,train
VN_000539,FAKE_POLICE_0539,"Chú đang bị nghi ngờ liên quan đường dây lừa đảo, cần làm theo hướng dẫn ngay.",SCAM,FAKE_POLICE,HIGH,"Giả danh cơ quan chức năng, đe dọa và yêu cầu chuyển tiền.",công an; viện kiểm sát; vụ án; chuyển tiền,Không chuyển tiền. Gọi người thân hoặc cơ quan công an địa phương để xác minh.,authority_impersonation; fear; secrecy,financial_loss,elderly,SOUTH,NONE,vietnamese_synthetic,self-created,true,no_pii,train
VN_000002,EMERGENCY_MONEY_0002,"Me oi con dang cap cuu, chuyen gap cho con 5 trieu, dung goi lai.",SCAM,EMERGENCY_MONEY,HIGH,"Giả danh người thân, tạo tình huống khẩn cấp và yêu cầu chuyển tiền.",cấp cứu; chuyển gấp; đừng gọi lại; khẩn cấp,Không chuyển tiền vội. Gọi trực tiếp cho người thân qua số quen thuộc để xác minh.,urgency; trust_abuse; secrecy,financial_loss,elderly,STANDARD,NO_DIACRITICS,vietnamese_synthetic,self-created,true,no_pii,train
VN_000020,FAKE_POLICE_0020,"Co khong duoc noi voi ai, hay chuyen tien vao tai khoan tam giu de phuc vu xac minh.",SCAM,FAKE_POLICE,HIGH,"Giả danh cơ quan chức năng, đe dọa và yêu cầu chuyển tiền.",công an; viện kiểm sát; vụ án; chuyển tiền,Không chuyển tiền. Gọi người thân hoặc cơ quan công an địa phương để xác minh.,authority_impersonation; fear; secrecy,financial_loss,elderly,STANDARD,TYPO,vietnamese_synthetic,self-created,true,no_pii,train
VN_000478,EMERGENCY_MONEY_0478,"Me oi con bi tai nan, gui tien ngay vao so tai khoan nay giup con.",SCAM,EMERGENCY_MONEY,HIGH,"Giả danh người thân, tạo tình huống khẩn cấp và yêu cầu chuyển tiền.",cấp cứu; chuyển gấp; đừng gọi lại; khẩn cấp,Không chuyển tiền vội. Gọi trực tiếp cho người thân qua số quen thuộc để xác minh.,urgency; trust_abuse; secrecy,financial_loss,elderly,CENTRAL,NO_DIACRITICS,vietnamese_synthetic,self-created,true,no_pii,train
VN_000255,FAKE_POLICE_0255,"Bác không được nói với ai, hãy chuyển tiền vào tài khoản tạm giữ để phục vụ verify.",SCAM,FAKE_POLICE,HIGH,"Giả danh cơ quan chức năng, đe dọa và yêu cầu chuyển tiền.",công an; viện kiểm sát; vụ án; chuyển tiền,Không chuyển tiền. Gọi người thân hoặc cơ quan công an địa phương để xác minh.,authority_impersonation; fear; secrecy,financial_loss,elderly,STANDARD,CODE_SWITCHING,vietnamese_synthetic,self-created,true,no_pii,train
VN_000598,JOB_SCAM_0598,"Ba chỉ cần làm nhiệm vụ online, nạp trước 300 nghìn để nhận việc.",SCAM,JOB_SCAM,MEDIUM,"Lừa việc làm online, yêu cầu đóng phí hoặc nạp tiền trước.",nạp trước; đóng phí; kích hoạt tài khoản,Không đóng phí để nhận việc. Kiểm tra công ty và hợp đồng rõ ràng.,financial_pressure; false_promise,financial_loss,elderly,SOUTH,NONE,vietnamese_synthetic,self-created,true,no_pii,train
VN_000579,OTP_BANK_0579,Chú đọc giúp cháu dãy 6 số vừa gửi về điện thoại để hoàn tất xác minh Bên cháu đang chờ phản hồi.,SCAM,OTP_BANK,HIGH,Yêu cầu cung cấp OTP hoặc mã xác nhận ngân hàng.,mã OTP; mã xác nhận; dãy 6 số,Không cung cấp OTP hoặc mã xác nhận. Gọi trực tiếp ngân hàng để kiểm tra.,urgency; technical_confusion,credential_theft,elderly,NORTH,NONE,vietnamese_synthetic,self-created,true,no_pii,train
VN_000293,JOB_SCAM_0293,"Việc nhẹ lương cao, chú đóng phí hồ sơ là có thể bắt đầu ngay Làm ngay giúp bên cháu.",SCAM,JOB_SCAM,MEDIUM,"Lừa việc làm online, yêu cầu đóng phí hoặc nạp tiền trước.",nạp trước; đóng phí; kích hoạt tài khoản,Không đóng phí để nhận việc. Kiểm tra công ty và hợp đồng rõ ràng.,financial_pressure; false_promise,financial_loss,elderly,STANDARD,NONE,vietnamese_synthetic,self-created,true,no_pii,train
VN_000036,FAKE_POLICE_0036,"Cô đang bị nghi ngờ liên quan đường dây lừa đảo, cần làm theo hướng dẫn ngay.",SCAM,FAKE_POLICE,HIGH,"Giả danh cơ quan chức năng, đe dọa và yêu cầu chuyển tiền.",công an; viện kiểm sát; vụ án; chuyển tiền,Không chuyển tiền. Gọi người thân hoặc cơ quan công an địa phương để xác minh.,authority_impersonation; fear; secrecy,financial_loss,elderly,NORTH,NONE,vietnamese_synthetic,self-created,true,no_pii,train
VN_000453,FAKE_POLICE_0453,"Cô không được nói với ai, hãy chuyển tiền vào tài khoản tạm giữ để phục vụ verify.",SCAM,FAKE_POLICE,HIGH,"Giả danh cơ quan chức năng, đe dọa và yêu cầu chuyển tiền.",công an; viện kiểm sát; vụ án; chuyển tiền,Không chuyển tiền. Gọi người thân hoặc cơ quan công an địa phương để xác minh.,authority_impersonation; fear; secrecy,financial_loss,elderly,STANDARD,CODE_SWITCHING,vietnamese_synthetic,self-created,true,no_pii,train
VN_000528,FAKE_POLICE_0528,"Chúng tôi là công an, má đang liên quan đến vụ án rửa tiền, cần gửi tiền qua giúp để điều tra.",SCAM,FAKE_POLICE,HIGH,"Giả danh cơ quan chức năng, đe dọa và yêu cầu chuyển tiền.",công an; viện kiểm sát; vụ án; chuyển tiền,Không chuyển tiền. Gọi người thân hoặc cơ quan công an địa phương để xác minh.,authority_impersonation; fear; secrecy,financial_loss,elderly,SOUTH,OBFUSCATION,vietnamese_synthetic,self-created,true,no_pii,train
VN_000206,JOB_SCAM_0206,"Cô chỉ cần làm nhiệm vụ online, nạp trước 300 nghìn để nhận việc Làm ngay giúp bên cháu.",SCAM,JOB_SCAM,MEDIUM,"Lừa việc làm online, yêu cầu đóng phí hoặc nạp tiền trước.",nạp trước; đóng phí; kích hoạt tài khoản,Không đóng phí để nhận việc. Kiểm tra công ty và hợp đồng rõ ràng.,financial_pressure; false_promise,financial_loss,elderly,NORTH,OBFUSCATION,vietnamese_synthetic,self-created,true,no_pii,train
VN_000504,FAKE_POLICE_0504,"Me dang bi nghi ngo lien quan duong day lua dao, can lam theo huong dan ngai.",SCAM,FAKE_POLICE,HIGH,"Giả danh cơ quan chức năng, đe dọa và yêu cầu chuyển tiền.",công an; viện kiểm sát; vụ án; chuyển tiền,Không chuyển tiền. Gọi người thân hoặc cơ quan công an địa phương để xác minh.,authority_impersonation; fear; secrecy,financial_loss,elderly,CENTRAL,TYPO,vietnamese_synthetic,self-created,true,no_pii,train
VN_000452,FAKE_POLICE_0452,"Ben vien kiem sat yeu cau ba hop tac ngay, neu khong se bi phong toa tai san.",SCAM,FAKE_POLICE,HIGH,"Giả danh cơ quan chức năng, đe dọa và yêu cầu chuyển tiền.",công an; viện kiểm sát; vụ án; chuyển tiền,Không chuyển tiền. Gọi người thân hoặc cơ quan công an địa phương để xác minh.,authority_impersonation; fear; secrecy,financial_loss,elderly,SOUTH,NO_DIACRITICS,vietnamese_synthetic,self-created,true,no_pii,train
VN_000183,JOB_SCAM_0183,"Việc nhẹ lương cao, bác đóng phí hồ sơ là có thể bắt đầu ngay.",SCAM,JOB_SCAM,MEDIUM,"Lừa việc làm online, yêu cầu đóng phí hoặc nạp tiền trước.",nạp trước; đóng phí; kích hoạt tài khoản,Không đóng phí để nhận việc. Kiểm tra công ty và hợp đồng rõ ràng.,financial_pressure; false_promise,financial_loss,elderly,NORTH,NONE,vietnamese_synthetic,self-created,true,no_pii,train
VN_000542,EMERGENCY_MONEY_0542,"Me oi con dang cap cuu, chuyen gap cho con 5 trieu, dung goi lai Nếu chậm trễ tài khoản có thể bị khóa.",SCAM,EMERGENCY_MONEY,HIGH,"Giả danh người thân, tạo tình huống khẩn cấp và yêu cầu chuyển tiền.",cấp cứu; chuyển gấp; đừng gọi lại; khẩn cấp,Không chuyển tiền vội. Gọi trực tiếp cho người thân qua số quen thuộc để xác minh.,urgency; trust_abuse; secrecy,financial_loss,elderly,NORTH,TYPO,vietnamese_synthetic,self-created,true,no_pii,train
VN_000332,EMERGENCY_MONEY_0332,"Me oi con dang cap cuu, chuyen gap cho con 5 trieu, dung goi lai Bên cháu đang chờ phản hồi.",SCAM,EMERGENCY_MONEY,HIGH,"Giả danh người thân, tạo tình huống khẩn cấp và yêu cầu chuyển tiền.",cấp cứu; chuyển gấp; đừng gọi lại; khẩn cấp,Không chuyển tiền vội. Gọi trực tiếp cho người thân qua số quen thuộc để xác minh.,urgency; trust_abuse; secrecy,financial_loss,elderly,SOUTH,NO_DIACRITICS,vietnamese_synthetic,self-created,true,no_pii,train
VN_000438,JOB_SCAM_0438,"Bên em tuyển cộng tác viên tại nhà, cần chuyển tiền kích hoạt tài khoản Không nên chia sẻ việc này với ai.",SCAM,JOB_SCAM,MEDIUM,"Lừa việc làm online, yêu cầu đóng phí hoặc nạp tiền trước.",nạp trước; đóng phí; kích hoạt tài khoản,Không đóng phí để nhận việc. Kiểm tra công ty và hợp đồng rõ ràng.,financial_pressure; false_promise,financial_loss,elderly,NORTH,NONE,vietnamese_synthetic,self-created,true,no_pii,train
VN_000284,OTP_BANK_0284,Má gửi mã OTP vừa nhận được để NH xm tk ngay nhé.,SCAM,OTP_BANK,HIGH,Yêu cầu cung cấp OTP hoặc mã xác nhận ngân hàng.,mã OTP; mã xác nhận; dãy 6 số,Không cung cấp OTP hoặc mã xác nhận. Gọi trực tiếp ngân hàng để kiểm tra.,urgency; technical_confusion,credential_theft,elderly,SOUTH,ABBREVIATION,vietnamese_synthetic,self-created,true,no_pii,train
VN_000078,PHISHING_LINK_0078,"Cô/chú cứ bình tĩnh, bên cháu hỗ trợ nhanh thôi. Mệ bấm link <LINK> để xác minh tài khoản trước khi bị khóa. Làm ngay để tránh bị khóa dịch vụ.",SCAM,PHISHING_LINK,HIGH,Dụ người dùng bấm link lạ để đánh cắp thông tin.,<LINK>; bấm link; đăng nhập,Không bấm link lạ. Chỉ truy cập website hoặc ứng dụng chính thức.,technical_confusion; urgency,credential_theft; malware_install,elderly,CENTRAL,LONG_CONTEXT,vietnamese_synthetic,self-created,true,no_pii,train
VN_000479,EMERGENCY_MONEY_0479,"Con đang gặp chuyện gấp, má ck liền cho con 10tr nha.",SCAM,EMERGENCY_MONEY,HIGH,"Giả danh người thân, tạo tình huống khẩn cấp và yêu cầu chuyển tiền.",cấp cứu; chuyển gấp; đừng gọi lại; khẩn cấp,Không chuyển tiền vội. Gọi trực tiếp cho người thân qua số quen thuộc để xác minh.,urgency; trust_abuse; secrecy,financial_loss,elderly,SOUTH,ABBREVIATION,vietnamese_synthetic,self-created,true,no_pii,train
VN_000260,FAKE_POLICE_0260,"Bên viện kiểm sát yêu cầu ba hợp tác ngay, nếu không sẽ bị phong tỏa tài sản.",SCAM,FAKE_POLICE,HIGH,"Giả danh cơ quan chức năng, đe dọa và yêu cầu chuyển tiền.",công an; viện kiểm sát; vụ án; chuyển tiền,Không chuyển tiền. Gọi người thân hoặc cơ quan công an địa phương để xác minh.,authority_impersonation; fear; secrecy,financial_loss,elderly,SOUTH,OBFUSCATION,vietnamese_synthetic,self-created,true,no_pii,train
VN_000189,FAKE_POLICE_0189,"Ben vien kiem sat yeu cau co hop tac ngay, neu khong se bi phong toa tai san.",SCAM,FAKE_POLICE,HIGH,"Giả danh cơ quan chức năng, đe dọa và yêu cầu chuyển tiền.",công an; viện kiểm sát; vụ án; chuyển tiền,Không chuyển tiền. Gọi người thân hoặc cơ quan công an địa phương để xác minh.,authority_impersonation; fear; secrecy,financial_loss,elderly,NORTH,NO_DIACRITICS,vietnamese_synthetic,self-created,true,no_pii,train
VN_000114,FAKE_POLICE_0114,"Chung toi la cong an, co dang lien quan den vu an rua tien, can chuyen tien de dieu tra.",SCAM,FAKE_POLICE,HIGH,"Giả danh cơ quan chức năng, đe dọa và yêu cầu chuyển tiền.",công an; viện kiểm sát; vụ án; chuyển tiền,Không chuyển tiền. Gọi người thân hoặc cơ quan công an địa phương để xác minh.,authority_impersonation; fear; secrecy,financial_loss,elderly,NORTH,NO_DIACRITICS,vietnamese_synthetic,self-created,true,no_pii,train
VN_000385,JOB_SCAM_0385,"Bên em tuyển cộng tác viên tại nhà, cần chuyển tiền kích hoạt account.",SCAM,JOB_SCAM,MEDIUM,"Lừa việc làm online, yêu cầu đóng phí hoặc nạp tiền trước.",nạp trước; đóng phí; kích hoạt tài khoản,Không đóng phí để nhận việc. Kiểm tra công ty và hợp đồng rõ ràng.,financial_pressure; false_promise,financial_loss,elderly,SOUTH,CODE_SWITCHING,vietnamese_synthetic,self-created,true,no_pii,train
VN_000059,PHISHING_LINK_0059,Bác cần đăng nhập vào <LINK> để kiểm tra giao dịch bất thường.,SCAM,PHISHING_LINK,HIGH,Dụ người dùng bấm link lạ để đánh cắp thông tin.,<LINK>; bấm link; đăng nhập,Không bấm link lạ. Chỉ truy cập website hoặc ứng dụng chính thức.,technical_confusion; urgency,credential_theft; malware_install,elderly,CENTRAL,NONE,vietnamese_synthetic,self-created,true,no_pii,train
VN_000258,FAKE_POLICE_0258,"Chu dang bi nghi ngo lien quan duong day lua dao, can lam theo huong dan ngay.",SCAM,FAKE_POLICE,HIGH,"Giả danh cơ quan chức năng, đe dọa và yêu cầu chuyển tiền.",công an; viện kiểm sát; vụ án; chuyển tiền,Không chuyển tiền. Gọi người thân hoặc cơ quan công an địa phương để xác minh.,authority_impersonation; fear; secrecy,financial_loss,elderly,NORTH,NO_DIACRITICS,vietnamese_synthetic,self-created,true,no_pii,train
VN_000225,JOB_SCAM_0225,"Mệ nhận job online, hoàn thành đơn đầu tiên sẽ được hoàn tiền và thưởng.",SCAM,JOB_SCAM,MEDIUM,"Lừa việc làm online, yêu cầu đóng phí hoặc nạp tiền trước.",nạp trước; đóng phí; kích hoạt tài khoản,Không đóng phí để nhận việc. Kiểm tra công ty và hợp đồng rõ ràng.,financial_pressure; false_promise,financial_loss,elderly,CENTRAL,NONE,vietnamese_synthetic,self-created,true,no_pii,train
VN_000538,PHISHING_LINK_0538,Co bam link <LINK> de xac minh tai khoan truoc khi bi khoa Xử lý trong hôm nay giúp cháu.,SCAM,PHISHING_LINK,HIGH,Dụ người dùng bấm link lạ để đánh cắp thông tin.,<LINK>; bấm link; đăng nhập,Không bấm link lạ. Chỉ truy cập website hoặc ứng dụng chính thức.,technical_confusion; urgency,credential_theft; malware_install,elderly,SOUTH,TYPO,vietnamese_synthetic,self-created,true,no_pii,train
VN_000585,FAKE_POLICE_0585,"Chúng tôi là công an, bác đang liên quan đến vụ án rửa tiền, cần chuyển tiền để điều tra.",SCAM,FAKE_POLICE,HIGH,"Giả danh cơ quan chức năng, đe dọa và yêu cầu chuyển tiền.",công an; viện kiểm sát; vụ án; chuyển tiền,Không chuyển tiền. Gọi người thân hoặc cơ quan công an địa phương để xác minh.,authority_impersonation; fear; secrecy,financial_loss,elderly,NORTH,NONE,vietnamese_synthetic,self-created,true,no_pii,train
VN_000422,JOB_SCAM_0422,"Bác nhận job online, hoàn thành đơn đầu tiên sẽ được hoàn tiền và thưởng.",SCAM,JOB_SCAM,MEDIUM,"Lừa việc làm online, yêu cầu đóng phí hoặc nạp tiền trước.",nạp trước; đóng phí; kích hoạt tài khoản,Không đóng phí để nhận việc. Kiểm tra công ty và hợp đồng rõ ràng.,financial_pressure; false_promise,financial_loss,elderly,CENTRAL,NONE,vietnamese_synthetic,self-created,true,no_pii,train
VN_000070,FAKE_POLICE_0070,"Cô đang bị nghi ngờ liên quan đường dây lừa đảo, cần làm theo hướng dẫn ngay Làm ngay giúp bên cháu.",SCAM,FAKE_POLICE,HIGH,"Giả danh cơ quan chức năng, đe dọa và yêu cầu chuyển tiền.",công an; viện kiểm sát; vụ án; chuyển tiền,Không chuyển tiền. Gọi người thân hoặc cơ quan công an địa phương để xác minh.,authority_impersonation; fear; secrecy,financial_loss,elderly,SOUTH,NONE,vietnamese_synthetic,self-created,true,no_pii,train
VN_000533,OTP_BANK_0533,"Tài khoản của chú đang bị khóa, gửi mã xác nhận để mở lại. please check now",SCAM,OTP_BANK,HIGH,Yêu cầu cung cấp OTP hoặc mã xác nhận ngân hàng.,mã OTP; mã xác nhận; dãy 6 số,Không cung cấp OTP hoặc mã xác nhận. Gọi trực tiếp ngân hàng để kiểm tra.,urgency; technical_confusion,credential_theft,elderly,SOUTH,CODE_SWITCHING,vietnamese_synthetic,self-created,true,no_pii,train
VN_000200,FAKE_POLICE_0200,"Ben vien kiem sat yeu cau ma hop tac ngay, neu khong se bi phong toa tai san.",SCAM,FAKE_POLICE,HIGH,"Giả danh cơ quan chức năng, đe dọa và yêu cầu chuyển tiền.",công an; viện kiểm sát; vụ án; chuyển tiền,Không chuyển tiền. Gọi người thân hoặc cơ quan công an địa phương để xác minh.,authority_impersonation; fear; secrecy,financial_loss,elderly,SOUTH,NO_DIACRITICS,vietnamese_synthetic,self-created,true,no_pii,train
VN_000248,PHISHING_LINK_0248,O cần đăng nhập vào <LINK> để kiểm tra giao dịch bất thường. please check now,SCAM,PHISHING_LINK,HIGH,Dụ người dùng bấm link lạ để đánh cắp thông tin.,<LINK>; bấm link; đăng nhập,Không bấm link lạ. Chỉ truy cập website hoặc ứng dụng chính thức.,technical_confusion; urgency,credential_theft; malware_install,elderly,CENTRAL,CODE_SWITCHING,vietnamese_synthetic,self-created,true,no_pii,train
VN_000401,FAKE_POLICE_0401,"Bac khong duoc noi voi ai, hay chuyen tien vao tai khoan tam giu de phuc vu xac minh Làm ngay giúp bên cháu.",SCAM,FAKE_POLICE,HIGH,"Giả danh cơ quan chức năng, đe dọa và yêu cầu chuyển tiền.",công an; viện kiểm sát; vụ án; chuyển tiền,Không chuyển tiền. Gọi người thân hoặc cơ quan công an địa phương để xác minh.,authority_impersonation; fear; secrecy,financial_loss,elderly,STANDARD,NO_DIACRITICS,vietnamese_synthetic,self-created,true,no_pii,train
VN_000274,JOB_SCAM_0274,"Bên em tuyển cộng tác viên tại nhà, cần chuyển tiền kích hoạt tài khoản Nếu chậm trễ tài khoản có thể bị khóa.",SCAM,JOB_SCAM,MEDIUM,"Lừa việc làm online, yêu cầu đóng phí hoặc nạp tiền trước.",nạp trước; đóng phí; kích hoạt tài khoản,Không đóng phí để nhận việc. Kiểm tra công ty và hợp đồng rõ ràng.,financial_pressure; false_promise,financial_loss,elderly,CENTRAL,NONE,vietnamese_synthetic,self-created,true,no_pii,train
VN_000277,FAKE_POLICE_0277,"Bên viện kiểm sát yêu cầu bác hợp tác ngay, nếu không sẽ bị phong tỏa tài sản. please check now",SCAM,FAKE_POLICE,HIGH,"Giả danh cơ quan chức năng, đe dọa và yêu cầu chuyển tiền.",công an; viện kiểm sát; vụ án; chuyển tiền,Không chuyển tiền. Gọi người thân hoặc cơ quan công an địa phương để xác minh.,authority_impersonation; fear; secrecy,financial_loss,elderly,STANDARD,CODE_SWITCHING,vietnamese_synthetic,self-created,true,no_pii,train
VN_000363,FAKE_POLICE_0363,"Chung toi la cong an, ma dang lien quan den vu an rua tien, can chuyen tien de dieu tra.",SCAM,FAKE_POLICE,HIGH,"Giả danh cơ quan chức năng, đe dọa và yêu cầu chuyển tiền.",công an; viện kiểm sát; vụ án; chuyển tiền,Không chuyển tiền. Gọi người thân hoặc cơ quan công an địa phương để xác minh.,authority_impersonation; fear; secrecy,financial_loss,elderly,SOUTH,NO_DIACRITICS,vietnamese_synthetic,self-created,true,no_pii,train
VN_000043,OTP_BANK_0043,"Tài khoản của cô đang bị khóa, gửi mã xác nhận để mở lại Làm ngay giúp bên cháu.",SCAM,OTP_BANK,HIGH,Yêu cầu cung cấp OTP hoặc mã xác nhận ngân hàng.,mã OTP; mã xác nhận; dãy 6 số,Không cung cấp OTP hoặc mã xác nhận. Gọi trực tiếp ngân hàng để kiểm tra.,urgency; technical_confusion,credential_theft,elderly,STANDARD,NONE,vietnamese_synthetic,self-created,true,no_pii,train
VN_000543,EMERGENCY_MONEY_0543,"Ma oi con bi tai nan, gui tien ngai vao so tai khoan nay giup con.",SCAM,EMERGENCY_MONEY,HIGH,"Giả danh người thân, tạo tình huống khẩn cấp và yêu cầu chuyển tiền.",cấp cứu; chuyển gấp; đừng gọi lại; khẩn cấp,Không chuyển tiền vội. Gọi trực tiếp cho người thân qua số quen thuộc để xác minh.,urgency; trust_abuse; secrecy,financial_loss,elderly,SOUTH,TYPO,vietnamese_synthetic,self-created,true,no_pii,train
VN_000460,FAKE_POLICE_0460,"Con hỏi thăm sức khỏe chút. Bác đang bị nghi ngờ liên quan đường dây lừa đảo, cần làm theo hướng dẫn ngay.",SCAM,FAKE_POLICE,HIGH,"Giả danh cơ quan chức năng, đe dọa và yêu cầu chuyển tiền.",công an; viện kiểm sát; vụ án; chuyển tiền,Không chuyển tiền. Gọi người thân hoặc cơ quan công an địa phương để xác minh.,authority_impersonation; fear; secrecy,financial_loss,elderly,CENTRAL,MIXED_INTENT,vietnamese_synthetic,self-created,true,no_pii,train
VN_000544,EMERGENCY_MONEY_0544,"Ba ơi con bị tai nạn, gửi tiền ngay vào số tài khoản này giúp con.",SCAM,EMERGENCY_MONEY,HIGH,"Giả danh người thân, tạo tình huống khẩn cấp và yêu cầu chuyển tiền.",cấp cứu; chuyển gấp; đừng gọi lại; khẩn cấp,Không chuyển tiền vội. Gọi trực tiếp cho người thân qua số quen thuộc để xác minh.,urgency; trust_abuse; secrecy,financial_loss,elderly,SOUTH,NONE,vietnamese_synthetic,self-created,true,no_pii,train
VN_000269,OTP_BANK_0269,O đọc giúp cháu dãy 6 số vừa gửi về điện thoại để hoàn tất xác minh.,SCAM,OTP_BANK,HIGH,Yêu cầu cung cấp OTP hoặc mã xác nhận ngân hàng.,mã OTP; mã xác nhận; dãy 6 số,Không cung cấp OTP hoặc mã xác nhận. Gọi trực tiếp ngân hàng để kiểm tra.,urgency; technical_confusion,credential_theft,elderly,CENTRAL,NONE,vietnamese_synthetic,self-created,true,no_pii,train
VN_000309,EMERGENCY_MONEY_0309,"Cô/chú cứ bình tĩnh, bên cháu hỗ trợ nhanh thôi. Con đang gặp chuyện gấp, ba chuyển khoản liền cho con 10 triệu nha. Làm ngay để tránh bị khóa dịch vụ.",SCAM,EMERGENCY_MONEY,HIGH,"Giả danh người thân, tạo tình huống khẩn cấp và yêu cầu chuyển tiền.",cấp cứu; chuyển gấp; đừng gọi lại; khẩn cấp,Không chuyển tiền vội. Gọi trực tiếp cho người thân qua số quen thuộc để xác minh.,urgency; trust_abuse; secrecy,financial_loss,elderly,SOUTH,LONG_CONTEXT,vietnamese_synthetic,self-created,true,no_pii,train
VN_000409,EMERGENCY_MONEY_0409,"Má đừng hỏi nhiều, con cần tiền xử lý việc khẩn cấp, chuyển ngay giúp con.",SCAM,EMERGENCY_MONEY,HIGH,"Giả danh người thân, tạo tình huống khẩn cấp và yêu cầu chuyển tiền.",cấp cứu; chuyển gấp; đừng gọi lại; khẩn cấp,Không chuyển tiền vội. Gọi trực tiếp cho người thân qua số quen thuộc để xác minh.,urgency; trust_abuse; secrecy,financial_loss,elderly,SOUTH,NONE,vietnamese_synthetic,self-created,true,no_pii,train
VN_000476,JOB_SCAM_0476,"Bác nhận job online, hoàn thành đơn đầu tiên sẽ được hoàn tiền và thưởng Làm ngay giúp bên cháu.",SCAM,JOB_SCAM,MEDIUM,"Lừa việc làm online, yêu cầu đóng phí hoặc nạp tiền trước.",nạp trước; đóng phí; kích hoạt tài khoản,Không đóng phí để nhận việc. Kiểm tra công ty và hợp đồng rõ ràng.,financial_pressure; false_promise,financial_loss,elderly,CENTRAL,OBFUSCATION,vietnamese_synthetic,self-created,true,no_pii,train
VN_000119,FAKE_POLICE_0119,"Má đang bị nghi ngờ liên quan đường dây lừa đảo, cần làm theo hướng dẫn ngay.",SCAM,FAKE_POLICE,HIGH,"Giả danh cơ quan chức năng, đe dọa và yêu cầu chuyển tiền.",công an; viện kiểm sát; vụ án; chuyển tiền,Không chuyển tiền. Gọi người thân hoặc cơ quan công an địa phương để xác minh.,authority_impersonation; fear; secrecy,financial_loss,elderly,SOUTH,ABBREVIATION,vietnamese_synthetic,self-created,true,no_pii,train
VN_000271,EMERGENCY_MONEY_0271,"Mệ đừng hỏi nhiều, con cần tiền xử lý việc khẩn cấp, chuyển ngay giúp con Làm ngay giúp bên cháu.",SCAM,EMERGENCY_MONEY,HIGH,"Giả danh người thân, tạo tình huống khẩn cấp và yêu cầu chuyển tiền.",cấp cứu; chuyển gấp; đừng gọi lại; khẩn cấp,Không chuyển tiền vội. Gọi trực tiếp cho người thân qua số quen thuộc để xác minh.,urgency; trust_abuse; secrecy,financial_loss,elderly,CENTRAL,NONE,vietnamese_synthetic,self-created,true,no_pii,train
VN_000508,JOB_SCAM_0508,"Viec nhe luong cao, co dong phi ho so la co the bat dau ngay.",SCAM,JOB_SCAM,MEDIUM,"Lừa việc làm online, yêu cầu đóng phí hoặc nạp tiền trước.",nạp trước; đóng phí; kích hoạt tài khoản,Không đóng phí để nhận việc. Kiểm tra công ty và hợp đồng rõ ràng.,financial_pressure; false_promise,financial_loss,elderly,NORTH,NO_DIACRITICS,vietnamese_synthetic,self-created,true,no_pii,train
VN_000034,OTP_BANK_0034,"Tài khoản của chú đang bị khóa, gửi mã xác nhận để mở lại.",SCAM,OTP_BANK,HIGH,Yêu cầu cung cấp OTP hoặc mã xác nhận ngân hàng.,mã OTP; mã xác nhận; dãy 6 số,Không cung cấp OTP hoặc mã xác nhận. Gọi trực tiếp ngân hàng để kiểm tra.,urgency; technical_confusion,credential_theft,elderly,NORTH,NONE,vietnamese_synthetic,self-created,true,no_pii,train
VN_000155,JOB_SCAM_0155,"Cô nhận job online, hoàn thành đơn đầu tiên sẽ được hoàn tiền và thưởng.",SCAM,JOB_SCAM,MEDIUM,"Lừa việc làm online, yêu cầu đóng phí hoặc nạp tiền trước.",nạp trước; đóng phí; kích hoạt tài khoản,Không đóng phí để nhận việc. Kiểm tra công ty và hợp đồng rõ ràng.,financial_pressure; false_promise,financial_loss,elderly,SOUTH,NONE,vietnamese_synthetic,self-created,true,no_pii,train
VN_000015,OTP_BANK_0015,Bác đọc giúp cháu dãy 6 số vừa gửi về điện thoại để hoàn tất xác minh.,SCAM,OTP_BANK,HIGH,Yêu cầu cung cấp OTP hoặc mã xác nhận ngân hàng.,mã OTP; mã xác nhận; dãy 6 số,Không cung cấp OTP hoặc mã xác nhận. Gọi trực tiếp ngân hàng để kiểm tra.,urgency; technical_confusion,credential_theft,elderly,NORTH,NONE,vietnamese_synthetic,self-created,true,no_pii,train
VN_000264,OTP_BANK_0264,Chu doc giup chau day 6 so vua gui ve dien thoai de hoan tat xac minh.,SCAM,OTP_BANK,HIGH,Yêu cầu cung cấp OTP hoặc mã xác nhận ngân hàng.,mã OTP; mã xác nhận; dãy 6 số,Không cung cấp OTP hoặc mã xác nhận. Gọi trực tiếp ngân hàng để kiểm tra.,urgency; technical_confusion,credential_theft,elderly,SOUTH,TYPO,vietnamese_synthetic,self-created,true,no_pii,train
VN_000285,FAKE_POLICE_0285,"O không được nói với ai, hãy chuyển tiền vào tài khoản tạm giữ để phục vụ xác minh.",SCAM,FAKE_POLICE,HIGH,"Giả danh cơ quan chức năng, đe dọa và yêu cầu chuyển tiền.",công an; viện kiểm sát; vụ án; chuyển tiền,Không chuyển tiền. Gọi người thân hoặc cơ quan công an địa phương để xác minh.,authority_impersonation; fear; secrecy,financial_loss,elderly,CENTRAL,NONE,vietnamese_synthetic,self-created,true,no_pii,train
VN_000518,FAKE_POLICE_0518,"Cô không được nói với ai, hãy chuyển tiền vào tài khoản tạm giữ để phục vụ xác minh.",SCAM,FAKE_POLICE,HIGH,"Giả danh cơ quan chức năng, đe dọa và yêu cầu chuyển tiền.",công an; viện kiểm sát; vụ án; chuyển tiền,Không chuyển tiền. Gọi người thân hoặc cơ quan công an địa phương để xác minh.,authority_impersonation; fear; secrecy,financial_loss,elderly,SOUTH,NONE,vietnamese_synthetic,self-created,true,no_pii,train
VN_000497,EMERGENCY_MONEY_0497,"Chu oi con bi tai nan, gui tien ngay vao so tai khoan nay giup con.",SCAM,EMERGENCY_MONEY,HIGH,"Giả danh người thân, tạo tình huống khẩn cấp và yêu cầu chuyển tiền.",cấp cứu; chuyển gấp; đừng gọi lại; khẩn cấp,Không chuyển tiền vội. Gọi trực tiếp cho người thân qua số quen thuộc để xác minh.,urgency; trust_abuse; secrecy,financial_loss,elderly,NORTH,NO_DIACRITICS,vietnamese_synthetic,self-created,true,no_pii,train
VN_000053,FAKE_POLICE_0053,"Chúng tôi là công an, chú đang liên quan đến vụ án rửa tiền, cần chuyển tiền để điều tra.",SCAM,FAKE_POLICE,HIGH,"Giả danh cơ quan chức năng, đe dọa và yêu cầu chuyển tiền.",công an; viện kiểm sát; vụ án; chuyển tiền,Không chuyển tiền. Gọi người thân hoặc cơ quan công an địa phương để xác minh.,authority_impersonation; fear; secrecy,financial_loss,elderly,STANDARD,NONE,vietnamese_synthetic,self-created,true,no_pii,train
VN_000174,OTP_BANK_0174,Chú đọc giúp cháu dãy 6 số vừa gửi về điện thoại để hoàn tất verify.,SCAM,OTP_BANK,HIGH,Yêu cầu cung cấp OTP hoặc mã xác nhận ngân hàng.,mã OTP; mã xác nhận; dãy 6 số,Không cung cấp OTP hoặc mã xác nhận. Gọi trực tiếp ngân hàng để kiểm tra.,urgency; technical_confusion,credential_theft,elderly,NORTH,CODE_SWITCHING,vietnamese_synthetic,self-created,true,no_pii,train
VN_000593,EMERGENCY_MONEY_0593,"Mẹ ơi con đang cấp cứu, chuyển gấp cho con 5 triệu, đừng gọi lại Đây là yêu cầu khẩn cấp.",SCAM,EMERGENCY_MONEY,HIGH,"Giả danh người thân, tạo tình huống khẩn cấp và yêu cầu chuyển tiền.",cấp cứu; chuyển gấp; đừng gọi lại; khẩn cấp,Không chuyển tiền vội. Gọi trực tiếp cho người thân qua số quen thuộc để xác minh.,urgency; trust_abuse; secrecy,financial_loss,elderly,STANDARD,OBFUSCATION,vietnamese_synthetic,self-created,true,no_pii,train
VN_000485,EMERGENCY_MONEY_0485,"Mẹ ơi con đang cấp cứu, chuyển gấp cho con 5 triệu, đừng gọi lại Vui lòng làm ngay để tránh mất quyền lợi.",SCAM,EMERGENCY_MONEY,HIGH,"Giả danh người thân, tạo tình huống khẩn cấp và yêu cầu chuyển tiền.",cấp cứu; chuyển gấp; đừng gọi lại; khẩn cấp,Không chuyển tiền vội. Gọi trực tiếp cho người thân qua số quen thuộc để xác minh.,urgency; trust_abuse; secrecy,financial_loss,elderly,SOUTH,NONE,vietnamese_synthetic,self-created,true,no_pii,train
VN_000037,EMERGENCY_MONEY_0037,"Chú đừng hỏi nhiều, con cần tiền xử lý việc khẩn cấp, chuyển ngay giúp con.",SCAM,EMERGENCY_MONEY,HIGH,"Giả danh người thân, tạo tình huống khẩn cấp và yêu cầu chuyển tiền.",cấp cứu; chuyển gấp; đừng gọi lại; khẩn cấp,Không chuyển tiền vội. Gọi trực tiếp cho người thân qua số quen thuộc để xác minh.,urgency; trust_abuse; secrecy,financial_loss,elderly,SOUTH,OBFUSCATION,vietnamese_synthetic,self-created,true,no_pii,train
VN_000297,JOB_SCAM_0297,"Chu chi can lam nhiem vu online, nap truoc 300 nghin de nhan viec.",SCAM,JOB_SCAM,MEDIUM,"Lừa việc làm online, yêu cầu đóng phí hoặc nạp tiền trước.",nạp trước; đóng phí; kích hoạt tài khoản,Không đóng phí để nhận việc. Kiểm tra công ty và hợp đồng rõ ràng.,financial_pressure; false_promise,financial_loss,elderly,NORTH,NO_DIACRITICS,vietnamese_synthetic,self-created,true,no_pii,train
VN_000481,JOB_SCAM_0481,"Viec nhe luong cao, o dong phi ho so la co the bat dau ngay Làm ngay giúp bên cháu.",SCAM,JOB_SCAM,MEDIUM,"Lừa việc làm online, yêu cầu đóng phí hoặc nạp tiền trước.",nạp trước; đóng phí; kích hoạt tài khoản,Không đóng phí để nhận việc. Kiểm tra công ty và hợp đồng rõ ràng.,financial_pressure; false_promise,financial_loss,elderly,CENTRAL,NO_DIACRITICS,vietnamese_synthetic,self-created,true,no_pii,train
VN_000548,OTP_BANK_0548,"Tài khoản của o đang bị khóa, gửi mã xác nhận để mở lại.",SCAM,OTP_BANK,HIGH,Yêu cầu cung cấp OTP hoặc mã xác nhận ngân hàng.,mã OTP; mã xác nhận; dãy 6 số,Không cung cấp OTP hoặc mã xác nhận. Gọi trực tiếp ngân hàng để kiểm tra.,urgency; technical_confusion,credential_theft,elderly,CENTRAL,ABBREVIATION,vietnamese_synthetic,self-created,true,no_pii,train
VN_000594,PHISHING_LINK_0594,Bác cần đăng nhập vào <LINK> để kiểm tra giao dịch bất thường Nếu chậm trễ tài khoản có thể bị khóa.,SCAM,PHISHING_LINK,HIGH,Dụ người dùng bấm link lạ để đánh cắp thông tin.,<LINK>; bấm link; đăng nhập,Không bấm link lạ. Chỉ truy cập website hoặc ứng dụng chính thức.,technical_confusion; urgency,credential_theft; malware_install,elderly,NORTH,NONE,vietnamese_synthetic,self-created,true,no_pii,train
VN_000553,OTP_BANK_0553,"Cô/chú cứ bình tĩnh, bên cháu hỗ trợ nhanh thôi. O gửi mã OTP vừa nhận được để ngân hàng xác minh tài khoản ngay nhé. Làm ngay để tránh bị khóa dịch vụ.",SCAM,OTP_BANK,HIGH,Yêu cầu cung cấp OTP hoặc mã xác nhận ngân hàng.,mã OTP; mã xác nhận; dãy 6 số,Không cung cấp OTP hoặc mã xác nhận. Gọi trực tiếp ngân hàng để kiểm tra.,urgency; technical_confusion,credential_theft,elderly,CENTRAL,LONG_CONTEXT,vietnamese_synthetic,self-created,true,no_pii,train
VN_000484,JOB_SCAM_0484,"Bên em tuyển cộng tác viên tại nhà, cần chuyển tiền kích hoạt tài khoản Đây là yêu cầu khẩn cấp.",SCAM,JOB_SCAM,MEDIUM,"Lừa việc làm online, yêu cầu đóng phí hoặc nạp tiền trước.",nạp trước; đóng phí; kích hoạt tài khoản,Không đóng phí để nhận việc. Kiểm tra công ty và hợp đồng rõ ràng.,financial_pressure; false_promise,financial_loss,elderly,SOUTH,NONE,vietnamese_synthetic,self-created,true,no_pii,train
VN_000540,JOB_SCAM_0540,"Bác chỉ cần làm nhiệm vụ online, nạp trước 300 nghìn để nhận việc.",SCAM,JOB_SCAM,MEDIUM,"Lừa việc làm online, yêu cầu đóng phí hoặc nạp tiền trước.",nạp trước; đóng phí; kích hoạt tài khoản,Không đóng phí để nhận việc. Kiểm tra công ty và hợp đồng rõ ràng.,financial_pressure; false_promise,financial_loss,elderly,STANDARD,NONE,vietnamese_synthetic,self-created,true,no_pii,train
VN_000082,JOB_SCAM_0082,"Bên em tuyển cộng tác viên tại nhà, cần chuyển tiền kích hoạt tài khoản Làm ngay giúp bên cháu.",SCAM,JOB_SCAM,MEDIUM,"Lừa việc làm online, yêu cầu đóng phí hoặc nạp tiền trước.",nạp trước; đóng phí; kích hoạt tài khoản,Không đóng phí để nhận việc. Kiểm tra công ty và hợp đồng rõ ràng.,financial_pressure; false_promise,financial_loss,elderly,NORTH,NONE,vietnamese_synthetic,self-created,true,no_pii,train
VN_000495,FAKE_POLICE_0495,"Bên viện kiểm sát yêu cầu ba hợp tác ngay, nếu không sẽ bị phong tỏa tài sản Làm ngay giúp bên cháu.",SCAM,FAKE_POLICE,HIGH,"Giả danh cơ quan chức năng, đe dọa và yêu cầu chuyển tiền.",công an; viện kiểm sát; vụ án; chuyển tiền,Không chuyển tiền. Gọi người thân hoặc cơ quan công an địa phương để xác minh.,authority_impersonation; fear; secrecy,financial_loss,elderly,SOUTH,NONE,vietnamese_synthetic,self-created,true,no_pii,train
VN_000035,OTP_BANK_0035,Bác gửi mã OT P vừa nhận được để ngân hàng xác minh t.khoản ngay nhé.,SCAM,OTP_BANK,HIGH,Yêu cầu cung cấp OTP hoặc mã xác nhận ngân hàng.,mã OTP; mã xác nhận; dãy 6 số,Không cung cấp OTP hoặc mã xác nhận. Gọi trực tiếp ngân hàng để kiểm tra.,urgency; technical_confusion,credential_theft,elderly,NORTH,OBFUSCATION,vietnamese_synthetic,self-created,true,no_pii,train
VN_000376,FAKE_POLICE_0376,"Bên viện kiểm sát yêu cầu mệ hợp tác ngay, nếu không sẽ bị phong tỏa tài sản Làm ngay giúp bên cháu.",SCAM,FAKE_POLICE,HIGH,"Giả danh cơ quan chức năng, đe dọa và yêu cầu chuyển tiền.",công an; viện kiểm sát; vụ án; chuyển tiền,Không chuyển tiền. Gọi người thân hoặc cơ quan công an địa phương để xác minh.,authority_impersonation; fear; secrecy,financial_loss,elderly,CENTRAL,ABBREVIATION,vietnamese_synthetic,self-created,true,no_pii,train
VN_000560,EMERGENCY_MONEY_0560,"Cô ơi con bị tai nạn, gửi tiền ngay vào stk này giúp con Xử lý trong hôm nay giúp cháu.",SCAM,EMERGENCY_MONEY,HIGH,"Giả danh người thân, tạo tình huống khẩn cấp và yêu cầu chuyển tiền.",cấp cứu; chuyển gấp; đừng gọi lại; khẩn cấp,Không chuyển tiền vội. Gọi trực tiếp cho người thân qua số quen thuộc để xác minh.,urgency; trust_abuse; secrecy,financial_loss,elderly,STANDARD,ABBREVIATION,vietnamese_synthetic,self-created,true,no_pii,train
VN_000566,FAKE_POLICE_0566,"Chúng tôi là công an, cô đang liên quan đến vụ án rửa tiền, cần chuyển tiền để điều tra Bên cháu đang chờ phản hồi.",SCAM,FAKE_POLICE,HIGH,"Giả danh cơ quan chức năng, đe dọa và yêu cầu chuyển tiền.",công an; viện kiểm sát; vụ án; chuyển tiền,Không chuyển tiền. Gọi người thân hoặc cơ quan công an địa phương để xác minh.,authority_impersonation; fear; secrecy,financial_loss,elderly,STANDARD,NONE,vietnamese_synthetic,self-created,true,no_pii,train
VN_000466,FAKE_POLICE_0466,"Bên viện kiểm sát yêu cầu cô hợp tác ngay, nếu không sẽ bị phong tỏa tài sản Xử lý trong hôm nay giúp cháu.",SCAM,FAKE_POLICE,HIGH,"Giả danh cơ quan chức năng, đe dọa và yêu cầu chuyển tiền.",công an; viện kiểm sát; vụ án; chuyển tiền,Không chuyển tiền. Gọi người thân hoặc cơ quan công an địa phương để xác minh.,authority_impersonation; fear; secrecy,financial_loss,elderly,STANDARD,NONE,vietnamese_synthetic,self-created,true,no_pii,train
VN_000087,PHISHING_LINK_0087,Bác bấm link <LINK> để xác minh tài khoản trước khi bị khóa Làm ngay giúp bên cháu.,SCAM,PHISHING_LINK,HIGH,Dụ người dùng bấm link lạ để đánh cắp thông tin.,<LINK>; bấm link; đăng nhập,Không bấm link lạ. Chỉ truy cập website hoặc ứng dụng chính thức.,technical_confusion; urgency,credential_theft; malware_install,elderly,NORTH,NONE,vietnamese_synthetic,self-created,true,no_pii,train
VN_000158,JOB_SCAM_0158,"Chú chỉ cần làm nhiệm vụ online, nạp trước 300 nghìn để nhận việc.",SCAM,JOB_SCAM,MEDIUM,"Lừa việc làm online, yêu cầu đóng phí hoặc nạp tiền trước.",nạp trước; đóng phí; kích hoạt tài khoản,Không đóng phí để nhận việc. Kiểm tra công ty và hợp đồng rõ ràng.,financial_pressure; false_promise,financial_loss,elderly,STANDARD,NONE,vietnamese_synthetic,self-created,true,no_pii,train
VN_000428,JOB_SCAM_0428,"Việc nhẹ lương cao, cô đóng phí hồ sơ là có thể bắt đầu ngay Xử lý trong hôm nay giúp cháu.",SCAM,JOB_SCAM,MEDIUM,"Lừa việc làm online, yêu cầu đóng phí hoặc nạp tiền trước.",nạp trước; đóng phí; kích hoạt tài khoản,Không đóng phí để nhận việc. Kiểm tra công ty và hợp đồng rõ ràng.,financial_pressure; false_promise,financial_loss,elderly,STANDARD,OBFUSCATION,vietnamese_synthetic,self-created,true,no_pii,train
VN_000193,EMERGENCY_MONEY_0193,"Mẹ ơi con đang cấp cứu, chuyển gấp cho con 5 triệu, đừng gọi lại Làm ngay giúp bên cháu.",SCAM,EMERGENCY_MONEY,HIGH,"Giả danh người thân, tạo tình huống khẩn cấp và yêu cầu chuyển tiền.",cấp cứu; chuyển gấp; đừng gọi lại; khẩn cấp,Không chuyển tiền vội. Gọi trực tiếp cho người thân qua số quen thuộc để xác minh.,urgency; trust_abuse; secrecy,financial_loss,elderly,STANDARD,NONE,vietnamese_synthetic,self-created,true,no_pii,train
VN_000217,EMERGENCY_MONEY_0217,"Me oi con dang cap cuu, chuyen gap cho con 5 trieu, dung goi lai Xử lý trong hôm nay giúp cháu.",SCAM,EMERGENCY_MONEY,HIGH,"Giả danh người thân, tạo tình huống khẩn cấp và yêu cầu chuyển tiền.",cấp cứu; chuyển gấp; đừng gọi lại; khẩn cấp,Không chuyển tiền vội. Gọi trực tiếp cho người thân qua số quen thuộc để xác minh.,urgency; trust_abuse; secrecy,financial_loss,elderly,SOUTH,NO_DIACRITICS,vietnamese_synthetic,self-created,true,no_pii,train
VN_000326,EMERGENCY_MONEY_0326,"Bác ơi con bị tai nạn, gửi tiền ngay vào số tài khoản này giúp con.",SCAM,EMERGENCY_MONEY,HIGH,"Giả danh người thân, tạo tình huống khẩn cấp và yêu cầu chuyển tiền.",cấp cứu; chuyển gấp; đừng gọi lại; khẩn cấp,Không chuyển tiền vội. Gọi trực tiếp cho người thân qua số quen thuộc để xác minh.,urgency; trust_abuse; secrecy,financial_loss,elderly,CENTRAL,NONE,vietnamese_synthetic,self-created,true,no_pii,train
VN_000289,OTP_BANK_0289,O đọc giúp cháu dãy 6 số vừa gửi về điện thoại để hoàn tất xác minh Làm ngay giúp bên cháu.,SCAM,OTP_BANK,HIGH,Yêu cầu cung cấp OTP hoặc mã xác nhận ngân hàng.,mã OTP; mã xác nhận; dãy 6 số,Không cung cấp OTP hoặc mã xác nhận. Gọi trực tiếp ngân hàng để kiểm tra.,urgency; technical_confusion,credential_theft,elderly,CENTRAL,OBFUSCATION,vietnamese_synthetic,self-created,true,no_pii,train
VN_000574,PHISHING_LINK_0574,Con hỏi thăm sức khỏe chút. Má cần đăng nhập vào <LINK> để kiểm tra giao dịch bất thường.,SCAM,PHISHING_LINK,HIGH,Dụ người dùng bấm link lạ để đánh cắp thông tin.,<LINK>; bấm link; đăng nhập,Không bấm link lạ. Chỉ truy cập website hoặc ứng dụng chính thức.,technical_confusion; urgency,credential_theft; malware_install,elderly,SOUTH,MIXED_INTENT,vietnamese_synthetic,self-created,true,no_pii,train
VN_000379,PHISHING_LINK_0379,Bác bấm link <LINK> để xác minh tài khoản trước khi bị khóa Xử lý trong hôm nay giúp cháu.,SCAM,PHISHING_LINK,HIGH,Dụ người dùng bấm link lạ để đánh cắp thông tin.,<LINK>; bấm link; đăng nhập,Không bấm link lạ. Chỉ truy cập website hoặc ứng dụng chính thức.,technical_confusion; urgency,credential_theft; malware_install,elderly,NORTH,NONE,vietnamese_synthetic,self-created,true,no_pii,train
VN_000092,FAKE_POLICE_0092,"Chu dang bi nghi ngo lien quan duong day lua dao, can lam theo huong dan ngai.",SCAM,FAKE_POLICE,HIGH,"Giả danh cơ quan chức năng, đe dọa và yêu cầu chuyển tiền.",công an; viện kiểm sát; vụ án; chuyển tiền,Không chuyển tiền. Gọi người thân hoặc cơ quan công an địa phương để xác minh.,authority_impersonation; fear; secrecy,financial_loss,elderly,SOUTH,TYPO,vietnamese_synthetic,self-created,true,no_pii,train
VN_000353,JOB_SCAM_0353,"Bên em tuyển cộng tác viên tại nhà, cần ck kích hoạt tk Làm ngay giúp bên cháu.",SCAM,JOB_SCAM,MEDIUM,"Lừa việc làm online, yêu cầu đóng phí hoặc nạp tiền trước.",nạp trước; đóng phí; kích hoạt tài khoản,Không đóng phí để nhận việc. Kiểm tra công ty và hợp đồng rõ ràng.,financial_pressure; false_promise,financial_loss,elderly,NORTH,ABBREVIATION,vietnamese_synthetic,self-created,true,no_pii,train
VN_000584,JOB_SCAM_0584,"Mệ nhận job online, hoàn thành đơn đầu tiên sẽ được hoàn tiền và thưởng Làm ngay giúp bên cháu.",SCAM,JOB_SCAM,MEDIUM,"Lừa việc làm online, yêu cầu đóng phí hoặc nạp tiền trước.",nạp trước; đóng phí; kích hoạt tài khoản,Không đóng phí để nhận việc. Kiểm tra công ty và hợp đồng rõ ràng.,financial_pressure; false_promise,financial_loss,elderly,CENTRAL,NONE,vietnamese_synthetic,self-created,true,no_pii,train
VN_000307,OTP_BANK_0307,Mệ gửi mã OT P vừa nhận được để ngân hàng xác minh t.khoản ngay nhé.,SCAM,OTP_BANK,HIGH,Yêu cầu cung cấp OTP hoặc mã xác nhận ngân hàng.,mã OTP; mã xác nhận; dãy 6 số,Không cung cấp OTP hoặc mã xác nhận. Gọi trực tiếp ngân hàng để kiểm tra.,urgency; technical_confusion,credential_theft,elderly,CENTRAL,OBFUSCATION,vietnamese_synthetic,self-created,true,no_pii,train
VN_000325,FAKE_POLICE_0325,"Mệ không được nói với ai, hãy ck vào tk tạm giữ để phục vụ xm.",SCAM,FAKE_POLICE,HIGH,"Giả danh cơ quan chức năng, đe dọa và yêu cầu chuyển tiền.",công an; viện kiểm sát; vụ án; chuyển tiền,Không chuyển tiền. Gọi người thân hoặc cơ quan công an địa phương để xác minh.,authority_impersonation; fear; secrecy,financial_loss,elderly,CENTRAL,ABBREVIATION,vietnamese_synthetic,self-created,true,no_pii,train
VN_000211,OTP_BANK_0211,"Con hỏi thăm sức khỏe chút. Tài khoản của chú đang bị khóa, gửi mã xác nhận để mở lại.",SCAM,OTP_BANK,HIGH,Yêu cầu cung cấp OTP hoặc mã xác nhận ngân hàng.,mã OTP; mã xác nhận; dãy 6 số,Không cung cấp OTP hoặc mã xác nhận. Gọi trực tiếp ngân hàng để kiểm tra.,urgency; technical_confusion,credential_theft,elderly,STANDARD,MIXED_INTENT,vietnamese_synthetic,self-created,true,no_pii,train
VN_000458,JOB_SCAM_0458,"Việc nhẹ lương cao, mệ đóng phí hồ sơ là có thể bắt đầu ngay Làm ngay giúp bên cháu.",SCAM,JOB_SCAM,MEDIUM,"Lừa việc làm online, yêu cầu đóng phí hoặc nạp tiền trước.",nạp trước; đóng phí; kích hoạt tài khoản,Không đóng phí để nhận việc. Kiểm tra công ty và hợp đồng rõ ràng.,financial_pressure; false_promise,financial_loss,elderly,CENTRAL,OBFUSCATION,vietnamese_synthetic,self-created,true,no_pii,train
VN_000592,PHISHING_LINK_0592,Chú mở đường dẫn <LINK> để xác minh t.khoản trước khi bị khóa.,SCAM,PHISHING_LINK,HIGH,Dụ người dùng bấm link lạ để đánh cắp thông tin.,<LINK>; bấm link; đăng nhập,Không bấm link lạ. Chỉ truy cập website hoặc ứng dụng chính thức.,technical_confusion; urgency,credential_theft; malware_install,elderly,STANDARD,OBFUSCATION,vietnamese_synthetic,self-created,true,no_pii,train
VN_000400,FAKE_POLICE_0400,"Cô/chú cứ bình tĩnh, bên cháu hỗ trợ nhanh thôi. Chúng tôi là công an, má đang liên quan đến vụ án rửa tiền, cần chuyển tiền để điều tra. Làm ngay để tránh bị khóa dịch vụ.",SCAM,FAKE_POLICE,HIGH,"Giả danh cơ quan chức năng, đe dọa và yêu cầu chuyển tiền.",công an; viện kiểm sát; vụ án; chuyển tiền,Không chuyển tiền. Gọi người thân hoặc cơ quan công an địa phương để xác minh.,authority_impersonation; fear; secrecy,financial_loss,elderly,SOUTH,LONG_CONTEXT,vietnamese_synthetic,self-created,true,no_pii,train
VN_000545,FAKE_POLICE_0545,"Bác đang bị nghi ngờ liên quan đường dây lừa đảo, cần làm theo hướng dẫn ngay Xử lý trong hôm nay giúp cháu.",SCAM,FAKE_POLICE,HIGH,"Giả danh cơ quan chức năng, đe dọa và yêu cầu chuyển tiền.",công an; viện kiểm sát; vụ án; chuyển tiền,Không chuyển tiền. Gọi người thân hoặc cơ quan công an địa phương để xác minh.,authority_impersonation; fear; secrecy,financial_loss,elderly,NORTH,NONE,vietnamese_synthetic,self-created,true,no_pii,train
VN_000001,FAKE_POLICE_0001,"Bên viện kiểm sát yêu cầu bác hợp tác ngay, nếu không sẽ bị phong tỏa tài sản.",SCAM,FAKE_POLICE,HIGH,"Giả danh cơ quan chức năng, đe dọa và yêu cầu chuyển tiền.",công an; viện kiểm sát; vụ án; chuyển tiền,Không chuyển tiền. Gọi người thân hoặc cơ quan công an địa phương để xác minh.,authority_impersonation; fear; secrecy,financial_loss,elderly,STANDARD,NONE,vietnamese_synthetic,self-created,true,no_pii,train
VN_000143,FAKE_POLICE_0143,"Chú không được nói với ai, hãy chuyển tiền vào tài khoản tạm giữ để phục vụ xác minh Làm ngay giúp bên cháu.",SCAM,FAKE_POLICE,HIGH,"Giả danh cơ quan chức năng, đe dọa và yêu cầu chuyển tiền.",công an; viện kiểm sát; vụ án; chuyển tiền,Không chuyển tiền. Gọi người thân hoặc cơ quan công an địa phương để xác minh.,authority_impersonation; fear; secrecy,financial_loss,elderly,NORTH,NONE,vietnamese_synthetic,self-created,true,no_pii,train
VN_000063,JOB_SCAM_0063,"Cô/chú cứ bình tĩnh, bên cháu hỗ trợ nhanh thôi. Cô chỉ cần làm nhiệm vụ online, nạp trước 300 nghìn để nhận việc. Làm ngay để tránh bị khóa dịch vụ Làm ngay giúp bên cháu.",SCAM,JOB_SCAM,MEDIUM,"Lừa việc làm online, yêu cầu đóng phí hoặc nạp tiền trước.",nạp trước; đóng phí; kích hoạt tài khoản,Không đóng phí để nhận việc. Kiểm tra công ty và hợp đồng rõ ràng.,financial_pressure; false_promise,financial_loss,elderly,STANDARD,LONG_CONTEXT,vietnamese_synthetic,self-created,true,no_pii,train
VN_000507,EMERGENCY_MONEY_0507,"Ba oi con bi tai nan, gui tien ngay vao so tai khoan nay giup con.",SCAM,EMERGENCY_MONEY,HIGH,"Giả danh người thân, tạo tình huống khẩn cấp và yêu cầu chuyển tiền.",cấp cứu; chuyển gấp; đừng gọi lại; khẩn cấp,Không chuyển tiền vội. Gọi trực tiếp cho người thân qua số quen thuộc để xác minh.,urgency; trust_abuse; secrecy,financial_loss,elderly,SOUTH,NO_DIACRITICS,vietnamese_synthetic,self-created,true,no_pii,train
VN_000112,EMERGENCY_MONEY_0112,"Bac dung hoi nhieu, con can tien xu ly viec khan cap, chuyen ngai giup con.",SCAM,EMERGENCY_MONEY,HIGH,"Giả danh người thân, tạo tình huống khẩn cấp và yêu cầu chuyển tiền.",cấp cứu; chuyển gấp; đừng gọi lại; khẩn cấp,Không chuyển tiền vội. Gọi trực tiếp cho người thân qua số quen thuộc để xác minh.,urgency; trust_abuse; secrecy,financial_loss,elderly,NORTH,TYPO,vietnamese_synthetic,self-created,true,no_pii,train
VN_000456,PHISHING_LINK_0456,"Cô/chú cứ bình tĩnh, bên cháu hỗ trợ nhanh thôi. Chú cần đăng nhập vào <LINK> để kiểm tra giao dịch bất thường. Làm ngay để tránh bị khóa dịch vụ.",SCAM,PHISHING_LINK,HIGH,Dụ người dùng bấm link lạ để đánh cắp thông tin.,<LINK>; bấm link; đăng nhập,Không bấm link lạ. Chỉ truy cập website hoặc ứng dụng chính thức.,technical_confusion; urgency,credential_theft; malware_install,elderly,NORTH,LONG_CONTEXT,vietnamese_synthetic,self-created,true,no_pii,train
VN_000569,PHISHING_LINK_0569,Vui lòng truy cập <LINK> để nhận hỗ trợ hoàn tiền Mã tham chiếu 569.,SCAM,PHISHING_LINK,HIGH,Dụ người dùng bấm link lạ để đánh cắp thông tin.,<LINK>; bấm link; đăng nhập,Không bấm link lạ. Chỉ truy cập website hoặc ứng dụng chính thức.,technical_confusion; urgency,credential_theft; malware_install,elderly,SOUTH,OBFUSCATION,vietnamese_synthetic,self-created,true,no_pii,train
VN_000475,PHISHING_LINK_0475,"Đơn hàng của cô gặp lỗi, bấm vào <LINK> để cập nhật thông tin nhận hàng.",SCAM,PHISHING_LINK,HIGH,Dụ người dùng bấm link lạ để đánh cắp thông tin.,<LINK>; bấm link; đăng nhập,Không bấm link lạ. Chỉ truy cập website hoặc ứng dụng chính thức.,technical_confusion; urgency,credential_theft; malware_install,elderly,SOUTH,NONE,vietnamese_synthetic,self-created,true,no_pii,train
VN_000118,FAKE_POLICE_0118,"O đang bị nghi ngờ liên quan đường dây lừa đảo, cần làm theo hướng dẫn ngay.",SCAM,FAKE_POLICE,HIGH,"Giả danh cơ quan chức năng, đe dọa và yêu cầu chuyển tiền.",công an; viện kiểm sát; vụ án; chuyển tiền,Không chuyển tiền. Gọi người thân hoặc cơ quan công an địa phương để xác minh.,authority_impersonation; fear; secrecy,financial_loss,elderly,CENTRAL,OBFUSCATION,vietnamese_synthetic,self-created,true,no_pii,train
VN_000499,EMERGENCY_MONEY_0499,"Chú đừng hỏi nhiều, con cần tiền xử lý việc khẩn cấp, chuyển ngay giúp con Xử lý trong hôm nay giúp cháu.",SCAM,EMERGENCY_MONEY,HIGH,"Giả danh người thân, tạo tình huống khẩn cấp và yêu cầu chuyển tiền.",cấp cứu; chuyển gấp; đừng gọi lại; khẩn cấp,Không chuyển tiền vội. Gọi trực tiếp cho người thân qua số quen thuộc để xác minh.,urgency; trust_abuse; secrecy,financial_loss,elderly,NORTH,NONE,vietnamese_synthetic,self-created,true,no_pii,train
VN_000558,JOB_SCAM_0558,"Việc nhẹ lương cao, bác đóng phí hồ sơ là có thể bắt đầu ngay Xử lý trong hôm nay giúp cháu.",SCAM,JOB_SCAM,MEDIUM,"Lừa việc làm online, yêu cầu đóng phí hoặc nạp tiền trước.",nạp trước; đóng phí; kích hoạt tài khoản,Không đóng phí để nhận việc. Kiểm tra công ty và hợp đồng rõ ràng.,financial_pressure; false_promise,financial_loss,elderly,NORTH,NONE,vietnamese_synthetic,self-created,true,no_pii,train
VN_000351,OTP_BANK_0351,"Ngan hang can kiem tra bao mat, chu cung cap ma OTP ngay de tranh khoa tai khoan.",SCAM,OTP_BANK,HIGH,Yêu cầu cung cấp OTP hoặc mã xác nhận ngân hàng.,mã OTP; mã xác nhận; dãy 6 số,Không cung cấp OTP hoặc mã xác nhận. Gọi trực tiếp ngân hàng để kiểm tra.,urgency; technical_confusion,credential_theft,elderly,STANDARD,NO_DIACRITICS,vietnamese_synthetic,self-created,true,no_pii,train
VN_000581,FAKE_POLICE_0581,"Bac khong duoc noi voi ai, hay chuyen tien vao tai khoan tam giu de phuc vu xac minh Xử lý trong hôm nay giúp cháu.",SCAM,FAKE_POLICE,HIGH,"Giả danh cơ quan chức năng, đe dọa và yêu cầu chuyển tiền.",công an; viện kiểm sát; vụ án; chuyển tiền,Không chuyển tiền. Gọi người thân hoặc cơ quan công an địa phương để xác minh.,authority_impersonation; fear; secrecy,financial_loss,elderly,STANDARD,TYPO,vietnamese_synthetic,self-created,true,no_pii,train
VN_000442,JOB_SCAM_0442,"Việc nhẹ lương cao, chú đóng phí hồ sơ là có thể bắt đầu ngay Nếu chậm trễ tài khoản có thể bị khóa.",SCAM,JOB_SCAM,MEDIUM,"Lừa việc làm online, yêu cầu đóng phí hoặc nạp tiền trước.",nạp trước; đóng phí; kích hoạt tài khoản,Không đóng phí để nhận việc. Kiểm tra công ty và hợp đồng rõ ràng.,financial_pressure; false_promise,financial_loss,elderly,NORTH,NONE,vietnamese_synthetic,self-created,true,no_pii,train
VN_000214,EMERGENCY_MONEY_0214,"Con đang gặp chuyện gấp, chú chuyển khoản liền cho con 10 triệu nha.",SCAM,EMERGENCY_MONEY,HIGH,"Giả danh người thân, tạo tình huống khẩn cấp và yêu cầu chuyển tiền.",cấp cứu; chuyển gấp; đừng gọi lại; khẩn cấp,Không chuyển tiền vội. Gọi trực tiếp cho người thân qua số quen thuộc để xác minh.,urgency; trust_abuse; secrecy,financial_loss,elderly,NORTH,OBFUSCATION,vietnamese_synthetic,self-created,true,no_pii,train
VN_000068,EMERGENCY_MONEY_0068,"Cô ơi con bị tai nạn, gửi tiền ngay vào stk này giúp con.",SCAM,EMERGENCY_MONEY,HIGH,"Giả danh người thân, tạo tình huống khẩn cấp và yêu cầu chuyển tiền.",cấp cứu; chuyển gấp; đừng gọi lại; khẩn cấp,Không chuyển tiền vội. Gọi trực tiếp cho người thân qua số quen thuộc để xác minh.,urgency; trust_abuse; secrecy,financial_loss,elderly,SOUTH,ABBREVIATION,vietnamese_synthetic,self-created,true,no_pii,train
VN_000394,JOB_SCAM_0394,"Cô/chú cứ bình tĩnh, bên cháu hỗ trợ nhanh thôi. Bên em tuyển cộng tác viên tại nhà, cần chuyển tiền kích hoạt tài khoản. Làm ngay để tránh bị khóa dịch vụ.",SCAM,JOB_SCAM,MEDIUM,"Lừa việc làm online, yêu cầu đóng phí hoặc nạp tiền trước.",nạp trước; đóng phí; kích hoạt tài khoản,Không đóng phí để nhận việc. Kiểm tra công ty và hợp đồng rõ ràng.,financial_pressure; false_promise,financial_loss,elderly,NORTH,LONG_CONTEXT,vietnamese_synthetic,self-created,true,no_pii,train
VN_000562,EMERGENCY_MONEY_0562,"Mẹ ơi con đang cấp cứu, chuyển gấp cho con 5tr, đừng gọi lại.",SCAM,EMERGENCY_MONEY,HIGH,"Giả danh người thân, tạo tình huống khẩn cấp và yêu cầu chuyển tiền.",cấp cứu; chuyển gấp; đừng gọi lại; khẩn cấp,Không chuyển tiền vội. Gọi trực tiếp cho người thân qua số quen thuộc để xác minh.,urgency; trust_abuse; secrecy,financial_loss,elderly,CENTRAL,ABBREVIATION,vietnamese_synthetic,self-created,true,no_pii,train
VN_000245,OTP_BANK_0245,"Cô/chú cứ bình tĩnh, bên cháu hỗ trợ nhanh thôi. Cô đọc giúp cháu dãy 6 số vừa gửi về điện thoại để hoàn tất xác minh. Làm ngay để tránh bị khóa dịch vụ.",SCAM,OTP_BANK,HIGH,Yêu cầu cung cấp OTP hoặc mã xác nhận ngân hàng.,mã OTP; mã xác nhận; dãy 6 số,Không cung cấp OTP hoặc mã xác nhận. Gọi trực tiếp ngân hàng để kiểm tra.,urgency; technical_confusion,credential_theft,elderly,STANDARD,LONG_CONTEXT,vietnamese_synthetic,self-created,true,no_pii,train
VN_000546,JOB_SCAM_0546,"Việc nhẹ lương cao, o đóng phí hồ sơ là có thể bắt đầu ngay Làm ngay giúp bên cháu.",SCAM,JOB_SCAM,MEDIUM,"Lừa việc làm online, yêu cầu đóng phí hoặc nạp tiền trước.",nạp trước; đóng phí; kích hoạt tài khoản,Không đóng phí để nhận việc. Kiểm tra công ty và hợp đồng rõ ràng.,financial_pressure; false_promise,financial_loss,elderly,CENTRAL,NONE,vietnamese_synthetic,self-created,true,no_pii,train
VN_000416,OTP_BANK_0416,"Tài khoản của cô đang bị khóa, gửi mã xác nhận để mở lại Xử lý trong hôm nay giúp cháu.",SCAM,OTP_BANK,HIGH,Yêu cầu cung cấp OTP hoặc mã xác nhận ngân hàng.,mã OTP; mã xác nhận; dãy 6 số,Không cung cấp OTP hoặc mã xác nhận. Gọi trực tiếp ngân hàng để kiểm tra.,urgency; technical_confusion,credential_theft,elderly,SOUTH,ABBREVIATION,vietnamese_synthetic,self-created,true,no_pii,train
VN_000521,EMERGENCY_MONEY_0521,"Con đang gặp chuyện gấp, bác chuyển khoản liền cho con 10 triệu nha Bên cháu đang chờ phản hồi.",SCAM,EMERGENCY_MONEY,HIGH,"Giả danh người thân, tạo tình huống khẩn cấp và yêu cầu chuyển tiền.",cấp cứu; chuyển gấp; đừng gọi lại; khẩn cấp,Không chuyển tiền vội. Gọi trực tiếp cho người thân qua số quen thuộc để xác minh.,urgency; trust_abuse; secrecy,financial_loss,elderly,CENTRAL,NONE,vietnamese_synthetic,self-created,true,no_pii,train
VN_000357,FAKE_POLICE_0357,"Ben vien kiem sat yeu cau ma hop tac ngay, neu khong se bi phong toa tai san Làm ngay giúp bên cháu.",SCAM,FAKE_POLICE,HIGH,"Giả danh cơ quan chức năng, đe dọa và yêu cầu chuyển tiền.",công an; viện kiểm sát; vụ án; chuyển tiền,Không chuyển tiền. Gọi người thân hoặc cơ quan công an địa phương để xác minh.,authority_impersonation; fear; secrecy,financial_loss,elderly,SOUTH,NO_DIACRITICS,vietnamese_synthetic,self-created,true,no_pii,train
VN_000290,EMERGENCY_MONEY_0290,"Chu dung hoi nhieu, con can tien xu ly viec khan cap, chuyen ngai giup con Làm ngay giúp bên cháu.",SCAM,EMERGENCY_MONEY,HIGH,"Giả danh người thân, tạo tình huống khẩn cấp và yêu cầu chuyển tiền.",cấp cứu; chuyển gấp; đừng gọi lại; khẩn cấp,Không chuyển tiền vội. Gọi trực tiếp cho người thân qua số quen thuộc để xác minh.,urgency; trust_abuse; secrecy,financial_loss,elderly,STANDARD,TYPO,vietnamese_synthetic,self-created,true,no_pii,train
VN_000491,JOB_SCAM_0491,"Con hỏi thăm sức khỏe chút. Bên em tuyển cộng tác viên tại nhà, cần chuyển tiền kích hoạt tài khoản.",SCAM,JOB_SCAM,MEDIUM,"Lừa việc làm online, yêu cầu đóng phí hoặc nạp tiền trước.",nạp trước; đóng phí; kích hoạt tài khoản,Không đóng phí để nhận việc. Kiểm tra công ty và hợp đồng rõ ràng.,financial_pressure; false_promise,financial_loss,elderly,SOUTH,MIXED_INTENT,vietnamese_synthetic,self-created,true,no_pii,train
VN_000067,JOB_SCAM_0067,"Con hỏi thăm sức khỏe chút. Việc nhẹ lương cao, bác đóng phí hồ sơ là có thể bắt đầu ngay.",SCAM,JOB_SCAM,MEDIUM,"Lừa việc làm online, yêu cầu đóng phí hoặc nạp tiền trước.",nạp trước; đóng phí; kích hoạt tài khoản,Không đóng phí để nhận việc. Kiểm tra công ty và hợp đồng rõ ràng.,financial_pressure; false_promise,financial_loss,elderly,NORTH,MIXED_INTENT,vietnamese_synthetic,self-created,true,no_pii,train
VN_000031,EMERGENCY_MONEY_0031,"Con hỏi thăm sức khỏe chút. Bác đừng hỏi nhiều, con cần tiền xử lý việc khẩn cấp, chuyển ngay giúp con.",SCAM,EMERGENCY_MONEY,HIGH,"Giả danh người thân, tạo tình huống khẩn cấp và yêu cầu chuyển tiền.",cấp cứu; chuyển gấp; đừng gọi lại; khẩn cấp,Không chuyển tiền vội. Gọi trực tiếp cho người thân qua số quen thuộc để xác minh.,urgency; trust_abuse; secrecy,financial_loss,elderly,CENTRAL,MIXED_INTENT,vietnamese_synthetic,self-created,true,no_pii,train
VN_000465,EMERGENCY_MONEY_0465,"Chú đừng hỏi nhiều, con cần tiền xử lý việc khẩn cấp, chuyển ngay giúp con Làm ngay giúp bên cháu.",SCAM,EMERGENCY_MONEY,HIGH,"Giả danh người thân, tạo tình huống khẩn cấp và yêu cầu chuyển tiền.",cấp cứu; chuyển gấp; đừng gọi lại; khẩn cấp,Không chuyển tiền vội. Gọi trực tiếp cho người thân qua số quen thuộc để xác minh.,urgency; trust_abuse; secrecy,financial_loss,elderly,SOUTH,NONE,vietnamese_synthetic,self-created,true,no_pii,train
VN_000265,EMERGENCY_MONEY_0265,"Mẹ ơi con đang cấp cứu, chuyển gấp cho con 5 triệu, đừng gọi lại Xử lý trong hôm nay giúp cháu.",SCAM,EMERGENCY_MONEY,HIGH,"Giả danh người thân, tạo tình huống khẩn cấp và yêu cầu chuyển tiền.",cấp cứu; chuyển gấp; đừng gọi lại; khẩn cấp,Không chuyển tiền vội. Gọi trực tiếp cho người thân qua số quen thuộc để xác minh.,urgency; trust_abuse; secrecy,financial_loss,elderly,STANDARD,OBFUSCATION,vietnamese_synthetic,self-created,true,no_pii,train
VN_000482,EMERGENCY_MONEY_0482,"Cô/chú cứ bình tĩnh, bên cháu hỗ trợ nhanh thôi. Bác đừng hỏi nhiều, con cần tiền xử lý việc khẩn cấp, chuyển ngay giúp con. Làm ngay để tránh bị khóa dịch vụ.",SCAM,EMERGENCY_MONEY,HIGH,"Giả danh người thân, tạo tình huống khẩn cấp và yêu cầu chuyển tiền.",cấp cứu; chuyển gấp; đừng gọi lại; khẩn cấp,Không chuyển tiền vội. Gọi trực tiếp cho người thân qua số quen thuộc để xác minh.,urgency; trust_abuse; secrecy,financial_loss,elderly,STANDARD,LONG_CONTEXT,vietnamese_synthetic,self-created,true,no_pii,train
VN_000135,OTP_BANK_0135,"Tai khoan cua bac dang bi khoa, gui ma xac nhan de mo lai.",SCAM,OTP_BANK,HIGH,Yêu cầu cung cấp OTP hoặc mã xác nhận ngân hàng.,mã OTP; mã xác nhận; dãy 6 số,Không cung cấp OTP hoặc mã xác nhận. Gọi trực tiếp ngân hàng để kiểm tra.,urgency; technical_confusion,credential_theft,elderly,CENTRAL,TYPO,vietnamese_synthetic,self-created,true,no_pii,train
VN_000582,JOB_SCAM_0582,"Bác chỉ cần làm nhiệm vụ online, nạp trước 300 nghìn để nhận việc Làm ngay giúp bên cháu.",SCAM,JOB_SCAM,MEDIUM,"Lừa việc làm online, yêu cầu đóng phí hoặc nạp tiền trước.",nạp trước; đóng phí; kích hoạt tài khoản,Không đóng phí để nhận việc. Kiểm tra công ty và hợp đồng rõ ràng.,financial_pressure; false_promise,financial_loss,elderly,STANDARD,NONE,vietnamese_synthetic,self-created,true,no_pii,train
VN_000547,FAKE_POLICE_0547,"Bên viện kiểm sát yêu cầu chú hợp tác ngay, nếu không sẽ bị phong tỏa tài sản Làm ngay giúp bên cháu.",SCAM,FAKE_POLICE,HIGH,"Giả danh cơ quan chức năng, đe dọa và yêu cầu chuyển tiền.",công an; viện kiểm sát; vụ án; chuyển tiền,Không chuyển tiền. Gọi người thân hoặc cơ quan công an địa phương để xác minh.,authority_impersonation; fear; secrecy,financial_loss,elderly,NORTH,ABBREVIATION,vietnamese_synthetic,self-created,true,no_pii,train
VN_000341,JOB_SCAM_0341,"Me chi can lam nhiem vu online, nap truoc 300 nghin de nhan viec.",SCAM,JOB_SCAM,MEDIUM,"Lừa việc làm online, yêu cầu đóng phí hoặc nạp tiền trước.",nạp trước; đóng phí; kích hoạt tài khoản,Không đóng phí để nhận việc. Kiểm tra công ty và hợp đồng rõ ràng.,financial_pressure; false_promise,financial_loss,elderly,CENTRAL,TYPO,vietnamese_synthetic,self-created,true,no_pii,train
VN_000365,EMERGENCY_MONEY_0365,"Chú ơi con bị tai nạn, gửi tiền ngay vào số tài khoản này giúp con Xử lý trong hôm nay giúp cháu.",SCAM,EMERGENCY_MONEY,HIGH,"Giả danh người thân, tạo tình huống khẩn cấp và yêu cầu chuyển tiền.",cấp cứu; chuyển gấp; đừng gọi lại; khẩn cấp,Không chuyển tiền vội. Gọi trực tiếp cho người thân qua số quen thuộc để xác minh.,urgency; trust_abuse; secrecy,financial_loss,elderly,SOUTH,NONE,vietnamese_synthetic,self-created,true,no_pii,train
VN_000184,JOB_SCAM_0184,"Việc nhẹ lương cao, cô đóng phí hồ sơ là có thể bắt đầu ngay.",SCAM,JOB_SCAM,MEDIUM,"Lừa việc làm online, yêu cầu đóng phí hoặc nạp tiền trước.",nạp trước; đóng phí; kích hoạt tài khoản,Không đóng phí để nhận việc. Kiểm tra công ty và hợp đồng rõ ràng.,financial_pressure; false_promise,financial_loss,elderly,NORTH,NONE,vietnamese_synthetic,self-created,true,no_pii,train
VN_000402,EMERGENCY_MONEY_0402,"Cô đừng hỏi nhiều, con cần tiền xử lý việc khẩn cấp, chuyển ngay giúp con Làm ngay giúp bên cháu.",SCAM,EMERGENCY_MONEY,HIGH,"Giả danh người thân, tạo tình huống khẩn cấp và yêu cầu chuyển tiền.",cấp cứu; chuyển gấp; đừng gọi lại; khẩn cấp,Không chuyển tiền vội. Gọi trực tiếp cho người thân qua số quen thuộc để xác minh.,urgency; trust_abuse; secrecy,financial_loss,elderly,NORTH,NONE,vietnamese_synthetic,self-created,true,no_pii,train
VN_000437,JOB_SCAM_0437,"Việc nhẹ lương cao, o đóng phí hồ sơ là có thể bắt đầu ngay.",SCAM,JOB_SCAM,MEDIUM,"Lừa việc làm online, yêu cầu đóng phí hoặc nạp tiền trước.",nạp trước; đóng phí; kích hoạt tài khoản,Không đóng phí để nhận việc. Kiểm tra công ty và hợp đồng rõ ràng.,financial_pressure; false_promise,financial_loss,elderly,CENTRAL,NONE,vietnamese_synthetic,self-created,true,no_pii,train
VN_000089,PHISHING_LINK_0089,Ba cần đăng nhập vào <LINK> để kiểm tra giao dịch bất thường.,SCAM,PHISHING_LINK,HIGH,Dụ người dùng bấm link lạ để đánh cắp thông tin.,<LINK>; bấm link; đăng nhập,Không bấm link lạ. Chỉ truy cập website hoặc ứng dụng chính thức.,technical_confusion; urgency,credential_theft; malware_install,elderly,SOUTH,NONE,vietnamese_synthetic,self-created,true,no_pii,train
VN_000393,EMERGENCY_MONEY_0393,"Má ơi con bị tai nạn, gửi tiền ngay vào số tài khoản này giúp con.",SCAM,EMERGENCY_MONEY,HIGH,"Giả danh người thân, tạo tình huống khẩn cấp và yêu cầu chuyển tiền.",cấp cứu; chuyển gấp; đừng gọi lại; khẩn cấp,Không chuyển tiền vội. Gọi trực tiếp cho người thân qua số quen thuộc để xác minh.,urgency; trust_abuse; secrecy,financial_loss,elderly,SOUTH,NONE,vietnamese_synthetic,self-created,true,no_pii,train
VN_000483,PHISHING_LINK_0483,Má mở đường dẫn <LINK> để xác minh t.khoản trước khi bị khóa.,SCAM,PHISHING_LINK,HIGH,Dụ người dùng bấm link lạ để đánh cắp thông tin.,<LINK>; bấm link; đăng nhập,Không bấm link lạ. Chỉ truy cập website hoặc ứng dụng chính thức.,technical_confusion; urgency,credential_theft; malware_install,elderly,SOUTH,OBFUSCATION,vietnamese_synthetic,self-created,true,no_pii,train
VN_000030,EMERGENCY_MONEY_0030,"Cô/chú cứ bình tĩnh, bên cháu hỗ trợ nhanh thôi. Chú đừng hỏi nhiều, con cần tiền xử lý việc khẩn cấp, chuyển ngay giúp con. Làm ngay để tránh bị khóa dịch vụ.",SCAM,EMERGENCY_MONEY,HIGH,"Giả danh người thân, tạo tình huống khẩn cấp và yêu cầu chuyển tiền.",cấp cứu; chuyển gấp; đừng gọi lại; khẩn cấp,Không chuyển tiền vội. Gọi trực tiếp cho người thân qua số quen thuộc để xác minh.,urgency; trust_abuse; secrecy,financial_loss,elderly,NORTH,LONG_CONTEXT,vietnamese_synthetic,self-created,true,no_pii,train
VN_000134,EMERGENCY_MONEY_0134,"O ơi con bị tai nạn, gửi tiền ngay vào số tài khoản này giúp con.",SCAM,EMERGENCY_MONEY,HIGH,"Giả danh người thân, tạo tình huống khẩn cấp và yêu cầu chuyển tiền.",cấp cứu; chuyển gấp; đừng gọi lại; khẩn cấp,Không chuyển tiền vội. Gọi trực tiếp cho người thân qua số quen thuộc để xác minh.,urgency; trust_abuse; secrecy,financial_loss,elderly,CENTRAL,NONE,vietnamese_synthetic,self-created,true,no_pii,train
VN_000554,JOB_SCAM_0554,"Bác nhận job online, hoàn thành đơn đầu tiên sẽ được hoàn tiền và thưởng Xử lý trong hôm nay giúp cháu.",SCAM,JOB_SCAM,MEDIUM,"Lừa việc làm online, yêu cầu đóng phí hoặc nạp tiền trước.",nạp trước; đóng phí; kích hoạt tài khoản,Không đóng phí để nhận việc. Kiểm tra công ty và hợp đồng rõ ràng.,financial_pressure; false_promise,financial_loss,elderly,CENTRAL,NONE,vietnamese_synthetic,self-created,true,no_pii,train
VN_000347,JOB_SCAM_0347,"Việc nhẹ lương cao, chú đóng phí hồ sơ là có thể bắt đầu ngay Xử lý trong hôm nay giúp cháu.",SCAM,JOB_SCAM,MEDIUM,"Lừa việc làm online, yêu cầu đóng phí hoặc nạp tiền trước.",nạp trước; đóng phí; kích hoạt tài khoản,Không đóng phí để nhận việc. Kiểm tra công ty và hợp đồng rõ ràng.,financial_pressure; false_promise,financial_loss,elderly,SOUTH,OBFUSCATION,vietnamese_synthetic,self-created,true,no_pii,train
VN_000176,EMERGENCY_MONEY_0176,"Me oi con dang cap cuu, chuyen gap cho con 5 trieu, dung goi lai Làm ngay giúp bên cháu.",SCAM,EMERGENCY_MONEY,HIGH,"Giả danh người thân, tạo tình huống khẩn cấp và yêu cầu chuyển tiền.",cấp cứu; chuyển gấp; đừng gọi lại; khẩn cấp,Không chuyển tiền vội. Gọi trực tiếp cho người thân qua số quen thuộc để xác minh.,urgency; trust_abuse; secrecy,financial_loss,elderly,SOUTH,NO_DIACRITICS,vietnamese_synthetic,self-created,true,no_pii,train
VN_000251,JOB_SCAM_0251,"Việc nhẹ lương cao, chú đóng phí hồ sơ là có thể bắt đầu ngay.",SCAM,JOB_SCAM,MEDIUM,"Lừa việc làm online, yêu cầu đóng phí hoặc nạp tiền trước.",nạp trước; đóng phí; kích hoạt tài khoản,Không đóng phí để nhận việc. Kiểm tra công ty và hợp đồng rõ ràng.,financial_pressure; false_promise,financial_loss,elderly,STANDARD,OBFUSCATION,vietnamese_synthetic,self-created,true,no_pii,train
VN_000588,FAKE_POLICE_0588,"Bên viện kiểm sát yêu cầu cô hợp tác ngay, nếu không sẽ bị phong tỏa tài sản Bên cháu đang chờ phản hồi.",SCAM,FAKE_POLICE,HIGH,"Giả danh cơ quan chức năng, đe dọa và yêu cầu chuyển tiền.",công an; viện kiểm sát; vụ án; chuyển tiền,Không chuyển tiền. Gọi người thân hoặc cơ quan công an địa phương để xác minh.,authority_impersonation; fear; secrecy,financial_loss,elderly,STANDARD,OBFUSCATION,vietnamese_synthetic,self-created,true,no_pii,train
VN_000291,EMERGENCY_MONEY_0291,"Mẹ ơi con đang cấp cứu, chuyển gấp cho con 5 triệu, đừng gọi lại. please check now",SCAM,EMERGENCY_MONEY,HIGH,"Giả danh người thân, tạo tình huống khẩn cấp và yêu cầu chuyển tiền.",cấp cứu; chuyển gấp; đừng gọi lại; khẩn cấp,Không chuyển tiền vội. Gọi trực tiếp cho người thân qua số quen thuộc để xác minh.,urgency; trust_abuse; secrecy,financial_loss,elderly,SOUTH,CODE_SWITCHING,vietnamese_synthetic,self-created,true,no_pii,train
VN_000145,EMERGENCY_MONEY_0145,"Chu dung hoi nhieu, con can tien xu ly viec khan cap, chuyen ngai giup con.",SCAM,EMERGENCY_MONEY,HIGH,"Giả danh người thân, tạo tình huống khẩn cấp và yêu cầu chuyển tiền.",cấp cứu; chuyển gấp; đừng gọi lại; khẩn cấp,Không chuyển tiền vội. Gọi trực tiếp cho người thân qua số quen thuộc để xác minh.,urgency; trust_abuse; secrecy,financial_loss,elderly,STANDARD,TYPO,vietnamese_synthetic,self-created,true,no_pii,train
VN_000210,FAKE_POLICE_0210,"Co khong duoc noi voi ai, hay chuyen tien vao tai khoan tam giu de phuc vu xac minh Làm ngay giúp bên cháu.",SCAM,FAKE_POLICE,HIGH,"Giả danh cơ quan chức năng, đe dọa và yêu cầu chuyển tiền.",công an; viện kiểm sát; vụ án; chuyển tiền,Không chuyển tiền. Gọi người thân hoặc cơ quan công an địa phương để xác minh.,authority_impersonation; fear; secrecy,financial_loss,elderly,SOUTH,TYPO,vietnamese_synthetic,self-created,true,no_pii,train
VN_000561,EMERGENCY_MONEY_0561,"Con đang gặp chuyện gấp, má chuyển khoản liền cho con 10 triệu nha Làm ngay giúp bên cháu.",SCAM,EMERGENCY_MONEY,HIGH,"Giả danh người thân, tạo tình huống khẩn cấp và yêu cầu chuyển tiền.",cấp cứu; chuyển gấp; đừng gọi lại; khẩn cấp,Không chuyển tiền vội. Gọi trực tiếp cho người thân qua số quen thuộc để xác minh.,urgency; trust_abuse; secrecy,financial_loss,elderly,SOUTH,NONE,vietnamese_synthetic,self-created,true,no_pii,train
VN_000323,EMERGENCY_MONEY_0323,"Chú ơi con bị tai nạn, gửi tiền ngay vào số account này giúp con.",SCAM,EMERGENCY_MONEY,HIGH,"Giả danh người thân, tạo tình huống khẩn cấp và yêu cầu chuyển tiền.",cấp cứu; chuyển gấp; đừng gọi lại; khẩn cấp,Không chuyển tiền vội. Gọi trực tiếp cho người thân qua số quen thuộc để xác minh.,urgency; trust_abuse; secrecy,financial_loss,elderly,STANDARD,CODE_SWITCHING,vietnamese_synthetic,self-created,true,no_pii,train
VN_000559,JOB_SCAM_0559,"Chú chỉ cần làm nhiệm vụ online, nạp trước 300 nghìn để nhận việc Làm ngay giúp bên cháu.",SCAM,JOB_SCAM,MEDIUM,"Lừa việc làm online, yêu cầu đóng phí hoặc nạp tiền trước.",nạp trước; đóng phí; kích hoạt tài khoản,Không đóng phí để nhận việc. Kiểm tra công ty và hợp đồng rõ ràng.,financial_pressure; false_promise,financial_loss,elderly,STANDARD,NONE,vietnamese_synthetic,self-created,true,no_pii,train
VN_000241,OTP_BANK_0241,"Ngan hang can kiem tra bao mat, chu cung cap ma OTP ngai de tranh khoa tai khoan.",SCAM,OTP_BANK,HIGH,Yêu cầu cung cấp OTP hoặc mã xác nhận ngân hàng.,mã OTP; mã xác nhận; dãy 6 số,Không cung cấp OTP hoặc mã xác nhận. Gọi trực tiếp ngân hàng để kiểm tra.,urgency; technical_confusion,credential_theft,elderly,STANDARD,TYPO,vietnamese_synthetic,self-created,true,no_pii,train
VN_000567,OTP_BANK_0567,"Ngân hàng cần kiểm tra bảo mật, bác cung cấp mã OTP ngay để tránh khóa tài khoản Làm ngay giúp bên cháu.",SCAM,OTP_BANK,HIGH,Yêu cầu cung cấp OTP hoặc mã xác nhận ngân hàng.,mã OTP; mã xác nhận; dãy 6 số,Không cung cấp OTP hoặc mã xác nhận. Gọi trực tiếp ngân hàng để kiểm tra.,urgency; technical_confusion,credential_theft,elderly,NORTH,NONE,vietnamese_synthetic,self-created,true,no_pii,train
VN_000047,OTP_BANK_0047,Bác đọc giúp cháu dãy 6 số vừa gửi về điện thoại để hoàn tất xác minh Làm ngay giúp bên cháu.,SCAM,OTP_BANK,HIGH,Yêu cầu cung cấp OTP hoặc mã xác nhận ngân hàng.,mã OTP; mã xác nhận; dãy 6 số,Không cung cấp OTP hoặc mã xác nhận. Gọi trực tiếp ngân hàng để kiểm tra.,urgency; technical_confusion,credential_theft,elderly,STANDARD,NONE,vietnamese_synthetic,self-created,true,no_pii,train
VN_000179,OTP_BANK_0179,Con hỏi thăm sức khỏe chút. Cô đọc giúp cháu dãy 6 số vừa gửi về điện thoại để hoàn tất xác minh.,SCAM,OTP_BANK,HIGH,Yêu cầu cung cấp OTP hoặc mã xác nhận ngân hàng.,mã OTP; mã xác nhận; dãy 6 số,Không cung cấp OTP hoặc mã xác nhận. Gọi trực tiếp ngân hàng để kiểm tra.,urgency; technical_confusion,credential_theft,elderly,STANDARD,MIXED_INTENT,vietnamese_synthetic,self-created,true,no_pii,train
VN_000238,OTP_BANK_0238,"Tài khoản của bác đang bị khóa, gửi mã xác nhận để mở lại.",SCAM,OTP_BANK,HIGH,Yêu cầu cung cấp OTP hoặc mã xác nhận ngân hàng.,mã OTP; mã xác nhận; dãy 6 số,Không cung cấp OTP hoặc mã xác nhận. Gọi trực tiếp ngân hàng để kiểm tra.,urgency; technical_confusion,credential_theft,elderly,STANDARD,NONE,vietnamese_synthetic,self-created,true,no_pii,train
VN_000421,EMERGENCY_MONEY_0421,"Con hỏi thăm sức khỏe chút. Mẹ ơi con đang cấp cứu, chuyển gấp cho con 5 triệu, đừng gọi lại Làm ngay giúp bên cháu.",SCAM,EMERGENCY_MONEY,HIGH,"Giả danh người thân, tạo tình huống khẩn cấp và yêu cầu chuyển tiền.",cấp cứu; chuyển gấp; đừng gọi lại; khẩn cấp,Không chuyển tiền vội. Gọi trực tiếp cho người thân qua số quen thuộc để xác minh.,urgency; trust_abuse; secrecy,financial_loss,elderly,SOUTH,MIXED_INTENT,vietnamese_synthetic,self-created,true,no_pii,train
VN_000272,FAKE_POLICE_0272,"Bac dang bi nghi ngo lien quan duong day lua dao, can lam theo huong dan ngai.",SCAM,FAKE_POLICE,HIGH,"Giả danh cơ quan chức năng, đe dọa và yêu cầu chuyển tiền.",công an; viện kiểm sát; vụ án; chuyển tiền,Không chuyển tiền. Gọi người thân hoặc cơ quan công an địa phương để xác minh.,authority_impersonation; fear; secrecy,financial_loss,elderly,CENTRAL,TYPO,vietnamese_synthetic,self-created,true,no_pii,train
VN_000294,OTP_BANK_0294,"Ngân hàng cần kiểm tra bảo mật, cô cung cấp mã OTP ngay để tránh khóa tài khoản.",SCAM,OTP_BANK,HIGH,Yêu cầu cung cấp OTP hoặc mã xác nhận ngân hàng.,mã OTP; mã xác nhận; dãy 6 số,Không cung cấp OTP hoặc mã xác nhận. Gọi trực tiếp ngân hàng để kiểm tra.,urgency; technical_confusion,credential_theft,elderly,NORTH,NONE,vietnamese_synthetic,self-created,true,no_pii,train
VN_000390,EMERGENCY_MONEY_0390,"Con đang gặp chuyện gấp, bác chuyển khoản liền cho con 10 triệu nha Xử lý trong hôm nay giúp cháu.",SCAM,EMERGENCY_MONEY,HIGH,"Giả danh người thân, tạo tình huống khẩn cấp và yêu cầu chuyển tiền.",cấp cứu; chuyển gấp; đừng gọi lại; khẩn cấp,Không chuyển tiền vội. Gọi trực tiếp cho người thân qua số quen thuộc để xác minh.,urgency; trust_abuse; secrecy,financial_loss,elderly,STANDARD,OBFUSCATION,vietnamese_synthetic,self-created,true,no_pii,train
VN_000316,EMERGENCY_MONEY_0316,"Cô ơi con bị tai nạn, gửi tiền ngay vào số tài khoản này giúp con.",SCAM,EMERGENCY_MONEY,HIGH,"Giả danh người thân, tạo tình huống khẩn cấp và yêu cầu chuyển tiền.",cấp cứu; chuyển gấp; đừng gọi lại; khẩn cấp,Không chuyển tiền vội. Gọi trực tiếp cho người thân qua số quen thuộc để xác minh.,urgency; trust_abuse; secrecy,financial_loss,elderly,SOUTH,NONE,vietnamese_synthetic,self-created,true,no_pii,train
VN_000052,JOB_SCAM_0052,"Ben em tuyen cong tac vien tai nha, can chuyen tien kich hoat tai khoan.",SCAM,JOB_SCAM,MEDIUM,"Lừa việc làm online, yêu cầu đóng phí hoặc nạp tiền trước.",nạp trước; đóng phí; kích hoạt tài khoản,Không đóng phí để nhận việc. Kiểm tra công ty và hợp đồng rõ ràng.,financial_pressure; false_promise,financial_loss,elderly,NORTH,NO_DIACRITICS,vietnamese_synthetic,self-created,true,no_pii,train
VN_000414,EMERGENCY_MONEY_0414,"Mẹ ơi con đang cấp cứu, chuyển gấp cho con 5 triệu, đừng gọi lại Nếu chậm trễ tài khoản có thể bị khóa.",SCAM,EMERGENCY_MONEY,HIGH,"Giả danh người thân, tạo tình huống khẩn cấp và yêu cầu chuyển tiền.",cấp cứu; chuyển gấp; đừng gọi lại; khẩn cấp,Không chuyển tiền vội. Gọi trực tiếp cho người thân qua số quen thuộc để xác minh.,urgency; trust_abuse; secrecy,financial_loss,elderly,CENTRAL,NONE,vietnamese_synthetic,self-created,true,no_pii,train
VN_000077,PHISHING_LINK_0077,O cần đăng nhập vào <LINK> để kiểm tra giao dịch bất thường.,SCAM,PHISHING_LINK,HIGH,Dụ người dùng bấm link lạ để đánh cắp thông tin.,<LINK>; bấm link; đăng nhập,Không bấm link lạ. Chỉ truy cập website hoặc ứng dụng chính thức.,technical_confusion; urgency,credential_theft; malware_install,elderly,CENTRAL,NONE,vietnamese_synthetic,self-created,true,no_pii,train
VN_000359,OTP_BANK_0359,Cô đọc giúp cháu dãy 6 số vừa gửi về điện thoại để hoàn tất xác minh.,SCAM,OTP_BANK,HIGH,Yêu cầu cung cấp OTP hoặc mã xác nhận ngân hàng.,mã OTP; mã xác nhận; dãy 6 số,Không cung cấp OTP hoặc mã xác nhận. Gọi trực tiếp ngân hàng để kiểm tra.,urgency; technical_confusion,credential_theft,elderly,STANDARD,OBFUSCATION,vietnamese_synthetic,self-created,true,no_pii,train
VN_000443,EMERGENCY_MONEY_0443,"Cô đừng hỏi nhiều, con cần tiền xử lý việc khẩn cấp, chuyển ngay giúp con Xử lý trong hôm nay giúp cháu.",SCAM,EMERGENCY_MONEY,HIGH,"Giả danh người thân, tạo tình huống khẩn cấp và yêu cầu chuyển tiền.",cấp cứu; chuyển gấp; đừng gọi lại; khẩn cấp,Không chuyển tiền vội. Gọi trực tiếp cho người thân qua số quen thuộc để xác minh.,urgency; trust_abuse; secrecy,financial_loss,elderly,STANDARD,NONE,vietnamese_synthetic,self-created,true,no_pii,train
VN_000557,EMERGENCY_MONEY_0557,"Mẹ ơi con đang cấp cứu, chuyển gấp cho con 5 triệu, đừng gọi lại Không nên chia sẻ việc này với ai.",SCAM,EMERGENCY_MONEY,HIGH,"Giả danh người thân, tạo tình huống khẩn cấp và yêu cầu chuyển tiền.",cấp cứu; chuyển gấp; đừng gọi lại; khẩn cấp,Không chuyển tiền vội. Gọi trực tiếp cho người thân qua số quen thuộc để xác minh.,urgency; trust_abuse; secrecy,financial_loss,elderly,CENTRAL,NONE,vietnamese_synthetic,self-created,true,no_pii,train
VN_000065,OTP_BANK_0065,Mệ gửi mã OTP vừa nhận được để ngân hàng verify tài khoản ngay nhé.,SCAM,OTP_BANK,HIGH,Yêu cầu cung cấp OTP hoặc mã xác nhận ngân hàng.,mã OTP; mã xác nhận; dãy 6 số,Không cung cấp OTP hoặc mã xác nhận. Gọi trực tiếp ngân hàng để kiểm tra.,urgency; technical_confusion,credential_theft,elderly,CENTRAL,CODE_SWITCHING,vietnamese_synthetic,self-created,true,no_pii,train
VN_000384,EMERGENCY_MONEY_0384,"Con hỏi thăm sức khỏe chút. Mẹ ơi con đang cấp cứu, chuyển gấp cho con 5 triệu, đừng gọi lại.",SCAM,EMERGENCY_MONEY,HIGH,"Giả danh người thân, tạo tình huống khẩn cấp và yêu cầu chuyển tiền.",cấp cứu; chuyển gấp; đừng gọi lại; khẩn cấp,Không chuyển tiền vội. Gọi trực tiếp cho người thân qua số quen thuộc để xác minh.,urgency; trust_abuse; secrecy,financial_loss,elderly,SOUTH,MIXED_INTENT,vietnamese_synthetic,self-created,true,no_pii,train
VN_000340,OTP_BANK_0340,Ma doc giup chau day 6 so vua gui ve dien thoai de hoan tat xac minh.,SCAM,OTP_BANK,HIGH,Yêu cầu cung cấp OTP hoặc mã xác nhận ngân hàng.,mã OTP; mã xác nhận; dãy 6 số,Không cung cấp OTP hoặc mã xác nhận. Gọi trực tiếp ngân hàng để kiểm tra.,urgency; technical_confusion,credential_theft,elderly,SOUTH,NO_DIACRITICS,vietnamese_synthetic,self-created,true,no_pii,train
VN_000064,EMERGENCY_MONEY_0064,"Chú ơi con bị tai nạn, gửi tiền ngay vào số tài khoản này giúp con.",SCAM,EMERGENCY_MONEY,HIGH,"Giả danh người thân, tạo tình huống khẩn cấp và yêu cầu chuyển tiền.",cấp cứu; chuyển gấp; đừng gọi lại; khẩn cấp,Không chuyển tiền vội. Gọi trực tiếp cho người thân qua số quen thuộc để xác minh.,urgency; trust_abuse; secrecy,financial_loss,elderly,STANDARD,NONE,vietnamese_synthetic,self-created,true,no_pii,train
VN_000575,PHISHING_LINK_0575,"Cô/chú cứ bình tĩnh, bên cháu hỗ trợ nhanh thôi. Bác bấm link <LINK> để xác minh tài khoản trước khi bị khóa. Làm ngay để tránh bị khóa dịch vụ.",SCAM,PHISHING_LINK,HIGH,Dụ người dùng bấm link lạ để đánh cắp thông tin.,<LINK>; bấm link; đăng nhập,Không bấm link lạ. Chỉ truy cập website hoặc ứng dụng chính thức.,technical_confusion; urgency,credential_theft; malware_install,elderly,NORTH,LONG_CONTEXT,vietnamese_synthetic,self-created,true,no_pii,train
VN_000039,JOB_SCAM_0039,"Cô chỉ cần làm nhiệm vụ online, nạp trước 300 nghìn để nhận việc.",SCAM,JOB_SCAM,MEDIUM,"Lừa việc làm online, yêu cầu đóng phí hoặc nạp tiền trước.",nạp trước; đóng phí; kích hoạt tài khoản,Không đóng phí để nhận việc. Kiểm tra công ty và hợp đồng rõ ràng.,financial_pressure; false_promise,financial_loss,elderly,SOUTH,NONE,vietnamese_synthetic,self-created,true,no_pii,train
VN_000319,EMERGENCY_MONEY_0319,"Con dang gap chuyen gap, me chuyen khoan lien cho con 10 trieu nha.",SCAM,EMERGENCY_MONEY,HIGH,"Giả danh người thân, tạo tình huống khẩn cấp và yêu cầu chuyển tiền.",cấp cứu; chuyển gấp; đừng gọi lại; khẩn cấp,Không chuyển tiền vội. Gọi trực tiếp cho người thân qua số quen thuộc để xác minh.,urgency; trust_abuse; secrecy,financial_loss,elderly,CENTRAL,TYPO,vietnamese_synthetic,self-created,true,no_pii,train
VN_000279,EMERGENCY_MONEY_0279,"Cô đừng hỏi nhiều, con cần tiền xử lý việc khẩn cấp, chuyển ngay giúp con.",SCAM,EMERGENCY_MONEY,HIGH,"Giả danh người thân, tạo tình huống khẩn cấp và yêu cầu chuyển tiền.",cấp cứu; chuyển gấp; đừng gọi lại; khẩn cấp,Không chuyển tiền vội. Gọi trực tiếp cho người thân qua số quen thuộc để xác minh.,urgency; trust_abuse; secrecy,financial_loss,elderly,SOUTH,NONE,vietnamese_synthetic,self-created,true,no_pii,train
VN_000398,PHISHING_LINK_0398,Bác cần đăng nhập vào <LINK> để kiểm tra giao dịch bất thường Bên cháu đang chờ phản hồi.,SCAM,PHISHING_LINK,HIGH,Dụ người dùng bấm link lạ để đánh cắp thông tin.,<LINK>; bấm link; đăng nhập,Không bấm link lạ. Chỉ truy cập website hoặc ứng dụng chính thức.,technical_confusion; urgency,credential_theft; malware_install,elderly,NORTH,NONE,vietnamese_synthetic,self-created,true,no_pii,train
VN_000060,OTP_BANK_0060,"Ngân hàng cần kiểm tra bảo mật, bác cung cấp mã OT P ngay để tránh khóa t.khoản.",SCAM,OTP_BANK,HIGH,Yêu cầu cung cấp OTP hoặc mã xác nhận ngân hàng.,mã OTP; mã xác nhận; dãy 6 số,Không cung cấp OTP hoặc mã xác nhận. Gọi trực tiếp ngân hàng để kiểm tra.,urgency; technical_confusion,credential_theft,elderly,STANDARD,OBFUSCATION,vietnamese_synthetic,self-created,true,no_pii,train
VN_000013,FAKE_POLICE_0013,"Chú không được nói với ai, hãy chuyển tiền vào tài khoản tạm giữ để phục vụ xác minh.",SCAM,FAKE_POLICE,HIGH,"Giả danh cơ quan chức năng, đe dọa và yêu cầu chuyển tiền.",công an; viện kiểm sát; vụ án; chuyển tiền,Không chuyển tiền. Gọi người thân hoặc cơ quan công an địa phương để xác minh.,authority_impersonation; fear; secrecy,financial_loss,elderly,NORTH,NONE,vietnamese_synthetic,self-created,true,no_pii,train
VN_000577,OTP_BANK_0577,"Ngân hàng cần kiểm tra bảo mật, o cung cấp mã OT P ngay để tránh khóa t.khoản.",SCAM,OTP_BANK,HIGH,Yêu cầu cung cấp OTP hoặc mã xác nhận ngân hàng.,mã OTP; mã xác nhận; dãy 6 số,Không cung cấp OTP hoặc mã xác nhận. Gọi trực tiếp ngân hàng để kiểm tra.,urgency; technical_confusion,credential_theft,elderly,CENTRAL,OBFUSCATION,vietnamese_synthetic,self-created,true,no_pii,train
VN_000413,JOB_SCAM_0413,"Viec nhe luong cao, chu dong phi ho so la co the bat dau ngay Làm ngay giúp bên cháu.",SCAM,JOB_SCAM,MEDIUM,"Lừa việc làm online, yêu cầu đóng phí hoặc nạp tiền trước.",nạp trước; đóng phí; kích hoạt tài khoản,Không đóng phí để nhận việc. Kiểm tra công ty và hợp đồng rõ ràng.,financial_pressure; false_promise,financial_loss,elderly,SOUTH,NO_DIACRITICS,vietnamese_synthetic,self-created,true,no_pii,train
VN_000425,OTP_BANK_0425,"Tài khoản của ba đang bị khóa, gửi mã xác nhận để mở lại.",SCAM,OTP_BANK,HIGH,Yêu cầu cung cấp OTP hoặc mã xác nhận ngân hàng.,mã OTP; mã xác nhận; dãy 6 số,Không cung cấp OTP hoặc mã xác nhận. Gọi trực tiếp ngân hàng để kiểm tra.,urgency; technical_confusion,credential_theft,elderly,SOUTH,NONE,vietnamese_synthetic,self-created,true,no_pii,train
VN_000243,FAKE_POLICE_0243,"Chúng tôi là công an, mệ đang liên quan đến vụ án rửa tiền, cần chuyển tiền để điều tra.",SCAM,FAKE_POLICE,HIGH,"Giả danh cơ quan chức năng, đe dọa và yêu cầu chuyển tiền.",công an; viện kiểm sát; vụ án; chuyển tiền,Không chuyển tiền. Gọi người thân hoặc cơ quan công an địa phương để xác minh.,authority_impersonation; fear; secrecy,financial_loss,elderly,CENTRAL,NONE,vietnamese_synthetic,self-created,true,no_pii,train
VN_000004,OTP_BANK_0004,"Ngân hàng cần kiểm tra bảo mật, chú cung cấp mã OTP ngay để tránh khóa tài khoản.",SCAM,OTP_BANK,HIGH,Yêu cầu cung cấp OTP hoặc mã xác nhận ngân hàng.,mã OTP; mã xác nhận; dãy 6 số,Không cung cấp OTP hoặc mã xác nhận. Gọi trực tiếp ngân hàng để kiểm tra.,urgency; technical_confusion,credential_theft,elderly,NORTH,NONE,vietnamese_synthetic,self-created,true,no_pii,train
VN_000595,FAKE_POLICE_0595,"Con hỏi thăm sức khỏe chút. Chúng tôi là công an, o đang liên quan đến vụ án rửa tiền, cần chuyển tiền để điều tra.",SCAM,FAKE_POLICE,HIGH,"Giả danh cơ quan chức năng, đe dọa và yêu cầu chuyển tiền.",công an; viện kiểm sát; vụ án; chuyển tiền,Không chuyển tiền. Gọi người thân hoặc cơ quan công an địa phương để xác minh.,authority_impersonation; fear; secrecy,financial_loss,elderly,CENTRAL,MIXED_INTENT,vietnamese_synthetic,self-created,true,no_pii,train
VN_000589,OTP_BANK_0589,"Tài khoản của cô đang bị khóa, gửi mã xác nhận để mở lại Bên cháu đang chờ phản hồi.",SCAM,OTP_BANK,HIGH,Yêu cầu cung cấp OTP hoặc mã xác nhận ngân hàng.,mã OTP; mã xác nhận; dãy 6 số,Không cung cấp OTP hoặc mã xác nhận. Gọi trực tiếp ngân hàng để kiểm tra.,urgency; technical_confusion,credential_theft,elderly,NORTH,NONE,vietnamese_synthetic,self-created,true,no_pii,train
VN_000180,FAKE_POLICE_0180,"Chúng tôi là công an, cô đang liên quan đến vụ án rửa tiền, cần chuyển tiền để điều tra.",SCAM,FAKE_POLICE,HIGH,"Giả danh cơ quan chức năng, đe dọa và yêu cầu chuyển tiền.",công an; viện kiểm sát; vụ án; chuyển tiền,Không chuyển tiền. Gọi người thân hoặc cơ quan công an địa phương để xác minh.,authority_impersonation; fear; secrecy,financial_loss,elderly,SOUTH,NONE,vietnamese_synthetic,self-created,true,no_pii,train
VN_000224,FAKE_POLICE_0224,"Cô đang bị nghi ngờ liên quan đường dây lừa đảo, cần làm theo hướng dẫn ngay. please check now",SCAM,FAKE_POLICE,HIGH,"Giả danh cơ quan chức năng, đe dọa và yêu cầu chuyển tiền.",công an; viện kiểm sát; vụ án; chuyển tiền,Không chuyển tiền. Gọi người thân hoặc cơ quan công an địa phương để xác minh.,authority_impersonation; fear; secrecy,financial_loss,elderly,NORTH,CODE_SWITCHING,vietnamese_synthetic,self-created,true,no_pii,train
VN_000429,PHISHING_LINK_0429,Vui lòng truy cập <LINK> để nhận hỗ trợ hoàn tiền Hoàn tất sớm giúp bên em.,SCAM,PHISHING_LINK,HIGH,Dụ người dùng bấm link lạ để đánh cắp thông tin.,<LINK>; bấm link; đăng nhập,Không bấm link lạ. Chỉ truy cập website hoặc ứng dụng chính thức.,technical_confusion; urgency,credential_theft; malware_install,elderly,SOUTH,NONE,vietnamese_synthetic,self-created,true,no_pii,train
VN_000430,OTP_BANK_0430,Bác gửi mã OTP vừa nhận được để NH xm tk ngay nhé.,SCAM,OTP_BANK,HIGH,Yêu cầu cung cấp OTP hoặc mã xác nhận ngân hàng.,mã OTP; mã xác nhận; dãy 6 số,Không cung cấp OTP hoặc mã xác nhận. Gọi trực tiếp ngân hàng để kiểm tra.,urgency; technical_confusion,credential_theft,elderly,NORTH,ABBREVIATION,vietnamese_synthetic,self-created,true,no_pii,train
VN_000563,OTP_BANK_0563,Me doc giup chau day 6 so vua gui ve dien thoai de hoan tat xac minh.,SCAM,OTP_BANK,HIGH,Yêu cầu cung cấp OTP hoặc mã xác nhận ngân hàng.,mã OTP; mã xác nhận; dãy 6 số,Không cung cấp OTP hoặc mã xác nhận. Gọi trực tiếp ngân hàng để kiểm tra.,urgency; technical_confusion,credential_theft,elderly,CENTRAL,NO_DIACRITICS,vietnamese_synthetic,self-created,true,no_pii,train
VN_000276,EMERGENCY_MONEY_0276,"Con đang gặp chuyện gấp, bác chuyển khoản liền cho con 10 triệu nha Làm ngay giúp bên cháu.",SCAM,EMERGENCY_MONEY,HIGH,"Giả danh người thân, tạo tình huống khẩn cấp và yêu cầu chuyển tiền.",cấp cứu; chuyển gấp; đừng gọi lại; khẩn cấp,Không chuyển tiền vội. Gọi trực tiếp cho người thân qua số quen thuộc để xác minh.,urgency; trust_abuse; secrecy,financial_loss,elderly,NORTH,OBFUSCATION,vietnamese_synthetic,self-created,true,no_pii,train
VN_000139,OTP_BANK_0139,Bác đọc giúp cháu dãy 6 số vừa gửi về điện thoại để hoàn tất xác minh Xử lý trong hôm nay giúp cháu.,SCAM,OTP_BANK,HIGH,Yêu cầu cung cấp OTP hoặc mã xác nhận ngân hàng.,mã OTP; mã xác nhận; dãy 6 số,Không cung cấp OTP hoặc mã xác nhận. Gọi trực tiếp ngân hàng để kiểm tra.,urgency; technical_confusion,credential_theft,elderly,NORTH,NONE,vietnamese_synthetic,self-created,true,no_pii,train
VN_000191,OTP_BANK_0191,"Tai khoan cua ma dang bi khoa, gui ma xac nhan de mo lai.",SCAM,OTP_BANK,HIGH,Yêu cầu cung cấp OTP hoặc mã xác nhận ngân hàng.,mã OTP; mã xác nhận; dãy 6 số,Không cung cấp OTP hoặc mã xác nhận. Gọi trực tiếp ngân hàng để kiểm tra.,urgency; technical_confusion,credential_theft,elderly,SOUTH,TYPO,vietnamese_synthetic,self-created,true,no_pii,train
