id,base_case_id,text,label,scam_type,severity,reason,evidence_span,recommended_action,risk_factor,harm_type,target_group,region_variant,noise_type,source,license,is_synthetic,privacy_level,split
FINAL_001095,LOAN_SCAM_0370,Bac muon vay nhanh khong can gap mat thi gui CCCD va phi ho so truoc Làm ngay giúp bên cháu.,SCAM,LOAN_SCAM,HIGH,"Lừa vay tiền, yêu cầu đóng phí trước hoặc gửi giấy tờ cá nhân.",đóng phí; giải ngân; gửi CCCD; phí hồ sơ,Không gửi giấy tờ cá nhân hoặc đóng phí trước cho dịch vụ vay không rõ nguồn.,financial_pressure; urgency,financial_loss; identity_theft,elderly,CENTRAL,TYPO,vietnamese_synthetic,self-created,True,no_pii,train
FINAL_000530,EMERGENCY_MONEY_0390,"Con đang gặp chuyện gấp, bác chuyển khoản liền cho con 10 triệu nha Xử lý trong hôm nay giúp cháu.",SCAM,EMERGENCY_MONEY,HIGH,"Giả danh người thân, tạo tình huống khẩn cấp và yêu cầu chuyển tiền.",cấp cứu; chuyển gấp; đừng gọi lại; khẩn cấp,Không chuyển tiền vội. Gọi trực tiếp cho người thân qua số quen thuộc để xác minh.,urgency; trust_abuse; secrecy,financial_loss,elderly,STANDARD,OBFUSCATION,vietnamese_synthetic,self-created,True,no_pii,train
FINAL_001589,SUSPICIOUS_0167,Ba gửi thông tin để bên em cập nhật hồ sơ giúp bên em nhé.,SUSPICIOUS,UNKNOWN,MEDIUM,Nội dung có yêu cầu xác minh hoặc cung cấp thông tin nhưng chưa đủ bằng chứng kết luận lừa đảo.,xác minh; thông tin cá nhân; đường dẫn; phản hồi sớm,Cần kiểm tra nguồn gửi. Không cung cấp thông tin nhạy cảm nếu chưa xác minh.,uncertainty; possible_social_engineering,privacy_leak,general,SOUTH,NONE,vietnamese_synthetic,self-created,True,no_pii,test
FINAL_000534,EMERGENCY_MONEY_0443,"Cô đừng hỏi nhiều, con cần tiền xử lý việc khẩn cấp, chuyển ngay giúp con Xử lý trong hôm nay giúp cháu.",SCAM,EMERGENCY_MONEY,HIGH,"Giả danh người thân, tạo tình huống khẩn cấp và yêu cầu chuyển tiền.",cấp cứu; chuyển gấp; đừng gọi lại; khẩn cấp,Không chuyển tiền vội. Gọi trực tiếp cho người thân qua số quen thuộc để xác minh.,urgency; trust_abuse; secrecy,financial_loss,elderly,STANDARD,NONE,vietnamese_synthetic,self-created,True,no_pii,valid
FINAL_000023,SAFE_0131,Chú kiểm tra giúp con lịch hẹn khám bệnh ngày mai nhé nha.,SAFE,NONE,LOW,Nội dung bình thường hoặc không có yêu cầu nguy hiểm.,,Không cần cảnh báo. Có thể tiếp tục trò chuyện bình thường.,none,none,general,NORTH,ABBREVIATION,vietnamese_synthetic,self-created,True,no_pii,train
FINAL_000844,EMERGENCY_MONEY_0471,"Chú ơi con bị tai nạn, gửi tiền ngay vào số tài khoản này giúp con Bên cháu đang chờ phản hồi.",SCAM,EMERGENCY_MONEY,HIGH,"Giả danh người thân, tạo tình huống khẩn cấp và yêu cầu chuyển tiền.",cấp cứu; chuyển gấp; đừng gọi lại; khẩn cấp,Không chuyển tiền vội. Gọi trực tiếp cho người thân qua số quen thuộc để xác minh.,urgency; trust_abuse; secrecy,financial_loss,elderly,SOUTH,NONE,vietnamese_synthetic,self-created,True,no_pii,test
FINAL_001116,SUSPICIOUS_0178,"Tài khoản của bác có dấu hiệu bất thường, vui lòng phản hồi sớm để bên em kiểm tra lại.",SUSPICIOUS,UNKNOWN,MEDIUM,Nội dung có yêu cầu xác minh hoặc cung cấp thông tin nhưng chưa đủ bằng chứng kết luận lừa đảo.,xác minh; thông tin cá nhân; đường dẫn; phản hồi sớm,Cần kiểm tra nguồn gửi. Không cung cấp thông tin nhạy cảm nếu chưa xác minh.,uncertainty; possible_social_engineering,privacy_leak,general,STANDARD,NONE,vietnamese_synthetic,self-created,True,no_pii,train
FINAL_000492,EMERGENCY_MONEY_0132,"Bác đừng hỏi nhiều, con cần tiền xử lý việc khẩn cấp, chuyển ngay giúp con Làm ngay giúp bên cháu.",SCAM,EMERGENCY_MONEY,HIGH,"Giả danh người thân, tạo tình huống khẩn cấp và yêu cầu chuyển tiền.",cấp cứu; chuyển gấp; đừng gọi lại; khẩn cấp,Không chuyển tiền vội. Gọi trực tiếp cho người thân qua số quen thuộc để xác minh.,urgency; trust_abuse; secrecy,financial_loss,elderly,NORTH,NONE,vietnamese_synthetic,self-created,True,no_pii,test
FINAL_000433,SAFE_0066,"Mã đơn hàng của bác là 123456, hàng sẽ giao trong hôm nay nhé.",SAFE,NONE,LOW,Nội dung bình thường hoặc không có yêu cầu nguy hiểm.,,Không cần cảnh báo. Có thể tiếp tục trò chuyện bình thường.,none,none,general,NORTH,NONE,vietnamese_synthetic,self-created,True,no_pii,valid
FINAL_001108,LOAN_SCAM_0306,"Hồ sơ vay của o đã được chấp nhận, chuyển phí xác minh để nhận tiền Xử lý trong hôm nay giúp cháu.",SCAM,LOAN_SCAM,HIGH,"Lừa vay tiền, yêu cầu đóng phí trước hoặc gửi giấy tờ cá nhân.",đóng phí; giải ngân; gửi CCCD; phí hồ sơ,Không gửi giấy tờ cá nhân hoặc đóng phí trước cho dịch vụ vay không rõ nguồn.,financial_pressure; urgency,financial_loss; identity_theft,elderly,CENTRAL,NONE,vietnamese_synthetic,self-created,True,no_pii,valid
FINAL_001497,OTP_BANK_0090,"Tài khoản của chú đang bị khóa, gửi mã xác nhận để mở lại Làm ngay giúp bên cháu.",SCAM,OTP_BANK,HIGH,Yêu cầu cung cấp OTP hoặc mã xác nhận ngân hàng.,mã OTP; mã xác nhận; dãy 6 số,Không cung cấp OTP hoặc mã xác nhận. Gọi trực tiếp ngân hàng để kiểm tra.,urgency; technical_confusion,credential_theft,elderly,STANDARD,NONE,vietnamese_synthetic,self-created,True,no_pii,train
FINAL_000653,OTP_BANK_0430,Bác gửi mã OTP vừa nhận được để NH xm tk ngay nhé.,SCAM,OTP_BANK,HIGH,Yêu cầu cung cấp OTP hoặc mã xác nhận ngân hàng.,mã OTP; mã xác nhận; dãy 6 số,Không cung cấp OTP hoặc mã xác nhận. Gọi trực tiếp ngân hàng để kiểm tra.,urgency; technical_confusion,credential_theft,elderly,NORTH,ABBREVIATION,vietnamese_synthetic,self-created,True,no_pii,train
FINAL_000811,FAKE_POLICE_0469,"Chúng tôi là công an, mệ đang liên quan đến vụ án rửa tiền, cần chuyển tiền để điều tra Làm ngay giúp bên cháu.",SCAM,FAKE_POLICE,HIGH,"Giả danh cơ quan chức năng, đe dọa và yêu cầu chuyển tiền.",công an; viện kiểm sát; vụ án; chuyển tiền,Không chuyển tiền. Gọi người thân hoặc cơ quan công an địa phương để xác minh.,authority_impersonation; fear; secrecy,financial_loss,elderly,CENTRAL,NONE,vietnamese_synthetic,self-created,True,no_pii,train
FINAL_000612,FAKE_POLICE_0325,"Mệ không được nói với ai, hãy ck vào tk tạm giữ để phục vụ xm.",SCAM,FAKE_POLICE,HIGH,"Giả danh cơ quan chức năng, đe dọa và yêu cầu chuyển tiền.",công an; viện kiểm sát; vụ án; chuyển tiền,Không chuyển tiền. Gọi người thân hoặc cơ quan công an địa phương để xác minh.,authority_impersonation; fear; secrecy,financial_loss,elderly,CENTRAL,ABBREVIATION,vietnamese_synthetic,self-created,True,no_pii,valid
FINAL_000522,SUSPICIOUS_0121,Bên em cần kiểm tra thông tin cá nhân của mệ để hỗ trợ giúp bên em nhé.,SUSPICIOUS,UNKNOWN,MEDIUM,Nội dung có yêu cầu xác minh hoặc cung cấp thông tin nhưng chưa đủ bằng chứng kết luận lừa đảo.,xác minh; thông tin cá nhân; đường dẫn; phản hồi sớm,Cần kiểm tra nguồn gửi. Không cung cấp thông tin nhạy cảm nếu chưa xác minh.,uncertainty; possible_social_engineering,privacy_leak,general,CENTRAL,NONE,vietnamese_synthetic,self-created,True,no_pii,train
FINAL_000568,PRIZE_GIFT_0181,"Bên em tặng cô phần quà tri ân, cần cung cấp thông tin cá nhân để nhận Xử lý trong hôm nay giúp cháu.",SCAM,PRIZE_GIFT,HIGH,Dùng quà tặng hoặc trúng thưởng để dụ cung cấp thông tin hoặc chuyển phí.,trúng thưởng; nhận quà; đóng phí; chuyển phí,Không chuyển phí hoặc cung cấp thông tin cá nhân để nhận quà không rõ nguồn.,greed; urgency,financial_loss; privacy_leak,elderly,STANDARD,OBFUSCATION,vietnamese_synthetic,self-created,True,no_pii,test
FINAL_000824,SAFE_0320,"Ngân hàng thông báo bảo trì hệ thống vào tối nay, không yêu cầu cung cấp thông tin Mã tham chiếu 920.",SAFE,NONE,LOW,Nội dung bình thường hoặc không có yêu cầu nguy hiểm.,,Không cần cảnh báo. Có thể tiếp tục trò chuyện bình thường.,none,none,general,NORTH,NONE,vietnamese_synthetic,self-created,True,no_pii,train
FINAL_001518,SAFE_0204,"Mã đơn hàng của bác là 123456, hàng sẽ giao trong hôm nay Mã tham chiếu 804.",SAFE,NONE,LOW,Nội dung bình thường hoặc không có yêu cầu nguy hiểm.,,Không cần cảnh báo. Có thể tiếp tục trò chuyện bình thường.,none,none,general,NORTH,NONE,vietnamese_synthetic,self-created,True,no_pii,valid
FINAL_001504,SAFE_0337,"Ba ơi, tối nay cả nhà gọi video nhé nha.",SAFE,NONE,LOW,Nội dung bình thường hoặc không có yêu cầu nguy hiểm.,,Không cần cảnh báo. Có thể tiếp tục trò chuyện bình thường.,none,none,general,SOUTH,NONE,vietnamese_synthetic,self-created,True,no_pii,valid
FINAL_001362,SELF_FAKE_SUPPORT_0010,"Mot bai canh bao tren mang xa hoi tom tat su viec: nguoi la noi tai khoan bao hiem/dien luc cua bac chua dong bo du lieu. Noi dung sau do chuyen sang yeu cau yeu cau bac cai ung dung dieu khien tu xa de nhan vien thao tac ho. Ho noi neu khong lam trong ngay, ho so se bi treo hoac SIM bi khoa. Bai viet khuyen nguoi doc nen xac minh voi nguoi than truoc khi lam theo.",SCAM,FAKE_SUPPORT,HIGH,Giả danh nhân viên hỗ trợ kỹ thuật/dịch vụ công để yêu cầu cài app hoặc cấp quyền.,cài ứng dụng; chia sẻ màn hình; cấp quyền; hỗ trợ kỹ thuật,Không cài app lạ hoặc chia sẻ màn hình cho người không xác minh được danh tính.,technical_confusion; authority_impersonation,credential_theft; malware_install; privacy_leak,elderly,STANDARD,NO_DIACRITICS,self_created_long_context_based_on_public_warning_taxonomy,self-created,True,no_pii,train
FINAL_000997,PRIZE_GIFT_0423,"Chú trúng thưởng may mắn, chuyển phí vận chuyển để nhận quà ngay hôm nay.",SCAM,PRIZE_GIFT,HIGH,Dùng quà tặng hoặc trúng thưởng để dụ cung cấp thông tin hoặc chuyển phí.,trúng thưởng; nhận quà; đóng phí; chuyển phí,Không chuyển phí hoặc cung cấp thông tin cá nhân để nhận quà không rõ nguồn.,greed; urgency,financial_loss; privacy_leak,elderly,SOUTH,NONE,vietnamese_synthetic,self-created,True,no_pii,train
FINAL_001245,SAFE_0367,Chú kiểm tra giúp con lịch hẹn khám bệnh ngày mai nhé Mã tham chiếu 967.,SAFE,NONE,LOW,Nội dung bình thường hoặc không có yêu cầu nguy hiểm.,,Không cần cảnh báo. Có thể tiếp tục trò chuyện bình thường.,none,none,general,STANDARD,NONE,vietnamese_synthetic,self-created,True,no_pii,train
FINAL_000801,SAFE_0136,"Hom nay troi mua, me nho mang ao mua.",SAFE,NONE,LOW,Nội dung bình thường hoặc không có yêu cầu nguy hiểm.,,Không cần cảnh báo. Có thể tiếp tục trò chuyện bình thường.,none,none,general,CENTRAL,NO_DIACRITICS,vietnamese_synthetic,self-created,True,no_pii,test
FINAL_000830,JOB_SCAM_0108,"Bên em tuyển cộng tác viên tại nhà, cần gửi tiền qua giúp kích hoạt t.khoản.",SCAM,JOB_SCAM,MEDIUM,"Lừa việc làm online, yêu cầu đóng phí hoặc nạp tiền trước.",nạp trước; đóng phí; kích hoạt tài khoản,Không đóng phí để nhận việc. Kiểm tra công ty và hợp đồng rõ ràng.,financial_pressure; false_promise,financial_loss,elderly,CENTRAL,OBFUSCATION,vietnamese_synthetic,self-created,True,no_pii,test
FINAL_000276,FAKE_POLICE_0272,"Bac dang bi nghi ngo lien quan duong day lua dao, can lam theo huong dan ngai.",SCAM,FAKE_POLICE,HIGH,"Giả danh cơ quan chức năng, đe dọa và yêu cầu chuyển tiền.",công an; viện kiểm sát; vụ án; chuyển tiền,Không chuyển tiền. Gọi người thân hoặc cơ quan công an địa phương để xác minh.,authority_impersonation; fear; secrecy,financial_loss,elderly,CENTRAL,TYPO,vietnamese_synthetic,self-created,True,no_pii,train
FINAL_001212,INVESTMENT_0361,"Co hoi sinh loi bao dam, co chi can chuyen tien la co chuyen gia ho tro.",SCAM,INVESTMENT,HIGH,Hứa lợi nhuận cao bất thường và yêu cầu nạp/chuyển tiền.,lãi 30%; lợi nhuận cao; nạp tiền; chuyển tiền,Không chuyển tiền vào kênh đầu tư không rõ pháp lý. Hỏi người thân hoặc chuyên gia tài chính.,greed; false_promise,financial_loss,elderly,NORTH,NO_DIACRITICS,vietnamese_synthetic,self-created,True,no_pii,train
FINAL_001030,FAKE_POLICE_0383,"Cô/chú cứ bình tĩnh, bên cháu hỗ trợ nhanh thôi. Chúng tôi là công an, chú đang liên quan đến vụ án rửa tiền, cần chuyển tiền để điều tra. Làm ngay để tránh bị khóa dịch vụ.",SCAM,FAKE_POLICE,HIGH,"Giả danh cơ quan chức năng, đe dọa và yêu cầu chuyển tiền.",công an; viện kiểm sát; vụ án; chuyển tiền,Không chuyển tiền. Gọi người thân hoặc cơ quan công an địa phương để xác minh.,authority_impersonation; fear; secrecy,financial_loss,elderly,NORTH,LONG_CONTEXT,vietnamese_synthetic,self-created,True,no_pii,train
FINAL_000614,FAKE_POLICE_0164,"Cô/chú cứ bình tĩnh, bên cháu hỗ trợ nhanh thôi. Bác đang bị nghi ngờ liên quan đường dây lừa đảo, cần làm theo hướng dẫn ngay. Làm ngay để tránh bị khóa dịch vụ.",SCAM,FAKE_POLICE,HIGH,"Giả danh cơ quan chức năng, đe dọa và yêu cầu chuyển tiền.",công an; viện kiểm sát; vụ án; chuyển tiền,Không chuyển tiền. Gọi người thân hoặc cơ quan công an địa phương để xác minh.,authority_impersonation; fear; secrecy,financial_loss,elderly,NORTH,LONG_CONTEXT,vietnamese_synthetic,self-created,True,no_pii,train
FINAL_000105,SUSPICIOUS_0183,Em co co hoi dau tu muon gioi thieu cho bac nếu cần em sẽ hướng dẫn thêm.,SUSPICIOUS,UNKNOWN,MEDIUM,Nội dung có yêu cầu xác minh hoặc cung cấp thông tin nhưng chưa đủ bằng chứng kết luận lừa đảo.,xác minh; thông tin cá nhân; đường dẫn; phản hồi sớm,Cần kiểm tra nguồn gửi. Không cung cấp thông tin nhạy cảm nếu chưa xác minh.,uncertainty; possible_social_engineering,privacy_leak,general,STANDARD,NO_DIACRITICS,vietnamese_synthetic,self-created,True,no_pii,test
FINAL_000424,FAKE_POLICE_0285,"O không được nói với ai, hãy chuyển tiền vào tài khoản tạm giữ để phục vụ xác minh.",SCAM,FAKE_POLICE,HIGH,"Giả danh cơ quan chức năng, đe dọa và yêu cầu chuyển tiền.",công an; viện kiểm sát; vụ án; chuyển tiền,Không chuyển tiền. Gọi người thân hoặc cơ quan công an địa phương để xác minh.,authority_impersonation; fear; secrecy,financial_loss,elderly,CENTRAL,NONE,vietnamese_synthetic,self-created,True,no_pii,train
FINAL_000216,LOAN_SCAM_0123,"Ma duoc duyet vay 50 trieu, can dong phi bao hiem truoc de giai ngan.",SCAM,LOAN_SCAM,HIGH,"Lừa vay tiền, yêu cầu đóng phí trước hoặc gửi giấy tờ cá nhân.",đóng phí; giải ngân; gửi CCCD; phí hồ sơ,Không gửi giấy tờ cá nhân hoặc đóng phí trước cho dịch vụ vay không rõ nguồn.,financial_pressure; urgency,financial_loss; identity_theft,elderly,SOUTH,NO_DIACRITICS,vietnamese_synthetic,self-created,True,no_pii,train
FINAL_001172,SELF_ROMANCE_SCAM_0002,Một bài cảnh báo trên mạng xã hội tóm tắt sự việc: người lạ một người quen qua mạng nói rất quan tâm bác và thường xuyên hỏi thăm sức khỏe. Nội dung sau đó chuyển sang yêu cầu nhờ bác đóng phí hải quan để nhận kiện quà có tiền và trang sức. Câu chuyện thay đổi liên tục nhưng luôn dẫn đến việc cần tiền. Bài viết khuyên người đọc nên xác minh với người thân trước khi làm theo.,SCAM,ROMANCE_SCAM,MEDIUM,"Lợi dụng tình cảm/lòng tin để xin tiền, quà hoặc thông tin cá nhân.",quen qua mạng; gửi quà; phí hải quan; cần tiền gấp,Không chuyển tiền cho người quen qua mạng chưa gặp ngoài đời. Hỏi người thân trước khi quyết định.,trust_abuse; emotional_manipulation; false_promise,financial_loss; psychological_pressure,elderly,CENTRAL,NONE,self_created_long_context_based_on_public_warning_taxonomy,self-created,True,no_pii,valid
FINAL_000930,JOB_SCAM_0063,"Cô/chú cứ bình tĩnh, bên cháu hỗ trợ nhanh thôi. Cô chỉ cần làm nhiệm vụ online, nạp trước 300 nghìn để nhận việc. Làm ngay để tránh bị khóa dịch vụ Làm ngay giúp bên cháu.",SCAM,JOB_SCAM,MEDIUM,"Lừa việc làm online, yêu cầu đóng phí hoặc nạp tiền trước.",nạp trước; đóng phí; kích hoạt tài khoản,Không đóng phí để nhận việc. Kiểm tra công ty và hợp đồng rõ ràng.,financial_pressure; false_promise,financial_loss,elderly,STANDARD,LONG_CONTEXT,vietnamese_synthetic,self-created,True,no_pii,train
FINAL_001491,SELF_INVESTMENT_0009,"Mệ kể lại rằng có người gọi điện trong lúc ở nhà một mình. Người này nói người cao tuổi có tiền nhàn rỗi nên gửi vào gói lợi nhuận ổn định, nói chuyện rất tự tin và dùng nhiều từ ngữ giống cơ quan chính thức. Tiếp theo họ hướng dẫn mệ tải app ngoài và gửi ảnh chuyển khoản cho nhóm. Nhóm chat có nhiều tài khoản phụ hối thúc mệ vào lệnh ngay.",SCAM,INVESTMENT,HIGH,"Hứa lợi nhuận cao bất thường, cam kết không rủi ro và yêu cầu nạp tiền.",lợi nhuận cao; cam kết lãi; nạp tiền; chuyên gia hỗ trợ,Không nạp tiền vào sàn/nhóm đầu tư không rõ pháp lý. Hỏi người thân hoặc chuyên gia tài chính.,greed; false_promise; social_proof,financial_loss,elderly,CENTRAL,NONE,self_created_long_context_based_on_public_warning_taxonomy,self-created,True,no_pii,train
FINAL_001529,OTP_BANK_0537,Cô gửi mã OTP vừa nhận được để ngân hàng xác minh tài khoản ngay nhé Làm ngay giúp bên cháu.,SCAM,OTP_BANK,HIGH,Yêu cầu cung cấp OTP hoặc mã xác nhận ngân hàng.,mã OTP; mã xác nhận; dãy 6 số,Không cung cấp OTP hoặc mã xác nhận. Gọi trực tiếp ngân hàng để kiểm tra.,urgency; technical_confusion,credential_theft,elderly,NORTH,NONE,vietnamese_synthetic,self-created,True,no_pii,test
FINAL_000074,SAFE_0348,"Ngân hàng thông báo bảo trì hệ thống vào tối nay, không yêu cầu cung cấp thông tin Mã tham chiếu 948.",SAFE,NONE,LOW,Nội dung bình thường hoặc không có yêu cầu nguy hiểm.,,Không cần cảnh báo. Có thể tiếp tục trò chuyện bình thường.,none,none,general,CENTRAL,NONE,vietnamese_synthetic,self-created,True,no_pii,train
FINAL_001322,SUSPICIOUS_0192,"Tài khoản của cô có dấu hiệu bất thường, vui lòng phản hồi sớm phản hồi sớm giúp em nha.",SUSPICIOUS,UNKNOWN,MEDIUM,Nội dung có yêu cầu xác minh hoặc cung cấp thông tin nhưng chưa đủ bằng chứng kết luận lừa đảo.,xác minh; thông tin cá nhân; đường dẫn; phản hồi sớm,Cần kiểm tra nguồn gửi. Không cung cấp thông tin nhạy cảm nếu chưa xác minh.,uncertainty; possible_social_engineering,privacy_leak,general,SOUTH,ABBREVIATION,vietnamese_synthetic,self-created,True,no_pii,train
FINAL_001311,PHISHING_LINK_0391,Chú cần đăng nhập vào <LINK> để kiểm tra giao dịch bất thường Bên cháu đang chờ phản hồi.,SCAM,PHISHING_LINK,HIGH,Dụ người dùng bấm link lạ để đánh cắp thông tin.,<LINK>; bấm link; đăng nhập,Không bấm link lạ. Chỉ truy cập website hoặc ứng dụng chính thức.,technical_confusion; urgency,credential_theft; malware_install,elderly,NORTH,OBFUSCATION,vietnamese_synthetic,self-created,True,no_pii,train
FINAL_000858,SUSPICIOUS_0046,Ben em can kiem tra thong tin ca nhan cua bac de ho tro giúp bên em nhé.,SUSPICIOUS,UNKNOWN,MEDIUM,Nội dung có yêu cầu xác minh hoặc cung cấp thông tin nhưng chưa đủ bằng chứng kết luận lừa đảo.,xác minh; thông tin cá nhân; đường dẫn; phản hồi sớm,Cần kiểm tra nguồn gửi. Không cung cấp thông tin nhạy cảm nếu chưa xác minh.,uncertainty; possible_social_engineering,privacy_leak,general,NORTH,NO_DIACRITICS,vietnamese_synthetic,self-created,True,no_pii,test
FINAL_001222,PHISHING_LINK_0355,Vui lòng truy cập <LINK> để nhận hỗ trợ hoàn tiền Không nên chia sẻ việc này với ai.,SCAM,PHISHING_LINK,HIGH,Dụ người dùng bấm link lạ để đánh cắp thông tin.,<LINK>; bấm link; đăng nhập,Không bấm link lạ. Chỉ truy cập website hoặc ứng dụng chính thức.,technical_confusion; urgency,credential_theft; malware_install,elderly,CENTRAL,NONE,vietnamese_synthetic,self-created,True,no_pii,train
FINAL_001190,SELF_INVESTMENT_0007,"Đoạn tin nhắn bắt đầu bằng lời hỏi thăm sức khỏe của cô, sau đó người gửi giới thiệu app đầu tư mới, chỉ cần nạp thử số nhỏ là có lãi ngay. Trong các tin tiếp theo, họ bảo cô chuyển tiền vào <BANK_ACCOUNT> rồi chờ chuyên gia xử lý. Họ cam kết lợi nhuận 20-30% mỗi tuần, nghe rất bất thường.",SCAM,INVESTMENT,HIGH,"Hứa lợi nhuận cao bất thường, cam kết không rủi ro và yêu cầu nạp tiền.",lợi nhuận cao; cam kết lãi; nạp tiền; chuyên gia hỗ trợ,Không nạp tiền vào sàn/nhóm đầu tư không rõ pháp lý. Hỏi người thân hoặc chuyên gia tài chính.,greed; false_promise; social_proof,financial_loss,elderly,SOUTH,NONE,self_created_long_context_based_on_public_warning_taxonomy,self-created,True,no_pii,train
FINAL_000928,OTP_BANK_0553,"Cô/chú cứ bình tĩnh, bên cháu hỗ trợ nhanh thôi. O gửi mã OTP vừa nhận được để ngân hàng xác minh tài khoản ngay nhé. Làm ngay để tránh bị khóa dịch vụ.",SCAM,OTP_BANK,HIGH,Yêu cầu cung cấp OTP hoặc mã xác nhận ngân hàng.,mã OTP; mã xác nhận; dãy 6 số,Không cung cấp OTP hoặc mã xác nhận. Gọi trực tiếp ngân hàng để kiểm tra.,urgency; technical_confusion,credential_theft,elderly,CENTRAL,LONG_CONTEXT,vietnamese_synthetic,self-created,True,no_pii,train
FINAL_001219,SUSPICIOUS_0140,Cô xác minh tài khoản giúp bên em trong hôm nay nhé để bên em kiểm tra lại.,SUSPICIOUS,UNKNOWN,MEDIUM,Nội dung có yêu cầu xác minh hoặc cung cấp thông tin nhưng chưa đủ bằng chứng kết luận lừa đảo.,xác minh; thông tin cá nhân; đường dẫn; phản hồi sớm,Cần kiểm tra nguồn gửi. Không cung cấp thông tin nhạy cảm nếu chưa xác minh.,uncertainty; possible_social_engineering,privacy_leak,general,SOUTH,NONE,vietnamese_synthetic,self-created,True,no_pii,valid
FINAL_000117,JOB_SCAM_0584,"Mệ nhận job online, hoàn thành đơn đầu tiên sẽ được hoàn tiền và thưởng Làm ngay giúp bên cháu.",SCAM,JOB_SCAM,MEDIUM,"Lừa việc làm online, yêu cầu đóng phí hoặc nạp tiền trước.",nạp trước; đóng phí; kích hoạt tài khoản,Không đóng phí để nhận việc. Kiểm tra công ty và hợp đồng rõ ràng.,financial_pressure; false_promise,financial_loss,elderly,CENTRAL,NONE,vietnamese_synthetic,self-created,True,no_pii,train
FINAL_000658,FAKE_POLICE_0460,"Con hỏi thăm sức khỏe chút. Bác đang bị nghi ngờ liên quan đường dây lừa đảo, cần làm theo hướng dẫn ngay.",SCAM,FAKE_POLICE,HIGH,"Giả danh cơ quan chức năng, đe dọa và yêu cầu chuyển tiền.",công an; viện kiểm sát; vụ án; chuyển tiền,Không chuyển tiền. Gọi người thân hoặc cơ quan công an địa phương để xác minh.,authority_impersonation; fear; secrecy,financial_loss,elderly,CENTRAL,MIXED_INTENT,vietnamese_synthetic,self-created,True,no_pii,train
FINAL_001304,LOAN_SCAM_0041,"Hồ sơ vay của cô đã được chấp nhận, chuyển phí xác minh để nhận tiền Làm ngay giúp bên cháu.",SCAM,LOAN_SCAM,HIGH,"Lừa vay tiền, yêu cầu đóng phí trước hoặc gửi giấy tờ cá nhân.",đóng phí; giải ngân; gửi CCCD; phí hồ sơ,Không gửi giấy tờ cá nhân hoặc đóng phí trước cho dịch vụ vay không rõ nguồn.,financial_pressure; urgency,financial_loss; identity_theft,elderly,NORTH,NONE,vietnamese_synthetic,self-created,True,no_pii,test
FINAL_001266,SELF_JOB_SCAM_0003,"Bác kể lại rằng có người gọi điện trong lúc ở nhà một mình. Người này nói việc chỉ là bấm like, đánh giá sản phẩm và nhận hoa hồng, nói chuyện rất tự tin và dùng nhiều từ ngữ giống cơ quan chính thức. Tiếp theo họ yêu cầu bác nạp trước 300 nghìn để nhận nhiệm vụ đầu tiên. Sau đó số tiền nhiệm vụ tăng nhanh và không cho rút nếu chưa nạp thêm.",SCAM,JOB_SCAM,MEDIUM,"Lừa tuyển cộng tác viên/việc nhẹ lương cao, yêu cầu nạp tiền hoặc làm nhiệm vụ.",việc nhẹ lương cao; nạp tiền; nhiệm vụ; hoàn tiền,Không đóng phí để nhận việc. Kiểm tra thông tin công ty và hợp đồng rõ ràng.,financial_pressure; false_promise; gamification,financial_loss,elderly,STANDARD,NONE,self_created_long_context_based_on_public_warning_taxonomy,self-created,True,no_pii,train
FINAL_000617,SAFE_0036,Me nho uong thuoc dung gio nha.,SAFE,NONE,LOW,Nội dung bình thường hoặc không có yêu cầu nguy hiểm.,,Không cần cảnh báo. Có thể tiếp tục trò chuyện bình thường.,none,none,general,CENTRAL,NO_DIACRITICS,vietnamese_synthetic,self-created,True,no_pii,train
FINAL_001557,SAFE_0269,"Hôm nay trời mưa, cô nhớ mang áo mưa ạ.",SAFE,NONE,LOW,Nội dung bình thường hoặc không có yêu cầu nguy hiểm.,,Không cần cảnh báo. Có thể tiếp tục trò chuyện bình thường.,none,none,general,NORTH,NONE,vietnamese_synthetic,self-created,True,no_pii,train
FINAL_001031,FAKE_POLICE_0401,"Bac khong duoc noi voi ai, hay chuyen tien vao tai khoan tam giu de phuc vu xac minh Làm ngay giúp bên cháu.",SCAM,FAKE_POLICE,HIGH,"Giả danh cơ quan chức năng, đe dọa và yêu cầu chuyển tiền.",công an; viện kiểm sát; vụ án; chuyển tiền,Không chuyển tiền. Gọi người thân hoặc cơ quan công an địa phương để xác minh.,authority_impersonation; fear; secrecy,financial_loss,elderly,STANDARD,NO_DIACRITICS,vietnamese_synthetic,self-created,True,no_pii,test
FINAL_000348,PRIZE_GIFT_0095,"Bên em tặng chú phần quà tri ân, cần cung cấp thông tin cá nhân để nhận.",SCAM,PRIZE_GIFT,HIGH,Dùng quà tặng hoặc trúng thưởng để dụ cung cấp thông tin hoặc chuyển phí.,trúng thưởng; nhận quà; đóng phí; chuyển phí,Không chuyển phí hoặc cung cấp thông tin cá nhân để nhận quà không rõ nguồn.,greed; urgency,financial_loss; privacy_leak,elderly,SOUTH,NONE,vietnamese_synthetic,self-created,True,no_pii,train
FINAL_001467,SELF_FAKE_POLICE_0004,"Chu ke lai rang co nguoi goi dien trong luc o nha mot minh. Nguoi nay tu xung la can bo cong an dang dieu tra duong day rua tien, noi chuyen rat tu tin va dung nhieu tu ngu giong co quan chinh thuc. Tiep theo ho yeu cau chu doc thong tin the ngan hang va ma xac nhan de kiem tra. Nguoi goi giu may nhieu gio, khong cho chu co thoi gian hoi ai khac.",SCAM,FAKE_POLICE,HIGH,Giả danh công an/viện kiểm sát/tòa án để đe dọa và yêu cầu chuyển tiền.,công an; viện kiểm sát; vụ án; chuyển tiền; không được nói với ai,Không chuyển tiền. Cúp máy và liên hệ công an địa phương hoặc người thân để xác minh.,authority_impersonation; fear; secrecy; urgency,financial_loss; psychological_pressure,elderly,STANDARD,NO_DIACRITICS,self_created_long_context_based_on_public_warning_taxonomy,self-created,True,no_pii,train
FINAL_001059,SAFE_0024,Mệ kiểm tra giúp con lịch hẹn khám bệnh ngày mai nhé.,SAFE,NONE,LOW,Nội dung bình thường hoặc không có yêu cầu nguy hiểm.,,Không cần cảnh báo. Có thể tiếp tục trò chuyện bình thường.,none,none,general,CENTRAL,NONE,vietnamese_synthetic,self-created,True,no_pii,train
FINAL_000897,SAFE_0287,"Mã đơn hàng của mệ là 123456, hàng sẽ giao trong hôm nay.",SAFE,NONE,LOW,Nội dung bình thường hoặc không có yêu cầu nguy hiểm.,,Không cần cảnh báo. Có thể tiếp tục trò chuyện bình thường.,none,none,general,CENTRAL,NONE,vietnamese_synthetic,self-created,True,no_pii,test
FINAL_000952,PRIZE_GIFT_0490,"Chú được chọn nhận phần thưởng 20 triệu, vui lòng đóng phí hồ sơ trước Làm ngay giúp bên cháu.",SCAM,PRIZE_GIFT,HIGH,Dùng quà tặng hoặc trúng thưởng để dụ cung cấp thông tin hoặc chuyển phí.,trúng thưởng; nhận quà; đóng phí; chuyển phí,Không chuyển phí hoặc cung cấp thông tin cá nhân để nhận quà không rõ nguồn.,greed; urgency,financial_loss; privacy_leak,elderly,NORTH,NONE,vietnamese_synthetic,self-created,True,no_pii,train
FINAL_001234,LOAN_SCAM_0360,"Hồ sơ vay của chú đã được chấp nhận, chuyển phí xác minh để nhận tiền Xử lý trong hôm nay giúp cháu.",SCAM,LOAN_SCAM,HIGH,"Lừa vay tiền, yêu cầu đóng phí trước hoặc gửi giấy tờ cá nhân.",đóng phí; giải ngân; gửi CCCD; phí hồ sơ,Không gửi giấy tờ cá nhân hoặc đóng phí trước cho dịch vụ vay không rõ nguồn.,financial_pressure; urgency,financial_loss; identity_theft,elderly,NORTH,NONE,vietnamese_synthetic,self-created,True,no_pii,test
FINAL_001204,SAFE_0248,Con gửi link bài báo này cho cô đọc thử để con yên tâm nha.,SAFE,NONE,LOW,Nội dung bình thường hoặc không có yêu cầu nguy hiểm.,,Không cần cảnh báo. Có thể tiếp tục trò chuyện bình thường.,none,none,general,NORTH,NONE,vietnamese_synthetic,self-created,True,no_pii,train
FINAL_000207,PHISHING_LINK_0590,Me bam link <LINK> de xac minh tai khoan truoc khi bi khoa.,SCAM,PHISHING_LINK,HIGH,Dụ người dùng bấm link lạ để đánh cắp thông tin.,<LINK>; bấm link; đăng nhập,Không bấm link lạ. Chỉ truy cập website hoặc ứng dụng chính thức.,technical_confusion; urgency,credential_theft; malware_install,elderly,CENTRAL,TYPO,vietnamese_synthetic,self-created,True,no_pii,train
FINAL_000933,EMERGENCY_MONEY_0447,"Cô ơi con bị tai nạn, gửi tiền ngay vào số tài khoản này giúp con Làm ngay giúp bên cháu.",SCAM,EMERGENCY_MONEY,HIGH,"Giả danh người thân, tạo tình huống khẩn cấp và yêu cầu chuyển tiền.",cấp cứu; chuyển gấp; đừng gọi lại; khẩn cấp,Không chuyển tiền vội. Gọi trực tiếp cho người thân qua số quen thuộc để xác minh.,urgency; trust_abuse; secrecy,financial_loss,elderly,STANDARD,NONE,vietnamese_synthetic,self-created,True,no_pii,test
FINAL_001463,SUSPICIOUS_0141,Em có cơ hội đầu tư muốn giới thiệu cho mệ trong hôm nay giúp em.,SUSPICIOUS,UNKNOWN,MEDIUM,Nội dung có yêu cầu xác minh hoặc cung cấp thông tin nhưng chưa đủ bằng chứng kết luận lừa đảo.,xác minh; thông tin cá nhân; đường dẫn; phản hồi sớm,Cần kiểm tra nguồn gửi. Không cung cấp thông tin nhạy cảm nếu chưa xác minh.,uncertainty; possible_social_engineering,privacy_leak,general,CENTRAL,NONE,vietnamese_synthetic,self-created,True,no_pii,train
FINAL_001542,PRIZE_GIFT_0448,"Mệ trúng thưởng may mắn, chuyển phí vận chuyển để nhận quà ngay hôm nay Xử lý trong hôm nay giúp cháu.",SCAM,PRIZE_GIFT,HIGH,Dùng quà tặng hoặc trúng thưởng để dụ cung cấp thông tin hoặc chuyển phí.,trúng thưởng; nhận quà; đóng phí; chuyển phí,Không chuyển phí hoặc cung cấp thông tin cá nhân để nhận quà không rõ nguồn.,greed; urgency,financial_loss; privacy_leak,elderly,CENTRAL,NONE,vietnamese_synthetic,self-created,True,no_pii,valid
FINAL_001188,PRIZE_GIFT_0151,"Má trúng thưởng may mắn, chuyển phí vận chuyển để nhận quà ngay hôm nay.",SCAM,PRIZE_GIFT,HIGH,Dùng quà tặng hoặc trúng thưởng để dụ cung cấp thông tin hoặc chuyển phí.,trúng thưởng; nhận quà; đóng phí; chuyển phí,Không chuyển phí hoặc cung cấp thông tin cá nhân để nhận quà không rõ nguồn.,greed; urgency,financial_loss; privacy_leak,elderly,SOUTH,NONE,vietnamese_synthetic,self-created,True,no_pii,train
FINAL_001199,SAFE_0361,Má kiểm tra giúp con lịch hẹn khám bệnh ngày mai nhé nhé.,SAFE,NONE,LOW,Nội dung bình thường hoặc không có yêu cầu nguy hiểm.,,Không cần cảnh báo. Có thể tiếp tục trò chuyện bình thường.,none,none,general,SOUTH,NONE,vietnamese_synthetic,self-created,True,no_pii,train
FINAL_000784,SAFE_0014,Mai con ve nha an com voi ba me nha.,SAFE,NONE,LOW,Nội dung bình thường hoặc không có yêu cầu nguy hiểm.,,Không cần cảnh báo. Có thể tiếp tục trò chuyện bình thường.,none,none,general,CENTRAL,NO_DIACRITICS,vietnamese_synthetic,self-created,True,no_pii,train
FINAL_001316,LOAN_SCAM_0454,"O duoc duyet vay 50 trieu, can dong phi bao hiem truoc de giai ngan.",SCAM,LOAN_SCAM,HIGH,"Lừa vay tiền, yêu cầu đóng phí trước hoặc gửi giấy tờ cá nhân.",đóng phí; giải ngân; gửi CCCD; phí hồ sơ,Không gửi giấy tờ cá nhân hoặc đóng phí trước cho dịch vụ vay không rõ nguồn.,financial_pressure; urgency,financial_loss; identity_theft,elderly,CENTRAL,TYPO,vietnamese_synthetic,self-created,True,no_pii,train
FINAL_000448,SUSPICIOUS_0152,Bên em cần cô xác nhận giao dịch này ngay hôm nay nếu cần em sẽ hướng dẫn thêm.,SUSPICIOUS,UNKNOWN,MEDIUM,Nội dung có yêu cầu xác minh hoặc cung cấp thông tin nhưng chưa đủ bằng chứng kết luận lừa đảo.,xác minh; thông tin cá nhân; đường dẫn; phản hồi sớm,Cần kiểm tra nguồn gửi. Không cung cấp thông tin nhạy cảm nếu chưa xác minh.,uncertainty; possible_social_engineering,privacy_leak,general,NORTH,NONE,vietnamese_synthetic,self-created,True,no_pii,train
FINAL_000179,SAFE_0145,"Con đặt xe cho cô rồi, tài xế sẽ đến trong 10 phút nhé.",SAFE,NONE,LOW,Nội dung bình thường hoặc không có yêu cầu nguy hiểm.,,Không cần cảnh báo. Có thể tiếp tục trò chuyện bình thường.,none,none,general,SOUTH,NONE,vietnamese_synthetic,self-created,True,no_pii,valid
FINAL_000008,FAKE_POLICE_0263,"Bac dang bi nghi ngo lien quan duong day lua dao, can lam theo huong dan ngay.",SCAM,FAKE_POLICE,HIGH,"Giả danh cơ quan chức năng, đe dọa và yêu cầu chuyển tiền.",công an; viện kiểm sát; vụ án; chuyển tiền,Không chuyển tiền. Gọi người thân hoặc cơ quan công an địa phương để xác minh.,authority_impersonation; fear; secrecy,financial_loss,elderly,STANDARD,NO_DIACRITICS,vietnamese_synthetic,self-created,True,no_pii,train
FINAL_000768,SELF_INVESTMENT_0015,"Chu ke lai rang co nguoi goi dien trong luc o nha mot minh. Nguoi nay noi nguoi cao tuoi co tien nhan roi nen gui vao goi loi nhuan on dinh, noi chuyen rat tu tin va dung nhieu tu ngu giong co quan chinh thuc. Tiep theo ho huong dan chu tai app ngoai va gui anh chuyen khoan cho nhom. Nhom chat co nhieu tai khoang phu hoi thuc chu vao lenh ngay.",SCAM,INVESTMENT,HIGH,"Hứa lợi nhuận cao bất thường, cam kết không rủi ro và yêu cầu nạp tiền.",lợi nhuận cao; cam kết lãi; nạp tiền; chuyên gia hỗ trợ,Không nạp tiền vào sàn/nhóm đầu tư không rõ pháp lý. Hỏi người thân hoặc chuyên gia tài chính.,greed; false_promise; social_proof,financial_loss,elderly,NORTH,TYPO,self_created_long_context_based_on_public_warning_taxonomy,self-created,True,no_pii,train
FINAL_000630,SAFE_0325,"Ngan hang thong bao bao tri he thong vao toi nay, khong yeu cau cung cap thong tin tối con gọi lại nhé.",SAFE,NONE,LOW,Nội dung bình thường hoặc không có yêu cầu nguy hiểm.,,Không cần cảnh báo. Có thể tiếp tục trò chuyện bình thường.,none,none,general,SOUTH,TYPO,vietnamese_synthetic,self-created,True,no_pii,valid
FINAL_001594,OTP_BANK_0284,Má gửi mã OTP vừa nhận được để NH xm tk ngay nhé.,SCAM,OTP_BANK,HIGH,Yêu cầu cung cấp OTP hoặc mã xác nhận ngân hàng.,mã OTP; mã xác nhận; dãy 6 số,Không cung cấp OTP hoặc mã xác nhận. Gọi trực tiếp ngân hàng để kiểm tra.,urgency; technical_confusion,credential_theft,elderly,SOUTH,ABBREVIATION,vietnamese_synthetic,self-created,True,no_pii,test
FINAL_000632,PHISHING_LINK_0010,"Đơn hàng của o gặp lỗi, bấm vào <LINK> để cập nhật thông tin nhận hàng. please check now",SCAM,PHISHING_LINK,HIGH,Dụ người dùng bấm link lạ để đánh cắp thông tin.,<LINK>; bấm link; đăng nhập,Không bấm link lạ. Chỉ truy cập website hoặc ứng dụng chính thức.,technical_confusion; urgency,credential_theft; malware_install,elderly,CENTRAL,CODE_SWITCHING,vietnamese_synthetic,self-created,True,no_pii,test
FINAL_001279,EMERGENCY_MONEY_0568,"Bác đừng hỏi nhiều, con cần tiền xử lý việc khẩn cấp, chuyển ngay giúp con Xử lý trong hôm nay giúp cháu.",SCAM,EMERGENCY_MONEY,HIGH,"Giả danh người thân, tạo tình huống khẩn cấp và yêu cầu chuyển tiền.",cấp cứu; chuyển gấp; đừng gọi lại; khẩn cấp,Không chuyển tiền vội. Gọi trực tiếp cho người thân qua số quen thuộc để xác minh.,urgency; trust_abuse; secrecy,financial_loss,elderly,NORTH,NONE,vietnamese_synthetic,self-created,True,no_pii,train
FINAL_001299,SUSPICIOUS_0161,Bên em cần bác xác nhận giao dịch này ngay hôm nay giúp bên em nhé.,SUSPICIOUS,UNKNOWN,MEDIUM,Nội dung có yêu cầu xác minh hoặc cung cấp thông tin nhưng chưa đủ bằng chứng kết luận lừa đảo.,xác minh; thông tin cá nhân; đường dẫn; phản hồi sớm,Cần kiểm tra nguồn gửi. Không cung cấp thông tin nhạy cảm nếu chưa xác minh.,uncertainty; possible_social_engineering,privacy_leak,general,STANDARD,NONE,vietnamese_synthetic,self-created,True,no_pii,train
FINAL_001029,SELF_TRAVEL_COMBO_0001,"Ba ke lai rang co nguoi goi dien trong luc o nha mot minh. Nguoi nay ho gui anh phong dep va danh gia ao de ba tin la chuong trinh that, noi chuyen rat tu tin va dung nhieu tu ngu giong co quan chinh thuc. Tiep theo ho yeu cau ba chuyen khoan dat coc ngay de giu phong. Sau khi nhan coc, nguoi ban co dau hieu ne tranh hoac khoa lien he.",SCAM,TRAVEL_COMBO,MEDIUM,"Rao combo du lịch/khách sạn giá rẻ bất thường, yêu cầu đặt cọc nhanh.",combo giá rẻ; đặt cọc; giữ chỗ; chuyển khoản,"Không đặt cọc qua tài khoản cá nhân. Kiểm tra fanpage, website, giấy phép và đánh giá thật.",false_promise; scarcity; urgency,financial_loss,elderly,SOUTH,NO_DIACRITICS,self_created_long_context_based_on_public_warning_taxonomy,self-created,True,no_pii,train
FINAL_001236,EMERGENCY_MONEY_0165,"Con đang gặp chuyện gấp, má chuyển khoản liền cho con 10 triệu nha.",SCAM,EMERGENCY_MONEY,HIGH,"Giả danh người thân, tạo tình huống khẩn cấp và yêu cầu chuyển tiền.",cấp cứu; chuyển gấp; đừng gọi lại; khẩn cấp,Không chuyển tiền vội. Gọi trực tiếp cho người thân qua số quen thuộc để xác minh.,urgency; trust_abuse; secrecy,financial_loss,elderly,SOUTH,NONE,vietnamese_synthetic,self-created,True,no_pii,train
FINAL_001179,SUSPICIOUS_0109,"Tai khoan cua co co dau hieu bat thuong, vui long phan hoi som.",SUSPICIOUS,UNKNOWN,MEDIUM,Nội dung có yêu cầu xác minh hoặc cung cấp thông tin nhưng chưa đủ bằng chứng kết luận lừa đảo.,xác minh; thông tin cá nhân; đường dẫn; phản hồi sớm,Cần kiểm tra nguồn gửi. Không cung cấp thông tin nhạy cảm nếu chưa xác minh.,uncertainty; possible_social_engineering,privacy_leak,general,NORTH,NO_DIACRITICS,vietnamese_synthetic,self-created,True,no_pii,test
FINAL_001414,FAKE_POLICE_0233,"Bên viện kiểm sát yêu cầu bác hợp tác ngay, nếu không sẽ bị phong tỏa tài sản Xử lý trong hôm nay giúp cháu.",SCAM,FAKE_POLICE,HIGH,"Giả danh cơ quan chức năng, đe dọa và yêu cầu chuyển tiền.",công an; viện kiểm sát; vụ án; chuyển tiền,Không chuyển tiền. Gọi người thân hoặc cơ quan công an địa phương để xác minh.,authority_impersonation; fear; secrecy,financial_loss,elderly,CENTRAL,NONE,vietnamese_synthetic,self-created,True,no_pii,train
FINAL_000908,SAFE_0234,Cô nhớ uống thuốc đúng giờ nha để con yên tâm nha.,SAFE,NONE,LOW,Nội dung bình thường hoặc không có yêu cầu nguy hiểm.,,Không cần cảnh báo. Có thể tiếp tục trò chuyện bình thường.,none,none,general,SOUTH,NONE,vietnamese_synthetic,self-created,True,no_pii,train
FINAL_001337,JOB_SCAM_0546,"Việc nhẹ lương cao, o đóng phí hồ sơ là có thể bắt đầu ngay Làm ngay giúp bên cháu.",SCAM,JOB_SCAM,MEDIUM,"Lừa việc làm online, yêu cầu đóng phí hoặc nạp tiền trước.",nạp trước; đóng phí; kích hoạt tài khoản,Không đóng phí để nhận việc. Kiểm tra công ty và hợp đồng rõ ràng.,financial_pressure; false_promise,financial_loss,elderly,CENTRAL,NONE,vietnamese_synthetic,self-created,True,no_pii,test
FINAL_000852,SUSPICIOUS_0066,"Tai khoan cua chu co dau hieu bat thuong, vui long phan hoi som trong hôm nay giúp em.",SUSPICIOUS,UNKNOWN,MEDIUM,Nội dung có yêu cầu xác minh hoặc cung cấp thông tin nhưng chưa đủ bằng chứng kết luận lừa đảo.,xác minh; thông tin cá nhân; đường dẫn; phản hồi sớm,Cần kiểm tra nguồn gửi. Không cung cấp thông tin nhạy cảm nếu chưa xác minh.,uncertainty; possible_social_engineering,privacy_leak,general,SOUTH,NO_DIACRITICS,vietnamese_synthetic,self-created,True,no_pii,train
FINAL_001263,PRIZE_GIFT_0336,"Bac duoc chon nhan phan thuong 20 trieu, vui long dong phi ho so truoc.",SCAM,PRIZE_GIFT,HIGH,Dùng quà tặng hoặc trúng thưởng để dụ cung cấp thông tin hoặc chuyển phí.,trúng thưởng; nhận quà; đóng phí; chuyển phí,Không chuyển phí hoặc cung cấp thông tin cá nhân để nhận quà không rõ nguồn.,greed; urgency,financial_loss; privacy_leak,elderly,STANDARD,NO_DIACRITICS,vietnamese_synthetic,self-created,True,no_pii,train
FINAL_000398,PHISHING_LINK_0163,Co bam link <LINK> de xac minh tai khoan truoc khi bi khoa.,SCAM,PHISHING_LINK,HIGH,Dụ người dùng bấm link lạ để đánh cắp thông tin.,<LINK>; bấm link; đăng nhập,Không bấm link lạ. Chỉ truy cập website hoặc ứng dụng chính thức.,technical_confusion; urgency,credential_theft; malware_install,elderly,NORTH,NO_DIACRITICS,vietnamese_synthetic,self-created,True,no_pii,train
FINAL_000122,INVESTMENT_0587,"Co hoi sinh loi bao dam, co chi can chuyen tien la co chuyen gia ho tro Làm ngay giúp bên cháu.",SCAM,INVESTMENT,HIGH,Hứa lợi nhuận cao bất thường và yêu cầu nạp/chuyển tiền.,lãi 30%; lợi nhuận cao; nạp tiền; chuyển tiền,Không chuyển tiền vào kênh đầu tư không rõ pháp lý. Hỏi người thân hoặc chuyên gia tài chính.,greed; false_promise,financial_loss,elderly,NORTH,NO_DIACRITICS,vietnamese_synthetic,self-created,True,no_pii,train
FINAL_001440,SUSPICIOUS_0117,Ba gui thong tin de ben em cap nhat ho so.,SUSPICIOUS,UNKNOWN,MEDIUM,Nội dung có yêu cầu xác minh hoặc cung cấp thông tin nhưng chưa đủ bằng chứng kết luận lừa đảo.,xác minh; thông tin cá nhân; đường dẫn; phản hồi sớm,Cần kiểm tra nguồn gửi. Không cung cấp thông tin nhạy cảm nếu chưa xác minh.,uncertainty; possible_social_engineering,privacy_leak,general,SOUTH,NO_DIACRITICS,vietnamese_synthetic,self-created,True,no_pii,train
FINAL_000077,SAFE_0267,Con đã chuyển tiền mua thuốc cho mẹ rồi Mã tham chiếu 867.,SAFE,NONE,LOW,Nội dung bình thường hoặc không có yêu cầu nguy hiểm.,,Không cần cảnh báo. Có thể tiếp tục trò chuyện bình thường.,none,none,general,CENTRAL,NONE,vietnamese_synthetic,self-created,True,no_pii,test
FINAL_001549,SAFE_0183,"Cô ơi, tối nay cả nhà gọi video nhé nhé.",SAFE,NONE,LOW,Nội dung bình thường hoặc không có yêu cầu nguy hiểm.,,Không cần cảnh báo. Có thể tiếp tục trò chuyện bình thường.,none,none,general,STANDARD,ABBREVIATION,vietnamese_synthetic,self-created,True,no_pii,train
FINAL_000011,INVESTMENT_0256,"Bên em có sàn đầu tư lợi nhuận cao, bác nạp tiền sớm để giữ suất.",SCAM,INVESTMENT,HIGH,Hứa lợi nhuận cao bất thường và yêu cầu nạp/chuyển tiền.,lãi 30%; lợi nhuận cao; nạp tiền; chuyển tiền,Không chuyển tiền vào kênh đầu tư không rõ pháp lý. Hỏi người thân hoặc chuyên gia tài chính.,greed; false_promise,financial_loss,elderly,CENTRAL,NONE,vietnamese_synthetic,self-created,True,no_pii,train
FINAL_000739,PRIZE_GIFT_0549,"Cô trúng thưởng may mắn, chuyển phí vận chuyển để nhận quà ngay hôm nay Xử lý trong hôm nay giúp cháu.",SCAM,PRIZE_GIFT,HIGH,Dùng quà tặng hoặc trúng thưởng để dụ cung cấp thông tin hoặc chuyển phí.,trúng thưởng; nhận quà; đóng phí; chuyển phí,Không chuyển phí hoặc cung cấp thông tin cá nhân để nhận quà không rõ nguồn.,greed; urgency,financial_loss; privacy_leak,elderly,STANDARD,NONE,vietnamese_synthetic,self-created,True,no_pii,train
FINAL_001117,SELF_PHISHING_LINK_0013,Một bài cảnh báo trên mạng xã hội tóm tắt sự việc: người lạ gửi tin nhắn báo đơn hàng giao không thành công và cần cập nhật địa chỉ. Nội dung sau đó chuyển sang yêu cầu đề nghị chú nhập thông tin thẻ để nhận khoản hoàn tiền. Họ nhấn mạnh đây là bước bắt buộc để tránh khóa tài khoản. Bài viết khuyên người đọc nên xác minh với người thân trước khi làm theo.,SCAM,PHISHING_LINK,HIGH,Dụ bấm link lạ để đăng nhập/cập nhật thông tin và đánh cắp dữ liệu.,<LINK>; bấm link; cập nhật thông tin; đăng nhập,Không bấm link lạ. Mở ứng dụng chính thức hoặc gõ trực tiếp địa chỉ website chính thức.,technical_confusion; urgency; false_promise,credential_theft; privacy_leak; malware_install,elderly,NORTH,NONE,self_created_long_context_based_on_public_warning_taxonomy,self-created,True,no_pii,train
FINAL_001511,SUSPICIOUS_0131,"Tài khoản của chú có dấu hiệu bất thường, vui lòng phản hồi sớm nếu cần em sẽ hướng dẫn thêm.",SUSPICIOUS,UNKNOWN,MEDIUM,Nội dung có yêu cầu xác minh hoặc cung cấp thông tin nhưng chưa đủ bằng chứng kết luận lừa đảo.,xác minh; thông tin cá nhân; đường dẫn; phản hồi sớm,Cần kiểm tra nguồn gửi. Không cung cấp thông tin nhạy cảm nếu chưa xác minh.,uncertainty; possible_social_engineering,privacy_leak,general,STANDARD,OBFUSCATION,vietnamese_synthetic,self-created,True,no_pii,train
FINAL_000247,SELF_SUSPICIOUS_0015,"Tin nhắn báo chú có giao dịch cần xác nhận và yêu cầu phản hồi sớm. Nội dung không có logo chính thức, không nói rõ N.H nào và có kèm một đường dẫn rút gọn. Trường hợp này chưa chắc là lừa đảo nhưng không nên bấm link ngay. Mã tình huống tham khảo: SELF_000195.",SUSPICIOUS,UNKNOWN,MEDIUM,Có yêu cầu xác minh/cung cấp thông tin nhưng chưa đủ dữ kiện kết luận lừa đảo.,xác minh; thông tin cá nhân; trong hôm nay,Cần kiểm tra nguồn gửi. Không cung cấp thông tin nhạy cảm nếu chưa xác minh.,uncertainty; possible_social_engineering,privacy_leak,general,SOUTH,OBFUSCATION,self_created_long_context_based_on_public_warning_taxonomy,self-created,True,no_pii,train
FINAL_000420,SAFE_0194,"Cô ơi, tối nay cả nhà gọi video nhé ạ.",SAFE,NONE,LOW,Nội dung bình thường hoặc không có yêu cầu nguy hiểm.,,Không cần cảnh báo. Có thể tiếp tục trò chuyện bình thường.,none,none,general,SOUTH,NONE,vietnamese_synthetic,self-created,True,no_pii,train
FINAL_000196,FAKE_POLICE_0226,"Ben vien kiem sat yeu cau me hop tac ngai, neu khong se bi phong toa tai san.",SCAM,FAKE_POLICE,HIGH,"Giả danh cơ quan chức năng, đe dọa và yêu cầu chuyển tiền.",công an; viện kiểm sát; vụ án; chuyển tiền,Không chuyển tiền. Gọi người thân hoặc cơ quan công an địa phương để xác minh.,authority_impersonation; fear; secrecy,financial_loss,elderly,CENTRAL,TYPO,vietnamese_synthetic,self-created,True,no_pii,train
FINAL_000993,LOAN_SCAM_0198,"Hồ sơ vay của cô đã được chấp nhận, chuyển phí verify để nhận tiền.",SCAM,LOAN_SCAM,HIGH,"Lừa vay tiền, yêu cầu đóng phí trước hoặc gửi giấy tờ cá nhân.",đóng phí; giải ngân; gửi CCCD; phí hồ sơ,Không gửi giấy tờ cá nhân hoặc đóng phí trước cho dịch vụ vay không rõ nguồn.,financial_pressure; urgency,financial_loss; identity_theft,elderly,STANDARD,CODE_SWITCHING,vietnamese_synthetic,self-created,True,no_pii,train
FINAL_001076,PHISHING_LINK_0574,Con hỏi thăm sức khỏe chút. Má cần đăng nhập vào <LINK> để kiểm tra giao dịch bất thường.,SCAM,PHISHING_LINK,HIGH,Dụ người dùng bấm link lạ để đánh cắp thông tin.,<LINK>; bấm link; đăng nhập,Không bấm link lạ. Chỉ truy cập website hoặc ứng dụng chính thức.,technical_confusion; urgency,credential_theft; malware_install,elderly,SOUTH,MIXED_INTENT,vietnamese_synthetic,self-created,True,no_pii,train
FINAL_001285,PRIZE_GIFT_0372,"Bên em tặng cô phần quà tri ân, cần cung cấp thông tin cá nhân để nhận Vui lòng làm ngay để tránh mất quyền lợi.",SCAM,PRIZE_GIFT,HIGH,Dùng quà tặng hoặc trúng thưởng để dụ cung cấp thông tin hoặc chuyển phí.,trúng thưởng; nhận quà; đóng phí; chuyển phí,Không chuyển phí hoặc cung cấp thông tin cá nhân để nhận quà không rõ nguồn.,greed; urgency,financial_loss; privacy_leak,elderly,NORTH,ABBREVIATION,vietnamese_synthetic,self-created,True,no_pii,test
FINAL_001468,PHISHING_LINK_0506,"Đơn hàng của o gặp lỗi, bấm vào <LINK> để cập nhật thông tin nhận hàng Làm ngay giúp bên cháu.",SCAM,PHISHING_LINK,HIGH,Dụ người dùng bấm link lạ để đánh cắp thông tin.,<LINK>; bấm link; đăng nhập,Không bấm link lạ. Chỉ truy cập website hoặc ứng dụng chính thức.,technical_confusion; urgency,credential_theft; malware_install,elderly,CENTRAL,NONE,vietnamese_synthetic,self-created,True,no_pii,test
FINAL_000189,SUSPICIOUS_0122,Bên em cần kiểm tra thông tin cá nhân của chú để hỗ trợ để bên em kiểm tra lại.,SUSPICIOUS,UNKNOWN,MEDIUM,Nội dung có yêu cầu xác minh hoặc cung cấp thông tin nhưng chưa đủ bằng chứng kết luận lừa đảo.,xác minh; thông tin cá nhân; đường dẫn; phản hồi sớm,Cần kiểm tra nguồn gửi. Không cung cấp thông tin nhạy cảm nếu chưa xác minh.,uncertainty; possible_social_engineering,privacy_leak,general,STANDARD,OBFUSCATION,vietnamese_synthetic,self-created,True,no_pii,valid
FINAL_000706,SAFE_0176,Con đã chuyển tiền mua thuốc cho mẹ rồi Mã tham chiếu 776.,SAFE,NONE,LOW,Nội dung bình thường hoặc không có yêu cầu nguy hiểm.,,Không cần cảnh báo. Có thể tiếp tục trò chuyện bình thường.,none,none,general,SOUTH,NONE,vietnamese_synthetic,self-created,True,no_pii,test
FINAL_000964,JOB_SCAM_0582,"Bác chỉ cần làm nhiệm vụ online, nạp trước 300 nghìn để nhận việc Làm ngay giúp bên cháu.",SCAM,JOB_SCAM,MEDIUM,"Lừa việc làm online, yêu cầu đóng phí hoặc nạp tiền trước.",nạp trước; đóng phí; kích hoạt tài khoản,Không đóng phí để nhận việc. Kiểm tra công ty và hợp đồng rõ ràng.,financial_pressure; false_promise,financial_loss,elderly,STANDARD,NONE,vietnamese_synthetic,self-created,True,no_pii,train
FINAL_001601,FAKE_POLICE_0180,"Chúng tôi là công an, cô đang liên quan đến vụ án rửa tiền, cần chuyển tiền để điều tra.",SCAM,FAKE_POLICE,HIGH,"Giả danh cơ quan chức năng, đe dọa và yêu cầu chuyển tiền.",công an; viện kiểm sát; vụ án; chuyển tiền,Không chuyển tiền. Gọi người thân hoặc cơ quan công an địa phương để xác minh.,authority_impersonation; fear; secrecy,financial_loss,elderly,SOUTH,NONE,vietnamese_synthetic,self-created,True,no_pii,train
FINAL_000920,SELF_SUSPICIOUS_0040,"Bài chia sẻ kể có nhân viên tự xưng bên dịch vụ khách hàng gọi đến, nói sẽ hỗ trợ cập nhật thông tin cho bác. Người này nói chuyện khá lịch sự nhưng dùng số lạ và không cung cấp được mã nhân viên. Chưa có yêu cầu tiền, nhưng có dấu hiệu cần cảnh giác.",SUSPICIOUS,UNKNOWN,MEDIUM,Có yêu cầu xác minh/cung cấp thông tin nhưng chưa đủ dữ kiện kết luận lừa đảo.,xác minh; thông tin cá nhân; trong hôm nay,Cần kiểm tra nguồn gửi. Không cung cấp thông tin nhạy cảm nếu chưa xác minh.,uncertainty; possible_social_engineering,privacy_leak,general,NORTH,OBFUSCATION,self_created_long_context_based_on_public_warning_taxonomy,self-created,True,no_pii,test
FINAL_001215,SELF_SAFE_0048,"Một thông báo NH nói hệ thống bảo trì vào ban đêm và khuyến cáo khách hàng ko cung cấp OTP cho bất kỳ ai. Tin nhắn ko có link đăng nhập, ko yêu cầu gọi số lạ và ko yêu cầu thao tác gấp. Mã tình huống tham khảo: SELF_000288.",SAFE,NONE,LOW,"Thông báo an toàn, còn có nội dung cảnh báo không cung cấp OTP.",bảo trì; không cung cấp OTP; không có đường link,"Không cần cảnh báo mạnh. Có thể tiếp tục trò chuyện bình thường, nhưng vẫn nhắc người dùng không chia sẻ OTP nếu cần.",none,none,general,STANDARD,ABBREVIATION,self_created_long_context_hard_negative,self-created,True,no_pii,train
FINAL_001455,EMERGENCY_MONEY_0319,"Con dang gap chuyen gap, me chuyen khoan lien cho con 10 trieu nha.",SCAM,EMERGENCY_MONEY,HIGH,"Giả danh người thân, tạo tình huống khẩn cấp và yêu cầu chuyển tiền.",cấp cứu; chuyển gấp; đừng gọi lại; khẩn cấp,Không chuyển tiền vội. Gọi trực tiếp cho người thân qua số quen thuộc để xác minh.,urgency; trust_abuse; secrecy,financial_loss,elderly,CENTRAL,TYPO,vietnamese_synthetic,self-created,True,no_pii,test
FINAL_001145,EMERGENCY_MONEY_0196,"Con đang gặp chuyện gấp, bác chuyển khoản liền cho con 10 triệu nha.",SCAM,EMERGENCY_MONEY,HIGH,"Giả danh người thân, tạo tình huống khẩn cấp và yêu cầu chuyển tiền.",cấp cứu; chuyển gấp; đừng gọi lại; khẩn cấp,Không chuyển tiền vội. Gọi trực tiếp cho người thân qua số quen thuộc để xác minh.,urgency; trust_abuse; secrecy,financial_loss,elderly,CENTRAL,OBFUSCATION,vietnamese_synthetic,self-created,True,no_pii,test
FINAL_000961,SAFE_0109,"Bác ơi, tối nay cả nhà gọi video nhé khi nào rảnh nha.",SAFE,NONE,LOW,Nội dung bình thường hoặc không có yêu cầu nguy hiểm.,,Không cần cảnh báo. Có thể tiếp tục trò chuyện bình thường.,none,none,general,NORTH,NONE,vietnamese_synthetic,self-created,True,no_pii,valid
FINAL_000031,INVESTMENT_0519,"Bên em có sàn đầu tư lợi nhuận cao, chú nạp tiền sớm để giữ suất Làm ngay giúp bên cháu.",SCAM,INVESTMENT,HIGH,Hứa lợi nhuận cao bất thường và yêu cầu nạp/chuyển tiền.,lãi 30%; lợi nhuận cao; nạp tiền; chuyển tiền,Không chuyển tiền vào kênh đầu tư không rõ pháp lý. Hỏi người thân hoặc chuyên gia tài chính.,greed; false_promise,financial_loss,elderly,SOUTH,OBFUSCATION,vietnamese_synthetic,self-created,True,no_pii,train
FINAL_000126,SAFE_0017,Cô nhớ uống thuốc đúng giờ nha nha.,SAFE,NONE,LOW,Nội dung bình thường hoặc không có yêu cầu nguy hiểm.,,Không cần cảnh báo. Có thể tiếp tục trò chuyện bình thường.,none,none,general,SOUTH,NONE,vietnamese_synthetic,self-created,True,no_pii,train
FINAL_000368,SAFE_0364,"Ma don hang cua bac la 123456, hang se giao trong hom nay nhé.",SAFE,NONE,LOW,Nội dung bình thường hoặc không có yêu cầu nguy hiểm.,,Không cần cảnh báo. Có thể tiếp tục trò chuyện bình thường.,none,none,general,NORTH,NO_DIACRITICS,vietnamese_synthetic,self-created,True,no_pii,valid
FINAL_001593,SELF_SAFE_0011,"Bài chia sẻ trong nhóm gia đình kể rằng con cháu nhắc bác đi khám định kỳ. Nội dung chỉ có lịch hẹn, địa chỉ bệnh viện và lời dặn mang theo giấy tờ. Không có yêu cầu chuyển tiền, không có link lạ và không hỏi mã xác nhận.",SAFE,NONE,LOW,"Nội dung chăm sóc gia đình bình thường, không yêu cầu hành động rủi ro.",lịch hẹn; không yêu cầu chuyển tiền; không có link lạ,"Không cần cảnh báo mạnh. Có thể tiếp tục trò chuyện bình thường, nhưng vẫn nhắc người dùng không chia sẻ OTP nếu cần.",none,none,general,CENTRAL,NONE,self_created_long_context_hard_negative,self-created,True,no_pii,train
FINAL_000846,JOB_SCAM_0529,"Viec nhe luong cao, co dong phi ho so la co the bat dau ngay Làm ngay giúp bên cháu.",SCAM,JOB_SCAM,MEDIUM,"Lừa việc làm online, yêu cầu đóng phí hoặc nạp tiền trước.",nạp trước; đóng phí; kích hoạt tài khoản,Không đóng phí để nhận việc. Kiểm tra công ty và hợp đồng rõ ràng.,financial_pressure; false_promise,financial_loss,elderly,NORTH,NO_DIACRITICS,vietnamese_synthetic,self-created,True,no_pii,valid
FINAL_000025,SELF_SUSPICIOUS_0023,"Mot nguoi nhan cho me noi ho so tai khoang can xac mih lai trong hom nay. Ho chua yeu cau OTP hay chuyen tien, nhung de nghi me chuan bi so can cuoc va thong tin ngan hang. Noi dung thieu ten don vi ro rang nen can kiem tra lai nguon gui.",SUSPICIOUS,UNKNOWN,MEDIUM,Có yêu cầu xác minh/cung cấp thông tin nhưng chưa đủ dữ kiện kết luận lừa đảo.,xác minh; thông tin cá nhân; trong hôm nay,Cần kiểm tra nguồn gửi. Không cung cấp thông tin nhạy cảm nếu chưa xác minh.,uncertainty; possible_social_engineering,privacy_leak,general,CENTRAL,TYPO,self_created_long_context_based_on_public_warning_taxonomy,self-created,True,no_pii,train
FINAL_000817,SELF_OTP_BANK_0007,"Đoạn tin nhắn bắt đầu bằng lời hỏi thăm sức khỏe của cô, sau đó người gửi tự xưng là nhân viên ngân hàng và nói hệ thống đang nâng cấp bảo mật cho khách hàng lớn tuổi. Trong các tin tiếp theo, họ nói cô phải gửi ảnh màn hình tin nhắn ngân hàng để kiểm tra. Họ nói đây là cuộc gọi bảo mật nên không được hỏi người thân.",SCAM,OTP_BANK,HIGH,Yêu cầu cung cấp OTP/mã xác nhận hoặc thông tin ngân hàng cho người lạ.,mã OTP; mã xác nhận; tài khoản ngân hàng; xác minh ngay,"Không cung cấp OTP, mật khẩu hoặc mã xác nhận. Gọi trực tiếp tổng đài chính thức của ngân hàng.",urgency; technical_confusion; authority_impersonation,credential_theft; financial_loss,elderly,STANDARD,NONE,self_created_long_context_based_on_public_warning_taxonomy,self-created,True,no_pii,train
FINAL_001271,EMERGENCY_MONEY_0332,"Me oi con dang cap cuu, chuyen gap cho con 5 trieu, dung goi lai Bên cháu đang chờ phản hồi.",SCAM,EMERGENCY_MONEY,HIGH,"Giả danh người thân, tạo tình huống khẩn cấp và yêu cầu chuyển tiền.",cấp cứu; chuyển gấp; đừng gọi lại; khẩn cấp,Không chuyển tiền vội. Gọi trực tiếp cho người thân qua số quen thuộc để xác minh.,urgency; trust_abuse; secrecy,financial_loss,elderly,SOUTH,NO_DIACRITICS,vietnamese_synthetic,self-created,True,no_pii,train
FINAL_000032,SAFE_0253,Bác nhớ uống thuốc đúng giờ nha nhé.,SAFE,NONE,LOW,Nội dung bình thường hoặc không có yêu cầu nguy hiểm.,,Không cần cảnh báo. Có thể tiếp tục trò chuyện bình thường.,none,none,general,CENTRAL,NONE,vietnamese_synthetic,self-created,True,no_pii,train
FINAL_001476,PHISHING_LINK_0032,Vui lòng truy cập <LINK> để nhận hỗ trợ hoàn tiền.,SCAM,PHISHING_LINK,HIGH,Dụ người dùng bấm link lạ để đánh cắp thông tin.,<LINK>; bấm link; đăng nhập,Không bấm link lạ. Chỉ truy cập website hoặc ứng dụng chính thức.,technical_confusion; urgency,credential_theft; malware_install,elderly,CENTRAL,NONE,vietnamese_synthetic,self-created,True,no_pii,train
FINAL_001488,LOAN_SCAM_0303,"Bác được duyệt vay 50 triệu, cần đóng phí bảo hiểm trước để giải ngân Làm ngay giúp bên cháu.",SCAM,LOAN_SCAM,HIGH,"Lừa vay tiền, yêu cầu đóng phí trước hoặc gửi giấy tờ cá nhân.",đóng phí; giải ngân; gửi CCCD; phí hồ sơ,Không gửi giấy tờ cá nhân hoặc đóng phí trước cho dịch vụ vay không rõ nguồn.,financial_pressure; urgency,financial_loss; identity_theft,elderly,NORTH,ABBREVIATION,vietnamese_synthetic,self-created,True,no_pii,train
FINAL_000529,PHISHING_LINK_0424,"Đơn hàng của bác gặp lỗi, bấm vào <LINK> để cập nhật thông tin nhận hàng.",SCAM,PHISHING_LINK,HIGH,Dụ người dùng bấm link lạ để đánh cắp thông tin.,<LINK>; bấm link; đăng nhập,Không bấm link lạ. Chỉ truy cập website hoặc ứng dụng chính thức.,technical_confusion; urgency,credential_theft; malware_install,elderly,CENTRAL,OBFUSCATION,vietnamese_synthetic,self-created,True,no_pii,train
FINAL_000775,SAFE_0235,"Chu oi, toi nay ca nha goi video nhe.",SAFE,NONE,LOW,Nội dung bình thường hoặc không có yêu cầu nguy hiểm.,,Không cần cảnh báo. Có thể tiếp tục trò chuyện bình thường.,none,none,general,SOUTH,TYPO,vietnamese_synthetic,self-created,True,no_pii,train
FINAL_001318,PRIZE_GIFT_0564,"Chu trung thuong may man, chuyen phi van chuyen de nhan qua ngay hom nay Làm ngay giúp bên cháu.",SCAM,PRIZE_GIFT,HIGH,Dùng quà tặng hoặc trúng thưởng để dụ cung cấp thông tin hoặc chuyển phí.,trúng thưởng; nhận quà; đóng phí; chuyển phí,Không chuyển phí hoặc cung cấp thông tin cá nhân để nhận quà không rõ nguồn.,greed; urgency,financial_loss; privacy_leak,elderly,STANDARD,NO_DIACRITICS,vietnamese_synthetic,self-created,True,no_pii,train
FINAL_000832,SAFE_0277,Co nho uong thuoc dung gio nha nha.,SAFE,NONE,LOW,Nội dung bình thường hoặc không có yêu cầu nguy hiểm.,,Không cần cảnh báo. Có thể tiếp tục trò chuyện bình thường.,none,none,general,NORTH,NO_DIACRITICS,vietnamese_synthetic,self-created,True,no_pii,train
FINAL_000778,SAFE_0175,Con đã chuyển tiền mua thuốc cho mẹ rồi Mã tham chiếu 775.,SAFE,NONE,LOW,Nội dung bình thường hoặc không có yêu cầu nguy hiểm.,,Không cần cảnh báo. Có thể tiếp tục trò chuyện bình thường.,none,none,general,STANDARD,NONE,vietnamese_synthetic,self-created,True,no_pii,train
FINAL_000615,SUSPICIOUS_0092,Cô gửi thông tin để bên em cập nhật hồ sơ để bên em kiểm tra lại.,SUSPICIOUS,UNKNOWN,MEDIUM,Nội dung có yêu cầu xác minh hoặc cung cấp thông tin nhưng chưa đủ bằng chứng kết luận lừa đảo.,xác minh; thông tin cá nhân; đường dẫn; phản hồi sớm,Cần kiểm tra nguồn gửi. Không cung cấp thông tin nhạy cảm nếu chưa xác minh.,uncertainty; possible_social_engineering,privacy_leak,general,SOUTH,NONE,vietnamese_synthetic,self-created,True,no_pii,valid
FINAL_001008,SUSPICIOUS_0125,Cô gửi thông tin để bên em cập nhật hồ sơ phản hồi sớm giúp em nha.,SUSPICIOUS,UNKNOWN,MEDIUM,Nội dung có yêu cầu xác minh hoặc cung cấp thông tin nhưng chưa đủ bằng chứng kết luận lừa đảo.,xác minh; thông tin cá nhân; đường dẫn; phản hồi sớm,Cần kiểm tra nguồn gửi. Không cung cấp thông tin nhạy cảm nếu chưa xác minh.,uncertainty; possible_social_engineering,privacy_leak,general,STANDARD,NONE,vietnamese_synthetic,self-created,True,no_pii,train
FINAL_000233,SAFE_0255,Con đã chuyển tiền mua thuốc cho mẹ rồi Mã tham chiếu 855.,SAFE,NONE,LOW,Nội dung bình thường hoặc không có yêu cầu nguy hiểm.,,Không cần cảnh báo. Có thể tiếp tục trò chuyện bình thường.,none,none,general,STANDARD,NONE,vietnamese_synthetic,self-created,True,no_pii,test
FINAL_000919,SELF_JOB_SCAM_0006,"Mot bai canh bao tren mang xa hoi tom tat su viec: nguoi la gui bang luong hap dan, noi nguoi lon tuoi cung lam duoc de dang. Noi dung sau do chuyen sang yeu cau yeu cau chu nap truoc 300 nghin de nhan nhiem vu dau tien. Ban dau ho cho nhan vai chuc nghin de tao long tin. Bai viet khuyen nguoi doc nen xac minh voi nguoi than truoc khi lam theo.",SCAM,JOB_SCAM,MEDIUM,"Lừa tuyển cộng tác viên/việc nhẹ lương cao, yêu cầu nạp tiền hoặc làm nhiệm vụ.",việc nhẹ lương cao; nạp tiền; nhiệm vụ; hoàn tiền,Không đóng phí để nhận việc. Kiểm tra thông tin công ty và hợp đồng rõ ràng.,financial_pressure; false_promise; gamification,financial_loss,elderly,STANDARD,NO_DIACRITICS,self_created_long_context_based_on_public_warning_taxonomy,self-created,True,no_pii,valid
FINAL_000949,SAFE_0076,Con đã chuyển tiền mua thuốc cho mẹ rồi nhé.,SAFE,NONE,LOW,Nội dung bình thường hoặc không có yêu cầu nguy hiểm.,,Không cần cảnh báo. Có thể tiếp tục trò chuyện bình thường.,none,none,general,SOUTH,NONE,vietnamese_synthetic,self-created,True,no_pii,train
FINAL_000941,SAFE_0232,"Ma don hang cua chu la 123456, hang se giao trong hom nay nha.",SAFE,NONE,LOW,Nội dung bình thường hoặc không có yêu cầu nguy hiểm.,,Không cần cảnh báo. Có thể tiếp tục trò chuyện bình thường.,none,none,general,STANDARD,TYPO,vietnamese_synthetic,self-created,True,no_pii,train
FINAL_001418,SUSPICIOUS_0011,Em có cơ hội đầu tư muốn giới thiệu cho bác giúp bên em nhé.,SUSPICIOUS,UNKNOWN,MEDIUM,Nội dung có yêu cầu xác minh hoặc cung cấp thông tin nhưng chưa đủ bằng chứng kết luận lừa đảo.,xác minh; thông tin cá nhân; đường dẫn; phản hồi sớm,Cần kiểm tra nguồn gửi. Không cung cấp thông tin nhạy cảm nếu chưa xác minh.,uncertainty; possible_social_engineering,privacy_leak,general,CENTRAL,NONE,vietnamese_synthetic,self-created,True,no_pii,train
FINAL_000100,FAKE_POLICE_0452,"Ben vien kiem sat yeu cau ba hop tac ngay, neu khong se bi phong toa tai san.",SCAM,FAKE_POLICE,HIGH,"Giả danh cơ quan chức năng, đe dọa và yêu cầu chuyển tiền.",công an; viện kiểm sát; vụ án; chuyển tiền,Không chuyển tiền. Gọi người thân hoặc cơ quan công an địa phương để xác minh.,authority_impersonation; fear; secrecy,financial_loss,elderly,SOUTH,NO_DIACRITICS,vietnamese_synthetic,self-created,True,no_pii,valid
FINAL_000317,INVESTMENT_0487,"Ben em co san dau tu loi nhuan cao, co nap tien som de giu suat.",SCAM,INVESTMENT,HIGH,Hứa lợi nhuận cao bất thường và yêu cầu nạp/chuyển tiền.,lãi 30%; lợi nhuận cao; nạp tiền; chuyển tiền,Không chuyển tiền vào kênh đầu tư không rõ pháp lý. Hỏi người thân hoặc chuyên gia tài chính.,greed; false_promise,financial_loss,elderly,STANDARD,TYPO,vietnamese_synthetic,self-created,True,no_pii,train
FINAL_000486,JOB_SCAM_0155,"Cô nhận job online, hoàn thành đơn đầu tiên sẽ được hoàn tiền và thưởng.",SCAM,JOB_SCAM,MEDIUM,"Lừa việc làm online, yêu cầu đóng phí hoặc nạp tiền trước.",nạp trước; đóng phí; kích hoạt tài khoản,Không đóng phí để nhận việc. Kiểm tra công ty và hợp đồng rõ ràng.,financial_pressure; false_promise,financial_loss,elderly,SOUTH,NONE,vietnamese_synthetic,self-created,True,no_pii,train
FINAL_000683,SAFE_0202,Con đã chuyển tiền mua thuốc cho mẹ rồi Mã tham chiếu 802.,SAFE,NONE,LOW,Nội dung bình thường hoặc không có yêu cầu nguy hiểm.,,Không cần cảnh báo. Có thể tiếp tục trò chuyện bình thường.,none,none,general,CENTRAL,NONE,vietnamese_synthetic,self-created,True,no_pii,train
FINAL_000561,PHISHING_LINK_0594,Bác cần đăng nhập vào <LINK> để kiểm tra giao dịch bất thường Nếu chậm trễ tài khoản có thể bị khóa.,SCAM,PHISHING_LINK,HIGH,Dụ người dùng bấm link lạ để đánh cắp thông tin.,<LINK>; bấm link; đăng nhập,Không bấm link lạ. Chỉ truy cập website hoặc ứng dụng chính thức.,technical_confusion; urgency,credential_theft; malware_install,elderly,NORTH,NONE,vietnamese_synthetic,self-created,True,no_pii,train
FINAL_001305,SAFE_0067,Con gửi link bài báo này cho cô đọc thử nha.,SAFE,NONE,LOW,Nội dung bình thường hoặc không có yêu cầu nguy hiểm.,,Không cần cảnh báo. Có thể tiếp tục trò chuyện bình thường.,none,none,general,SOUTH,NONE,vietnamese_synthetic,self-created,True,no_pii,train
FINAL_000785,LOAN_SCAM_0099,"Hồ sơ vay của cô đã được chấp nhận, chuyển phí xác minh để nhận tiền Xử lý trong hôm nay giúp cháu.",SCAM,LOAN_SCAM,HIGH,"Lừa vay tiền, yêu cầu đóng phí trước hoặc gửi giấy tờ cá nhân.",đóng phí; giải ngân; gửi CCCD; phí hồ sơ,Không gửi giấy tờ cá nhân hoặc đóng phí trước cho dịch vụ vay không rõ nguồn.,financial_pressure; urgency,financial_loss; identity_theft,elderly,SOUTH,OBFUSCATION,vietnamese_synthetic,self-created,True,no_pii,valid
FINAL_000953,SAFE_0249,Ba kiểm tra giúp con lịch hẹn khám bệnh ngày mai nhé nha.,SAFE,NONE,LOW,Nội dung bình thường hoặc không có yêu cầu nguy hiểm.,,Không cần cảnh báo. Có thể tiếp tục trò chuyện bình thường.,none,none,general,SOUTH,NONE,vietnamese_synthetic,self-created,True,no_pii,train
FINAL_000902,SAFE_0137,Con đã chuyển tiền mua thuốc cho mẹ rồi tối con gọi lại nhé.,SAFE,NONE,LOW,Nội dung bình thường hoặc không có yêu cầu nguy hiểm.,,Không cần cảnh báo. Có thể tiếp tục trò chuyện bình thường.,none,none,general,CENTRAL,NONE,vietnamese_synthetic,self-created,True,no_pii,train
FINAL_000068,PHISHING_LINK_0327,Bác cần đăng nhập vào <LINK> để kiểm tra giao dịch bất thường Xử lý trong hôm nay giúp cháu.,SCAM,PHISHING_LINK,HIGH,Dụ người dùng bấm link lạ để đánh cắp thông tin.,<LINK>; bấm link; đăng nhập,Không bấm link lạ. Chỉ truy cập website hoặc ứng dụng chính thức.,technical_confusion; urgency,credential_theft; malware_install,elderly,NORTH,NONE,vietnamese_synthetic,self-created,True,no_pii,test
FINAL_001160,SELF_SUSPICIOUS_0042,"Mot nguoi nhan cho co noi ho so tai khoang can xac mih lai trong hom nay. Ho chua yeu cau OTP hay chuyen tien, nhung de nghi co chuan bi so can cuoc va thong tin ngan hang. Noi dung thieu ten don vi ro rang nen can kiem tra lai nguon gui.",SUSPICIOUS,UNKNOWN,MEDIUM,Có yêu cầu xác minh/cung cấp thông tin nhưng chưa đủ dữ kiện kết luận lừa đảo.,xác minh; thông tin cá nhân; trong hôm nay,Cần kiểm tra nguồn gửi. Không cung cấp thông tin nhạy cảm nếu chưa xác minh.,uncertainty; possible_social_engineering,privacy_leak,general,NORTH,TYPO,self_created_long_context_based_on_public_warning_taxonomy,self-created,True,no_pii,train
FINAL_000162,LOAN_SCAM_0527,"Bác được duyệt vay 50 triệu, cần đóng phí bảo hiểm trước để giải ngân. please check now",SCAM,LOAN_SCAM,HIGH,"Lừa vay tiền, yêu cầu đóng phí trước hoặc gửi giấy tờ cá nhân.",đóng phí; giải ngân; gửi CCCD; phí hồ sơ,Không gửi giấy tờ cá nhân hoặc đóng phí trước cho dịch vụ vay không rõ nguồn.,financial_pressure; urgency,financial_loss; identity_theft,elderly,CENTRAL,CODE_SWITCHING,vietnamese_synthetic,self-created,True,no_pii,train
FINAL_001361,SELF_SUSPICIOUS_0038,"Một người nhắn cho bác nói hồ sơ tài khoản cần xác minh lại trong hôm nay. Họ chưa yêu cầu OTP hay chuyển tiền, nhưng đề nghị bác chuẩn bị số căn cước và thông tin ngân hàng. Nội dung thiếu tên đơn vị rõ ràng nên cần kiểm tra lại nguồn gửi.",SUSPICIOUS,UNKNOWN,MEDIUM,Có yêu cầu xác minh/cung cấp thông tin nhưng chưa đủ dữ kiện kết luận lừa đảo.,xác minh; thông tin cá nhân; trong hôm nay,Cần kiểm tra nguồn gửi. Không cung cấp thông tin nhạy cảm nếu chưa xác minh.,uncertainty; possible_social_engineering,privacy_leak,general,CENTRAL,NONE,self_created_long_context_based_on_public_warning_taxonomy,self-created,True,no_pii,train
FINAL_000712,SAFE_0060,Co kiem tra giup con lich hen kham benh ngay mai nhe.,SAFE,NONE,LOW,Nội dung bình thường hoặc không có yêu cầu nguy hiểm.,,Không cần cảnh báo. Có thể tiếp tục trò chuyện bình thường.,none,none,general,STANDARD,NO_DIACRITICS,vietnamese_synthetic,self-created,True,no_pii,test
FINAL_000526,SAFE_0064,"Con đặt xe cho cô rồi, tài xế sẽ đến trong 10 phút nha.",SAFE,NONE,LOW,Nội dung bình thường hoặc không có yêu cầu nguy hiểm.,,Không cần cảnh báo. Có thể tiếp tục trò chuyện bình thường.,none,none,general,SOUTH,NONE,vietnamese_synthetic,self-created,True,no_pii,valid
FINAL_001464,PHISHING_LINK_0055,"Đơn hàng của mệ gặp lỗi, bấm vào <LINK> để cập nhật thông tin nhận hàng.",SCAM,PHISHING_LINK,HIGH,Dụ người dùng bấm link lạ để đánh cắp thông tin.,<LINK>; bấm link; đăng nhập,Không bấm link lạ. Chỉ truy cập website hoặc ứng dụng chính thức.,technical_confusion; urgency,credential_theft; malware_install,elderly,CENTRAL,NONE,vietnamese_synthetic,self-created,True,no_pii,train
FINAL_000464,SUSPICIOUS_0150,Bác gửi thông tin để bên em cập nhật hồ sơ Mã tham chiếu 1150.,SUSPICIOUS,UNKNOWN,MEDIUM,Nội dung có yêu cầu xác minh hoặc cung cấp thông tin nhưng chưa đủ bằng chứng kết luận lừa đảo.,xác minh; thông tin cá nhân; đường dẫn; phản hồi sớm,Cần kiểm tra nguồn gửi. Không cung cấp thông tin nhạy cảm nếu chưa xác minh.,uncertainty; possible_social_engineering,privacy_leak,general,NORTH,NONE,vietnamese_synthetic,self-created,True,no_pii,train
FINAL_001398,SAFE_0173,"Mã đơn hàng của chú là 123456, hàng sẽ giao trong hôm nay khi nào rảnh nha.",SAFE,NONE,LOW,Nội dung bình thường hoặc không có yêu cầu nguy hiểm.,,Không cần cảnh báo. Có thể tiếp tục trò chuyện bình thường.,none,none,general,STANDARD,NONE,vietnamese_synthetic,self-created,True,no_pii,test
FINAL_000705,SAFE_0307,"Cô ơi, tối nay cả nhà gọi video nhé khi nào rảnh nha.",SAFE,NONE,LOW,Nội dung bình thường hoặc không có yêu cầu nguy hiểm.,,Không cần cảnh báo. Có thể tiếp tục trò chuyện bình thường.,none,none,general,NORTH,ABBREVIATION,vietnamese_synthetic,self-created,True,no_pii,train
FINAL_000627,JOB_SCAM_0019,"Viec nhe luong cao, o dong phi ho so la co the bat dau ngay.",SCAM,JOB_SCAM,MEDIUM,"Lừa việc làm online, yêu cầu đóng phí hoặc nạp tiền trước.",nạp trước; đóng phí; kích hoạt tài khoản,Không đóng phí để nhận việc. Kiểm tra công ty và hợp đồng rõ ràng.,financial_pressure; false_promise,financial_loss,elderly,CENTRAL,NO_DIACRITICS,vietnamese_synthetic,self-created,True,no_pii,train
FINAL_001610,SUSPICIOUS_0096,"Tai khoan cua bac co dau hieu bat thuong, vui long phan hoi som.",SUSPICIOUS,UNKNOWN,MEDIUM,Nội dung có yêu cầu xác minh hoặc cung cấp thông tin nhưng chưa đủ bằng chứng kết luận lừa đảo.,xác minh; thông tin cá nhân; đường dẫn; phản hồi sớm,Cần kiểm tra nguồn gửi. Không cung cấp thông tin nhạy cảm nếu chưa xác minh.,uncertainty; possible_social_engineering,privacy_leak,general,CENTRAL,NO_DIACRITICS,vietnamese_synthetic,self-created,True,no_pii,train
FINAL_001247,SAFE_0376,"Ngân hàng thông báo bảo trì hệ thống vào tối nay, không yêu cầu cung cấp thông tin Mã tham chiếu 976.",SAFE,NONE,LOW,Nội dung bình thường hoặc không có yêu cầu nguy hiểm.,,Không cần cảnh báo. Có thể tiếp tục trò chuyện bình thường.,none,none,general,CENTRAL,NONE,vietnamese_synthetic,self-created,True,no_pii,train
FINAL_001474,SAFE_0082,Con đã chuyển tiền mua thuốc cho mẹ rồi ạ.,SAFE,NONE,LOW,Nội dung bình thường hoặc không có yêu cầu nguy hiểm.,,Không cần cảnh báo. Có thể tiếp tục trò chuyện bình thường.,none,none,general,STANDARD,NONE,vietnamese_synthetic,self-created,True,no_pii,valid
FINAL_001340,INVESTMENT_0570,"Bác đầu tư 3 triệu hôm nay, cam kết nhận lãi 30% sau một tuần Bên cháu đang chờ phản hồi.",SCAM,INVESTMENT,HIGH,Hứa lợi nhuận cao bất thường và yêu cầu nạp/chuyển tiền.,lãi 30%; lợi nhuận cao; nạp tiền; chuyển tiền,Không chuyển tiền vào kênh đầu tư không rõ pháp lý. Hỏi người thân hoặc chuyên gia tài chính.,greed; false_promise,financial_loss,elderly,STANDARD,NONE,vietnamese_synthetic,self-created,True,no_pii,train
FINAL_000112,JOB_SCAM_0353,"Bên em tuyển cộng tác viên tại nhà, cần ck kích hoạt tk Làm ngay giúp bên cháu.",SCAM,JOB_SCAM,MEDIUM,"Lừa việc làm online, yêu cầu đóng phí hoặc nạp tiền trước.",nạp trước; đóng phí; kích hoạt tài khoản,Không đóng phí để nhận việc. Kiểm tra công ty và hợp đồng rõ ràng.,financial_pressure; false_promise,financial_loss,elderly,NORTH,ABBREVIATION,vietnamese_synthetic,self-created,True,no_pii,valid
FINAL_000419,SAFE_0242,Bác nhớ uống thuốc đúng giờ nha nha.,SAFE,NONE,LOW,Nội dung bình thường hoặc không có yêu cầu nguy hiểm.,,Không cần cảnh báo. Có thể tiếp tục trò chuyện bình thường.,none,none,general,STANDARD,NONE,vietnamese_synthetic,self-created,True,no_pii,train
FINAL_001241,FAKE_POLICE_0001,"Bên viện kiểm sát yêu cầu bác hợp tác ngay, nếu không sẽ bị phong tỏa tài sản.",SCAM,FAKE_POLICE,HIGH,"Giả danh cơ quan chức năng, đe dọa và yêu cầu chuyển tiền.",công an; viện kiểm sát; vụ án; chuyển tiền,Không chuyển tiền. Gọi người thân hoặc cơ quan công an địa phương để xác minh.,authority_impersonation; fear; secrecy,financial_loss,elderly,STANDARD,NONE,vietnamese_synthetic,self-created,True,no_pii,train
FINAL_000680,FAKE_POLICE_0222,"Bên viện kiểm sát yêu cầu cô hợp tác ngay, nếu không sẽ bị phong tỏa tài sản.",SCAM,FAKE_POLICE,HIGH,"Giả danh cơ quan chức năng, đe dọa và yêu cầu chuyển tiền.",công an; viện kiểm sát; vụ án; chuyển tiền,Không chuyển tiền. Gọi người thân hoặc cơ quan công an địa phương để xác minh.,authority_impersonation; fear; secrecy,financial_loss,elderly,NORTH,NONE,vietnamese_synthetic,self-created,True,no_pii,train
FINAL_000152,FAKE_POLICE_0363,"Chung toi la cong an, ma dang lien quan den vu an rua tien, can chuyen tien de dieu tra.",SCAM,FAKE_POLICE,HIGH,"Giả danh cơ quan chức năng, đe dọa và yêu cầu chuyển tiền.",công an; viện kiểm sát; vụ án; chuyển tiền,Không chuyển tiền. Gọi người thân hoặc cơ quan công an địa phương để xác minh.,authority_impersonation; fear; secrecy,financial_loss,elderly,SOUTH,NO_DIACRITICS,vietnamese_synthetic,self-created,True,no_pii,train
FINAL_000136,SAFE_0230,Chu nho uong thuoc dung gio nha nhé.,SAFE,NONE,LOW,Nội dung bình thường hoặc không có yêu cầu nguy hiểm.,,Không cần cảnh báo. Có thể tiếp tục trò chuyện bình thường.,none,none,general,NORTH,NO_DIACRITICS,vietnamese_synthetic,self-created,True,no_pii,train
FINAL_001221,SAFE_0201,Con gửi link bài báo này cho cô đọc thử cho con biết nhé.,SAFE,NONE,LOW,Nội dung bình thường hoặc không có yêu cầu nguy hiểm.,,Không cần cảnh báo. Có thể tiếp tục trò chuyện bình thường.,none,none,general,NORTH,ABBREVIATION,vietnamese_synthetic,self-created,True,no_pii,test
FINAL_000826,SAFE_0070,"Con đặt xe cho mệ rồi, tài xế sẽ đến trong 10 phút.",SAFE,NONE,LOW,Nội dung bình thường hoặc không có yêu cầu nguy hiểm.,,Không cần cảnh báo. Có thể tiếp tục trò chuyện bình thường.,none,none,general,CENTRAL,NONE,vietnamese_synthetic,self-created,True,no_pii,train
FINAL_001508,SUSPICIOUS_0174,Cô bấm vào đường dẫn này để xem chi tiết chương trình trong hôm nay giúp em.,SUSPICIOUS,UNKNOWN,MEDIUM,Nội dung có yêu cầu xác minh hoặc cung cấp thông tin nhưng chưa đủ bằng chứng kết luận lừa đảo.,xác minh; thông tin cá nhân; đường dẫn; phản hồi sớm,Cần kiểm tra nguồn gửi. Không cung cấp thông tin nhạy cảm nếu chưa xác minh.,uncertainty; possible_social_engineering,privacy_leak,general,STANDARD,NONE,vietnamese_synthetic,self-created,True,no_pii,train
FINAL_000955,SELF_PRIZE_GIFT_0005,"Đoạn tn bắt đầu bằng lời hỏi thăm sức khỏe của cô, sau đó người gửi giả danh siêu thị hoặc hãng điện thoại tặng quà cho người lớn tuổi. Trong các tin tiếp theo, họ yêu cầu cô chuyển phí vận chuyển vào <BANK_ACCOUNT>. Họ nói phần thưởng chỉ giữ trong hôm nay nên phải làm ngay.",SCAM,PRIZE_GIFT,HIGH,Lấy lý do trúng thưởng/nhận quà để yêu cầu đóng phí hoặc cung cấp thông tin.,trúng thưởng; nhận quà; phí vận chuyển; thông tin cá nhân,Không chuyển phí nhận thưởng. Kiểm tra chương trình trên kênh chính thức.,greed; false_promise; urgency,financial_loss; privacy_leak,elderly,NORTH,ABBREVIATION,self_created_long_context_based_on_public_warning_taxonomy,self-created,True,no_pii,test
FINAL_000980,SELF_EMERGENCY_MONEY_0009,"Đoạn tin nhắn bắt đầu bằng lời hỏi thăm sức khỏe của chú, sau đó người gửi nói vừa gây tai nạn ngoài đường, cần tiền bồi thường ngay để được về. Trong các tin tiếp theo, họ yêu cầu chú gửi tiền qua ví điện tử để xử lý trước khi người nhà biết. Tin nhắn thúc liên tục, mỗi vài phút lại hỏi đã chuyển chưa.",SCAM,EMERGENCY_MONEY,HIGH,Giả danh người thân hoặc dùng tình huống khẩn cấp để yêu cầu chuyển tiền.,đang cấp cứu; chuyển gấp; đừng gọi lại; cần tiền ngay,Không chuyển tiền vội. Gọi trực tiếp cho người thân qua số quen thuộc hoặc hỏi người trong gia đình.,trust_abuse; urgency; secrecy; fear,financial_loss,elderly,SOUTH,NONE,self_created_long_context_based_on_public_warning_taxonomy,self-created,True,no_pii,train
FINAL_001354,FAKE_POLICE_0400,"Cô/chú cứ bình tĩnh, bên cháu hỗ trợ nhanh thôi. Chúng tôi là công an, má đang liên quan đến vụ án rửa tiền, cần chuyển tiền để điều tra. Làm ngay để tránh bị khóa dịch vụ.",SCAM,FAKE_POLICE,HIGH,"Giả danh cơ quan chức năng, đe dọa và yêu cầu chuyển tiền.",công an; viện kiểm sát; vụ án; chuyển tiền,Không chuyển tiền. Gọi người thân hoặc cơ quan công an địa phương để xác minh.,authority_impersonation; fear; secrecy,financial_loss,elderly,SOUTH,LONG_CONTEXT,vietnamese_synthetic,self-created,True,no_pii,train
FINAL_000695,SELF_SUSPICIOUS_0006,"Bài chia sẻ kể có nhân viên tự xưng bên dịch vụ khách hàng gọi đến, nói sẽ hỗ trợ cập nhật thông tin cho ba. Người này nói chuyện khá lịch sự nhưng dùng số lạ và không cung cấp được mã nhân viên. Chưa có yêu cầu tiền, nhưng có dấu hiệu cần cảnh giác.",SUSPICIOUS,UNKNOWN,MEDIUM,Có yêu cầu xác minh/cung cấp thông tin nhưng chưa đủ dữ kiện kết luận lừa đảo.,xác minh; thông tin cá nhân; trong hôm nay,Cần kiểm tra nguồn gửi. Không cung cấp thông tin nhạy cảm nếu chưa xác minh.,uncertainty; possible_social_engineering,privacy_leak,general,SOUTH,NONE,self_created_long_context_based_on_public_warning_taxonomy,self-created,True,no_pii,train
FINAL_001238,SELF_OTP_BANK_0012,"Doan tin nhan bat dau bang loi hoi tham suc khoe cua co, sau do nguoi gui gui tin nhan giong brandname ngan hang, yeu cau cap nhat ho so trong ngay. Trong cac tin tiep theo, ho noi co phai gui anh man hinh tin nhan ngan hang de kiem tra. Neu khong lam ngay, ho doa tai khoang se bi khoa va khong rut duoc tien.",SCAM,OTP_BANK,HIGH,Yêu cầu cung cấp OTP/mã xác nhận hoặc thông tin ngân hàng cho người lạ.,mã OTP; mã xác nhận; tài khoản ngân hàng; xác minh ngay,"Không cung cấp OTP, mật khẩu hoặc mã xác nhận. Gọi trực tiếp tổng đài chính thức của ngân hàng.",urgency; technical_confusion; authority_impersonation,credential_theft; financial_loss,elderly,NORTH,TYPO,self_created_long_context_based_on_public_warning_taxonomy,self-created,True,no_pii,valid
FINAL_000701,JOB_SCAM_0599,"Việc nhẹ lương cao, cô đóng phí hồ sơ là có thể bắt đầu ngay. please check now",SCAM,JOB_SCAM,MEDIUM,"Lừa việc làm online, yêu cầu đóng phí hoặc nạp tiền trước.",nạp trước; đóng phí; kích hoạt tài khoản,Không đóng phí để nhận việc. Kiểm tra công ty và hợp đồng rõ ràng.,financial_pressure; false_promise,financial_loss,elderly,NORTH,CODE_SWITCHING,vietnamese_synthetic,self-created,True,no_pii,train
FINAL_000507,SELF_SAFE_0050,"Bài chia sẻ trong nhóm gia đình kể rằng con cháu nhắc chú đi khám định kỳ. Nội dung chỉ có lịch hẹn, địa chỉ bệnh viện và lời dặn mang theo giấy tờ. Không có yêu cầu chuyển tiền, không có link lạ và không hỏi mã xác nhận. Mã tình huống tham khảo: SELF_000290.",SAFE,NONE,LOW,"Nội dung chăm sóc gia đình bình thường, không yêu cầu hành động rủi ro.",lịch hẹn; không yêu cầu chuyển tiền; không có link lạ,"Không cần cảnh báo mạnh. Có thể tiếp tục trò chuyện bình thường, nhưng vẫn nhắc người dùng không chia sẻ OTP nếu cần.",none,none,general,NORTH,NONE,self_created_long_context_hard_negative,self-created,True,no_pii,valid
FINAL_000849,SAFE_0315,"Hôm nay trời mưa, cô nhớ mang áo mưa cho con biết nhé.",SAFE,NONE,LOW,Nội dung bình thường hoặc không có yêu cầu nguy hiểm.,,Không cần cảnh báo. Có thể tiếp tục trò chuyện bình thường.,none,none,general,STANDARD,NONE,vietnamese_synthetic,self-created,True,no_pii,train
FINAL_000854,LOAN_SCAM_0531,"Bác được duyệt vay 50 triệu, cần đóng phí bảo hiểm trước để giải ngân Không nên chia sẻ việc này với ai.",SCAM,LOAN_SCAM,HIGH,"Lừa vay tiền, yêu cầu đóng phí trước hoặc gửi giấy tờ cá nhân.",đóng phí; giải ngân; gửi CCCD; phí hồ sơ,Không gửi giấy tờ cá nhân hoặc đóng phí trước cho dịch vụ vay không rõ nguồn.,financial_pressure; urgency,financial_loss; identity_theft,elderly,CENTRAL,NONE,vietnamese_synthetic,self-created,True,no_pii,train
FINAL_001227,SELF_PHISHING_LINK_0002,Bai chia se mo ta mot truong hop nguoi cao tuoi nhan duoc cuoc goi la: nguoi goi gui tin nhan bao don hang giao khong thanh cong va can cap nhat dia chi. Sau do ho yeu cau chu bam vao <LINK> de dang nhap va cap nhat thong tin. Tin nhan ghi ho so se het han sau 30 phut neu khong xac mih. Gia dinh nghi ngo day la tinh huong lua dao vi noi dung tao ap luc va yeu cau hanh dong lien quan den tien hoac thong tin nhay cam.,SCAM,PHISHING_LINK,HIGH,Dụ bấm link lạ để đăng nhập/cập nhật thông tin và đánh cắp dữ liệu.,<LINK>; bấm link; cập nhật thông tin; đăng nhập,Không bấm link lạ. Mở ứng dụng chính thức hoặc gõ trực tiếp địa chỉ website chính thức.,technical_confusion; urgency; false_promise,credential_theft; privacy_leak; malware_install,elderly,STANDARD,TYPO,self_created_long_context_based_on_public_warning_taxonomy,self-created,True,no_pii,test
FINAL_001502,SAFE_0333,Con gửi link bài báo này cho cô đọc thử Mã tham chiếu 933.,SAFE,NONE,LOW,Nội dung bình thường hoặc không có yêu cầu nguy hiểm.,,Không cần cảnh báo. Có thể tiếp tục trò chuyện bình thường.,none,none,general,STANDARD,ABBREVIATION,vietnamese_synthetic,self-created,True,no_pii,train
FINAL_001306,SELF_SAFE_0021,"Bài đăng của tổ dân phố nhắc người dân cảnh giác với cuộc gọi tự xưng công an và ko ck theo hướng dẫn qua điện thoại. Nội dung là tuyên truyền phòng tránh, ko phải yêu cầu thực hiện giao dịch. Mã tình huống tham khảo: SELF_000261.",SAFE,NONE,LOW,"Nội dung cảnh báo cộng đồng, không phải hành vi lừa đảo trực tiếp.",cảnh giác; không chuyển tiền; tuyên truyền phòng tránh,"Không cần cảnh báo mạnh. Có thể tiếp tục trò chuyện bình thường, nhưng vẫn nhắc người dùng không chia sẻ OTP nếu cần.",none,none,general,CENTRAL,ABBREVIATION,self_created_long_context_hard_negative,self-created,True,no_pii,train
FINAL_000990,SUSPICIOUS_0083,Ben em can co xac nhan giao dich nay ngay hom nay.,SUSPICIOUS,UNKNOWN,MEDIUM,Nội dung có yêu cầu xác minh hoặc cung cấp thông tin nhưng chưa đủ bằng chứng kết luận lừa đảo.,xác minh; thông tin cá nhân; đường dẫn; phản hồi sớm,Cần kiểm tra nguồn gửi. Không cung cấp thông tin nhạy cảm nếu chưa xác minh.,uncertainty; possible_social_engineering,privacy_leak,general,SOUTH,NO_DIACRITICS,vietnamese_synthetic,self-created,True,no_pii,test
FINAL_001225,SUSPICIOUS_0020,Ben em can kiem tra thong tin ca nhan cua bac de ho tro.,SUSPICIOUS,UNKNOWN,MEDIUM,Nội dung có yêu cầu xác minh hoặc cung cấp thông tin nhưng chưa đủ bằng chứng kết luận lừa đảo.,xác minh; thông tin cá nhân; đường dẫn; phản hồi sớm,Cần kiểm tra nguồn gửi. Không cung cấp thông tin nhạy cảm nếu chưa xác minh.,uncertainty; possible_social_engineering,privacy_leak,general,CENTRAL,TYPO,vietnamese_synthetic,self-created,True,no_pii,valid
FINAL_000760,SAFE_0100,"Ngân hàng thông báo bảo trì hệ thống vào tối nay, không yêu cầu cung cấp thông tin tối con gọi lại nhé.",SAFE,NONE,LOW,Nội dung bình thường hoặc không có yêu cầu nguy hiểm.,,Không cần cảnh báo. Có thể tiếp tục trò chuyện bình thường.,none,none,general,STANDARD,NONE,vietnamese_synthetic,self-created,True,no_pii,train
FINAL_001214,SUSPICIOUS_0013,Má bấm vào đường dẫn này để xem chi tiết chương trình.,SUSPICIOUS,UNKNOWN,MEDIUM,Nội dung có yêu cầu xác minh hoặc cung cấp thông tin nhưng chưa đủ bằng chứng kết luận lừa đảo.,xác minh; thông tin cá nhân; đường dẫn; phản hồi sớm,Cần kiểm tra nguồn gửi. Không cung cấp thông tin nhạy cảm nếu chưa xác minh.,uncertainty; possible_social_engineering,privacy_leak,general,SOUTH,NONE,vietnamese_synthetic,self-created,True,no_pii,test
FINAL_000717,SELF_SUSPICIOUS_0014,"Một người nhắn cho mệ nói hồ sơ tài khoản cần xác minh lại trong hôm nay. Họ chưa yêu cầu OTP hay chuyển tiền, nhưng đề nghị mệ chuẩn bị số căn cước và thông tin ngân hàng. Nội dung thiếu tên đơn vị rõ ràng nên cần kiểm tra lại nguồn gửi.",SUSPICIOUS,UNKNOWN,MEDIUM,Có yêu cầu xác minh/cung cấp thông tin nhưng chưa đủ dữ kiện kết luận lừa đảo.,xác minh; thông tin cá nhân; trong hôm nay,Cần kiểm tra nguồn gửi. Không cung cấp thông tin nhạy cảm nếu chưa xác minh.,uncertainty; possible_social_engineering,privacy_leak,general,CENTRAL,NONE,self_created_long_context_based_on_public_warning_taxonomy,self-created,True,no_pii,train
FINAL_001555,SUSPICIOUS_0037,Em có cơ hội đầu tư muốn giới thiệu cho bác nếu cần em sẽ hướng dẫn thêm.,SUSPICIOUS,UNKNOWN,MEDIUM,Nội dung có yêu cầu xác minh hoặc cung cấp thông tin nhưng chưa đủ bằng chứng kết luận lừa đảo.,xác minh; thông tin cá nhân; đường dẫn; phản hồi sớm,Cần kiểm tra nguồn gửi. Không cung cấp thông tin nhạy cảm nếu chưa xác minh.,uncertainty; possible_social_engineering,privacy_leak,general,STANDARD,NONE,vietnamese_synthetic,self-created,True,no_pii,test
FINAL_001269,SAFE_0181,Má nhớ uống thuốc đúng giờ nha nha.,SAFE,NONE,LOW,Nội dung bình thường hoặc không có yêu cầu nguy hiểm.,,Không cần cảnh báo. Có thể tiếp tục trò chuyện bình thường.,none,none,general,SOUTH,ABBREVIATION,vietnamese_synthetic,self-created,True,no_pii,train
FINAL_000264,SAFE_0158,Con da chuyen tien mua thuoc cho me roi khi nào rảnh nha.,SAFE,NONE,LOW,Nội dung bình thường hoặc không có yêu cầu nguy hiểm.,,Không cần cảnh báo. Có thể tiếp tục trò chuyện bình thường.,none,none,general,STANDARD,TYPO,vietnamese_synthetic,self-created,True,no_pii,train
FINAL_000527,PHISHING_LINK_0575,"Cô/chú cứ bình tĩnh, bên cháu hỗ trợ nhanh thôi. Bác bấm link <LINK> để xác minh tài khoản trước khi bị khóa. Làm ngay để tránh bị khóa dịch vụ.",SCAM,PHISHING_LINK,HIGH,Dụ người dùng bấm link lạ để đánh cắp thông tin.,<LINK>; bấm link; đăng nhập,Không bấm link lạ. Chỉ truy cập website hoặc ứng dụng chính thức.,technical_confusion; urgency,credential_theft; malware_install,elderly,NORTH,LONG_CONTEXT,vietnamese_synthetic,self-created,True,no_pii,test
FINAL_000205,PRIZE_GIFT_0535,"Chú được chọn nhận phần thưởng 20 triệu, vui lòng đóng phí hồ sơ trước Bên cháu đang chờ phản hồi.",SCAM,PRIZE_GIFT,HIGH,Dùng quà tặng hoặc trúng thưởng để dụ cung cấp thông tin hoặc chuyển phí.,trúng thưởng; nhận quà; đóng phí; chuyển phí,Không chuyển phí hoặc cung cấp thông tin cá nhân để nhận quà không rõ nguồn.,greed; urgency,financial_loss; privacy_leak,elderly,STANDARD,NONE,vietnamese_synthetic,self-created,True,no_pii,train
FINAL_000019,SUSPICIOUS_0156,Ba bấm vào đường dẫn này để xem chi tiết chương trình.,SUSPICIOUS,UNKNOWN,MEDIUM,Nội dung có yêu cầu xác minh hoặc cung cấp thông tin nhưng chưa đủ bằng chứng kết luận lừa đảo.,xác minh; thông tin cá nhân; đường dẫn; phản hồi sớm,Cần kiểm tra nguồn gửi. Không cung cấp thông tin nhạy cảm nếu chưa xác minh.,uncertainty; possible_social_engineering,privacy_leak,general,SOUTH,NONE,vietnamese_synthetic,self-created,True,no_pii,train
FINAL_000456,SELF_SAFE_0041,"Mot thong bao ngan hang noi he thong bao tri vao ban dem va khuyen cao khach hang khong cung cap OTP cho bat ky ai. Tin nhan khong co duong link dang nhap, khong yeu cau goi so la va khong yeu cau thao tac gap. Mã tình huống tham khảo: SELF_000281.",SAFE,NONE,LOW,"Thông báo an toàn, còn có nội dung cảnh báo không cung cấp OTP.",bảo trì; không cung cấp OTP; không có đường link,"Không cần cảnh báo mạnh. Có thể tiếp tục trò chuyện bình thường, nhưng vẫn nhắc người dùng không chia sẻ OTP nếu cần.",none,none,general,NORTH,TYPO,self_created_long_context_hard_negative,self-created,True,no_pii,test
FINAL_001559,SELF_PRIZE_GIFT_0018,"Ba kể lại rằng có người gọi điện trong lúc ở nhà một mình. Người này giả danh siêu thị hoặc hãng điện thoại tặng quà cho người lớn tuổi, nói chuyện rất tự tin và dùng nhiều từ ngữ giống cơ quan chính thức. Tiếp theo họ bảo ba gửi căn cước, địa chỉ nhà và số account để nhận thưởng. Họ nói phần thưởng chỉ giữ trong hôm nay nên phải làm ngay.",SCAM,PRIZE_GIFT,HIGH,Lấy lý do trúng thưởng/nhận quà để yêu cầu đóng phí hoặc cung cấp thông tin.,trúng thưởng; nhận quà; phí vận chuyển; thông tin cá nhân,Không chuyển phí nhận thưởng. Kiểm tra chương trình trên kênh chính thức.,greed; false_promise; urgency,financial_loss; privacy_leak,elderly,SOUTH,CODE_SWITCHING,self_created_long_context_based_on_public_warning_taxonomy,self-created,True,no_pii,train
FINAL_000708,SELF_PHISHING_LINK_0015,"Bài chia sẻ mô tả một trường hợp người cao tuổi nhận được cuộc gọi lạ: người gọi gửi thông báo hoàn tiền điện/nước và yêu cầu xác nhận qua đường dẫn. Sau đó họ bảo o nhập số điện thoại, căn cước và mã xác nhận trên trang lạ. Tin nhắn ghi hồ sơ sẽ hết hạn sau 30 phút nếu ko xm. Gia đình nghi ngờ đây là tình huống lừa đảo vì nội dung tạo áp lực và yêu cầu hành động liên quan đến tiền hoặc thông tin nhạy cảm.",SCAM,PHISHING_LINK,HIGH,Dụ bấm link lạ để đăng nhập/cập nhật thông tin và đánh cắp dữ liệu.,<LINK>; bấm link; cập nhật thông tin; đăng nhập,Không bấm link lạ. Mở ứng dụng chính thức hoặc gõ trực tiếp địa chỉ website chính thức.,technical_confusion; urgency; false_promise,credential_theft; privacy_leak; malware_install,elderly,CENTRAL,ABBREVIATION,self_created_long_context_based_on_public_warning_taxonomy,self-created,True,no_pii,valid
FINAL_001260,EMERGENCY_MONEY_0237,"Cô ơi con bị tai nạn, gửi tiền ngay vào stk này giúp con Làm ngay giúp bên cháu.",SCAM,EMERGENCY_MONEY,HIGH,"Giả danh người thân, tạo tình huống khẩn cấp và yêu cầu chuyển tiền.",cấp cứu; chuyển gấp; đừng gọi lại; khẩn cấp,Không chuyển tiền vội. Gọi trực tiếp cho người thân qua số quen thuộc để xác minh.,urgency; trust_abuse; secrecy,financial_loss,elderly,SOUTH,ABBREVIATION,vietnamese_synthetic,self-created,True,no_pii,train
FINAL_000080,JOB_SCAM_0039,"Cô chỉ cần làm nhiệm vụ online, nạp trước 300 nghìn để nhận việc.",SCAM,JOB_SCAM,MEDIUM,"Lừa việc làm online, yêu cầu đóng phí hoặc nạp tiền trước.",nạp trước; đóng phí; kích hoạt tài khoản,Không đóng phí để nhận việc. Kiểm tra công ty và hợp đồng rõ ràng.,financial_pressure; false_promise,financial_loss,elderly,SOUTH,NONE,vietnamese_synthetic,self-created,True,no_pii,train
FINAL_000567,LOAN_SCAM_0121,Ba muốn vay nhanh không cần gặp mặt thì gửi CCCD và phí hồ sơ trước.,SCAM,LOAN_SCAM,HIGH,"Lừa vay tiền, yêu cầu đóng phí trước hoặc gửi giấy tờ cá nhân.",đóng phí; giải ngân; gửi CCCD; phí hồ sơ,Không gửi giấy tờ cá nhân hoặc đóng phí trước cho dịch vụ vay không rõ nguồn.,financial_pressure; urgency,financial_loss; identity_theft,elderly,SOUTH,NONE,vietnamese_synthetic,self-created,True,no_pii,train
FINAL_000296,SUSPICIOUS_0072,"Tai khoan cua ba co dau hieu bat thuong, vui long phan hoi som.",SUSPICIOUS,UNKNOWN,MEDIUM,Nội dung có yêu cầu xác minh hoặc cung cấp thông tin nhưng chưa đủ bằng chứng kết luận lừa đảo.,xác minh; thông tin cá nhân; đường dẫn; phản hồi sớm,Cần kiểm tra nguồn gửi. Không cung cấp thông tin nhạy cảm nếu chưa xác minh.,uncertainty; possible_social_engineering,privacy_leak,general,SOUTH,NO_DIACRITICS,vietnamese_synthetic,self-created,True,no_pii,train
FINAL_001487,SAFE_0056,Chu kiem tra giup con lich hen kham benh ngai mai nhe.,SAFE,NONE,LOW,Nội dung bình thường hoặc không có yêu cầu nguy hiểm.,,Không cần cảnh báo. Có thể tiếp tục trò chuyện bình thường.,none,none,general,SOUTH,TYPO,vietnamese_synthetic,self-created,True,no_pii,train
FINAL_001138,FAKE_POLICE_0215,"Chúng tôi là công an, cô đang liên quan đến vụ án rửa tiền, cần chuyển tiền để điều tra Làm ngay giúp bên cháu.",SCAM,FAKE_POLICE,HIGH,"Giả danh cơ quan chức năng, đe dọa và yêu cầu chuyển tiền.",công an; viện kiểm sát; vụ án; chuyển tiền,Không chuyển tiền. Gọi người thân hoặc cơ quan công an địa phương để xác minh.,authority_impersonation; fear; secrecy,financial_loss,elderly,STANDARD,NONE,vietnamese_synthetic,self-created,True,no_pii,train
FINAL_000780,SAFE_0362,"Mã đơn hàng của o là 123456, hàng sẽ giao trong hôm nay nha.",SAFE,NONE,LOW,Nội dung bình thường hoặc không có yêu cầu nguy hiểm.,,Không cần cảnh báo. Có thể tiếp tục trò chuyện bình thường.,none,none,general,CENTRAL,NONE,vietnamese_synthetic,self-created,True,no_pii,valid
FINAL_000056,INVESTMENT_0227,"Chú tham gia nhóm đầu tư nội bộ, lợi nhuận chắc chắn không rủi ro.",SCAM,INVESTMENT,HIGH,Hứa lợi nhuận cao bất thường và yêu cầu nạp/chuyển tiền.,lãi 30%; lợi nhuận cao; nạp tiền; chuyển tiền,Không chuyển tiền vào kênh đầu tư không rõ pháp lý. Hỏi người thân hoặc chuyên gia tài chính.,greed; false_promise,financial_loss,elderly,NORTH,NONE,vietnamese_synthetic,self-created,True,no_pii,train
FINAL_000477,OTP_BANK_0105,"Ngân hàng cần kiểm tra bảo mật, bác cung cấp mã OTP ngay để tránh khóa tài khoản.",SCAM,OTP_BANK,HIGH,Yêu cầu cung cấp OTP hoặc mã xác nhận ngân hàng.,mã OTP; mã xác nhận; dãy 6 số,Không cung cấp OTP hoặc mã xác nhận. Gọi trực tiếp ngân hàng để kiểm tra.,urgency; technical_confusion,credential_theft,elderly,STANDARD,NONE,vietnamese_synthetic,self-created,True,no_pii,train
FINAL_001347,SAFE_0296,Con đã chuyển tiền mua thuốc cho mẹ rồi Mã tham chiếu 896.,SAFE,NONE,LOW,Nội dung bình thường hoặc không có yêu cầu nguy hiểm.,,Không cần cảnh báo. Có thể tiếp tục trò chuyện bình thường.,none,none,general,STANDARD,NONE,vietnamese_synthetic,self-created,True,no_pii,train
FINAL_001292,SAFE_0103,"Con dat xe cho ma roi, tai xe se den trong 10 phut.",SAFE,NONE,LOW,Nội dung bình thường hoặc không có yêu cầu nguy hiểm.,,Không cần cảnh báo. Có thể tiếp tục trò chuyện bình thường.,none,none,general,SOUTH,NO_DIACRITICS,vietnamese_synthetic,self-created,True,no_pii,train
FINAL_000531,LOAN_SCAM_0313,"Mệ được duyệt vay 50 triệu, cần đóng phí bảo hiểm trước để giải ngân.",SCAM,LOAN_SCAM,HIGH,"Lừa vay tiền, yêu cầu đóng phí trước hoặc gửi giấy tờ cá nhân.",đóng phí; giải ngân; gửi CCCD; phí hồ sơ,Không gửi giấy tờ cá nhân hoặc đóng phí trước cho dịch vụ vay không rõ nguồn.,financial_pressure; urgency,financial_loss; identity_theft,elderly,CENTRAL,ABBREVIATION,vietnamese_synthetic,self-created,True,no_pii,train
FINAL_000496,LOAN_SCAM_0173,"Ho so vay cua ba da duoc chap nhan, chuyen phi xac minh de nhan tien.",SCAM,LOAN_SCAM,HIGH,"Lừa vay tiền, yêu cầu đóng phí trước hoặc gửi giấy tờ cá nhân.",đóng phí; giải ngân; gửi CCCD; phí hồ sơ,Không gửi giấy tờ cá nhân hoặc đóng phí trước cho dịch vụ vay không rõ nguồn.,financial_pressure; urgency,financial_loss; identity_theft,elderly,SOUTH,NO_DIACRITICS,vietnamese_synthetic,self-created,True,no_pii,train
FINAL_000289,SELF_JOB_SCAM_0002,"Chú kể lại rằng có người gọi điện trong lúc ở nhà một mình. Người này giả danh sàn thương mại điện tử tuyển người xử lý đơn hàng, nói chuyện rất tự tin và dùng nhiều từ ngữ giống cơ quan chính thức. Tiếp theo họ đề nghị chú tăng số tiền nhiệm vụ để được rút hoa hồng. Sau đó số tiền nhiệm vụ tăng nhanh và không cho rút nếu chưa nạp thêm.",SCAM,JOB_SCAM,MEDIUM,"Lừa tuyển cộng tác viên/việc nhẹ lương cao, yêu cầu nạp tiền hoặc làm nhiệm vụ.",việc nhẹ lương cao; nạp tiền; nhiệm vụ; hoàn tiền,Không đóng phí để nhận việc. Kiểm tra thông tin công ty và hợp đồng rõ ràng.,financial_pressure; false_promise; gamification,financial_loss,elderly,SOUTH,NONE,self_created_long_context_based_on_public_warning_taxonomy,self-created,True,no_pii,train
FINAL_000076,JOB_SCAM_0476,"Bác nhận job online, hoàn thành đơn đầu tiên sẽ được hoàn tiền và thưởng Làm ngay giúp bên cháu.",SCAM,JOB_SCAM,MEDIUM,"Lừa việc làm online, yêu cầu đóng phí hoặc nạp tiền trước.",nạp trước; đóng phí; kích hoạt tài khoản,Không đóng phí để nhận việc. Kiểm tra công ty và hợp đồng rõ ràng.,financial_pressure; false_promise,financial_loss,elderly,CENTRAL,OBFUSCATION,vietnamese_synthetic,self-created,True,no_pii,test
FINAL_000604,PRIZE_GIFT_0197,"Bên em tặng má phần quà tri ân, cần cung cấp thông tin cá nhân để nhận Làm ngay giúp bên cháu.",SCAM,PRIZE_GIFT,HIGH,Dùng quà tặng hoặc trúng thưởng để dụ cung cấp thông tin hoặc chuyển phí.,trúng thưởng; nhận quà; đóng phí; chuyển phí,Không chuyển phí hoặc cung cấp thông tin cá nhân để nhận quà không rõ nguồn.,greed; urgency,financial_loss; privacy_leak,elderly,SOUTH,OBFUSCATION,vietnamese_synthetic,self-created,True,no_pii,train
FINAL_000460,FAKE_POLICE_0408,"Bên viện kiểm sát yêu cầu cô hợp tác ngay, nếu không sẽ bị phong tỏa tài sản Làm ngay giúp bên cháu.",SCAM,FAKE_POLICE,HIGH,"Giả danh cơ quan chức năng, đe dọa và yêu cầu chuyển tiền.",công an; viện kiểm sát; vụ án; chuyển tiền,Không chuyển tiền. Gọi người thân hoặc cơ quan công an địa phương để xác minh.,authority_impersonation; fear; secrecy,financial_loss,elderly,SOUTH,NONE,vietnamese_synthetic,self-created,True,no_pii,train
FINAL_001401,SAFE_0025,Con gui link bai bao nay cho chu doc thu.,SAFE,NONE,LOW,Nội dung bình thường hoặc không có yêu cầu nguy hiểm.,,Không cần cảnh báo. Có thể tiếp tục trò chuyện bình thường.,none,none,general,NORTH,NO_DIACRITICS,vietnamese_synthetic,self-created,True,no_pii,train
FINAL_000443,SUSPICIOUS_0079,Bên em cần kiểm tra thông tin cá nhân của o để hỗ trợ.,SUSPICIOUS,UNKNOWN,MEDIUM,Nội dung có yêu cầu xác minh hoặc cung cấp thông tin nhưng chưa đủ bằng chứng kết luận lừa đảo.,xác minh; thông tin cá nhân; đường dẫn; phản hồi sớm,Cần kiểm tra nguồn gửi. Không cung cấp thông tin nhạy cảm nếu chưa xác minh.,uncertainty; possible_social_engineering,privacy_leak,general,CENTRAL,OBFUSCATION,vietnamese_synthetic,self-created,True,no_pii,train
FINAL_000913,SELF_DEEPFAKE_CALL_0003,"Bác kể lại rằng có người gọi điện trong lúc ở nhà một mình. Người này người gọi chỉ nói vài câu ngắn rồi tắt camera, bảo mạng yếu, nói chuyện rất tự tin và dùng nhiều từ ngữ giống cơ quan chính thức. Tiếp theo họ bảo bác không gọi lại vì đang ở nơi đông người và sắp hết pin. Toàn bộ cuộc gọi rất ngắn, chủ yếu tạo cảm giác cấp bách.",SCAM,DEEPFAKE_CALL,HIGH,Dùng cuộc gọi video/giọng nói giống người quen để yêu cầu tiền hoặc thông tin.,video mờ; giọng giống người thân; chuyển gấp; không gọi lại,Gọi lại bằng số quen thuộc hoặc hỏi câu riêng tư để xác minh. Không chuyển tiền trong lúc cuộc gọi chưa rõ.,trust_abuse; urgency; technical_deception,financial_loss,elderly,NORTH,NONE,self_created_long_context_based_on_public_warning_taxonomy,self-created,True,no_pii,valid
FINAL_001536,SAFE_0305,Con gửi link bài báo này cho chú đọc thử cho con biết nhé.,SAFE,NONE,LOW,Nội dung bình thường hoặc không có yêu cầu nguy hiểm.,,Không cần cảnh báo. Có thể tiếp tục trò chuyện bình thường.,none,none,general,NORTH,NONE,vietnamese_synthetic,self-created,True,no_pii,train
FINAL_001037,PHISHING_LINK_0580,Con hỏi thăm sức khỏe chút. Má cần đăng nhập vào <LINK> để kiểm tra giao dịch bất thường Làm ngay giúp bên cháu.,SCAM,PHISHING_LINK,HIGH,Dụ người dùng bấm link lạ để đánh cắp thông tin.,<LINK>; bấm link; đăng nhập,Không bấm link lạ. Chỉ truy cập website hoặc ứng dụng chính thức.,technical_confusion; urgency,credential_theft; malware_install,elderly,SOUTH,MIXED_INTENT,vietnamese_synthetic,self-created,True,no_pii,train
FINAL_001469,LOAN_SCAM_0346,"Bác được duyệt vay 50 triệu, cần đóng phí bảo hiểm trước để giải ngân Xử lý trong hôm nay giúp cháu.",SCAM,LOAN_SCAM,HIGH,"Lừa vay tiền, yêu cầu đóng phí trước hoặc gửi giấy tờ cá nhân.",đóng phí; giải ngân; gửi CCCD; phí hồ sơ,Không gửi giấy tờ cá nhân hoặc đóng phí trước cho dịch vụ vay không rõ nguồn.,financial_pressure; urgency,financial_loss; identity_theft,elderly,NORTH,NONE,vietnamese_synthetic,self-created,True,no_pii,train
FINAL_000981,OTP_BANK_0565,Chú đọc giúp cháu dãy 6 số vừa gửi về điện thoại để hoàn tất xác minh Xử lý trong hôm nay giúp cháu.,SCAM,OTP_BANK,HIGH,Yêu cầu cung cấp OTP hoặc mã xác nhận ngân hàng.,mã OTP; mã xác nhận; dãy 6 số,Không cung cấp OTP hoặc mã xác nhận. Gọi trực tiếp ngân hàng để kiểm tra.,urgency; technical_confusion,credential_theft,elderly,SOUTH,NONE,vietnamese_synthetic,self-created,True,no_pii,train
FINAL_000737,SAFE_0243,Con gui link bai bao nay cho chu doc thu nha.,SAFE,NONE,LOW,Nội dung bình thường hoặc không có yêu cầu nguy hiểm.,,Không cần cảnh báo. Có thể tiếp tục trò chuyện bình thường.,none,none,general,NORTH,NO_DIACRITICS,vietnamese_synthetic,self-created,True,no_pii,train
FINAL_000309,JOB_SCAM_0206,"Cô chỉ cần làm nhiệm vụ online, nạp trước 300 nghìn để nhận việc Làm ngay giúp bên cháu.",SCAM,JOB_SCAM,MEDIUM,"Lừa việc làm online, yêu cầu đóng phí hoặc nạp tiền trước.",nạp trước; đóng phí; kích hoạt tài khoản,Không đóng phí để nhận việc. Kiểm tra công ty và hợp đồng rõ ràng.,financial_pressure; false_promise,financial_loss,elderly,NORTH,OBFUSCATION,vietnamese_synthetic,self-created,True,no_pii,train
FINAL_000085,SELF_SUSPICIOUS_0001,"Một người nhắn cho o nói hồ sơ tk cần xm lại trong hôm nay. Họ chưa yêu cầu OTP hay ck, nhưng đề nghị o chuẩn bị số căn cước và thông tin NH. Nội dung thiếu tên đơn vị rõ ràng nên cần kiểm tra lại nguồn gửi.",SUSPICIOUS,UNKNOWN,MEDIUM,Có yêu cầu xác minh/cung cấp thông tin nhưng chưa đủ dữ kiện kết luận lừa đảo.,xác minh; thông tin cá nhân; trong hôm nay,Cần kiểm tra nguồn gửi. Không cung cấp thông tin nhạy cảm nếu chưa xác minh.,uncertainty; possible_social_engineering,privacy_leak,general,CENTRAL,ABBREVIATION,self_created_long_context_based_on_public_warning_taxonomy,self-created,True,no_pii,train
FINAL_001180,EMERGENCY_MONEY_0479,"Con đang gặp chuyện gấp, má ck liền cho con 10tr nha.",SCAM,EMERGENCY_MONEY,HIGH,"Giả danh người thân, tạo tình huống khẩn cấp và yêu cầu chuyển tiền.",cấp cứu; chuyển gấp; đừng gọi lại; khẩn cấp,Không chuyển tiền vội. Gọi trực tiếp cho người thân qua số quen thuộc để xác minh.,urgency; trust_abuse; secrecy,financial_loss,elderly,SOUTH,ABBREVIATION,vietnamese_synthetic,self-created,True,no_pii,train
FINAL_000209,EMERGENCY_MONEY_0393,"Má ơi con bị tai nạn, gửi tiền ngay vào số tài khoản này giúp con.",SCAM,EMERGENCY_MONEY,HIGH,"Giả danh người thân, tạo tình huống khẩn cấp và yêu cầu chuyển tiền.",cấp cứu; chuyển gấp; đừng gọi lại; khẩn cấp,Không chuyển tiền vội. Gọi trực tiếp cho người thân qua số quen thuộc để xác minh.,urgency; trust_abuse; secrecy,financial_loss,elderly,SOUTH,NONE,vietnamese_synthetic,self-created,True,no_pii,train
FINAL_000932,INVESTMENT_0202,"Chu dau tu 3 trieu hom nay, cam ket nhan lai 30% sau mot tuan Làm ngay giúp bên cháu.",SCAM,INVESTMENT,HIGH,Hứa lợi nhuận cao bất thường và yêu cầu nạp/chuyển tiền.,lãi 30%; lợi nhuận cao; nạp tiền; chuyển tiền,Không chuyển tiền vào kênh đầu tư không rõ pháp lý. Hỏi người thân hoặc chuyên gia tài chính.,greed; false_promise,financial_loss,elderly,NORTH,TYPO,vietnamese_synthetic,self-created,True,no_pii,train
FINAL_000145,SELF_FAKE_POLICE_0011,Bài chia sẻ mô tả một trường hợp người cao tuổi nhận được cuộc gọi lạ: người gọi giả danh viện kiểm sát và đọc một số thông tin cá nhân để tạo lòng tin. Sau đó họ yêu cầu chú ck vào tk tạm giữ <BANK_ACCOUNT> để chứng minh trong sạch. Họ nói nếu chậm trễ thì công an sẽ đến nhà đọc lệnh bắt. Gia đình nghi ngờ đây là tình huống lừa đảo vì nội dung tạo áp lực và yêu cầu hành động liên quan đến tiền hoặc thông tin nhạy cảm.,SCAM,FAKE_POLICE,HIGH,Giả danh công an/viện kiểm sát/tòa án để đe dọa và yêu cầu chuyển tiền.,công an; viện kiểm sát; vụ án; chuyển tiền; không được nói với ai,Không chuyển tiền. Cúp máy và liên hệ công an địa phương hoặc người thân để xác minh.,authority_impersonation; fear; secrecy; urgency,financial_loss; psychological_pressure,elderly,SOUTH,ABBREVIATION,self_created_long_context_based_on_public_warning_taxonomy,self-created,True,no_pii,train
FINAL_000149,LOAN_SCAM_0380,"Hồ sơ vay của bác đã được chấp nhận, chuyển phí xác minh để nhận tiền Làm ngay giúp bên cháu.",SCAM,LOAN_SCAM,HIGH,"Lừa vay tiền, yêu cầu đóng phí trước hoặc gửi giấy tờ cá nhân.",đóng phí; giải ngân; gửi CCCD; phí hồ sơ,Không gửi giấy tờ cá nhân hoặc đóng phí trước cho dịch vụ vay không rõ nguồn.,financial_pressure; urgency,financial_loss; identity_theft,elderly,STANDARD,NONE,vietnamese_synthetic,self-created,True,no_pii,valid
FINAL_001046,JOB_SCAM_0251,"Việc nhẹ lương cao, chú đóng phí hồ sơ là có thể bắt đầu ngay.",SCAM,JOB_SCAM,MEDIUM,"Lừa việc làm online, yêu cầu đóng phí hoặc nạp tiền trước.",nạp trước; đóng phí; kích hoạt tài khoản,Không đóng phí để nhận việc. Kiểm tra công ty và hợp đồng rõ ràng.,financial_pressure; false_promise,financial_loss,elderly,STANDARD,OBFUSCATION,vietnamese_synthetic,self-created,True,no_pii,valid
FINAL_001216,PRIZE_GIFT_0190,"Bác trúng thưởng may mắn, chuyển phí vận chuyển để nhận quà ngay hôm nay Làm ngay giúp bên cháu.",SCAM,PRIZE_GIFT,HIGH,Dùng quà tặng hoặc trúng thưởng để dụ cung cấp thông tin hoặc chuyển phí.,trúng thưởng; nhận quà; đóng phí; chuyển phí,Không chuyển phí hoặc cung cấp thông tin cá nhân để nhận quà không rõ nguồn.,greed; urgency,financial_loss; privacy_leak,elderly,STANDARD,NONE,vietnamese_synthetic,self-created,True,no_pii,train
FINAL_000198,SAFE_0207,Bac nho uong thuoc dung gio nha nha.,SAFE,NONE,LOW,Nội dung bình thường hoặc không có yêu cầu nguy hiểm.,,Không cần cảnh báo. Có thể tiếp tục trò chuyện bình thường.,none,none,general,CENTRAL,NO_DIACRITICS,vietnamese_synthetic,self-created,True,no_pii,train
FINAL_000743,OTP_BANK_0406,Chú gửi mã OTP vừa nhận được để ngân hàng xác minh tài khoản ngay nhé.,SCAM,OTP_BANK,HIGH,Yêu cầu cung cấp OTP hoặc mã xác nhận ngân hàng.,mã OTP; mã xác nhận; dãy 6 số,Không cung cấp OTP hoặc mã xác nhận. Gọi trực tiếp ngân hàng để kiểm tra.,urgency; technical_confusion,credential_theft,elderly,NORTH,NONE,vietnamese_synthetic,self-created,True,no_pii,valid
FINAL_000848,SAFE_0225,"Hom nay troi mua, chu nho mang ao mua nha.",SAFE,NONE,LOW,Nội dung bình thường hoặc không có yêu cầu nguy hiểm.,,Không cần cảnh báo. Có thể tiếp tục trò chuyện bình thường.,none,none,general,STANDARD,NO_DIACRITICS,vietnamese_synthetic,self-created,True,no_pii,train
FINAL_000104,SAFE_0151,"Mã đơn hàng của bác là 123456, hàng sẽ giao trong hôm nay tối con gọi lại nhé.",SAFE,NONE,LOW,Nội dung bình thường hoặc không có yêu cầu nguy hiểm.,,Không cần cảnh báo. Có thể tiếp tục trò chuyện bình thường.,none,none,general,CENTRAL,NONE,vietnamese_synthetic,self-created,True,no_pii,train
FINAL_000323,PHISHING_LINK_0436,Vui long truy cap <LINK> de nhan ho tro hoan tien Bên cháu đang chờ phản hồi.,SCAM,PHISHING_LINK,HIGH,Dụ người dùng bấm link lạ để đánh cắp thông tin.,<LINK>; bấm link; đăng nhập,Không bấm link lạ. Chỉ truy cập website hoặc ứng dụng chính thức.,technical_confusion; urgency,credential_theft; malware_install,elderly,NORTH,NO_DIACRITICS,vietnamese_synthetic,self-created,True,no_pii,train
FINAL_000514,SELF_SUSPICIOUS_0037,"Tin nhắn báo ba có giao dịch cần xác nhận và yêu cầu phản hồi sớm. Nội dung ko có logo chính thức, ko nói rõ NH nào và có kèm một đường dẫn rút gọn. Trường hợp này chưa chắc là lừa đảo nhưng ko nên bấm link ngay.",SUSPICIOUS,UNKNOWN,MEDIUM,Có yêu cầu xác minh/cung cấp thông tin nhưng chưa đủ dữ kiện kết luận lừa đảo.,xác minh; thông tin cá nhân; trong hôm nay,Cần kiểm tra nguồn gửi. Không cung cấp thông tin nhạy cảm nếu chưa xác minh.,uncertainty; possible_social_engineering,privacy_leak,general,SOUTH,ABBREVIATION,self_created_long_context_based_on_public_warning_taxonomy,self-created,True,no_pii,test
FINAL_001078,SUSPICIOUS_0068,O xác minh tài khoản giúp bên em trong hôm nay nhé.,SUSPICIOUS,UNKNOWN,MEDIUM,Nội dung có yêu cầu xác minh hoặc cung cấp thông tin nhưng chưa đủ bằng chứng kết luận lừa đảo.,xác minh; thông tin cá nhân; đường dẫn; phản hồi sớm,Cần kiểm tra nguồn gửi. Không cung cấp thông tin nhạy cảm nếu chưa xác minh.,uncertainty; possible_social_engineering,privacy_leak,general,CENTRAL,NONE,vietnamese_synthetic,self-created,True,no_pii,train
FINAL_001047,SELF_TRAVEL_COMBO_0005,Bài chia sẻ mô tả một trường hợp người cao tuổi nhận được cuộc gọi lạ: người gọi người bán nói còn đúng hai suất dành cho người cao tuổi đi cùng gia đình. Sau đó họ bảo chú gửi thông tin căn cước của cả đoàn để xuất voucher. Họ nhấn mạnh nếu chậm vài phút sẽ mất suất khuyến mãi. Gia đình nghi ngờ đây là tình huống lừa đảo vì nội dung tạo áp lực và yêu cầu hành động liên quan đến tiền hoặc thông tin nhạy cảm.,SCAM,TRAVEL_COMBO,MEDIUM,"Rao combo du lịch/khách sạn giá rẻ bất thường, yêu cầu đặt cọc nhanh.",combo giá rẻ; đặt cọc; giữ chỗ; chuyển khoản,"Không đặt cọc qua tài khoản cá nhân. Kiểm tra fanpage, website, giấy phép và đánh giá thật.",false_promise; scarcity; urgency,financial_loss,elderly,STANDARD,ABBREVIATION,self_created_long_context_based_on_public_warning_taxonomy,self-created,True,no_pii,train
FINAL_000535,SAFE_0258,"Con dat xe cho o roi, tai xe se den trong 10 phut nhé.",SAFE,NONE,LOW,Nội dung bình thường hoặc không có yêu cầu nguy hiểm.,,Không cần cảnh báo. Có thể tiếp tục trò chuyện bình thường.,none,none,general,CENTRAL,TYPO,vietnamese_synthetic,self-created,True,no_pii,test
FINAL_001520,FAKE_POLICE_0493,"Bác không được nói với ai, hãy chuyển tiền vào tài khoản tạm giữ để phục vụ xác minh Xử lý trong hôm nay giúp cháu.",SCAM,FAKE_POLICE,HIGH,"Giả danh cơ quan chức năng, đe dọa và yêu cầu chuyển tiền.",công an; viện kiểm sát; vụ án; chuyển tiền,Không chuyển tiền. Gọi người thân hoặc cơ quan công an địa phương để xác minh.,authority_impersonation; fear; secrecy,financial_loss,elderly,STANDARD,NONE,vietnamese_synthetic,self-created,True,no_pii,train
FINAL_000053,PHISHING_LINK_0403,Cô cần đăng nhập vào <LINK> để kiểm tra giao dịch bất thường Xử lý trong hôm nay giúp cháu.,SCAM,PHISHING_LINK,HIGH,Dụ người dùng bấm link lạ để đánh cắp thông tin.,<LINK>; bấm link; đăng nhập,Không bấm link lạ. Chỉ truy cập website hoặc ứng dụng chính thức.,technical_confusion; urgency,credential_theft; malware_install,elderly,SOUTH,OBFUSCATION,vietnamese_synthetic,self-created,True,no_pii,train
FINAL_000600,PHISHING_LINK_0501,Co bam link <LINK> de xac minh tai khoan truoc khi bi khoa Làm ngay giúp bên cháu.,SCAM,PHISHING_LINK,HIGH,Dụ người dùng bấm link lạ để đánh cắp thông tin.,<LINK>; bấm link; đăng nhập,Không bấm link lạ. Chỉ truy cập website hoặc ứng dụng chính thức.,technical_confusion; urgency,credential_theft; malware_install,elderly,NORTH,NO_DIACRITICS,vietnamese_synthetic,self-created,True,no_pii,test
FINAL_000935,SELF_SAFE_0018,"Tin nhắn của con cháu hỏi cô tối nay có muốn gọi video với cả nhà ko. Cuộc trò chuyện chỉ xoay quanh chuyện ăn uống, sức khỏe và lịch sinh hoạt. Không có yêu cầu ck hay cung cấp thông tin riêng tư.",SAFE,NONE,LOW,"Cuộc trò chuyện gia đình bình thường, không chứa dấu hiệu lừa đảo.",ăn uống; sức khỏe; không yêu cầu chuyển tiền,"Không cần cảnh báo mạnh. Có thể tiếp tục trò chuyện bình thường, nhưng vẫn nhắc người dùng không chia sẻ OTP nếu cần.",none,none,general,STANDARD,ABBREVIATION,self_created_long_context_hard_negative,self-created,True,no_pii,train
FINAL_000338,LOAN_SCAM_0160,"Ho so vay cua co da duoc chap nhan, chuyen phi xac minh de nhan tien.",SCAM,LOAN_SCAM,HIGH,"Lừa vay tiền, yêu cầu đóng phí trước hoặc gửi giấy tờ cá nhân.",đóng phí; giải ngân; gửi CCCD; phí hồ sơ,Không gửi giấy tờ cá nhân hoặc đóng phí trước cho dịch vụ vay không rõ nguồn.,financial_pressure; urgency,financial_loss; identity_theft,elderly,SOUTH,NO_DIACRITICS,vietnamese_synthetic,self-created,True,no_pii,test
FINAL_000773,SELF_LOAN_SCAM_0008,"Đoạn tn bắt đầu bằng lời hỏi thăm sức khỏe của chú, sau đó người gửi nói chú được duyệt vay nhanh ko cần gặp mặt. Trong các tin tiếp theo, họ yêu cầu chú đóng phí bảo hiểm khoản vay trước khi giải ngân. Họ nói nếu ko đóng phí ngay thì khoản vay sẽ bị hủy.",SCAM,LOAN_SCAM,HIGH,"Lừa vay tiền nhanh, yêu cầu phí trước hoặc thu thập giấy tờ cá nhân.",duyệt vay; phí hồ sơ; phí bảo hiểm; giải ngân; CCCD,Không gửi giấy tờ cá nhân hoặc đóng phí trước cho dịch vụ vay không rõ nguồn.,financial_pressure; urgency; false_promise,financial_loss; identity_theft,elderly,SOUTH,ABBREVIATION,self_created_long_context_based_on_public_warning_taxonomy,self-created,True,no_pii,train
FINAL_000029,SELF_SAFE_0006,"Bài chia sẻ trong nhóm gia đình kể rằng con cháu nhắc chú đi khám định kỳ. Nội dung chỉ có lịch hẹn, địa chỉ bệnh viện và lời dặn mang theo giấy tờ. Không có yêu cầu chuyển tiền, không có link lạ và không hỏi mã xác nhận.",SAFE,NONE,LOW,"Nội dung chăm sóc gia đình bình thường, không yêu cầu hành động rủi ro.",lịch hẹn; không yêu cầu chuyển tiền; không có link lạ,"Không cần cảnh báo mạnh. Có thể tiếp tục trò chuyện bình thường, nhưng vẫn nhắc người dùng không chia sẻ OTP nếu cần.",none,none,general,STANDARD,NONE,self_created_long_context_hard_negative,self-created,True,no_pii,train
FINAL_001410,SAFE_0386,Chú nhớ uống thuốc đúng giờ nha cho con biết nhé.,SAFE,NONE,LOW,Nội dung bình thường hoặc không có yêu cầu nguy hiểm.,,Không cần cảnh báo. Có thể tiếp tục trò chuyện bình thường.,none,none,general,STANDARD,NONE,vietnamese_synthetic,self-created,True,no_pii,train
FINAL_000977,SELF_HEALTH_PRODUCT_0007,"Đoạn tin nhắn bắt đầu bằng lời hỏi thăm sức khỏe của bác, sau đó người gửi người bán hứa vừa dùng sản phẩm vừa giới thiệu người khác sẽ có hoa hồng. Trong các tin tiếp theo, họ đề nghị bác mua nhiều hộp để được lên hạng thành viên. Thông tin về công dụng được nói quá mức và thiếu căn cứ y khoa.",SCAM,HEALTH_PRODUCT,MEDIUM,Dụ người cao tuổi mua sản phẩm sức khỏe/đa cấp bằng cam kết chữa bệnh hoặc lợi nhuận.,hội thảo miễn phí; thuốc chữa bệnh; đặt cọc; lợi nhuận,Không mua thuốc/sản phẩm sức khỏe không rõ nguồn. Hỏi bác sĩ hoặc người thân trước.,health_anxiety; false_promise; social_proof,financial_loss; health_risk,elderly,STANDARD,OBFUSCATION,self_created_long_context_based_on_public_warning_taxonomy,self-created,True,no_pii,valid
FINAL_000685,FAKE_POLICE_0114,"Chung toi la cong an, co dang lien quan den vu an rua tien, can chuyen tien de dieu tra.",SCAM,FAKE_POLICE,HIGH,"Giả danh cơ quan chức năng, đe dọa và yêu cầu chuyển tiền.",công an; viện kiểm sát; vụ án; chuyển tiền,Không chuyển tiền. Gọi người thân hoặc cơ quan công an địa phương để xác minh.,authority_impersonation; fear; secrecy,financial_loss,elderly,NORTH,NO_DIACRITICS,vietnamese_synthetic,self-created,True,no_pii,train
FINAL_000878,SAFE_0058,"Ngân hàng thông báo bảo trì hệ thống vào tối nay, không yêu cầu cung cấp thông tin để con yên tâm nha.",SAFE,NONE,LOW,Nội dung bình thường hoặc không có yêu cầu nguy hiểm.,,Không cần cảnh báo. Có thể tiếp tục trò chuyện bình thường.,none,none,general,SOUTH,NONE,vietnamese_synthetic,self-created,True,no_pii,train
FINAL_001448,FAKE_POLICE_0495,"Bên viện kiểm sát yêu cầu ba hợp tác ngay, nếu không sẽ bị phong tỏa tài sản Làm ngay giúp bên cháu.",SCAM,FAKE_POLICE,HIGH,"Giả danh cơ quan chức năng, đe dọa và yêu cầu chuyển tiền.",công an; viện kiểm sát; vụ án; chuyển tiền,Không chuyển tiền. Gọi người thân hoặc cơ quan công an địa phương để xác minh.,authority_impersonation; fear; secrecy,financial_loss,elderly,SOUTH,NONE,vietnamese_synthetic,self-created,True,no_pii,train
FINAL_000482,LOAN_SCAM_0492,"Cô/chú cứ bình tĩnh, bên cháu hỗ trợ nhanh thôi. Bên em hỗ trợ vay gấp, chú đóng phí mở hồ sơ là nhận tiền trong ngày. Làm ngay để tránh bị khóa dịch vụ.",SCAM,LOAN_SCAM,HIGH,"Lừa vay tiền, yêu cầu đóng phí trước hoặc gửi giấy tờ cá nhân.",đóng phí; giải ngân; gửi CCCD; phí hồ sơ,Không gửi giấy tờ cá nhân hoặc đóng phí trước cho dịch vụ vay không rõ nguồn.,financial_pressure; urgency,financial_loss; identity_theft,elderly,STANDARD,LONG_CONTEXT,vietnamese_synthetic,self-created,True,no_pii,train
FINAL_000319,FAKE_POLICE_0515,"Ben vien kiem sat yeu cau chu hop tac ngay, neu khong se bi phong toa tai san.",SCAM,FAKE_POLICE,HIGH,"Giả danh cơ quan chức năng, đe dọa và yêu cầu chuyển tiền.",công an; viện kiểm sát; vụ án; chuyển tiền,Không chuyển tiền. Gọi người thân hoặc cơ quan công an địa phương để xác minh.,authority_impersonation; fear; secrecy,financial_loss,elderly,STANDARD,NO_DIACRITICS,vietnamese_synthetic,self-created,True,no_pii,train
FINAL_000271,SAFE_0377,Con đã chuyển tiền mua thuốc cho mẹ rồi Mã tham chiếu 977.,SAFE,NONE,LOW,Nội dung bình thường hoặc không có yêu cầu nguy hiểm.,,Không cần cảnh báo. Có thể tiếp tục trò chuyện bình thường.,none,none,general,CENTRAL,NONE,vietnamese_synthetic,self-created,True,no_pii,valid
FINAL_001471,INVESTMENT_0348,"Con hỏi thăm sức khỏe chút. Bác tham gia nhóm đầu tư nội bộ, lợi nhuận chắc chắn không rủi ro.",SCAM,INVESTMENT,HIGH,Hứa lợi nhuận cao bất thường và yêu cầu nạp/chuyển tiền.,lãi 30%; lợi nhuận cao; nạp tiền; chuyển tiền,Không chuyển tiền vào kênh đầu tư không rõ pháp lý. Hỏi người thân hoặc chuyên gia tài chính.,greed; false_promise,financial_loss,elderly,NORTH,MIXED_INTENT,vietnamese_synthetic,self-created,True,no_pii,train
FINAL_000593,SELF_FAKE_POLICE_0001,"Chú kể lại rằng có người gọi điện trong lúc ở nhà một mình. Người này giả danh viện kiểm sát và đọc một số thông tin cá nhân để tạo lòng tin, nói chuyện rất tự tin và dùng nhiều từ ngữ giống cơ quan chính thức. Tiếp theo họ bắt chú cài ứng dụng lạ để khai báo tài sản và số dư ngân hàng. Người gọi giữ máy nhiều giờ, không cho chú có thời gian hỏi ai khác. Please check now.",SCAM,FAKE_POLICE,HIGH,Giả danh công an/viện kiểm sát/tòa án để đe dọa và yêu cầu chuyển tiền.,công an; viện kiểm sát; vụ án; chuyển tiền; không được nói với ai,Không chuyển tiền. Cúp máy và liên hệ công an địa phương hoặc người thân để xác minh.,authority_impersonation; fear; secrecy; urgency,financial_loss; psychological_pressure,elderly,SOUTH,CODE_SWITCHING,self_created_long_context_based_on_public_warning_taxonomy,self-created,True,no_pii,train
FINAL_000794,SELF_SUSPICIOUS_0019,"Bài chia sẻ kể có nhân viên tự xưng bên dịch vụ khách hàng gọi đến, nói sẽ hỗ trợ cập nhật thông tin cho ba. Người này nói chuyện khá lịch sự nhưng dùng số lạ và không cung cấp được mã nhân viên. Chưa có yêu cầu tiền, nhưng có dấu hiệu cần cảnh giác. Mã tình huống tham khảo: SELF_000199.",SUSPICIOUS,UNKNOWN,MEDIUM,Có yêu cầu xác minh/cung cấp thông tin nhưng chưa đủ dữ kiện kết luận lừa đảo.,xác minh; thông tin cá nhân; trong hôm nay,Cần kiểm tra nguồn gửi. Không cung cấp thông tin nhạy cảm nếu chưa xác minh.,uncertainty; possible_social_engineering,privacy_leak,general,SOUTH,NONE,self_created_long_context_based_on_public_warning_taxonomy,self-created,True,no_pii,train
FINAL_000710,OTP_BANK_0061,"Tai khoan cua chu dang bi khoa, gui ma xac nhan de mo lai.",SCAM,OTP_BANK,HIGH,Yêu cầu cung cấp OTP hoặc mã xác nhận ngân hàng.,mã OTP; mã xác nhận; dãy 6 số,Không cung cấp OTP hoặc mã xác nhận. Gọi trực tiếp ngân hàng để kiểm tra.,urgency; technical_confusion,credential_theft,elderly,STANDARD,TYPO,vietnamese_synthetic,self-created,True,no_pii,test
FINAL_001396,SAFE_0083,"Ngan hang thong bao bao tri he thong vao toi nay, khong yeu cau cung cap thong tin ạ.",SAFE,NONE,LOW,Nội dung bình thường hoặc không có yêu cầu nguy hiểm.,,Không cần cảnh báo. Có thể tiếp tục trò chuyện bình thường.,none,none,general,SOUTH,NO_DIACRITICS,vietnamese_synthetic,self-created,True,no_pii,train
FINAL_000734,LOAN_SCAM_0033,"Hồ sơ vay của cô đã được chấp nhận, chuyển phí xác minh để nhận tiền.",SCAM,LOAN_SCAM,HIGH,"Lừa vay tiền, yêu cầu đóng phí trước hoặc gửi giấy tờ cá nhân.",đóng phí; giải ngân; gửi CCCD; phí hồ sơ,Không gửi giấy tờ cá nhân hoặc đóng phí trước cho dịch vụ vay không rõ nguồn.,financial_pressure; urgency,financial_loss; identity_theft,elderly,STANDARD,NONE,vietnamese_synthetic,self-created,True,no_pii,train
FINAL_000245,SAFE_0188,Bác kiểm tra giúp con lịch hẹn khám bệnh ngày mai nhé nha.,SAFE,NONE,LOW,Nội dung bình thường hoặc không có yêu cầu nguy hiểm.,,Không cần cảnh báo. Có thể tiếp tục trò chuyện bình thường.,none,none,general,NORTH,NONE,vietnamese_synthetic,self-created,True,no_pii,train
FINAL_001447,SUSPICIOUS_0180,Em co co hoi dau tu muon gioi thieu cho co.,SUSPICIOUS,UNKNOWN,MEDIUM,Nội dung có yêu cầu xác minh hoặc cung cấp thông tin nhưng chưa đủ bằng chứng kết luận lừa đảo.,xác minh; thông tin cá nhân; đường dẫn; phản hồi sớm,Cần kiểm tra nguồn gửi. Không cung cấp thông tin nhạy cảm nếu chưa xác minh.,uncertainty; possible_social_engineering,privacy_leak,general,STANDARD,NO_DIACRITICS,vietnamese_synthetic,self-created,True,no_pii,train
FINAL_001274,SAFE_0261,Con gui link bai bao nay cho o doc thu.,SAFE,NONE,LOW,Nội dung bình thường hoặc không có yêu cầu nguy hiểm.,,Không cần cảnh báo. Có thể tiếp tục trò chuyện bình thường.,none,none,general,CENTRAL,TYPO,vietnamese_synthetic,self-created,True,no_pii,train
FINAL_000042,PHISHING_LINK_0018,Bác cần đăng nhập vào <LINK> để kiểm tra giao dịch bất thường. please check now,SCAM,PHISHING_LINK,HIGH,Dụ người dùng bấm link lạ để đánh cắp thông tin.,<LINK>; bấm link; đăng nhập,Không bấm link lạ. Chỉ truy cập website hoặc ứng dụng chính thức.,technical_confusion; urgency,credential_theft; malware_install,elderly,CENTRAL,CODE_SWITCHING,vietnamese_synthetic,self-created,True,no_pii,train
FINAL_000629,SAFE_0130,Mai con về nhà ăn cơm với ba mẹ Mã tham chiếu 730.,SAFE,NONE,LOW,Nội dung bình thường hoặc không có yêu cầu nguy hiểm.,,Không cần cảnh báo. Có thể tiếp tục trò chuyện bình thường.,none,none,general,SOUTH,NONE,vietnamese_synthetic,self-created,True,no_pii,test
FINAL_001104,SELF_SAFE_0039,"Tin nhắn của con cháu hỏi chú tối nay có muốn gọi video với cả nhà không. Cuộc trò chuyện chỉ xoay quanh chuyện ăn uống, sức khỏe và lịch sinh hoạt. Không có yêu cầu chuyển tiền hay cung cấp thông tin riêng tư.",SAFE,NONE,LOW,"Cuộc trò chuyện gia đình bình thường, không chứa dấu hiệu lừa đảo.",ăn uống; sức khỏe; không yêu cầu chuyển tiền,"Không cần cảnh báo mạnh. Có thể tiếp tục trò chuyện bình thường, nhưng vẫn nhắc người dùng không chia sẻ OTP nếu cần.",none,none,general,NORTH,NONE,self_created_long_context_hard_negative,self-created,True,no_pii,train
FINAL_000065,LOAN_SCAM_0071,"Hồ sơ vay của mệ đã được chấp nhận, chuyển phí xác minh để nhận tiền.",SCAM,LOAN_SCAM,HIGH,"Lừa vay tiền, yêu cầu đóng phí trước hoặc gửi giấy tờ cá nhân.",đóng phí; giải ngân; gửi CCCD; phí hồ sơ,Không gửi giấy tờ cá nhân hoặc đóng phí trước cho dịch vụ vay không rõ nguồn.,financial_pressure; urgency,financial_loss; identity_theft,elderly,CENTRAL,NONE,vietnamese_synthetic,self-created,True,no_pii,train
FINAL_000138,SAFE_0122,Con gửi link bài báo này cho má đọc thử.,SAFE,NONE,LOW,Nội dung bình thường hoặc không có yêu cầu nguy hiểm.,,Không cần cảnh báo. Có thể tiếp tục trò chuyện bình thường.,none,none,general,SOUTH,NONE,vietnamese_synthetic,self-created,True,no_pii,train
FINAL_000922,INVESTMENT_0435,"Cơ hội sinh lời bảo đảm, cô chỉ cần chuyển tiền là có chuyên gia hỗ trợ Xử lý trong hôm nay giúp cháu.",SCAM,INVESTMENT,HIGH,Hứa lợi nhuận cao bất thường và yêu cầu nạp/chuyển tiền.,lãi 30%; lợi nhuận cao; nạp tiền; chuyển tiền,Không chuyển tiền vào kênh đầu tư không rõ pháp lý. Hỏi người thân hoặc chuyên gia tài chính.,greed; false_promise,financial_loss,elderly,NORTH,NONE,vietnamese_synthetic,self-created,True,no_pii,valid
FINAL_000730,LOAN_SCAM_0106,Bác muốn vay nhanh không cần gặp mặt thì gửi CCCD và phí hồ sơ trước Làm ngay giúp bên cháu.,SCAM,LOAN_SCAM,HIGH,"Lừa vay tiền, yêu cầu đóng phí trước hoặc gửi giấy tờ cá nhân.",đóng phí; giải ngân; gửi CCCD; phí hồ sơ,Không gửi giấy tờ cá nhân hoặc đóng phí trước cho dịch vụ vay không rõ nguồn.,financial_pressure; urgency,financial_loss; identity_theft,elderly,NORTH,NONE,vietnamese_synthetic,self-created,True,no_pii,test
FINAL_000992,OTP_BANK_0289,O đọc giúp cháu dãy 6 số vừa gửi về điện thoại để hoàn tất xác minh Làm ngay giúp bên cháu.,SCAM,OTP_BANK,HIGH,Yêu cầu cung cấp OTP hoặc mã xác nhận ngân hàng.,mã OTP; mã xác nhận; dãy 6 số,Không cung cấp OTP hoặc mã xác nhận. Gọi trực tiếp ngân hàng để kiểm tra.,urgency; technical_confusion,credential_theft,elderly,CENTRAL,OBFUSCATION,vietnamese_synthetic,self-created,True,no_pii,valid
FINAL_000587,LOAN_SCAM_0318,"Bên em hỗ trợ vay gấp, mệ đóng phí mở hồ sơ là nhận tiền trong ngày.",SCAM,LOAN_SCAM,HIGH,"Lừa vay tiền, yêu cầu đóng phí trước hoặc gửi giấy tờ cá nhân.",đóng phí; giải ngân; gửi CCCD; phí hồ sơ,Không gửi giấy tờ cá nhân hoặc đóng phí trước cho dịch vụ vay không rõ nguồn.,financial_pressure; urgency,financial_loss; identity_theft,elderly,CENTRAL,ABBREVIATION,vietnamese_synthetic,self-created,True,no_pii,train
FINAL_000804,SUSPICIOUS_0102,Em có cơ hội đầu tư muốn giới thiệu cho chú.,SUSPICIOUS,UNKNOWN,MEDIUM,Nội dung có yêu cầu xác minh hoặc cung cấp thông tin nhưng chưa đủ bằng chứng kết luận lừa đảo.,xác minh; thông tin cá nhân; đường dẫn; phản hồi sớm,Cần kiểm tra nguồn gửi. Không cung cấp thông tin nhạy cảm nếu chưa xác minh.,uncertainty; possible_social_engineering,privacy_leak,general,SOUTH,ABBREVIATION,vietnamese_synthetic,self-created,True,no_pii,train
FINAL_000659,SAFE_0370,"Con dat xe cho bac roi, tai xe se den trong 10 phut ạ.",SAFE,NONE,LOW,Nội dung bình thường hoặc không có yêu cầu nguy hiểm.,,Không cần cảnh báo. Có thể tiếp tục trò chuyện bình thường.,none,none,general,NORTH,NO_DIACRITICS,vietnamese_synthetic,self-created,True,no_pii,train
FINAL_001330,SUSPICIOUS_0184,Bác gửi thông tin để bên em cập nhật hồ sơ Mã tham chiếu 1184.,SUSPICIOUS,UNKNOWN,MEDIUM,Nội dung có yêu cầu xác minh hoặc cung cấp thông tin nhưng chưa đủ bằng chứng kết luận lừa đảo.,xác minh; thông tin cá nhân; đường dẫn; phản hồi sớm,Cần kiểm tra nguồn gửi. Không cung cấp thông tin nhạy cảm nếu chưa xác minh.,uncertainty; possible_social_engineering,privacy_leak,general,STANDARD,NONE,vietnamese_synthetic,self-created,True,no_pii,train
FINAL_001509,EMERGENCY_MONEY_0409,"Má đừng hỏi nhiều, con cần tiền xử lý việc khẩn cấp, chuyển ngay giúp con.",SCAM,EMERGENCY_MONEY,HIGH,"Giả danh người thân, tạo tình huống khẩn cấp và yêu cầu chuyển tiền.",cấp cứu; chuyển gấp; đừng gọi lại; khẩn cấp,Không chuyển tiền vội. Gọi trực tiếp cho người thân qua số quen thuộc để xác minh.,urgency; trust_abuse; secrecy,financial_loss,elderly,SOUTH,NONE,vietnamese_synthetic,self-created,True,no_pii,train
FINAL_000325,INVESTMENT_0387,"Mệ tham gia nhóm đầu tư nội bộ, lợi nhuận chắc chắn không rủi ro. please check now",SCAM,INVESTMENT,HIGH,Hứa lợi nhuận cao bất thường và yêu cầu nạp/chuyển tiền.,lãi 30%; lợi nhuận cao; nạp tiền; chuyển tiền,Không chuyển tiền vào kênh đầu tư không rõ pháp lý. Hỏi người thân hoặc chuyên gia tài chính.,greed; false_promise,financial_loss,elderly,CENTRAL,CODE_SWITCHING,vietnamese_synthetic,self-created,True,no_pii,train
FINAL_000771,FAKE_POLICE_0117,"Chu dang bi nghi ngo lien quan duong day lua dao, can lam theo huong dan ngai Làm ngay giúp bên cháu.",SCAM,FAKE_POLICE,HIGH,"Giả danh cơ quan chức năng, đe dọa và yêu cầu chuyển tiền.",công an; viện kiểm sát; vụ án; chuyển tiền,Không chuyển tiền. Gọi người thân hoặc cơ quan công an địa phương để xác minh.,authority_impersonation; fear; secrecy,financial_loss,elderly,STANDARD,TYPO,vietnamese_synthetic,self-created,True,no_pii,test
FINAL_001198,FAKE_POLICE_0128,"O dang bi nghi ngo lien quan duong day lua dao, can lam theo huong dan ngai.",SCAM,FAKE_POLICE,HIGH,"Giả danh cơ quan chức năng, đe dọa và yêu cầu chuyển tiền.",công an; viện kiểm sát; vụ án; chuyển tiền,Không chuyển tiền. Gọi người thân hoặc cơ quan công an địa phương để xác minh.,authority_impersonation; fear; secrecy,financial_loss,elderly,CENTRAL,TYPO,vietnamese_synthetic,self-created,True,no_pii,train
FINAL_000401,SUSPICIOUS_0149,"Tài khoản của má có dấu hiệu bất thường, vui lòng phản hồi sớm giúp bên em nhé.",SUSPICIOUS,UNKNOWN,MEDIUM,Nội dung có yêu cầu xác minh hoặc cung cấp thông tin nhưng chưa đủ bằng chứng kết luận lừa đảo.,xác minh; thông tin cá nhân; đường dẫn; phản hồi sớm,Cần kiểm tra nguồn gửi. Không cung cấp thông tin nhạy cảm nếu chưa xác minh.,uncertainty; possible_social_engineering,privacy_leak,general,SOUTH,NONE,vietnamese_synthetic,self-created,True,no_pii,train
FINAL_000829,SAFE_0196,Mai con về nhà ăn cơm với ba mẹ Mã tham chiếu 796.,SAFE,NONE,LOW,Nội dung bình thường hoặc không có yêu cầu nguy hiểm.,,Không cần cảnh báo. Có thể tiếp tục trò chuyện bình thường.,none,none,general,NORTH,NONE,vietnamese_synthetic,self-created,True,no_pii,train
FINAL_000365,SUSPICIOUS_0162,Bên em cần kiểm tra thông tin cá nhân của má để hỗ trợ trong hôm nay giúp em.,SUSPICIOUS,UNKNOWN,MEDIUM,Nội dung có yêu cầu xác minh hoặc cung cấp thông tin nhưng chưa đủ bằng chứng kết luận lừa đảo.,xác minh; thông tin cá nhân; đường dẫn; phản hồi sớm,Cần kiểm tra nguồn gửi. Không cung cấp thông tin nhạy cảm nếu chưa xác minh.,uncertainty; possible_social_engineering,privacy_leak,general,SOUTH,ABBREVIATION,vietnamese_synthetic,self-created,True,no_pii,train
FINAL_001569,SAFE_0354,Chú kiểm tra giúp con lịch hẹn khám bệnh ngày mai nhé tối con gọi lại nhé.,SAFE,NONE,LOW,Nội dung bình thường hoặc không có yêu cầu nguy hiểm.,,Không cần cảnh báo. Có thể tiếp tục trò chuyện bình thường.,none,none,general,SOUTH,ABBREVIATION,vietnamese_synthetic,self-created,True,no_pii,train
FINAL_000603,EMERGENCY_MONEY_0561,"Con đang gặp chuyện gấp, má chuyển khoản liền cho con 10 triệu nha Làm ngay giúp bên cháu.",SCAM,EMERGENCY_MONEY,HIGH,"Giả danh người thân, tạo tình huống khẩn cấp và yêu cầu chuyển tiền.",cấp cứu; chuyển gấp; đừng gọi lại; khẩn cấp,Không chuyển tiền vội. Gọi trực tiếp cho người thân qua số quen thuộc để xác minh.,urgency; trust_abuse; secrecy,financial_loss,elderly,SOUTH,NONE,vietnamese_synthetic,self-created,True,no_pii,train
FINAL_000385,OTP_BANK_0516,"Ngân hàng cần kiểm tra bảo mật, chú cung cấp mã OTP ngay để tránh khóa tài khoản Xử lý trong hôm nay giúp cháu.",SCAM,OTP_BANK,HIGH,Yêu cầu cung cấp OTP hoặc mã xác nhận ngân hàng.,mã OTP; mã xác nhận; dãy 6 số,Không cung cấp OTP hoặc mã xác nhận. Gọi trực tiếp ngân hàng để kiểm tra.,urgency; technical_confusion,credential_theft,elderly,SOUTH,NONE,vietnamese_synthetic,self-created,True,no_pii,train
FINAL_001034,PHISHING_LINK_0066,Chú bấm link <LINK> để xác minh tài khoản trước khi bị khóa Làm ngay giúp bên cháu.,SCAM,PHISHING_LINK,HIGH,Dụ người dùng bấm link lạ để đánh cắp thông tin.,<LINK>; bấm link; đăng nhập,Không bấm link lạ. Chỉ truy cập website hoặc ứng dụng chính thức.,technical_confusion; urgency,credential_theft; malware_install,elderly,NORTH,NONE,vietnamese_synthetic,self-created,True,no_pii,train
FINAL_001203,SELF_SAFE_0016,"Bài chia sẻ trong nhóm gia đình kể rằng con cháu nhắc cô đi khám định kỳ. Nội dung chỉ có lịch hẹn, địa chỉ bệnh viện và lời dặn mang theo giấy tờ. Không có yêu cầu ck, ko có link lạ và ko hỏi mã xác nhận.",SAFE,NONE,LOW,"Nội dung chăm sóc gia đình bình thường, không yêu cầu hành động rủi ro.",lịch hẹn; không yêu cầu chuyển tiền; không có link lạ,"Không cần cảnh báo mạnh. Có thể tiếp tục trò chuyện bình thường, nhưng vẫn nhắc người dùng không chia sẻ OTP nếu cần.",none,none,general,SOUTH,ABBREVIATION,self_created_long_context_hard_negative,self-created,True,no_pii,valid
FINAL_001390,SAFE_0231,"Con đặt xe cho cô rồi, tài xế sẽ đến trong 10 phút khi nào rảnh nha.",SAFE,NONE,LOW,Nội dung bình thường hoặc không có yêu cầu nguy hiểm.,,Không cần cảnh báo. Có thể tiếp tục trò chuyện bình thường.,none,none,general,NORTH,NONE,vietnamese_synthetic,self-created,True,no_pii,train
FINAL_000853,SAFE_0168,Mai con ve nha an com voi ba me nhé.,SAFE,NONE,LOW,Nội dung bình thường hoặc không có yêu cầu nguy hiểm.,,Không cần cảnh báo. Có thể tiếp tục trò chuyện bình thường.,none,none,general,CENTRAL,TYPO,vietnamese_synthetic,self-created,True,no_pii,valid
FINAL_000119,OTP_BANK_0083,"Tài khoản của mệ đang bị khóa, gửi mã xác nhận để mở lại.",SCAM,OTP_BANK,HIGH,Yêu cầu cung cấp OTP hoặc mã xác nhận ngân hàng.,mã OTP; mã xác nhận; dãy 6 số,Không cung cấp OTP hoặc mã xác nhận. Gọi trực tiếp ngân hàng để kiểm tra.,urgency; technical_confusion,credential_theft,elderly,CENTRAL,NONE,vietnamese_synthetic,self-created,True,no_pii,train
FINAL_000402,FAKE_POLICE_0526,"Ben vien kiem sat yeu cau ma hop tac ngay, neu khong se bi phong toa tai san Xử lý trong hôm nay giúp cháu.",SCAM,FAKE_POLICE,HIGH,"Giả danh cơ quan chức năng, đe dọa và yêu cầu chuyển tiền.",công an; viện kiểm sát; vụ án; chuyển tiền,Không chuyển tiền. Gọi người thân hoặc cơ quan công an địa phương để xác minh.,authority_impersonation; fear; secrecy,financial_loss,elderly,SOUTH,NO_DIACRITICS,vietnamese_synthetic,self-created,True,no_pii,train
FINAL_000798,JOB_SCAM_0394,"Cô/chú cứ bình tĩnh, bên cháu hỗ trợ nhanh thôi. Bên em tuyển cộng tác viên tại nhà, cần chuyển tiền kích hoạt tài khoản. Làm ngay để tránh bị khóa dịch vụ.",SCAM,JOB_SCAM,MEDIUM,"Lừa việc làm online, yêu cầu đóng phí hoặc nạp tiền trước.",nạp trước; đóng phí; kích hoạt tài khoản,Không đóng phí để nhận việc. Kiểm tra công ty và hợp đồng rõ ràng.,financial_pressure; false_promise,financial_loss,elderly,NORTH,LONG_CONTEXT,vietnamese_synthetic,self-created,True,no_pii,train
FINAL_001355,SAFE_0148,Cô nhớ uống thuốc đúng giờ nha khi nào rảnh nha.,SAFE,NONE,LOW,Nội dung bình thường hoặc không có yêu cầu nguy hiểm.,,Không cần cảnh báo. Có thể tiếp tục trò chuyện bình thường.,none,none,general,NORTH,NONE,vietnamese_synthetic,self-created,True,no_pii,test
FINAL_000292,SUSPICIOUS_0040,Chú xác minh tài khoản giúp bên em trong hôm nay nhé.,SUSPICIOUS,UNKNOWN,MEDIUM,Nội dung có yêu cầu xác minh hoặc cung cấp thông tin nhưng chưa đủ bằng chứng kết luận lừa đảo.,xác minh; thông tin cá nhân; đường dẫn; phản hồi sớm,Cần kiểm tra nguồn gửi. Không cung cấp thông tin nhạy cảm nếu chưa xác minh.,uncertainty; possible_social_engineering,privacy_leak,general,NORTH,NONE,vietnamese_synthetic,self-created,True,no_pii,train
FINAL_000219,INVESTMENT_0209,"O tham gia nhóm đầu tư nội bộ, lợi nhuận chắc chắn không rủi ro.",SCAM,INVESTMENT,HIGH,Hứa lợi nhuận cao bất thường và yêu cầu nạp/chuyển tiền.,lãi 30%; lợi nhuận cao; nạp tiền; chuyển tiền,Không chuyển tiền vào kênh đầu tư không rõ pháp lý. Hỏi người thân hoặc chuyên gia tài chính.,greed; false_promise,financial_loss,elderly,CENTRAL,NONE,vietnamese_synthetic,self-created,True,no_pii,train
FINAL_000436,SUSPICIOUS_0147,Bác gửi thông tin để bên em cập nhật hồ sơ Mã tham chiếu 1147.,SUSPICIOUS,UNKNOWN,MEDIUM,Nội dung có yêu cầu xác minh hoặc cung cấp thông tin nhưng chưa đủ bằng chứng kết luận lừa đảo.,xác minh; thông tin cá nhân; đường dẫn; phản hồi sớm,Cần kiểm tra nguồn gửi. Không cung cấp thông tin nhạy cảm nếu chưa xác minh.,uncertainty; possible_social_engineering,privacy_leak,general,NORTH,NONE,vietnamese_synthetic,self-created,True,no_pii,test
FINAL_000142,SELF_PRIZE_GIFT_0017,"Bai chia se mo ta mot truong hop nguoi cao tuoi nhan duoc cuoc goi la: nguoi goi gui anh phieu trung thuong xe may va noi chi can hoan tat ho so. Sau do ho bao co gui can cuoc, dia chi nha va so tai khoang de nhan thuong. Ho dan co chuyen phi nho truoc de nhan mon qua lon. Gia dinh nghi ngo day la tinh huong lua dao vi noi dung tao ap luc va yeu cau hanh dong lien quan den tien hoac thong tin nhay cam.",SCAM,PRIZE_GIFT,HIGH,Lấy lý do trúng thưởng/nhận quà để yêu cầu đóng phí hoặc cung cấp thông tin.,trúng thưởng; nhận quà; phí vận chuyển; thông tin cá nhân,Không chuyển phí nhận thưởng. Kiểm tra chương trình trên kênh chính thức.,greed; false_promise; urgency,financial_loss; privacy_leak,elderly,STANDARD,TYPO,self_created_long_context_based_on_public_warning_taxonomy,self-created,True,no_pii,test
FINAL_000754,SAFE_0065,"Hôm nay trời mưa, bác nhớ mang áo mưa.",SAFE,NONE,LOW,Nội dung bình thường hoặc không có yêu cầu nguy hiểm.,,Không cần cảnh báo. Có thể tiếp tục trò chuyện bình thường.,none,none,general,NORTH,NONE,vietnamese_synthetic,self-created,True,no_pii,train
FINAL_000394,SELF_FAKE_POLICE_0002,"Cô kể lại rằng có người gọi điện trong lúc ở nhà một mình. Người này nói cô liên quan đến vụ án ma túy, cần phối hợp bí mật qua điện thoại, nói chuyện rất tự tin và dùng nhiều từ ngữ giống cơ quan chính thức. Tiếp theo họ bảo cô ra ngân hàng rút sổ tiết kiệm rồi chuyển vào account điều tra. Họ nói nếu chậm trễ thì công an sẽ đến nhà đọc lệnh bắt.",SCAM,FAKE_POLICE,HIGH,Giả danh công an/viện kiểm sát/tòa án để đe dọa và yêu cầu chuyển tiền.,công an; viện kiểm sát; vụ án; chuyển tiền; không được nói với ai,Không chuyển tiền. Cúp máy và liên hệ công an địa phương hoặc người thân để xác minh.,authority_impersonation; fear; secrecy; urgency,financial_loss; psychological_pressure,elderly,SOUTH,CODE_SWITCHING,self_created_long_context_based_on_public_warning_taxonomy,self-created,True,no_pii,train
FINAL_000687,SAFE_0308,"Ma don hang cua chu la 123456, hang se giao trong hom nay nhé.",SAFE,NONE,LOW,Nội dung bình thường hoặc không có yêu cầu nguy hiểm.,,Không cần cảnh báo. Có thể tiếp tục trò chuyện bình thường.,none,none,general,SOUTH,NO_DIACRITICS,vietnamese_synthetic,self-created,True,no_pii,train
FINAL_001495,SAFE_0161,Con đã chuyển tiền mua thuốc cho mẹ rồi Mã tham chiếu 761.,SAFE,NONE,LOW,Nội dung bình thường hoặc không có yêu cầu nguy hiểm.,,Không cần cảnh báo. Có thể tiếp tục trò chuyện bình thường.,none,none,general,NORTH,NONE,vietnamese_synthetic,self-created,True,no_pii,train
FINAL_000742,PHISHING_LINK_0379,Bác bấm link <LINK> để xác minh tài khoản trước khi bị khóa Xử lý trong hôm nay giúp cháu.,SCAM,PHISHING_LINK,HIGH,Dụ người dùng bấm link lạ để đánh cắp thông tin.,<LINK>; bấm link; đăng nhập,Không bấm link lạ. Chỉ truy cập website hoặc ứng dụng chính thức.,technical_confusion; urgency,credential_theft; malware_install,elderly,NORTH,NONE,vietnamese_synthetic,self-created,True,no_pii,train
FINAL_001294,SUSPICIOUS_0009,Bac xac minh tai khoan giup ben em trong hom nay nhe.,SUSPICIOUS,UNKNOWN,MEDIUM,Nội dung có yêu cầu xác minh hoặc cung cấp thông tin nhưng chưa đủ bằng chứng kết luận lừa đảo.,xác minh; thông tin cá nhân; đường dẫn; phản hồi sớm,Cần kiểm tra nguồn gửi. Không cung cấp thông tin nhạy cảm nếu chưa xác minh.,uncertainty; possible_social_engineering,privacy_leak,general,NORTH,NO_DIACRITICS,vietnamese_synthetic,self-created,True,no_pii,test
FINAL_000225,SELF_SUSPICIOUS_0007,"Bài chia sẻ kể có nhân viên tự xưng bên dịch vụ khách hàng gọi đến, nói sẽ hỗ trợ cập nhật thông tin cho chú. Người này nói chuyện khá lịch sự nhưng dùng số lạ và ko cung cấp được mã nhân viên. Chưa có yêu cầu tiền, nhưng có dấu hiệu cần cảnh giác.",SUSPICIOUS,UNKNOWN,MEDIUM,Có yêu cầu xác minh/cung cấp thông tin nhưng chưa đủ dữ kiện kết luận lừa đảo.,xác minh; thông tin cá nhân; trong hôm nay,Cần kiểm tra nguồn gửi. Không cung cấp thông tin nhạy cảm nếu chưa xác minh.,uncertainty; possible_social_engineering,privacy_leak,general,SOUTH,ABBREVIATION,self_created_long_context_based_on_public_warning_taxonomy,self-created,True,no_pii,train
FINAL_001397,SUSPICIOUS_0135,Bên em cần bác xác nhận giao dịch này ngay hôm nay.,SUSPICIOUS,UNKNOWN,MEDIUM,Nội dung có yêu cầu xác minh hoặc cung cấp thông tin nhưng chưa đủ bằng chứng kết luận lừa đảo.,xác minh; thông tin cá nhân; đường dẫn; phản hồi sớm,Cần kiểm tra nguồn gửi. Không cung cấp thông tin nhạy cảm nếu chưa xác minh.,uncertainty; possible_social_engineering,privacy_leak,general,CENTRAL,OBFUSCATION,vietnamese_synthetic,self-created,True,no_pii,train
FINAL_000592,SAFE_0010,"Mã đơn hàng của bác là 123456, hàng sẽ giao trong hôm nay.",SAFE,NONE,LOW,Nội dung bình thường hoặc không có yêu cầu nguy hiểm.,,Không cần cảnh báo. Có thể tiếp tục trò chuyện bình thường.,none,none,general,NORTH,NONE,vietnamese_synthetic,self-created,True,no_pii,valid
FINAL_000665,SAFE_0154,Co nho uong thuoc dung gio nha.,SAFE,NONE,LOW,Nội dung bình thường hoặc không có yêu cầu nguy hiểm.,,Không cần cảnh báo. Có thể tiếp tục trò chuyện bình thường.,none,none,general,STANDARD,TYPO,vietnamese_synthetic,self-created,True,no_pii,train
FINAL_000390,EMERGENCY_MONEY_0214,"Con đang gặp chuyện gấp, chú chuyển khoản liền cho con 10 triệu nha.",SCAM,EMERGENCY_MONEY,HIGH,"Giả danh người thân, tạo tình huống khẩn cấp và yêu cầu chuyển tiền.",cấp cứu; chuyển gấp; đừng gọi lại; khẩn cấp,Không chuyển tiền vội. Gọi trực tiếp cho người thân qua số quen thuộc để xác minh.,urgency; trust_abuse; secrecy,financial_loss,elderly,NORTH,OBFUSCATION,vietnamese_synthetic,self-created,True,no_pii,train
FINAL_001323,PRIZE_GIFT_0339,"Chu trung thuong may man, chuyen phi van chuyen de nhan qua ngai hom nay.",SCAM,PRIZE_GIFT,HIGH,Dùng quà tặng hoặc trúng thưởng để dụ cung cấp thông tin hoặc chuyển phí.,trúng thưởng; nhận quà; đóng phí; chuyển phí,Không chuyển phí hoặc cung cấp thông tin cá nhân để nhận quà không rõ nguồn.,greed; urgency,financial_loss; privacy_leak,elderly,NORTH,TYPO,vietnamese_synthetic,self-created,True,no_pii,test
FINAL_000549,SUSPICIOUS_0036,Bac bam vao duong dan nay de xem chi tiet chuong trinh.,SUSPICIOUS,UNKNOWN,MEDIUM,Nội dung có yêu cầu xác minh hoặc cung cấp thông tin nhưng chưa đủ bằng chứng kết luận lừa đảo.,xác minh; thông tin cá nhân; đường dẫn; phản hồi sớm,Cần kiểm tra nguồn gửi. Không cung cấp thông tin nhạy cảm nếu chưa xác minh.,uncertainty; possible_social_engineering,privacy_leak,general,NORTH,TYPO,vietnamese_synthetic,self-created,True,no_pii,train
FINAL_001096,SUSPICIOUS_0067,Chú bấm vào đường dẫn này để xem chi tiết chương trình để bên em kiểm tra lại.,SUSPICIOUS,UNKNOWN,MEDIUM,Nội dung có yêu cầu xác minh hoặc cung cấp thông tin nhưng chưa đủ bằng chứng kết luận lừa đảo.,xác minh; thông tin cá nhân; đường dẫn; phản hồi sớm,Cần kiểm tra nguồn gửi. Không cung cấp thông tin nhạy cảm nếu chưa xác minh.,uncertainty; possible_social_engineering,privacy_leak,general,NORTH,NONE,vietnamese_synthetic,self-created,True,no_pii,valid
FINAL_000927,SAFE_0123,"Mã đơn hàng của bác là 123456, hàng sẽ giao trong hôm nay cho con biết nhé.",SAFE,NONE,LOW,Nội dung bình thường hoặc không có yêu cầu nguy hiểm.,,Không cần cảnh báo. Có thể tiếp tục trò chuyện bình thường.,none,none,general,NORTH,NONE,vietnamese_synthetic,self-created,True,no_pii,train
FINAL_000674,LOAN_SCAM_0434,"Bên em hỗ trợ vay gấp, cô đóng phí mở hồ sơ là nhận tiền trong ngày.",SCAM,LOAN_SCAM,HIGH,"Lừa vay tiền, yêu cầu đóng phí trước hoặc gửi giấy tờ cá nhân.",đóng phí; giải ngân; gửi CCCD; phí hồ sơ,Không gửi giấy tờ cá nhân hoặc đóng phí trước cho dịch vụ vay không rõ nguồn.,financial_pressure; urgency,financial_loss; identity_theft,elderly,SOUTH,ABBREVIATION,vietnamese_synthetic,self-created,True,no_pii,train
FINAL_000413,SELF_DEEPFAKE_CALL_0011,"Bài chia sẻ mô tả một trường hợp người cao tuổi nhận được cuộc gọi lạ: người gọi giọng nói trong cuộc gọi nghe giống con của chú, nói đang gặp việc gấp. Sau đó họ yêu cầu chú giữ bí mật vì sợ gia đình lo lắng. Họ dùng hình ảnh/giọng nói giống người quen để đánh vào niềm tin. Gia đình nghi ngờ đây là tình huống lừa đảo vì nội dung tạo áp lực và yêu cầu hành động liên quan đến tiền hoặc thông tin nhạy cảm.",SCAM,DEEPFAKE_CALL,HIGH,Dùng cuộc gọi video/giọng nói giống người quen để yêu cầu tiền hoặc thông tin.,video mờ; giọng giống người thân; chuyển gấp; không gọi lại,Gọi lại bằng số quen thuộc hoặc hỏi câu riêng tư để xác minh. Không chuyển tiền trong lúc cuộc gọi chưa rõ.,trust_abuse; urgency; technical_deception,financial_loss,elderly,STANDARD,NONE,self_created_long_context_based_on_public_warning_taxonomy,self-created,True,no_pii,train
FINAL_000379,INVESTMENT_0012,"Cơ hội sinh lời bảo đảm, chú chỉ cần ck là có chuyên gia hỗ trợ.",SCAM,INVESTMENT,HIGH,Hứa lợi nhuận cao bất thường và yêu cầu nạp/chuyển tiền.,lãi 30%; lợi nhuận cao; nạp tiền; chuyển tiền,Không chuyển tiền vào kênh đầu tư không rõ pháp lý. Hỏi người thân hoặc chuyên gia tài chính.,greed; false_promise,financial_loss,elderly,NORTH,ABBREVIATION,vietnamese_synthetic,self-created,True,no_pii,train
FINAL_001333,SAFE_0080,Má kiểm tra giúp con lịch hẹn khám bệnh ngày mai nhé.,SAFE,NONE,LOW,Nội dung bình thường hoặc không có yêu cầu nguy hiểm.,,Không cần cảnh báo. Có thể tiếp tục trò chuyện bình thường.,none,none,general,SOUTH,NONE,vietnamese_synthetic,self-created,True,no_pii,train
FINAL_000971,JOB_SCAM_0350,"Viec nhe luong cao, chu dong phi ho so la co the bat dau ngay.",SCAM,JOB_SCAM,MEDIUM,"Lừa việc làm online, yêu cầu đóng phí hoặc nạp tiền trước.",nạp trước; đóng phí; kích hoạt tài khoản,Không đóng phí để nhận việc. Kiểm tra công ty và hợp đồng rõ ràng.,financial_pressure; false_promise,financial_loss,elderly,SOUTH,NO_DIACRITICS,vietnamese_synthetic,self-created,True,no_pii,train
FINAL_001242,SELF_SAFE_0057,"Một thông báo NH nói hệ thống bảo trì vào ban đêm và khuyến cáo khách hàng ko cung cấp OTP cho bất kỳ ai. Tin nhắn ko có link đăng nhập, ko yêu cầu gọi số lạ và ko yêu cầu thao tác gấp. Mã tình huống tham khảo: SELF_000297.",SAFE,NONE,LOW,"Thông báo an toàn, còn có nội dung cảnh báo không cung cấp OTP.",bảo trì; không cung cấp OTP; không có đường link,"Không cần cảnh báo mạnh. Có thể tiếp tục trò chuyện bình thường, nhưng vẫn nhắc người dùng không chia sẻ OTP nếu cần.",none,none,general,STANDARD,ABBREVIATION,self_created_long_context_hard_negative,self-created,True,no_pii,test
FINAL_000559,SELF_SAFE_0019,"Bài đăng của tổ dân phố nhắc người dân cảnh giác với cuộc gọi tự xưng công an và ko ck theo hướng dẫn qua điện thoại. Nội dung là tuyên truyền phòng tránh, ko phải yêu cầu thực hiện giao dịch.",SAFE,NONE,LOW,"Nội dung cảnh báo cộng đồng, không phải hành vi lừa đảo trực tiếp.",cảnh giác; không chuyển tiền; tuyên truyền phòng tránh,"Không cần cảnh báo mạnh. Có thể tiếp tục trò chuyện bình thường, nhưng vẫn nhắc người dùng không chia sẻ OTP nếu cần.",none,none,general,SOUTH,ABBREVIATION,self_created_long_context_hard_negative,self-created,True,no_pii,train
FINAL_000845,EMERGENCY_MONEY_0154,"Con đang gặp chuyện gấp, ba chuyển khoản liền cho con 10 triệu nha.",SCAM,EMERGENCY_MONEY,HIGH,"Giả danh người thân, tạo tình huống khẩn cấp và yêu cầu chuyển tiền.",cấp cứu; chuyển gấp; đừng gọi lại; khẩn cấp,Không chuyển tiền vội. Gọi trực tiếp cho người thân qua số quen thuộc để xác minh.,urgency; trust_abuse; secrecy,financial_loss,elderly,SOUTH,NONE,vietnamese_synthetic,self-created,True,no_pii,train
FINAL_000306,SELF_PRIZE_GIFT_0001,Bài chia sẻ mô tả một trường hợp người cao tuổi nhận được cuộc gọi lạ: người gọi nói chú trúng quà tri ân vì là khách hàng may mắn. Sau đó họ yêu cầu đóng thuế/quỹ hồ sơ trước khi trao thưởng. Họ dặn chú chuyển phí nhỏ trước để nhận món quà lớn. Gia đình nghi ngờ đây là tình huống lừa đảo vì nội dung tạo áp lực và yêu cầu hành động liên quan đến tiền hoặc thông tin nhạy cảm.,SCAM,PRIZE_GIFT,HIGH,Lấy lý do trúng thưởng/nhận quà để yêu cầu đóng phí hoặc cung cấp thông tin.,trúng thưởng; nhận quà; phí vận chuyển; thông tin cá nhân,Không chuyển phí nhận thưởng. Kiểm tra chương trình trên kênh chính thức.,greed; false_promise; urgency,financial_loss; privacy_leak,elderly,NORTH,NONE,self_created_long_context_based_on_public_warning_taxonomy,self-created,True,no_pii,test
FINAL_001124,SUSPICIOUS_0085,Ben em can kiem tra thong tin ca nhan cua co de ho tro giúp bên em nhé.,SUSPICIOUS,UNKNOWN,MEDIUM,Nội dung có yêu cầu xác minh hoặc cung cấp thông tin nhưng chưa đủ bằng chứng kết luận lừa đảo.,xác minh; thông tin cá nhân; đường dẫn; phản hồi sớm,Cần kiểm tra nguồn gửi. Không cung cấp thông tin nhạy cảm nếu chưa xác minh.,uncertainty; possible_social_engineering,privacy_leak,general,SOUTH,TYPO,vietnamese_synthetic,self-created,True,no_pii,valid
FINAL_000334,SELF_SUSPICIOUS_0054,"Bai chia se ke co nhan vien tu xung ben dich vu khach hang goi den, noi se ho tro cap nhat thong tin cho chu. Nguoi nay noi chuyen kha lich su nhung dung so la va khong cung cap duoc ma nhan vien. Chua co yeu cau tien, nhung co dau hieu can canh giac. Mã tình huống tham khảo: SELF_000234.",SUSPICIOUS,UNKNOWN,MEDIUM,Có yêu cầu xác minh/cung cấp thông tin nhưng chưa đủ dữ kiện kết luận lừa đảo.,xác minh; thông tin cá nhân; trong hôm nay,Cần kiểm tra nguồn gửi. Không cung cấp thông tin nhạy cảm nếu chưa xác minh.,uncertainty; possible_social_engineering,privacy_leak,general,STANDARD,TYPO,self_created_long_context_based_on_public_warning_taxonomy,self-created,True,no_pii,train
FINAL_000226,SAFE_0297,"Con đặt xe cho bác rồi, tài xế sẽ đến trong 10 phút cho con biết nhé.",SAFE,NONE,LOW,Nội dung bình thường hoặc không có yêu cầu nguy hiểm.,,Không cần cảnh báo. Có thể tiếp tục trò chuyện bình thường.,none,none,general,NORTH,NONE,vietnamese_synthetic,self-created,True,no_pii,train
FINAL_001012,SAFE_0319,Con đã chuyển tiền mua thuốc cho mẹ rồi Mã tham chiếu 919.,SAFE,NONE,LOW,Nội dung bình thường hoặc không có yêu cầu nguy hiểm.,,Không cần cảnh báo. Có thể tiếp tục trò chuyện bình thường.,none,none,general,STANDARD,NONE,vietnamese_synthetic,self-created,True,no_pii,train
FINAL_001173,INVESTMENT_0530,"Ben em co san dau tu loi nhuan cao, me nap tien som de giu suat.",SCAM,INVESTMENT,HIGH,Hứa lợi nhuận cao bất thường và yêu cầu nạp/chuyển tiền.,lãi 30%; lợi nhuận cao; nạp tiền; chuyển tiền,Không chuyển tiền vào kênh đầu tư không rõ pháp lý. Hỏi người thân hoặc chuyên gia tài chính.,greed; false_promise,financial_loss,elderly,CENTRAL,NO_DIACRITICS,vietnamese_synthetic,self-created,True,no_pii,train
FINAL_000694,SELF_PRIZE_GIFT_0004,"Đoạn tin nhắn bắt đầu bằng lời hỏi thăm sức khỏe của chú, sau đó người gửi gửi ảnh phiếu trúng thưởng xe máy và nói chỉ cần hoàn tất hồ sơ. Trong các tin tiếp theo, họ yêu cầu đóng thuế/quỹ hồ sơ trước khi trao thưởng. Họ dặn chú chuyển phí nhỏ trước để nhận món quà lớn.",SCAM,PRIZE_GIFT,HIGH,Lấy lý do trúng thưởng/nhận quà để yêu cầu đóng phí hoặc cung cấp thông tin.,trúng thưởng; nhận quà; phí vận chuyển; thông tin cá nhân,Không chuyển phí nhận thưởng. Kiểm tra chương trình trên kênh chính thức.,greed; false_promise; urgency,financial_loss; privacy_leak,elderly,NORTH,OBFUSCATION,self_created_long_context_based_on_public_warning_taxonomy,self-created,True,no_pii,valid
FINAL_001503,SAFE_0264,"Hôm nay trời mưa, bác nhớ mang áo mưa nhé.",SAFE,NONE,LOW,Nội dung bình thường hoặc không có yêu cầu nguy hiểm.,,Không cần cảnh báo. Có thể tiếp tục trò chuyện bình thường.,none,none,general,STANDARD,NONE,vietnamese_synthetic,self-created,True,no_pii,test
FINAL_001374,PHISHING_LINK_0305,Vui long truy cap <LINK> de nhan ho tro hoan tien Làm ngay giúp bên cháu.,SCAM,PHISHING_LINK,HIGH,Dụ người dùng bấm link lạ để đánh cắp thông tin.,<LINK>; bấm link; đăng nhập,Không bấm link lạ. Chỉ truy cập website hoặc ứng dụng chính thức.,technical_confusion; urgency,credential_theft; malware_install,elderly,STANDARD,NO_DIACRITICS,vietnamese_synthetic,self-created,True,no_pii,train
FINAL_001066,PRIZE_GIFT_0457,"Chu duoc chon nhan phan thuong 20 trieu, vui long dong phi ho so truoc.",SCAM,PRIZE_GIFT,HIGH,Dùng quà tặng hoặc trúng thưởng để dụ cung cấp thông tin hoặc chuyển phí.,trúng thưởng; nhận quà; đóng phí; chuyển phí,Không chuyển phí hoặc cung cấp thông tin cá nhân để nhận quà không rõ nguồn.,greed; urgency,financial_loss; privacy_leak,elderly,NORTH,NO_DIACRITICS,vietnamese_synthetic,self-created,True,no_pii,train
FINAL_001291,SELF_FAKE_SUPPORT_0011,"Một bài cảnh báo trên mạng xã hội tóm tắt sự việc: người lạ giả làm tổng đài nhà mạng, thông báo SIM của má cần chuẩn hóa. Nội dung sau đó chuyển sang yêu cầu đề nghị má cấp quyền truy cập danh bạ, tin nhắn và thông báo. Họ nói nếu không làm trong ngày, hồ sơ sẽ bị treo hoặc SIM bị khóa. Bài viết khuyên người đọc nên xác minh với người thân trước khi làm theo.",SCAM,FAKE_SUPPORT,HIGH,Giả danh nhân viên hỗ trợ kỹ thuật/dịch vụ công để yêu cầu cài app hoặc cấp quyền.,cài ứng dụng; chia sẻ màn hình; cấp quyền; hỗ trợ kỹ thuật,Không cài app lạ hoặc chia sẻ màn hình cho người không xác minh được danh tính.,technical_confusion; authority_impersonation,credential_theft; malware_install; privacy_leak,elderly,SOUTH,NONE,self_created_long_context_based_on_public_warning_taxonomy,self-created,True,no_pii,valid
FINAL_001378,SUSPICIOUS_0177,Ben em can co xac nhan giao dich nay ngay hom nay trong hôm nay giúp em.,SUSPICIOUS,UNKNOWN,MEDIUM,Nội dung có yêu cầu xác minh hoặc cung cấp thông tin nhưng chưa đủ bằng chứng kết luận lừa đảo.,xác minh; thông tin cá nhân; đường dẫn; phản hồi sớm,Cần kiểm tra nguồn gửi. Không cung cấp thông tin nhạy cảm nếu chưa xác minh.,uncertainty; possible_social_engineering,privacy_leak,general,NORTH,NO_DIACRITICS,vietnamese_synthetic,self-created,True,no_pii,valid
FINAL_001413,SAFE_0373,Mai con về nhà ăn cơm với ba mẹ Mã tham chiếu 973.,SAFE,NONE,LOW,Nội dung bình thường hoặc không có yêu cầu nguy hiểm.,,Không cần cảnh báo. Có thể tiếp tục trò chuyện bình thường.,none,none,general,SOUTH,NONE,vietnamese_synthetic,self-created,True,no_pii,train
FINAL_001121,INVESTMENT_0498,"Bên em có sàn đầu tư lợi nhuận cao, ba nạp tiền sớm để giữ suất Làm ngay giúp bên cháu.",SCAM,INVESTMENT,HIGH,Hứa lợi nhuận cao bất thường và yêu cầu nạp/chuyển tiền.,lãi 30%; lợi nhuận cao; nạp tiền; chuyển tiền,Không chuyển tiền vào kênh đầu tư không rõ pháp lý. Hỏi người thân hoặc chuyên gia tài chính.,greed; false_promise,financial_loss,elderly,SOUTH,OBFUSCATION,vietnamese_synthetic,self-created,True,no_pii,train
FINAL_001336,EMERGENCY_MONEY_0402,"Cô đừng hỏi nhiều, con cần tiền xử lý việc khẩn cấp, chuyển ngay giúp con Làm ngay giúp bên cháu.",SCAM,EMERGENCY_MONEY,HIGH,"Giả danh người thân, tạo tình huống khẩn cấp và yêu cầu chuyển tiền.",cấp cứu; chuyển gấp; đừng gọi lại; khẩn cấp,Không chuyển tiền vội. Gọi trực tiếp cho người thân qua số quen thuộc để xác minh.,urgency; trust_abuse; secrecy,financial_loss,elderly,NORTH,NONE,vietnamese_synthetic,self-created,True,no_pii,valid
FINAL_001284,SELF_SUSPICIOUS_0018,"Tin nhan bao co co giao dich can xac nhan va yeu cau phan hoi som. Noi dung khong co logo chinh thuc, khong noi ro ngan hang nao va co kem mot duong dan rut gon. Truong hop nay chua chac la lua dao nhung khong nen bam link ngay.",SUSPICIOUS,UNKNOWN,MEDIUM,Có yêu cầu xác minh/cung cấp thông tin nhưng chưa đủ dữ kiện kết luận lừa đảo.,xác minh; thông tin cá nhân; trong hôm nay,Cần kiểm tra nguồn gửi. Không cung cấp thông tin nhạy cảm nếu chưa xác minh.,uncertainty; possible_social_engineering,privacy_leak,general,SOUTH,NO_DIACRITICS,self_created_long_context_based_on_public_warning_taxonomy,self-created,True,no_pii,train
FINAL_000511,SUSPICIOUS_0019,Ma xac minh tai khoan giup ben em trong hom nay nhe.,SUSPICIOUS,UNKNOWN,MEDIUM,Nội dung có yêu cầu xác minh hoặc cung cấp thông tin nhưng chưa đủ bằng chứng kết luận lừa đảo.,xác minh; thông tin cá nhân; đường dẫn; phản hồi sớm,Cần kiểm tra nguồn gửi. Không cung cấp thông tin nhạy cảm nếu chưa xác minh.,uncertainty; possible_social_engineering,privacy_leak,general,SOUTH,TYPO,vietnamese_synthetic,self-created,True,no_pii,train
FINAL_001317,SUSPICIOUS_0074,Ben em can kiem tra thong tin ca nhan cua co de ho tro.,SUSPICIOUS,UNKNOWN,MEDIUM,Nội dung có yêu cầu xác minh hoặc cung cấp thông tin nhưng chưa đủ bằng chứng kết luận lừa đảo.,xác minh; thông tin cá nhân; đường dẫn; phản hồi sớm,Cần kiểm tra nguồn gửi. Không cung cấp thông tin nhạy cảm nếu chưa xác minh.,uncertainty; possible_social_engineering,privacy_leak,general,STANDARD,NO_DIACRITICS,vietnamese_synthetic,self-created,True,no_pii,train
FINAL_000918,OTP_BANK_0292,"Tai khoan cua o dang bi khoa, gui ma xac nhan de mo lai.",SCAM,OTP_BANK,HIGH,Yêu cầu cung cấp OTP hoặc mã xác nhận ngân hàng.,mã OTP; mã xác nhận; dãy 6 số,Không cung cấp OTP hoặc mã xác nhận. Gọi trực tiếp ngân hàng để kiểm tra.,urgency; technical_confusion,credential_theft,elderly,CENTRAL,NO_DIACRITICS,vietnamese_synthetic,self-created,True,no_pii,train
FINAL_000642,SELF_PHISHING_LINK_0010,"Chú kể lại rằng có người gọi điện trong lúc ở nhà một mình. Người này gửi thông báo hoàn tiền điện/nước và yêu cầu xác nhận qua đường dẫn, nói chuyện rất tự tin và dùng nhiều từ ngữ giống cơ quan chính thức. Tiếp theo họ hướng dẫn chú tải một ứng dụng ngoài kho chính thức. Nội dung trình bày có logo giống tổ chức thật nên dễ gây nhầm lẫn.",SCAM,PHISHING_LINK,HIGH,Dụ bấm link lạ để đăng nhập/cập nhật thông tin và đánh cắp dữ liệu.,<LINK>; bấm link; cập nhật thông tin; đăng nhập,Không bấm link lạ. Mở ứng dụng chính thức hoặc gõ trực tiếp địa chỉ website chính thức.,technical_confusion; urgency; false_promise,credential_theft; privacy_leak; malware_install,elderly,STANDARD,OBFUSCATION,self_created_long_context_based_on_public_warning_taxonomy,self-created,True,no_pii,test
FINAL_001293,PHISHING_LINK_0205,Cô cần đăng nhập vào <LINK> để kiểm tra giao dịch bất thường Làm ngay giúp bên cháu.,SCAM,PHISHING_LINK,HIGH,Dụ người dùng bấm link lạ để đánh cắp thông tin.,<LINK>; bấm link; đăng nhập,Không bấm link lạ. Chỉ truy cập website hoặc ứng dụng chính thức.,technical_confusion; urgency,credential_theft; malware_install,elderly,NORTH,NONE,vietnamese_synthetic,self-created,True,no_pii,train
FINAL_000582,SAFE_0321,"Mã đơn hàng của má là 123456, hàng sẽ giao trong hôm nay nhé.",SAFE,NONE,LOW,Nội dung bình thường hoặc không có yêu cầu nguy hiểm.,,Không cần cảnh báo. Có thể tiếp tục trò chuyện bình thường.,none,none,general,SOUTH,NONE,vietnamese_synthetic,self-created,True,no_pii,train
FINAL_000375,SELF_HEALTH_PRODUCT_0005,"Bác kể lại rằng có người gọi điện trong lúc ở nhà một mình. Người này họ đưa nhiều lời chứng thực từ người lớn tuổi khác để tạo niềm tin, nói chuyện rất tự tin và dùng nhiều từ ngữ giống cơ quan chính thức. Tiếp theo họ yêu cầu bác đặt cọc bộ sản phẩm ngay trong buổi tư vấn. Thông tin về công dụng được nói quá mức và thiếu căn cứ y khoa.",SCAM,HEALTH_PRODUCT,MEDIUM,Dụ người cao tuổi mua sản phẩm sức khỏe/đa cấp bằng cam kết chữa bệnh hoặc lợi nhuận.,hội thảo miễn phí; thuốc chữa bệnh; đặt cọc; lợi nhuận,Không mua thuốc/sản phẩm sức khỏe không rõ nguồn. Hỏi bác sĩ hoặc người thân trước.,health_anxiety; false_promise; social_proof,financial_loss; health_risk,elderly,STANDARD,NONE,self_created_long_context_based_on_public_warning_taxonomy,self-created,True,no_pii,test
FINAL_001444,SUSPICIOUS_0146,Bác bấm vào đường dẫn này để xem chi tiết chương trình nếu cần em sẽ hướng dẫn thêm.,SUSPICIOUS,UNKNOWN,MEDIUM,Nội dung có yêu cầu xác minh hoặc cung cấp thông tin nhưng chưa đủ bằng chứng kết luận lừa đảo.,xác minh; thông tin cá nhân; đường dẫn; phản hồi sớm,Cần kiểm tra nguồn gửi. Không cung cấp thông tin nhạy cảm nếu chưa xác minh.,uncertainty; possible_social_engineering,privacy_leak,general,NORTH,ABBREVIATION,vietnamese_synthetic,self-created,True,no_pii,train
FINAL_001032,SELF_SAFE_0030,"Nguoi giao hang nhan cho chu rang don hang se giao trong buoi chieu va neu khong tien nhan thi co the hen lai. Tin nhan chi hoi thoi gian nhan hang, khong yeu cau bam link, tra phi hay cung cap thong tin ca nhan.",SAFE,NONE,LOW,"Thông báo giao hàng bình thường, không chứa link lạ hoặc yêu cầu thanh toán bất thường.",hẹn lại thời gian nhận hàng; không yêu cầu bấm link,"Không cần cảnh báo mạnh. Có thể tiếp tục trò chuyện bình thường, nhưng vẫn nhắc người dùng không chia sẻ OTP nếu cần.",none,none,general,STANDARD,NO_DIACRITICS,self_created_long_context_hard_negative,self-created,True,no_pii,train
FINAL_000591,SELF_SAFE_0034,"Bài chia sẻ trong nhóm gia đình kể rằng con cháu nhắc chú đi khám định kỳ. Nội dung chỉ có lịch hẹn, địa chỉ bệnh viện và lời dặn mang theo giấy tờ. Không có yêu cầu chuyển tiền, không có link lạ và không hỏi mã xác nhận. Mã tình huống tham khảo: SELF_000274.",SAFE,NONE,LOW,"Nội dung chăm sóc gia đình bình thường, không yêu cầu hành động rủi ro.",lịch hẹn; không yêu cầu chuyển tiền; không có link lạ,"Không cần cảnh báo mạnh. Có thể tiếp tục trò chuyện bình thường, nhưng vẫn nhắc người dùng không chia sẻ OTP nếu cần.",none,none,general,STANDARD,NONE,self_created_long_context_hard_negative,self-created,True,no_pii,train
FINAL_000055,INVESTMENT_0298,"Bác đầu tư 3 triệu hôm nay, cam kết nhận lãi 30% sau một tuần Xử lý trong hôm nay giúp cháu.",SCAM,INVESTMENT,HIGH,Hứa lợi nhuận cao bất thường và yêu cầu nạp/chuyển tiền.,lãi 30%; lợi nhuận cao; nạp tiền; chuyển tiền,Không chuyển tiền vào kênh đầu tư không rõ pháp lý. Hỏi người thân hoặc chuyên gia tài chính.,greed; false_promise,financial_loss,elderly,STANDARD,NONE,vietnamese_synthetic,self-created,True,no_pii,test
FINAL_000094,LOAN_SCAM_0188,"Bên em hỗ trợ vay gấp, o đóng phí mở hồ sơ là nhận tiền trong ngày.",SCAM,LOAN_SCAM,HIGH,"Lừa vay tiền, yêu cầu đóng phí trước hoặc gửi giấy tờ cá nhân.",đóng phí; giải ngân; gửi CCCD; phí hồ sơ,Không gửi giấy tờ cá nhân hoặc đóng phí trước cho dịch vụ vay không rõ nguồn.,financial_pressure; urgency,financial_loss; identity_theft,elderly,CENTRAL,OBFUSCATION,vietnamese_synthetic,self-created,True,no_pii,test
FINAL_000709,SELF_SUSPICIOUS_0017,"Bài chia sẻ kể có nhân viên tự xưng bên dịch vụ khách hàng gọi đến, nói sẽ hỗ trợ cập nhật thông tin cho ba. Người này nói chuyện khá lịch sự nhưng dùng số lạ và không cung cấp được mã nhân viên. Chưa có yêu cầu tiền, nhưng có dấu hiệu cần cảnh giác. Mã tình huống tham khảo: SELF_000197.",SUSPICIOUS,UNKNOWN,MEDIUM,Có yêu cầu xác minh/cung cấp thông tin nhưng chưa đủ dữ kiện kết luận lừa đảo.,xác minh; thông tin cá nhân; trong hôm nay,Cần kiểm tra nguồn gửi. Không cung cấp thông tin nhạy cảm nếu chưa xác minh.,uncertainty; possible_social_engineering,privacy_leak,general,SOUTH,NONE,self_created_long_context_based_on_public_warning_taxonomy,self-created,True,no_pii,test
FINAL_001077,SAFE_0280,Chú kiểm tra giúp con lịch hẹn khám bệnh ngày mai nhé khi nào rảnh nha.,SAFE,NONE,LOW,Nội dung bình thường hoặc không có yêu cầu nguy hiểm.,,Không cần cảnh báo. Có thể tiếp tục trò chuyện bình thường.,none,none,general,SOUTH,NONE,vietnamese_synthetic,self-created,True,no_pii,train
FINAL_001273,SUSPICIOUS_0045,Cô xm tk giúp bên em trong hôm nay nhé.,SUSPICIOUS,UNKNOWN,MEDIUM,Nội dung có yêu cầu xác minh hoặc cung cấp thông tin nhưng chưa đủ bằng chứng kết luận lừa đảo.,xác minh; thông tin cá nhân; đường dẫn; phản hồi sớm,Cần kiểm tra nguồn gửi. Không cung cấp thông tin nhạy cảm nếu chưa xác minh.,uncertainty; possible_social_engineering,privacy_leak,general,NORTH,ABBREVIATION,vietnamese_synthetic,self-created,True,no_pii,test
FINAL_000618,SAFE_0206,Con đã chuyển tiền mua thuốc cho mẹ rồi Mã tham chiếu 806.,SAFE,NONE,LOW,Nội dung bình thường hoặc không có yêu cầu nguy hiểm.,,Không cần cảnh báo. Có thể tiếp tục trò chuyện bình thường.,none,none,general,NORTH,NONE,vietnamese_synthetic,self-created,True,no_pii,train
FINAL_001590,LOAN_SCAM_0431,"Hồ sơ vay của chú đã được chấp nhận, chuyển phí xác minh để nhận tiền Bên cháu đang chờ phản hồi.",SCAM,LOAN_SCAM,HIGH,"Lừa vay tiền, yêu cầu đóng phí trước hoặc gửi giấy tờ cá nhân.",đóng phí; giải ngân; gửi CCCD; phí hồ sơ,Không gửi giấy tờ cá nhân hoặc đóng phí trước cho dịch vụ vay không rõ nguồn.,financial_pressure; urgency,financial_loss; identity_theft,elderly,NORTH,NONE,vietnamese_synthetic,self-created,True,no_pii,train
FINAL_001344,SAFE_0125,"Hôm nay trời mưa, bác nhớ mang áo mưa nha.",SAFE,NONE,LOW,Nội dung bình thường hoặc không có yêu cầu nguy hiểm.,,Không cần cảnh báo. Có thể tiếp tục trò chuyện bình thường.,none,none,general,NORTH,NONE,vietnamese_synthetic,self-created,True,no_pii,train
FINAL_000874,SELF_OTP_BANK_0003,Một bài cảnh báo trên mạng xã hội tóm tắt sự việc: người lạ tự xưng là nhân viên NH và nói hệ thống đang nâng cấp bảo mật cho khách hàng lớn tuổi. Nội dung sau đó chuyển sang yêu cầu hướng dẫn chú đăng nhập vào <LINK> rồi nhập mã xác nhận. Người gọi liên tục nhắc chú ko tắt máy vì quy trình chỉ còn vài phút. Bài viết khuyên người đọc nên xm với người thân trước khi làm theo.,SCAM,OTP_BANK,HIGH,Yêu cầu cung cấp OTP/mã xác nhận hoặc thông tin ngân hàng cho người lạ.,mã OTP; mã xác nhận; tài khoản ngân hàng; xác minh ngay,"Không cung cấp OTP, mật khẩu hoặc mã xác nhận. Gọi trực tiếp tổng đài chính thức của ngân hàng.",urgency; technical_confusion; authority_impersonation,credential_theft; financial_loss,elderly,NORTH,ABBREVIATION,self_created_long_context_based_on_public_warning_taxonomy,self-created,True,no_pii,train
FINAL_001372,PHISHING_LINK_0148,"Don hang cua co gap loi, bam vao <LINK> de cap nhat thong tin nhan hang.",SCAM,PHISHING_LINK,HIGH,Dụ người dùng bấm link lạ để đánh cắp thông tin.,<LINK>; bấm link; đăng nhập,Không bấm link lạ. Chỉ truy cập website hoặc ứng dụng chính thức.,technical_confusion; urgency,credential_theft; malware_install,elderly,SOUTH,TYPO,vietnamese_synthetic,self-created,True,no_pii,train
FINAL_000387,SELF_SAFE_0028,"Tin nhắn của con cháu hỏi cô tối nay có muốn gọi video với cả nhà không. Cuộc trò chuyện chỉ xoay quanh chuyện ăn uống, sức khỏe và lịch sinh hoạt. Không có yêu cầu chuyển tiền hay cung cấp thông tin riêng tư. Mã tình huống tham khảo: SELF_000268.",SAFE,NONE,LOW,"Cuộc trò chuyện gia đình bình thường, không chứa dấu hiệu lừa đảo.",ăn uống; sức khỏe; không yêu cầu chuyển tiền,"Không cần cảnh báo mạnh. Có thể tiếp tục trò chuyện bình thường, nhưng vẫn nhắc người dùng không chia sẻ OTP nếu cần.",none,none,general,STANDARD,NONE,self_created_long_context_hard_negative,self-created,True,no_pii,valid
FINAL_000301,SAFE_0155,Chu nho uong thuoc dung gio nha nha.,SAFE,NONE,LOW,Nội dung bình thường hoặc không có yêu cầu nguy hiểm.,,Không cần cảnh báo. Có thể tiếp tục trò chuyện bình thường.,none,none,general,SOUTH,NO_DIACRITICS,vietnamese_synthetic,self-created,True,no_pii,train
FINAL_000178,LOAN_SCAM_0109,"Con hỏi thăm sức khỏe chút. Bác được duyệt vay 50 triệu, cần đóng phí bảo hiểm trước để giải ngân.",SCAM,LOAN_SCAM,HIGH,"Lừa vay tiền, yêu cầu đóng phí trước hoặc gửi giấy tờ cá nhân.",đóng phí; giải ngân; gửi CCCD; phí hồ sơ,Không gửi giấy tờ cá nhân hoặc đóng phí trước cho dịch vụ vay không rõ nguồn.,financial_pressure; urgency,financial_loss; identity_theft,elderly,STANDARD,MIXED_INTENT,vietnamese_synthetic,self-created,True,no_pii,train
FINAL_001164,SELF_SAFE_0046,"Tin nhắn của con cháu hỏi bác tối nay có muốn gọi video với cả nhà ko. Cuộc trò chuyện chỉ xoay quanh chuyện ăn uống, sức khỏe và lịch sinh hoạt. Không có yêu cầu ck hay cung cấp thông tin riêng tư. Mã tình huống tham khảo: SELF_000286.",SAFE,NONE,LOW,"Cuộc trò chuyện gia đình bình thường, không chứa dấu hiệu lừa đảo.",ăn uống; sức khỏe; không yêu cầu chuyển tiền,"Không cần cảnh báo mạnh. Có thể tiếp tục trò chuyện bình thường, nhưng vẫn nhắc người dùng không chia sẻ OTP nếu cần.",none,none,general,NORTH,ABBREVIATION,self_created_long_context_hard_negative,self-created,True,no_pii,train
FINAL_000580,INVESTMENT_0328,"Chú đầu tư 3 triệu hôm nay, cam kết nhận lãi 30% sau một tuần Bên cháu đang chờ phản hồi.",SCAM,INVESTMENT,HIGH,Hứa lợi nhuận cao bất thường và yêu cầu nạp/chuyển tiền.,lãi 30%; lợi nhuận cao; nạp tiền; chuyển tiền,Không chuyển tiền vào kênh đầu tư không rõ pháp lý. Hỏi người thân hoặc chuyên gia tài chính.,greed; false_promise,financial_loss,elderly,SOUTH,NONE,vietnamese_synthetic,self-created,True,no_pii,train
FINAL_001545,SELF_EMERGENCY_MONEY_0008,"Chú kể lại rằng có người gọi điện trong lúc ở nhà một mình. Người này nhắn như con/cháu trong nhà, nói điện thoại bị hỏng nên phải dùng số lạ, nói chuyện rất tự tin và dùng nhiều từ ngữ giống cơ quan chính thức. Tiếp theo họ bảo chú chuyển 10 triệu ngay và đừng gọi lại vì đang làm việc với bác sĩ. Tin nhắn thúc liên tục, mỗi vài phút lại hỏi đã chuyển chưa.",SCAM,EMERGENCY_MONEY,HIGH,Giả danh người thân hoặc dùng tình huống khẩn cấp để yêu cầu chuyển tiền.,đang cấp cứu; chuyển gấp; đừng gọi lại; cần tiền ngay,Không chuyển tiền vội. Gọi trực tiếp cho người thân qua số quen thuộc hoặc hỏi người trong gia đình.,trust_abuse; urgency; secrecy; fear,financial_loss,elderly,STANDARD,OBFUSCATION,self_created_long_context_based_on_public_warning_taxonomy,self-created,True,no_pii,train
FINAL_001572,SELF_OTP_BANK_0001,Bài chia sẻ mô tả một trường hợp người cao tuổi nhận được cuộc gọi lạ: người gọi nói tài khoản vừa phát sinh giao dịch bất thường nên cần kiểm tra khẩn cấp. Sau đó họ yêu cầu cô đọc mã OTP vừa nhận được để hoàn tất xác minh. Người gọi liên tục nhắc cô không tắt máy vì quy trình chỉ còn vài phút. Gia đình nghi ngờ đây là tình huống lừa đảo vì nội dung tạo áp lực và yêu cầu hành động liên quan đến tiền hoặc thông tin nhạy cảm.,SCAM,OTP_BANK,HIGH,Yêu cầu cung cấp OTP/mã xác nhận hoặc thông tin ngân hàng cho người lạ.,mã OTP; mã xác nhận; tài khoản ngân hàng; xác minh ngay,"Không cung cấp OTP, mật khẩu hoặc mã xác nhận. Gọi trực tiếp tổng đài chính thức của ngân hàng.",urgency; technical_confusion; authority_impersonation,credential_theft; financial_loss,elderly,NORTH,NONE,self_created_long_context_based_on_public_warning_taxonomy,self-created,True,no_pii,train
FINAL_001205,SELF_PRIZE_GIFT_0013,"Cô kể lại rằng có người gọi điện trong lúc ở nhà một mình. Người này giả danh siêu thị hoặc hãng điện thoại tặng quà cho người lớn tuổi, nói chuyện rất tự tin và dùng nhiều từ ngữ giống cơ quan chính thức. Tiếp theo họ yêu cầu đóng thuế/quỹ hồ sơ trước khi trao thưởng. Họ dặn cô chuyển phí nhỏ trước để nhận món quà lớn.",SCAM,PRIZE_GIFT,HIGH,Lấy lý do trúng thưởng/nhận quà để yêu cầu đóng phí hoặc cung cấp thông tin.,trúng thưởng; nhận quà; phí vận chuyển; thông tin cá nhân,Không chuyển phí nhận thưởng. Kiểm tra chương trình trên kênh chính thức.,greed; false_promise; urgency,financial_loss; privacy_leak,elderly,NORTH,NONE,self_created_long_context_based_on_public_warning_taxonomy,self-created,True,no_pii,train
FINAL_000185,OTP_BANK_0563,Me doc giup chau day 6 so vua gui ve dien thoai de hoan tat xac minh.,SCAM,OTP_BANK,HIGH,Yêu cầu cung cấp OTP hoặc mã xác nhận ngân hàng.,mã OTP; mã xác nhận; dãy 6 số,Không cung cấp OTP hoặc mã xác nhận. Gọi trực tiếp ngân hàng để kiểm tra.,urgency; technical_confusion,credential_theft,elderly,CENTRAL,NO_DIACRITICS,vietnamese_synthetic,self-created,True,no_pii,test
FINAL_000560,LOAN_SCAM_0262,Cô muốn vay nhanh không cần gặp mặt thì gửi CCCD và phí hồ sơ trước.,SCAM,LOAN_SCAM,HIGH,"Lừa vay tiền, yêu cầu đóng phí trước hoặc gửi giấy tờ cá nhân.",đóng phí; giải ngân; gửi CCCD; phí hồ sơ,Không gửi giấy tờ cá nhân hoặc đóng phí trước cho dịch vụ vay không rõ nguồn.,financial_pressure; urgency,financial_loss; identity_theft,elderly,STANDARD,OBFUSCATION,vietnamese_synthetic,self-created,True,no_pii,train
FINAL_000806,SUSPICIOUS_0055,Mệ gửi thông tin để bên em cập nhật hồ sơ giúp bên em nhé.,SUSPICIOUS,UNKNOWN,MEDIUM,Nội dung có yêu cầu xác minh hoặc cung cấp thông tin nhưng chưa đủ bằng chứng kết luận lừa đảo.,xác minh; thông tin cá nhân; đường dẫn; phản hồi sớm,Cần kiểm tra nguồn gửi. Không cung cấp thông tin nhạy cảm nếu chưa xác minh.,uncertainty; possible_social_engineering,privacy_leak,general,CENTRAL,NONE,vietnamese_synthetic,self-created,True,no_pii,train
FINAL_000373,SAFE_0226,Con da chuyen tien mua thuoc cho me roi cho con biết nhé.,SAFE,NONE,LOW,Nội dung bình thường hoặc không có yêu cầu nguy hiểm.,,Không cần cảnh báo. Có thể tiếp tục trò chuyện bình thường.,none,none,general,NORTH,TYPO,vietnamese_synthetic,self-created,True,no_pii,train
FINAL_000584,PHISHING_LINK_0038,Cô cần đăng nhập vào <LINK> để kiểm tra giao dịch bất thường.,SCAM,PHISHING_LINK,HIGH,Dụ người dùng bấm link lạ để đánh cắp thông tin.,<LINK>; bấm link; đăng nhập,Không bấm link lạ. Chỉ truy cập website hoặc ứng dụng chính thức.,technical_confusion; urgency,credential_theft; malware_install,elderly,STANDARD,NONE,vietnamese_synthetic,self-created,True,no_pii,train
FINAL_000524,SAFE_0239,"Con đặt xe cho bác rồi, tài xế sẽ đến trong 10 phút khi nào rảnh nha.",SAFE,NONE,LOW,Nội dung bình thường hoặc không có yêu cầu nguy hiểm.,,Không cần cảnh báo. Có thể tiếp tục trò chuyện bình thường.,none,none,general,CENTRAL,NONE,vietnamese_synthetic,self-created,True,no_pii,train
FINAL_001328,EMERGENCY_MONEY_0002,"Me oi con dang cap cuu, chuyen gap cho con 5 trieu, dung goi lai.",SCAM,EMERGENCY_MONEY,HIGH,"Giả danh người thân, tạo tình huống khẩn cấp và yêu cầu chuyển tiền.",cấp cứu; chuyển gấp; đừng gọi lại; khẩn cấp,Không chuyển tiền vội. Gọi trực tiếp cho người thân qua số quen thuộc để xác minh.,urgency; trust_abuse; secrecy,financial_loss,elderly,STANDARD,NO_DIACRITICS,vietnamese_synthetic,self-created,True,no_pii,valid
FINAL_001492,FAKE_POLICE_0029,"Bác đang bị nghi ngờ liên quan đường dây lừa đảo, cần làm theo hướng dẫn ngay.",SCAM,FAKE_POLICE,HIGH,"Giả danh cơ quan chức năng, đe dọa và yêu cầu chuyển tiền.",công an; viện kiểm sát; vụ án; chuyển tiền,Không chuyển tiền. Gọi người thân hoặc cơ quan công an địa phương để xác minh.,authority_impersonation; fear; secrecy,financial_loss,elderly,STANDARD,OBFUSCATION,vietnamese_synthetic,self-created,True,no_pii,train
FINAL_001342,SELF_EMERGENCY_MONEY_0002,"Cô kể lại rằng có người gọi điện trong lúc ở nhà một mình. Người này gửi ảnh chụp bệnh viện mờ và nói đang cần đóng viện phí gấp, nói chuyện rất tự tin và dùng nhiều từ ngữ giống cơ quan chính thức. Tiếp theo họ yêu cầu cô gửi tiền qua ví điện tử để xử lý trước khi người nhà biết. Tin nhắn thúc liên tục, mỗi vài phút lại hỏi đã chuyển chưa.",SCAM,EMERGENCY_MONEY,HIGH,Giả danh người thân hoặc dùng tình huống khẩn cấp để yêu cầu chuyển tiền.,đang cấp cứu; chuyển gấp; đừng gọi lại; cần tiền ngay,Không chuyển tiền vội. Gọi trực tiếp cho người thân qua số quen thuộc hoặc hỏi người trong gia đình.,trust_abuse; urgency; secrecy; fear,financial_loss,elderly,SOUTH,NONE,self_created_long_context_based_on_public_warning_taxonomy,self-created,True,no_pii,valid
FINAL_000621,SELF_SAFE_0002,"Tin nhắn của con cháu hỏi bác tối nay có muốn gọi video với cả nhà ko. Cuộc trò chuyện chỉ xoay quanh chuyện ăn uống, sức khỏe và lịch sinh hoạt. Không có yêu cầu ck hay cung cấp thông tin riêng tư.",SAFE,NONE,LOW,"Cuộc trò chuyện gia đình bình thường, không chứa dấu hiệu lừa đảo.",ăn uống; sức khỏe; không yêu cầu chuyển tiền,"Không cần cảnh báo mạnh. Có thể tiếp tục trò chuyện bình thường, nhưng vẫn nhắc người dùng không chia sẻ OTP nếu cần.",none,none,general,NORTH,ABBREVIATION,self_created_long_context_hard_negative,self-created,True,no_pii,valid
FINAL_001315,SUSPICIOUS_0059,Chú bấm vào đường dẫn này để xem chi tiết chương trình trong hôm nay giúp em.,SUSPICIOUS,UNKNOWN,MEDIUM,Nội dung có yêu cầu xác minh hoặc cung cấp thông tin nhưng chưa đủ bằng chứng kết luận lừa đảo.,xác minh; thông tin cá nhân; đường dẫn; phản hồi sớm,Cần kiểm tra nguồn gửi. Không cung cấp thông tin nhạy cảm nếu chưa xác minh.,uncertainty; possible_social_engineering,privacy_leak,general,NORTH,NONE,vietnamese_synthetic,self-created,True,no_pii,test
FINAL_000415,SELF_DEEPFAKE_CALL_0001,"Me ke lai rang co nguoi goi dien trong luc o nha mot minh. Nguoi nay giong noi trong cuoc goi nghe giong con cua me, noi dang gap viec gap, noi chuyen rat tu tin va dung nhieu tu ngu giong co quan chinh thuc. Tiep theo ho bao me khong goi lai vi dang o noi dong nguoi va sap het pin. Toan bo cuoc goi rat ngan, chu yeu tao cam giac cap bach.",SCAM,DEEPFAKE_CALL,HIGH,Dùng cuộc gọi video/giọng nói giống người quen để yêu cầu tiền hoặc thông tin.,video mờ; giọng giống người thân; chuyển gấp; không gọi lại,Gọi lại bằng số quen thuộc hoặc hỏi câu riêng tư để xác minh. Không chuyển tiền trong lúc cuộc gọi chưa rõ.,trust_abuse; urgency; technical_deception,financial_loss,elderly,CENTRAL,NO_DIACRITICS,self_created_long_context_based_on_public_warning_taxonomy,self-created,True,no_pii,train
FINAL_000298,SAFE_0113,"Mã đơn hàng của cô là 123456, hàng sẽ giao trong hôm nay nha.",SAFE,NONE,LOW,Nội dung bình thường hoặc không có yêu cầu nguy hiểm.,,Không cần cảnh báo. Có thể tiếp tục trò chuyện bình thường.,none,none,general,NORTH,NONE,vietnamese_synthetic,self-created,True,no_pii,train
FINAL_000686,FAKE_POLICE_0224,"Cô đang bị nghi ngờ liên quan đường dây lừa đảo, cần làm theo hướng dẫn ngay. please check now",SCAM,FAKE_POLICE,HIGH,"Giả danh cơ quan chức năng, đe dọa và yêu cầu chuyển tiền.",công an; viện kiểm sát; vụ án; chuyển tiền,Không chuyển tiền. Gọi người thân hoặc cơ quan công an địa phương để xác minh.,authority_impersonation; fear; secrecy,financial_loss,elderly,NORTH,CODE_SWITCHING,vietnamese_synthetic,self-created,True,no_pii,train
FINAL_001434,FAKE_POLICE_0119,"Má đang bị nghi ngờ liên quan đường dây lừa đảo, cần làm theo hướng dẫn ngay.",SCAM,FAKE_POLICE,HIGH,"Giả danh cơ quan chức năng, đe dọa và yêu cầu chuyển tiền.",công an; viện kiểm sát; vụ án; chuyển tiền,Không chuyển tiền. Gọi người thân hoặc cơ quan công an địa phương để xác minh.,authority_impersonation; fear; secrecy,financial_loss,elderly,SOUTH,ABBREVIATION,vietnamese_synthetic,self-created,True,no_pii,test
FINAL_000783,SAFE_0089,"Mã đơn hàng của bác là 123456, hàng sẽ giao trong hôm nay khi nào rảnh nha.",SAFE,NONE,LOW,Nội dung bình thường hoặc không có yêu cầu nguy hiểm.,,Không cần cảnh báo. Có thể tiếp tục trò chuyện bình thường.,none,none,general,NORTH,NONE,vietnamese_synthetic,self-created,True,no_pii,train
FINAL_001519,SAFE_0007,Con đã chuyển tiền mua thuốc cho mẹ rồi.,SAFE,NONE,LOW,Nội dung bình thường hoặc không có yêu cầu nguy hiểm.,,Không cần cảnh báo. Có thể tiếp tục trò chuyện bình thường.,none,none,general,SOUTH,NONE,vietnamese_synthetic,self-created,True,no_pii,train
FINAL_000558,SAFE_0383,Mai con về nhà ăn cơm với ba mẹ Mã tham chiếu 983.,SAFE,NONE,LOW,Nội dung bình thường hoặc không có yêu cầu nguy hiểm.,,Không cần cảnh báo. Có thể tiếp tục trò chuyện bình thường.,none,none,general,NORTH,NONE,vietnamese_synthetic,self-created,True,no_pii,train
FINAL_000588,OTP_BANK_0307,Mệ gửi mã OT P vừa nhận được để ngân hàng xác minh t.khoản ngay nhé.,SCAM,OTP_BANK,HIGH,Yêu cầu cung cấp OTP hoặc mã xác nhận ngân hàng.,mã OTP; mã xác nhận; dãy 6 số,Không cung cấp OTP hoặc mã xác nhận. Gọi trực tiếp ngân hàng để kiểm tra.,urgency; technical_confusion,credential_theft,elderly,CENTRAL,OBFUSCATION,vietnamese_synthetic,self-created,True,no_pii,test
FINAL_001140,SUSPICIOUS_0021,Em có cơ hội đầu tư muốn giới thiệu cho o.,SUSPICIOUS,UNKNOWN,MEDIUM,Nội dung có yêu cầu xác minh hoặc cung cấp thông tin nhưng chưa đủ bằng chứng kết luận lừa đảo.,xác minh; thông tin cá nhân; đường dẫn; phản hồi sớm,Cần kiểm tra nguồn gửi. Không cung cấp thông tin nhạy cảm nếu chưa xác minh.,uncertainty; possible_social_engineering,privacy_leak,general,CENTRAL,ABBREVIATION,vietnamese_synthetic,self-created,True,no_pii,train
FINAL_000479,SAFE_0251,"Bác ơi, tối nay cả nhà gọi video nhé cho con biết nhé.",SAFE,NONE,LOW,Nội dung bình thường hoặc không có yêu cầu nguy hiểm.,,Không cần cảnh báo. Có thể tiếp tục trò chuyện bình thường.,none,none,general,STANDARD,NONE,vietnamese_synthetic,self-created,True,no_pii,valid
FINAL_000326,SAFE_0298,Con đã chuyển tiền mua thuốc cho mẹ rồi Mã tham chiếu 898.,SAFE,NONE,LOW,Nội dung bình thường hoặc không có yêu cầu nguy hiểm.,,Không cần cảnh báo. Có thể tiếp tục trò chuyện bình thường.,none,none,general,NORTH,NONE,vietnamese_synthetic,self-created,True,no_pii,test
FINAL_001146,SAFE_0240,"Mã đơn hàng của chú là 123456, hàng sẽ giao trong hôm nay để con yên tâm nha.",SAFE,NONE,LOW,Nội dung bình thường hoặc không có yêu cầu nguy hiểm.,,Không cần cảnh báo. Có thể tiếp tục trò chuyện bình thường.,none,none,general,STANDARD,NONE,vietnamese_synthetic,self-created,True,no_pii,train
FINAL_000781,SAFE_0301,"Mã đơn hàng của ba là 123456, hàng sẽ giao trong hôm nay nha.",SAFE,NONE,LOW,Nội dung bình thường hoặc không có yêu cầu nguy hiểm.,,Không cần cảnh báo. Có thể tiếp tục trò chuyện bình thường.,none,none,general,SOUTH,NONE,vietnamese_synthetic,self-created,True,no_pii,train
FINAL_000869,SUSPICIOUS_0018,Em có cơ hội đầu tư muốn giới thiệu cho bác để bên em kiểm tra lại.,SUSPICIOUS,UNKNOWN,MEDIUM,Nội dung có yêu cầu xác minh hoặc cung cấp thông tin nhưng chưa đủ bằng chứng kết luận lừa đảo.,xác minh; thông tin cá nhân; đường dẫn; phản hồi sớm,Cần kiểm tra nguồn gửi. Không cung cấp thông tin nhạy cảm nếu chưa xác minh.,uncertainty; possible_social_engineering,privacy_leak,general,STANDARD,OBFUSCATION,vietnamese_synthetic,self-created,True,no_pii,train
FINAL_000677,OTP_BANK_0577,"Ngân hàng cần kiểm tra bảo mật, o cung cấp mã OT P ngay để tránh khóa t.khoản.",SCAM,OTP_BANK,HIGH,Yêu cầu cung cấp OTP hoặc mã xác nhận ngân hàng.,mã OTP; mã xác nhận; dãy 6 số,Không cung cấp OTP hoặc mã xác nhận. Gọi trực tiếp ngân hàng để kiểm tra.,urgency; technical_confusion,credential_theft,elderly,CENTRAL,OBFUSCATION,vietnamese_synthetic,self-created,True,no_pii,train
FINAL_000718,JOB_SCAM_0385,"Bên em tuyển cộng tác viên tại nhà, cần chuyển tiền kích hoạt account.",SCAM,JOB_SCAM,MEDIUM,"Lừa việc làm online, yêu cầu đóng phí hoặc nạp tiền trước.",nạp trước; đóng phí; kích hoạt tài khoản,Không đóng phí để nhận việc. Kiểm tra công ty và hợp đồng rõ ràng.,financial_pressure; false_promise,financial_loss,elderly,SOUTH,CODE_SWITCHING,vietnamese_synthetic,self-created,True,no_pii,test
FINAL_000899,LOAN_SCAM_0362,"Mệ được duyệt vay 50 triệu, cần đóng phí bảo hiểm trước để giải ngân Làm ngay giúp bên cháu.",SCAM,LOAN_SCAM,HIGH,"Lừa vay tiền, yêu cầu đóng phí trước hoặc gửi giấy tờ cá nhân.",đóng phí; giải ngân; gửi CCCD; phí hồ sơ,Không gửi giấy tờ cá nhân hoặc đóng phí trước cho dịch vụ vay không rõ nguồn.,financial_pressure; urgency,financial_loss; identity_theft,elderly,CENTRAL,NONE,vietnamese_synthetic,self-created,True,no_pii,train
FINAL_001400,INVESTMENT_0302,"Con hỏi thăm sức khỏe chút. Chú tham gia nhóm đầu tư nội bộ, lợi nhuận chắc chắn không rủi ro.",SCAM,INVESTMENT,HIGH,Hứa lợi nhuận cao bất thường và yêu cầu nạp/chuyển tiền.,lãi 30%; lợi nhuận cao; nạp tiền; chuyển tiền,Không chuyển tiền vào kênh đầu tư không rõ pháp lý. Hỏi người thân hoặc chuyên gia tài chính.,greed; false_promise,financial_loss,elderly,NORTH,MIXED_INTENT,vietnamese_synthetic,self-created,True,no_pii,valid
FINAL_000312,JOB_SCAM_0120,"Ben em tuyen cong tac vien tai nha, can chuyen tien kich hoat tai khoan Làm ngay giúp bên cháu.",SCAM,JOB_SCAM,MEDIUM,"Lừa việc làm online, yêu cầu đóng phí hoặc nạp tiền trước.",nạp trước; đóng phí; kích hoạt tài khoản,Không đóng phí để nhận việc. Kiểm tra công ty và hợp đồng rõ ràng.,financial_pressure; false_promise,financial_loss,elderly,NORTH,TYPO,vietnamese_synthetic,self-created,True,no_pii,train
FINAL_000910,PHISHING_LINK_0213,O bấm link <LINK> để xác minh tài khoản trước khi bị khóa.,SCAM,PHISHING_LINK,HIGH,Dụ người dùng bấm link lạ để đánh cắp thông tin.,<LINK>; bấm link; đăng nhập,Không bấm link lạ. Chỉ truy cập website hoặc ứng dụng chính thức.,technical_confusion; urgency,credential_theft; malware_install,elderly,CENTRAL,NONE,vietnamese_synthetic,self-created,True,no_pii,train
FINAL_001020,EMERGENCY_MONEY_0279,"Cô đừng hỏi nhiều, con cần tiền xử lý việc khẩn cấp, chuyển ngay giúp con.",SCAM,EMERGENCY_MONEY,HIGH,"Giả danh người thân, tạo tình huống khẩn cấp và yêu cầu chuyển tiền.",cấp cứu; chuyển gấp; đừng gọi lại; khẩn cấp,Không chuyển tiền vội. Gọi trực tiếp cho người thân qua số quen thuộc để xác minh.,urgency; trust_abuse; secrecy,financial_loss,elderly,SOUTH,NONE,vietnamese_synthetic,self-created,True,no_pii,test
FINAL_001286,OTP_BANK_0047,Bác đọc giúp cháu dãy 6 số vừa gửi về điện thoại để hoàn tất xác minh Làm ngay giúp bên cháu.,SCAM,OTP_BANK,HIGH,Yêu cầu cung cấp OTP hoặc mã xác nhận ngân hàng.,mã OTP; mã xác nhận; dãy 6 số,Không cung cấp OTP hoặc mã xác nhận. Gọi trực tiếp ngân hàng để kiểm tra.,urgency; technical_confusion,credential_theft,elderly,STANDARD,NONE,vietnamese_synthetic,self-created,True,no_pii,train
FINAL_001254,SELF_EMERGENCY_MONEY_0004,"Bác kể lại rằng có người gọi điện trong lúc ở nhà một mình. Người này nhắn như con/cháu trong nhà, nói điện thoại bị hỏng nên phải dùng số lạ, nói chuyện rất tự tin và dùng nhiều từ ngữ giống cơ quan chính thức. Tiếp theo họ nói bác phải giữ bí mật vì sợ ba mẹ la mắng. Người kia dặn bác đừng gọi số cũ vì máy đang hư và đang ở chỗ đông người.",SCAM,EMERGENCY_MONEY,HIGH,Giả danh người thân hoặc dùng tình huống khẩn cấp để yêu cầu chuyển tiền.,đang cấp cứu; chuyển gấp; đừng gọi lại; cần tiền ngay,Không chuyển tiền vội. Gọi trực tiếp cho người thân qua số quen thuộc hoặc hỏi người trong gia đình.,trust_abuse; urgency; secrecy; fear,financial_loss,elderly,NORTH,NONE,self_created_long_context_based_on_public_warning_taxonomy,self-created,True,no_pii,train
FINAL_000803,FAKE_POLICE_0007,"Bên viện kiểm sát yêu cầu mệ hợp tác ngay, nếu không sẽ bị phong tỏa tài sản.",SCAM,FAKE_POLICE,HIGH,"Giả danh cơ quan chức năng, đe dọa và yêu cầu chuyển tiền.",công an; viện kiểm sát; vụ án; chuyển tiền,Không chuyển tiền. Gọi người thân hoặc cơ quan công an địa phương để xác minh.,authority_impersonation; fear; secrecy,financial_loss,elderly,CENTRAL,OBFUSCATION,vietnamese_synthetic,self-created,True,no_pii,train
FINAL_000571,SELF_SAFE_0004,"Bài đăng của tổ dân phố nhắc người dân cảnh giác với cuộc gọi tự xưng công an và không chuyển tiền theo hướng dẫn qua điện thoại. Nội dung là tuyên truyền phòng tránh, không phải yêu cầu thực hiện giao dịch.",SAFE,NONE,LOW,"Nội dung cảnh báo cộng đồng, không phải hành vi lừa đảo trực tiếp.",cảnh giác; không chuyển tiền; tuyên truyền phòng tránh,"Không cần cảnh báo mạnh. Có thể tiếp tục trò chuyện bình thường, nhưng vẫn nhắc người dùng không chia sẻ OTP nếu cần.",none,none,general,NORTH,NONE,self_created_long_context_hard_negative,self-created,True,no_pii,train
FINAL_001387,SELF_ROMANCE_SCAM_0001,"Bác kể lại rằng có người gọi điện trong lúc ở nhà một mình. Người này họ nhắn tin nhiều tuần, gọi bác bằng lời thân mật để tạo lòng tin, nói chuyện rất tự tin và dùng nhiều từ ngữ giống cơ quan chính thức. Tiếp theo họ gửi số tài khoản lạ và hứa sẽ hoàn lại gấp đôi khi về nước. Câu chuyện thay đổi liên tục nhưng luôn dẫn đến việc cần tiền.",SCAM,ROMANCE_SCAM,MEDIUM,"Lợi dụng tình cảm/lòng tin để xin tiền, quà hoặc thông tin cá nhân.",quen qua mạng; gửi quà; phí hải quan; cần tiền gấp,Không chuyển tiền cho người quen qua mạng chưa gặp ngoài đời. Hỏi người thân trước khi quyết định.,trust_abuse; emotional_manipulation; false_promise,financial_loss; psychological_pressure,elderly,STANDARD,NONE,self_created_long_context_based_on_public_warning_taxonomy,self-created,True,no_pii,valid
FINAL_000487,SAFE_0218,"Ngân hàng thông báo bảo trì hệ thống vào tối nay, không yêu cầu cung cấp thông tin Mã tham chiếu 818.",SAFE,NONE,LOW,Nội dung bình thường hoặc không có yêu cầu nguy hiểm.,,Không cần cảnh báo. Có thể tiếp tục trò chuyện bình thường.,none,none,general,STANDARD,NONE,vietnamese_synthetic,self-created,True,no_pii,train
FINAL_000262,SAFE_0310,O kiem tra giup con lich hen kham benh ngai mai nhe.,SAFE,NONE,LOW,Nội dung bình thường hoặc không có yêu cầu nguy hiểm.,,Không cần cảnh báo. Có thể tiếp tục trò chuyện bình thường.,none,none,general,CENTRAL,TYPO,vietnamese_synthetic,self-created,True,no_pii,train
FINAL_001112,PHISHING_LINK_0216,"Đơn hàng của o gặp lỗi, bấm vào <LINK> để cập nhật thông tin nhận hàng.",SCAM,PHISHING_LINK,HIGH,Dụ người dùng bấm link lạ để đánh cắp thông tin.,<LINK>; bấm link; đăng nhập,Không bấm link lạ. Chỉ truy cập website hoặc ứng dụng chính thức.,technical_confusion; urgency,credential_theft; malware_install,elderly,CENTRAL,NONE,vietnamese_synthetic,self-created,True,no_pii,train
FINAL_000284,INVESTMENT_0369,"Cô/chú cứ bình tĩnh, bên cháu hỗ trợ nhanh thôi. Cơ hội sinh lời bảo đảm, ba chỉ cần chuyển tiền là có chuyên gia hỗ trợ. Làm ngay để tránh bị khóa dịch vụ.",SCAM,INVESTMENT,HIGH,Hứa lợi nhuận cao bất thường và yêu cầu nạp/chuyển tiền.,lãi 30%; lợi nhuận cao; nạp tiền; chuyển tiền,Không chuyển tiền vào kênh đầu tư không rõ pháp lý. Hỏi người thân hoặc chuyên gia tài chính.,greed; false_promise,financial_loss,elderly,SOUTH,LONG_CONTEXT,vietnamese_synthetic,self-created,True,no_pii,train
FINAL_000134,JOB_SCAM_0442,"Việc nhẹ lương cao, chú đóng phí hồ sơ là có thể bắt đầu ngay Nếu chậm trễ tài khoản có thể bị khóa.",SCAM,JOB_SCAM,MEDIUM,"Lừa việc làm online, yêu cầu đóng phí hoặc nạp tiền trước.",nạp trước; đóng phí; kích hoạt tài khoản,Không đóng phí để nhận việc. Kiểm tra công ty và hợp đồng rõ ràng.,financial_pressure; false_promise,financial_loss,elderly,NORTH,NONE,vietnamese_synthetic,self-created,True,no_pii,train
FINAL_000235,LOAN_SCAM_0044,"Cô được duyệt vay 50 triệu, cần đóng phí bảo hiểm trước để giải ngân.",SCAM,LOAN_SCAM,HIGH,"Lừa vay tiền, yêu cầu đóng phí trước hoặc gửi giấy tờ cá nhân.",đóng phí; giải ngân; gửi CCCD; phí hồ sơ,Không gửi giấy tờ cá nhân hoặc đóng phí trước cho dịch vụ vay không rõ nguồn.,financial_pressure; urgency,financial_loss; identity_theft,elderly,NORTH,NONE,vietnamese_synthetic,self-created,True,no_pii,train
FINAL_001526,PHISHING_LINK_0141,Ba cần đăng nhập vào <LINK> để kiểm tra giao dịch bất thường Xử lý trong hôm nay giúp cháu.,SCAM,PHISHING_LINK,HIGH,Dụ người dùng bấm link lạ để đánh cắp thông tin.,<LINK>; bấm link; đăng nhập,Không bấm link lạ. Chỉ truy cập website hoặc ứng dụng chính thức.,technical_confusion; urgency,credential_theft; malware_install,elderly,SOUTH,NONE,vietnamese_synthetic,self-created,True,no_pii,train
FINAL_001128,SELF_SAFE_0045,"Tin nhắn từ người thân báo đã ck mua thuốc cho o và hẹn chiều ghé qua. Người gửi dùng số điện thoại quen thuộc, ko yêu cầu o gửi lại thông tin NH hay OTP. Nội dung mang tính thông báo sinh hoạt.",SAFE,NONE,LOW,"Có nhắc đến chuyển tiền nhưng ngữ cảnh an toàn, không yêu cầu người dùng chuyển ngược hoặc cung cấp mã.",đã chuyển tiền mua thuốc; không yêu cầu OTP,"Không cần cảnh báo mạnh. Có thể tiếp tục trò chuyện bình thường, nhưng vẫn nhắc người dùng không chia sẻ OTP nếu cần.",none,none,general,CENTRAL,ABBREVIATION,self_created_long_context_hard_negative,self-created,True,no_pii,train
FINAL_000294,SAFE_0077,"Chú ơi, tối nay cả nhà gọi video nhé nhé.",SAFE,NONE,LOW,Nội dung bình thường hoặc không có yêu cầu nguy hiểm.,,Không cần cảnh báo. Có thể tiếp tục trò chuyện bình thường.,none,none,general,NORTH,NONE,vietnamese_synthetic,self-created,True,no_pii,train
FINAL_001558,SUSPICIOUS_0188,Chú bấm vào đường dẫn này để xem chi tiết chương trình nếu cần em sẽ hướng dẫn thêm.,SUSPICIOUS,UNKNOWN,MEDIUM,Nội dung có yêu cầu xác minh hoặc cung cấp thông tin nhưng chưa đủ bằng chứng kết luận lừa đảo.,xác minh; thông tin cá nhân; đường dẫn; phản hồi sớm,Cần kiểm tra nguồn gửi. Không cung cấp thông tin nhạy cảm nếu chưa xác minh.,uncertainty; possible_social_engineering,privacy_leak,general,STANDARD,NONE,vietnamese_synthetic,self-created,True,no_pii,train
FINAL_001036,SELF_PRIZE_GIFT_0015,Một bài cảnh báo trên mạng xã hội tóm tắt sự việc: người lạ nói chú trúng quà tri ân vì là khách hàng may mắn. Nội dung sau đó chuyển sang yêu cầu yêu cầu đóng thuế/quỹ hồ sơ trước khi trao thưởng. Họ dặn chú chuyển phí nhỏ trước để nhận món quà lớn. Bài viết khuyên người đọc nên xác minh với người thân trước khi làm theo.,SCAM,PRIZE_GIFT,HIGH,Lấy lý do trúng thưởng/nhận quà để yêu cầu đóng phí hoặc cung cấp thông tin.,trúng thưởng; nhận quà; phí vận chuyển; thông tin cá nhân,Không chuyển phí nhận thưởng. Kiểm tra chương trình trên kênh chính thức.,greed; false_promise; urgency,financial_loss; privacy_leak,elderly,SOUTH,NONE,self_created_long_context_based_on_public_warning_taxonomy,self-created,True,no_pii,train
FINAL_000736,SUSPICIOUS_0038,Bên em cần mệ xác nhận giao dịch này ngay hôm nay.,SUSPICIOUS,UNKNOWN,MEDIUM,Nội dung có yêu cầu xác minh hoặc cung cấp thông tin nhưng chưa đủ bằng chứng kết luận lừa đảo.,xác minh; thông tin cá nhân; đường dẫn; phản hồi sớm,Cần kiểm tra nguồn gửi. Không cung cấp thông tin nhạy cảm nếu chưa xác minh.,uncertainty; possible_social_engineering,privacy_leak,general,CENTRAL,NONE,vietnamese_synthetic,self-created,True,no_pii,train
FINAL_001152,LOAN_SCAM_0324,Bac muon vay nhanh khong can gap mat thi gui CCCD va phi ho so truoc.,SCAM,LOAN_SCAM,HIGH,"Lừa vay tiền, yêu cầu đóng phí trước hoặc gửi giấy tờ cá nhân.",đóng phí; giải ngân; gửi CCCD; phí hồ sơ,Không gửi giấy tờ cá nhân hoặc đóng phí trước cho dịch vụ vay không rõ nguồn.,financial_pressure; urgency,financial_loss; identity_theft,elderly,STANDARD,TYPO,vietnamese_synthetic,self-created,True,no_pii,train
FINAL_000881,SAFE_0099,Con đã chuyển tiền mua thuốc cho mẹ rồi cho con biết nhé.,SAFE,NONE,LOW,Nội dung bình thường hoặc không có yêu cầu nguy hiểm.,,Không cần cảnh báo. Có thể tiếp tục trò chuyện bình thường.,none,none,general,NORTH,NONE,vietnamese_synthetic,self-created,True,no_pii,train
FINAL_000634,SUSPICIOUS_0035,Chú xm tk giúp bên em trong hôm nay nhé.,SUSPICIOUS,UNKNOWN,MEDIUM,Nội dung có yêu cầu xác minh hoặc cung cấp thông tin nhưng chưa đủ bằng chứng kết luận lừa đảo.,xác minh; thông tin cá nhân; đường dẫn; phản hồi sớm,Cần kiểm tra nguồn gửi. Không cung cấp thông tin nhạy cảm nếu chưa xác minh.,uncertainty; possible_social_engineering,privacy_leak,general,STANDARD,ABBREVIATION,vietnamese_synthetic,self-created,True,no_pii,train
FINAL_001209,SAFE_0111,"Ngan hang thong bao bao tri he thong vao toi nay, khong yeu cau cung cap thong tin cho con biết nhé.",SAFE,NONE,LOW,Nội dung bình thường hoặc không có yêu cầu nguy hiểm.,,Không cần cảnh báo. Có thể tiếp tục trò chuyện bình thường.,none,none,general,SOUTH,TYPO,vietnamese_synthetic,self-created,True,no_pii,train
FINAL_001371,SELF_SUSPICIOUS_0020,"Có người mời chú tham gia chương trình nhận quà tri ân, nói sẽ gọi lại để hướng dẫn. Họ chưa yêu cầu đóng phí, nhưng hỏi tuổi, địa chỉ và số điện thoại người thân. Đây là tình huống nghi ngờ vì thu thập thông tin cá nhân. Mã tình huống tham khảo: SELF_000200.",SUSPICIOUS,UNKNOWN,MEDIUM,Có yêu cầu xác minh/cung cấp thông tin nhưng chưa đủ dữ kiện kết luận lừa đảo.,xác minh; thông tin cá nhân; trong hôm nay,Cần kiểm tra nguồn gửi. Không cung cấp thông tin nhạy cảm nếu chưa xác minh.,uncertainty; possible_social_engineering,privacy_leak,general,NORTH,OBFUSCATION,self_created_long_context_based_on_public_warning_taxonomy,self-created,True,no_pii,train
FINAL_000404,SAFE_0032,Chu kiem tra giup con lich hen kham benh ngay mai nhe.,SAFE,NONE,LOW,Nội dung bình thường hoặc không có yêu cầu nguy hiểm.,,Không cần cảnh báo. Có thể tiếp tục trò chuyện bình thường.,none,none,general,SOUTH,NO_DIACRITICS,vietnamese_synthetic,self-created,True,no_pii,test
FINAL_000452,JOB_SCAM_0321,"Bên em tuyển cộng tác viên tại nhà, cần ck kích hoạt tk.",SCAM,JOB_SCAM,MEDIUM,"Lừa việc làm online, yêu cầu đóng phí hoặc nạp tiền trước.",nạp trước; đóng phí; kích hoạt tài khoản,Không đóng phí để nhận việc. Kiểm tra công ty và hợp đồng rõ ràng.,financial_pressure; false_promise,financial_loss,elderly,STANDARD,ABBREVIATION,vietnamese_synthetic,self-created,True,no_pii,train
FINAL_000157,SELF_SUSPICIOUS_0024,"Một t.khoản mạng xã hội mới kết bạn với bác, hỏi thăm sức khỏe nhiều ngày rồi bắt đầu nói về một cơ hội đầu tư. Người này chưa yêu cầu gửi khoản tiền nhưng liên tục hứa lợi nhuận cao. Cần theo dõi thêm trước khi kết luận.",SUSPICIOUS,UNKNOWN,MEDIUM,Có yêu cầu xác minh/cung cấp thông tin nhưng chưa đủ dữ kiện kết luận lừa đảo.,xác minh; thông tin cá nhân; trong hôm nay,Cần kiểm tra nguồn gửi. Không cung cấp thông tin nhạy cảm nếu chưa xác minh.,uncertainty; possible_social_engineering,privacy_leak,general,STANDARD,OBFUSCATION,self_created_long_context_based_on_public_warning_taxonomy,self-created,True,no_pii,train
FINAL_001320,FAKE_POLICE_0070,"Cô đang bị nghi ngờ liên quan đường dây lừa đảo, cần làm theo hướng dẫn ngay Làm ngay giúp bên cháu.",SCAM,FAKE_POLICE,HIGH,"Giả danh cơ quan chức năng, đe dọa và yêu cầu chuyển tiền.",công an; viện kiểm sát; vụ án; chuyển tiền,Không chuyển tiền. Gọi người thân hoặc cơ quan công an địa phương để xác minh.,authority_impersonation; fear; secrecy,financial_loss,elderly,SOUTH,NONE,vietnamese_synthetic,self-created,True,no_pii,test
FINAL_000360,SAFE_0135,O nho uong thuoc dung gio nha.,SAFE,NONE,LOW,Nội dung bình thường hoặc không có yêu cầu nguy hiểm.,,Không cần cảnh báo. Có thể tiếp tục trò chuyện bình thường.,none,none,general,CENTRAL,NO_DIACRITICS,vietnamese_synthetic,self-created,True,no_pii,train
FINAL_001182,SELF_DEEPFAKE_CALL_0012,"Ba kể lại rằng có người gọi điện trong lúc ở nhà một mình. Người này cuộc gọi đến từ account mạng xã hội mới tạo nhưng dùng ảnh đại diện của người thân, nói chuyện rất tự tin và dùng nhiều từ ngữ giống cơ quan chính thức. Tiếp theo họ bảo ba không gọi lại vì đang ở nơi đông người và sắp hết pin. Toàn bộ cuộc gọi rất ngắn, chủ yếu tạo cảm giác cấp bách.",SCAM,DEEPFAKE_CALL,HIGH,Dùng cuộc gọi video/giọng nói giống người quen để yêu cầu tiền hoặc thông tin.,video mờ; giọng giống người thân; chuyển gấp; không gọi lại,Gọi lại bằng số quen thuộc hoặc hỏi câu riêng tư để xác minh. Không chuyển tiền trong lúc cuộc gọi chưa rõ.,trust_abuse; urgency; technical_deception,financial_loss,elderly,SOUTH,CODE_SWITCHING,self_created_long_context_based_on_public_warning_taxonomy,self-created,True,no_pii,train
FINAL_001181,JOB_SCAM_0274,"Bên em tuyển cộng tác viên tại nhà, cần chuyển tiền kích hoạt tài khoản Nếu chậm trễ tài khoản có thể bị khóa.",SCAM,JOB_SCAM,MEDIUM,"Lừa việc làm online, yêu cầu đóng phí hoặc nạp tiền trước.",nạp trước; đóng phí; kích hoạt tài khoản,Không đóng phí để nhận việc. Kiểm tra công ty và hợp đồng rõ ràng.,financial_pressure; false_promise,financial_loss,elderly,CENTRAL,NONE,vietnamese_synthetic,self-created,True,no_pii,train
FINAL_000834,SELF_LOAN_SCAM_0009,"Bài chia sẻ mô tả một trường hợp người cao tuổi nhận được cuộc gọi lạ: người gọi nói hồ sơ của bác đã qua vòng xét duyệt, chỉ thiếu bước cuối. Sau đó họ yêu cầu bác đóng phí bảo hiểm khoản vay trước khi giải ngân. Khi bác muốn dừng, họ dọa đưa hồ sơ lên hệ thống nợ xấu. Gia đình nghi ngờ đây là tình huống lừa đảo vì nội dung tạo áp lực và yêu cầu hành động liên quan đến tiền hoặc thông tin nhạy cảm. Please check now.",SCAM,LOAN_SCAM,HIGH,"Lừa vay tiền nhanh, yêu cầu phí trước hoặc thu thập giấy tờ cá nhân.",duyệt vay; phí hồ sơ; phí bảo hiểm; giải ngân; CCCD,Không gửi giấy tờ cá nhân hoặc đóng phí trước cho dịch vụ vay không rõ nguồn.,financial_pressure; urgency; false_promise,financial_loss; identity_theft,elderly,STANDARD,CODE_SWITCHING,self_created_long_context_based_on_public_warning_taxonomy,self-created,True,no_pii,test
FINAL_000515,LOAN_SCAM_0439,"Hồ sơ vay của ba đã được chấp nhận, chuyển phí xm để nhận tiền.",SCAM,LOAN_SCAM,HIGH,"Lừa vay tiền, yêu cầu đóng phí trước hoặc gửi giấy tờ cá nhân.",đóng phí; giải ngân; gửi CCCD; phí hồ sơ,Không gửi giấy tờ cá nhân hoặc đóng phí trước cho dịch vụ vay không rõ nguồn.,financial_pressure; urgency,financial_loss; identity_theft,elderly,SOUTH,ABBREVIATION,vietnamese_synthetic,self-created,True,no_pii,train
FINAL_001547,SUSPICIOUS_0099,Bác bấm vào đường dẫn này để xem chi tiết chương trình trong hôm nay giúp em.,SUSPICIOUS,UNKNOWN,MEDIUM,Nội dung có yêu cầu xác minh hoặc cung cấp thông tin nhưng chưa đủ bằng chứng kết luận lừa đảo.,xác minh; thông tin cá nhân; đường dẫn; phản hồi sớm,Cần kiểm tra nguồn gửi. Không cung cấp thông tin nhạy cảm nếu chưa xác minh.,uncertainty; possible_social_engineering,privacy_leak,general,NORTH,ABBREVIATION,vietnamese_synthetic,self-created,True,no_pii,train
FINAL_001523,SELF_JOB_SCAM_0009,"Bài chia sẻ mô tả một trường hợp người cao tuổi nhận được cuộc gọi lạ: người gọi mời ba làm cộng tác viên online tại nhà, mỗi ngày nhận tiền ngay. Sau đó họ yêu cầu ba nạp trước 300 nghìn để nhận nhiệm vụ đầu tiên. Ban đầu họ cho nhận vài chục nghìn để tạo lòng tin. Gia đình nghi ngờ đây là tình huống lừa đảo vì nội dung tạo áp lực và yêu cầu hành động liên quan đến tiền hoặc thông tin nhạy cảm.",SCAM,JOB_SCAM,MEDIUM,"Lừa tuyển cộng tác viên/việc nhẹ lương cao, yêu cầu nạp tiền hoặc làm nhiệm vụ.",việc nhẹ lương cao; nạp tiền; nhiệm vụ; hoàn tiền,Không đóng phí để nhận việc. Kiểm tra thông tin công ty và hợp đồng rõ ràng.,financial_pressure; false_promise; gamification,financial_loss,elderly,SOUTH,ABBREVIATION,self_created_long_context_based_on_public_warning_taxonomy,self-created,True,no_pii,train
FINAL_001382,PRIZE_GIFT_0536,"Chúc mừng cô đã trúng xe máy, bấm <LINK> để nhận quà Làm ngay giúp bên cháu.",SCAM,PRIZE_GIFT,HIGH,Dùng quà tặng hoặc trúng thưởng để dụ cung cấp thông tin hoặc chuyển phí.,trúng thưởng; nhận quà; đóng phí; chuyển phí,Không chuyển phí hoặc cung cấp thông tin cá nhân để nhận quà không rõ nguồn.,greed; urgency,financial_loss; privacy_leak,elderly,NORTH,ABBREVIATION,vietnamese_synthetic,self-created,True,no_pii,train
FINAL_000449,OTP_BANK_0386,"Cô/chú cứ bình tĩnh, bên cháu hỗ trợ nhanh thôi. Bác gửi mã OTP vừa nhận được để ngân hàng xác minh tài khoản ngay nhé. Làm ngay để tránh bị khóa dịch vụ.",SCAM,OTP_BANK,HIGH,Yêu cầu cung cấp OTP hoặc mã xác nhận ngân hàng.,mã OTP; mã xác nhận; dãy 6 số,Không cung cấp OTP hoặc mã xác nhận. Gọi trực tiếp ngân hàng để kiểm tra.,urgency; technical_confusion,credential_theft,elderly,CENTRAL,LONG_CONTEXT,vietnamese_synthetic,self-created,True,no_pii,train
FINAL_000335,LOAN_SCAM_0352,"Bác được duyệt vay 50 triệu, cần đóng phí bảo hiểm trước để giải ngân Bên cháu đang chờ phản hồi.",SCAM,LOAN_SCAM,HIGH,"Lừa vay tiền, yêu cầu đóng phí trước hoặc gửi giấy tờ cá nhân.",đóng phí; giải ngân; gửi CCCD; phí hồ sơ,Không gửi giấy tờ cá nhân hoặc đóng phí trước cho dịch vụ vay không rõ nguồn.,financial_pressure; urgency,financial_loss; identity_theft,elderly,CENTRAL,OBFUSCATION,vietnamese_synthetic,self-created,True,no_pii,train
FINAL_000523,EMERGENCY_MONEY_0162,"Mệ đừng hỏi nhiều, con cần tiền xử lý việc khẩn cấp, chuyển ngay giúp con.",SCAM,EMERGENCY_MONEY,HIGH,"Giả danh người thân, tạo tình huống khẩn cấp và yêu cầu chuyển tiền.",cấp cứu; chuyển gấp; đừng gọi lại; khẩn cấp,Không chuyển tiền vội. Gọi trực tiếp cho người thân qua số quen thuộc để xác minh.,urgency; trust_abuse; secrecy,financial_loss,elderly,CENTRAL,NONE,vietnamese_synthetic,self-created,True,no_pii,test
FINAL_001218,SAFE_0276,Con da chuyen tien mua thuoc cho me roi để con yên tâm nha.,SAFE,NONE,LOW,Nội dung bình thường hoặc không có yêu cầu nguy hiểm.,,Không cần cảnh báo. Có thể tiếp tục trò chuyện bình thường.,none,none,general,STANDARD,TYPO,vietnamese_synthetic,self-created,True,no_pii,train
FINAL_000692,LOAN_SCAM_0267,Chú muốn vay nhanh không cần gặp mặt thì gửi CCCD và phí hồ sơ trước.,SCAM,LOAN_SCAM,HIGH,"Lừa vay tiền, yêu cầu đóng phí trước hoặc gửi giấy tờ cá nhân.",đóng phí; giải ngân; gửi CCCD; phí hồ sơ,Không gửi giấy tờ cá nhân hoặc đóng phí trước cho dịch vụ vay không rõ nguồn.,financial_pressure; urgency,financial_loss; identity_theft,elderly,SOUTH,NONE,vietnamese_synthetic,self-created,True,no_pii,test
FINAL_001118,SAFE_0293,"Ngân hàng thông báo bảo trì hệ thống vào tối nay, không yêu cầu cung cấp thông tin Mã tham chiếu 893.",SAFE,NONE,LOW,Nội dung bình thường hoặc không có yêu cầu nguy hiểm.,,Không cần cảnh báo. Có thể tiếp tục trò chuyện bình thường.,none,none,general,STANDARD,NONE,vietnamese_synthetic,self-created,True,no_pii,test
FINAL_000121,PRIZE_GIFT_0026,"Bên em tặng bác phần quà tri ân, cần cung cấp thông tin cá nhân để nhận.",SCAM,PRIZE_GIFT,HIGH,Dùng quà tặng hoặc trúng thưởng để dụ cung cấp thông tin hoặc chuyển phí.,trúng thưởng; nhận quà; đóng phí; chuyển phí,Không chuyển phí hoặc cung cấp thông tin cá nhân để nhận quà không rõ nguồn.,greed; urgency,financial_loss; privacy_leak,elderly,NORTH,ABBREVIATION,vietnamese_synthetic,self-created,True,no_pii,train
FINAL_001080,EMERGENCY_MONEY_0384,"Con hỏi thăm sức khỏe chút. Mẹ ơi con đang cấp cứu, chuyển gấp cho con 5 triệu, đừng gọi lại.",SCAM,EMERGENCY_MONEY,HIGH,"Giả danh người thân, tạo tình huống khẩn cấp và yêu cầu chuyển tiền.",cấp cứu; chuyển gấp; đừng gọi lại; khẩn cấp,Không chuyển tiền vội. Gọi trực tiếp cho người thân qua số quen thuộc để xác minh.,urgency; trust_abuse; secrecy,financial_loss,elderly,SOUTH,MIXED_INTENT,vietnamese_synthetic,self-created,True,no_pii,train
FINAL_000732,FAKE_POLICE_0013,"Chú không được nói với ai, hãy chuyển tiền vào tài khoản tạm giữ để phục vụ xác minh.",SCAM,FAKE_POLICE,HIGH,"Giả danh cơ quan chức năng, đe dọa và yêu cầu chuyển tiền.",công an; viện kiểm sát; vụ án; chuyển tiền,Không chuyển tiền. Gọi người thân hoặc cơ quan công an địa phương để xác minh.,authority_impersonation; fear; secrecy,financial_loss,elderly,NORTH,NONE,vietnamese_synthetic,self-created,True,no_pii,train
FINAL_000354,SELF_PHISHING_LINK_0003,"Bác kể lại rằng có người gọi điện trong lúc ở nhà một mình. Người này nói tài khoản mạng xã hội của bác bị báo cáo vi phạm nên phải xác minh, nói chuyện rất tự tin và dùng nhiều từ ngữ giống cơ quan chính thức. Tiếp theo họ đề nghị bác nhập thông tin thẻ để nhận khoản hoàn tiền. Họ nhấn mạnh đây là bước bắt buộc để tránh khóa tài khoản.",SCAM,PHISHING_LINK,HIGH,Dụ bấm link lạ để đăng nhập/cập nhật thông tin và đánh cắp dữ liệu.,<LINK>; bấm link; cập nhật thông tin; đăng nhập,Không bấm link lạ. Mở ứng dụng chính thức hoặc gõ trực tiếp địa chỉ website chính thức.,technical_confusion; urgency; false_promise,credential_theft; privacy_leak; malware_install,elderly,NORTH,NONE,self_created_long_context_based_on_public_warning_taxonomy,self-created,True,no_pii,test
FINAL_000277,PRIZE_GIFT_0056,"Cô/chú cứ bình tĩnh, bên cháu hỗ trợ nhanh thôi. Bên em tặng bác phần quà tri ân, cần cung cấp thông tin cá nhân để nhận. Làm ngay để tránh bị khóa dịch vụ.",SCAM,PRIZE_GIFT,HIGH,Dùng quà tặng hoặc trúng thưởng để dụ cung cấp thông tin hoặc chuyển phí.,trúng thưởng; nhận quà; đóng phí; chuyển phí,Không chuyển phí hoặc cung cấp thông tin cá nhân để nhận quà không rõ nguồn.,greed; urgency,financial_loss; privacy_leak,elderly,STANDARD,LONG_CONTEXT,vietnamese_synthetic,self-created,True,no_pii,train
FINAL_000171,OTP_BANK_0152,Má đọc giúp cháu dãy 6 số vừa gửi về điện thoại để hoàn tất xác minh.,SCAM,OTP_BANK,HIGH,Yêu cầu cung cấp OTP hoặc mã xác nhận ngân hàng.,mã OTP; mã xác nhận; dãy 6 số,Không cung cấp OTP hoặc mã xác nhận. Gọi trực tiếp ngân hàng để kiểm tra.,urgency; technical_confusion,credential_theft,elderly,SOUTH,NONE,vietnamese_synthetic,self-created,True,no_pii,train
FINAL_001578,PRIZE_GIFT_0075,"Cô trúng thưởng may mắn, chuyển phí vận chuyển để nhận quà ngay hôm nay Làm ngay giúp bên cháu.",SCAM,PRIZE_GIFT,HIGH,Dùng quà tặng hoặc trúng thưởng để dụ cung cấp thông tin hoặc chuyển phí.,trúng thưởng; nhận quà; đóng phí; chuyển phí,Không chuyển phí hoặc cung cấp thông tin cá nhân để nhận quà không rõ nguồn.,greed; urgency,financial_loss; privacy_leak,elderly,STANDARD,NONE,vietnamese_synthetic,self-created,True,no_pii,train
FINAL_000667,SAFE_0357,"Ma don hang cua chu la 123456, hang se giao trong hom nay ạ.",SAFE,NONE,LOW,Nội dung bình thường hoặc không có yêu cầu nguy hiểm.,,Không cần cảnh báo. Có thể tiếp tục trò chuyện bình thường.,none,none,general,NORTH,NO_DIACRITICS,vietnamese_synthetic,self-created,True,no_pii,train
FINAL_000654,JOB_SCAM_0540,"Bác chỉ cần làm nhiệm vụ online, nạp trước 300 nghìn để nhận việc.",SCAM,JOB_SCAM,MEDIUM,"Lừa việc làm online, yêu cầu đóng phí hoặc nạp tiền trước.",nạp trước; đóng phí; kích hoạt tài khoản,Không đóng phí để nhận việc. Kiểm tra công ty và hợp đồng rõ ràng.,financial_pressure; false_promise,financial_loss,elderly,STANDARD,NONE,vietnamese_synthetic,self-created,True,no_pii,train
FINAL_001435,PRIZE_GIFT_0591,"Bác trúng thưởng may mắn, chuyển phí vận chuyển để nhận quà ngay hôm nay Nếu chậm trễ tài khoản có thể bị khóa.",SCAM,PRIZE_GIFT,HIGH,Dùng quà tặng hoặc trúng thưởng để dụ cung cấp thông tin hoặc chuyển phí.,trúng thưởng; nhận quà; đóng phí; chuyển phí,Không chuyển phí hoặc cung cấp thông tin cá nhân để nhận quà không rõ nguồn.,greed; urgency,financial_loss; privacy_leak,elderly,NORTH,OBFUSCATION,vietnamese_synthetic,self-created,True,no_pii,train
FINAL_001571,SAFE_0008,"Ngân hàng thông báo bảo trì hệ thống vào tối nay, không yêu cầu cung cấp thông tin nha.",SAFE,NONE,LOW,Nội dung bình thường hoặc không có yêu cầu nguy hiểm.,,Không cần cảnh báo. Có thể tiếp tục trò chuyện bình thường.,none,none,general,NORTH,NONE,vietnamese_synthetic,self-created,True,no_pii,train
FINAL_000873,EMERGENCY_MONEY_0593,"Mẹ ơi con đang cấp cứu, chuyển gấp cho con 5 triệu, đừng gọi lại Đây là yêu cầu khẩn cấp.",SCAM,EMERGENCY_MONEY,HIGH,"Giả danh người thân, tạo tình huống khẩn cấp và yêu cầu chuyển tiền.",cấp cứu; chuyển gấp; đừng gọi lại; khẩn cấp,Không chuyển tiền vội. Gọi trực tiếp cho người thân qua số quen thuộc để xác minh.,urgency; trust_abuse; secrecy,financial_loss,elderly,STANDARD,OBFUSCATION,vietnamese_synthetic,self-created,True,no_pii,test
FINAL_001135,SAFE_0049,Con gửi link bài báo này cho cô đọc thử.,SAFE,NONE,LOW,Nội dung bình thường hoặc không có yêu cầu nguy hiểm.,,Không cần cảnh báo. Có thể tiếp tục trò chuyện bình thường.,none,none,general,STANDARD,NONE,vietnamese_synthetic,self-created,True,no_pii,valid
FINAL_000305,PRIZE_GIFT_0374,"O trúng thưởng may mắn, chuyển phí vận chuyển để nhận quà ngay hôm nay. please check now",SCAM,PRIZE_GIFT,HIGH,Dùng quà tặng hoặc trúng thưởng để dụ cung cấp thông tin hoặc chuyển phí.,trúng thưởng; nhận quà; đóng phí; chuyển phí,Không chuyển phí hoặc cung cấp thông tin cá nhân để nhận quà không rõ nguồn.,greed; urgency,financial_loss; privacy_leak,elderly,CENTRAL,CODE_SWITCHING,vietnamese_synthetic,self-created,True,no_pii,test
FINAL_000103,PRIZE_GIFT_0129,"Bên em tặng mệ phần quà tri ân, cần cung cấp thông tin cá nhân để nhận.",SCAM,PRIZE_GIFT,HIGH,Dùng quà tặng hoặc trúng thưởng để dụ cung cấp thông tin hoặc chuyển phí.,trúng thưởng; nhận quà; đóng phí; chuyển phí,Không chuyển phí hoặc cung cấp thông tin cá nhân để nhận quà không rõ nguồn.,greed; urgency,financial_loss; privacy_leak,elderly,CENTRAL,NONE,vietnamese_synthetic,self-created,True,no_pii,train
FINAL_000057,SAFE_0019,"Ma don hang cua bac la 123456, hang se giao trong hom nay.",SAFE,NONE,LOW,Nội dung bình thường hoặc không có yêu cầu nguy hiểm.,,Không cần cảnh báo. Có thể tiếp tục trò chuyện bình thường.,none,none,general,CENTRAL,NO_DIACRITICS,vietnamese_synthetic,self-created,True,no_pii,train
FINAL_000651,SELF_JOB_SCAM_0015,"Doan tin nhan bat dau bang loi hoi tham suc khoe cua ba, sau do nguoi gui gui bang luong hap dan, noi nguoi lon tuoi cung lam duoc de dang. Trong cac tin tiep theo, ho yeu cau ba gui thong tin ca nhan de kich hoat tai khoang cong tac vien. Ban dau ho cho nhan vai chuc nghin de tao long tin.",SCAM,JOB_SCAM,MEDIUM,"Lừa tuyển cộng tác viên/việc nhẹ lương cao, yêu cầu nạp tiền hoặc làm nhiệm vụ.",việc nhẹ lương cao; nạp tiền; nhiệm vụ; hoàn tiền,Không đóng phí để nhận việc. Kiểm tra thông tin công ty và hợp đồng rõ ràng.,financial_pressure; false_promise; gamification,financial_loss,elderly,SOUTH,TYPO,self_created_long_context_based_on_public_warning_taxonomy,self-created,True,no_pii,train
FINAL_000088,SELF_PRIZE_GIFT_0009,Bài chia sẻ mô tả một trường hợp người cao tuổi nhận được cuộc gọi lạ: người gọi nói mệ được chọn nhận tiền hỗ trợ trong chương trình khuyến mãi. Sau đó họ yêu cầu đóng thuế/quỹ hồ sơ trước khi trao thưởng. Người nhắn liên tục chúc mừng để tạo cảm giác đã trúng thật. Gia đình nghi ngờ đây là tình huống lừa đảo vì nội dung tạo áp lực và yêu cầu hành động liên quan đến tiền hoặc thông tin nhạy cảm.,SCAM,PRIZE_GIFT,HIGH,Lấy lý do trúng thưởng/nhận quà để yêu cầu đóng phí hoặc cung cấp thông tin.,trúng thưởng; nhận quà; phí vận chuyển; thông tin cá nhân,Không chuyển phí nhận thưởng. Kiểm tra chương trình trên kênh chính thức.,greed; false_promise; urgency,financial_loss; privacy_leak,elderly,CENTRAL,NONE,self_created_long_context_based_on_public_warning_taxonomy,self-created,True,no_pii,test
FINAL_000664,SAFE_0263,O nhớ uống thuốc đúng giờ nha nhé.,SAFE,NONE,LOW,Nội dung bình thường hoặc không có yêu cầu nguy hiểm.,,Không cần cảnh báo. Có thể tiếp tục trò chuyện bình thường.,none,none,general,CENTRAL,NONE,vietnamese_synthetic,self-created,True,no_pii,test
FINAL_001334,SUSPICIOUS_0168,Em có cơ hội đầu tư muốn giới thiệu cho chú Mã tham chiếu 1168.,SUSPICIOUS,UNKNOWN,MEDIUM,Nội dung có yêu cầu xác minh hoặc cung cấp thông tin nhưng chưa đủ bằng chứng kết luận lừa đảo.,xác minh; thông tin cá nhân; đường dẫn; phản hồi sớm,Cần kiểm tra nguồn gửi. Không cung cấp thông tin nhạy cảm nếu chưa xác minh.,uncertainty; possible_social_engineering,privacy_leak,general,SOUTH,NONE,vietnamese_synthetic,self-created,True,no_pii,train
FINAL_000731,SELF_JOB_SCAM_0018,"Bài chia sẻ mô tả một trường hợp người cao tuổi nhận được cuộc gọi lạ: người gọi mời cô làm cộng tác viên online tại nhà, mỗi ngày nhận tiền ngay. Sau đó họ đề nghị cô tăng số tiền nhiệm vụ để được rút hoa hồng. Ban đầu họ cho nhận vài chục nghìn để tạo lòng tin. Gia đình nghi ngờ đây là tình huống lừa đảo vì nội dung tạo áp lực và yêu cầu hành động liên quan đến tiền hoặc thông tin nhạy cảm.",SCAM,JOB_SCAM,MEDIUM,"Lừa tuyển cộng tác viên/việc nhẹ lương cao, yêu cầu nạp tiền hoặc làm nhiệm vụ.",việc nhẹ lương cao; nạp tiền; nhiệm vụ; hoàn tiền,Không đóng phí để nhận việc. Kiểm tra thông tin công ty và hợp đồng rõ ràng.,financial_pressure; false_promise; gamification,financial_loss,elderly,STANDARD,NONE,self_created_long_context_based_on_public_warning_taxonomy,self-created,True,no_pii,train
FINAL_000609,SAFE_0039,Con gửi link bài báo này cho bác đọc thử.,SAFE,NONE,LOW,Nội dung bình thường hoặc không có yêu cầu nguy hiểm.,,Không cần cảnh báo. Có thể tiếp tục trò chuyện bình thường.,none,none,general,CENTRAL,NONE,vietnamese_synthetic,self-created,True,no_pii,train
FINAL_001419,SUSPICIOUS_0005,Cô xác minh tài khoản giúp bên em trong hôm nay nhé.,SUSPICIOUS,UNKNOWN,MEDIUM,Nội dung có yêu cầu xác minh hoặc cung cấp thông tin nhưng chưa đủ bằng chứng kết luận lừa đảo.,xác minh; thông tin cá nhân; đường dẫn; phản hồi sớm,Cần kiểm tra nguồn gửi. Không cung cấp thông tin nhạy cảm nếu chưa xác minh.,uncertainty; possible_social_engineering,privacy_leak,general,SOUTH,NONE,vietnamese_synthetic,self-created,True,no_pii,train
FINAL_001061,SELF_SUSPICIOUS_0025,"Một tk mạng xã hội mới kết bạn với ba, hỏi thăm sức khỏe nhiều ngày rồi bắt đầu nói về một cơ hội đầu tư. Người này chưa yêu cầu ck nhưng liên tục hứa lợi nhuận cao. Cần theo dõi thêm trước khi kết luận.",SUSPICIOUS,UNKNOWN,MEDIUM,Có yêu cầu xác minh/cung cấp thông tin nhưng chưa đủ dữ kiện kết luận lừa đảo.,xác minh; thông tin cá nhân; trong hôm nay,Cần kiểm tra nguồn gửi. Không cung cấp thông tin nhạy cảm nếu chưa xác minh.,uncertainty; possible_social_engineering,privacy_leak,general,SOUTH,ABBREVIATION,self_created_long_context_based_on_public_warning_taxonomy,self-created,True,no_pii,train
FINAL_001600,SAFE_0037,"Hom nay troi mua, chu nho mang ao mua.",SAFE,NONE,LOW,Nội dung bình thường hoặc không có yêu cầu nguy hiểm.,,Không cần cảnh báo. Có thể tiếp tục trò chuyện bình thường.,none,none,general,STANDARD,NO_DIACRITICS,vietnamese_synthetic,self-created,True,no_pii,valid
FINAL_000711,PHISHING_LINK_0592,Chú mở đường dẫn <LINK> để xác minh t.khoản trước khi bị khóa.,SCAM,PHISHING_LINK,HIGH,Dụ người dùng bấm link lạ để đánh cắp thông tin.,<LINK>; bấm link; đăng nhập,Không bấm link lạ. Chỉ truy cập website hoặc ứng dụng chính thức.,technical_confusion; urgency,credential_theft; malware_install,elderly,STANDARD,OBFUSCATION,vietnamese_synthetic,self-created,True,no_pii,test
FINAL_001411,LOAN_SCAM_0462,Chu muon vay nhanh khong can gap mat thi gui CCCD va phi ho so truoc.,SCAM,LOAN_SCAM,HIGH,"Lừa vay tiền, yêu cầu đóng phí trước hoặc gửi giấy tờ cá nhân.",đóng phí; giải ngân; gửi CCCD; phí hồ sơ,Không gửi giấy tờ cá nhân hoặc đóng phí trước cho dịch vụ vay không rõ nguồn.,financial_pressure; urgency,financial_loss; identity_theft,elderly,SOUTH,NO_DIACRITICS,vietnamese_synthetic,self-created,True,no_pii,train
FINAL_000583,SAFE_0229,Bác kiểm tra giúp con lịch hẹn khám bệnh ngày mai nhé nhé.,SAFE,NONE,LOW,Nội dung bình thường hoặc không có yêu cầu nguy hiểm.,,Không cần cảnh báo. Có thể tiếp tục trò chuyện bình thường.,none,none,general,STANDARD,NONE,vietnamese_synthetic,self-created,True,no_pii,test
FINAL_001573,SUSPICIOUS_0106,Co gui thong tin de ben em cap nhat ho so.,SUSPICIOUS,UNKNOWN,MEDIUM,Nội dung có yêu cầu xác minh hoặc cung cấp thông tin nhưng chưa đủ bằng chứng kết luận lừa đảo.,xác minh; thông tin cá nhân; đường dẫn; phản hồi sớm,Cần kiểm tra nguồn gửi. Không cung cấp thông tin nhạy cảm nếu chưa xác minh.,uncertainty; possible_social_engineering,privacy_leak,general,STANDARD,NO_DIACRITICS,vietnamese_synthetic,self-created,True,no_pii,train
FINAL_001081,EMERGENCY_MONEY_0276,"Con đang gặp chuyện gấp, bác chuyển khoản liền cho con 10 triệu nha Làm ngay giúp bên cháu.",SCAM,EMERGENCY_MONEY,HIGH,"Giả danh người thân, tạo tình huống khẩn cấp và yêu cầu chuyển tiền.",cấp cứu; chuyển gấp; đừng gọi lại; khẩn cấp,Không chuyển tiền vội. Gọi trực tiếp cho người thân qua số quen thuộc để xác minh.,urgency; trust_abuse; secrecy,financial_loss,elderly,NORTH,OBFUSCATION,vietnamese_synthetic,self-created,True,no_pii,train
FINAL_001248,PHISHING_LINK_0517,O cần đăng nhập vào <LINK> để kiểm tra giao dịch bất thường Làm ngay giúp bên cháu.,SCAM,PHISHING_LINK,HIGH,Dụ người dùng bấm link lạ để đánh cắp thông tin.,<LINK>; bấm link; đăng nhập,Không bấm link lạ. Chỉ truy cập website hoặc ứng dụng chính thức.,technical_confusion; urgency,credential_theft; malware_install,elderly,CENTRAL,NONE,vietnamese_synthetic,self-created,True,no_pii,train
FINAL_000014,SAFE_0197,Con gui link bai bao nay cho bac doc thu.,SAFE,NONE,LOW,Nội dung bình thường hoặc không có yêu cầu nguy hiểm.,,Không cần cảnh báo. Có thể tiếp tục trò chuyện bình thường.,none,none,general,STANDARD,NO_DIACRITICS,vietnamese_synthetic,self-created,True,no_pii,train
FINAL_000789,SELF_PRIZE_GIFT_0014,"Đoạn tin nhắn bắt đầu bằng lời hỏi thăm sức khỏe của bác, sau đó người gửi nói bác được chọn nhận tiền hỗ trợ trong chương trình khuyến mãi. Trong các tin tiếp theo, họ bảo bác gửi căn cước, địa chỉ nhà và số tài khoản để nhận thưởng. Họ dặn bác chuyển phí nhỏ trước để nhận món quà lớn.",SCAM,PRIZE_GIFT,HIGH,Lấy lý do trúng thưởng/nhận quà để yêu cầu đóng phí hoặc cung cấp thông tin.,trúng thưởng; nhận quà; phí vận chuyển; thông tin cá nhân,Không chuyển phí nhận thưởng. Kiểm tra chương trình trên kênh chính thức.,greed; false_promise; urgency,financial_loss; privacy_leak,elderly,STANDARD,NONE,self_created_long_context_based_on_public_warning_taxonomy,self-created,True,no_pii,train
FINAL_001207,OTP_BANK_0294,"Ngân hàng cần kiểm tra bảo mật, cô cung cấp mã OTP ngay để tránh khóa tài khoản.",SCAM,OTP_BANK,HIGH,Yêu cầu cung cấp OTP hoặc mã xác nhận ngân hàng.,mã OTP; mã xác nhận; dãy 6 số,Không cung cấp OTP hoặc mã xác nhận. Gọi trực tiếp ngân hàng để kiểm tra.,urgency; technical_confusion,credential_theft,elderly,NORTH,NONE,vietnamese_synthetic,self-created,True,no_pii,train
FINAL_000143,OTP_BANK_0003,"Tài khoản của cô đang bị khóa, gửi mã xác nhận để mở lại.",SCAM,OTP_BANK,HIGH,Yêu cầu cung cấp OTP hoặc mã xác nhận ngân hàng.,mã OTP; mã xác nhận; dãy 6 số,Không cung cấp OTP hoặc mã xác nhận. Gọi trực tiếp ngân hàng để kiểm tra.,urgency; technical_confusion,credential_theft,elderly,STANDARD,NONE,vietnamese_synthetic,self-created,True,no_pii,valid
FINAL_000176,SAFE_0020,Con da chuyen tien mua thuoc cho me roi.,SAFE,NONE,LOW,Nội dung bình thường hoặc không có yêu cầu nguy hiểm.,,Không cần cảnh báo. Có thể tiếp tục trò chuyện bình thường.,none,none,general,CENTRAL,TYPO,vietnamese_synthetic,self-created,True,no_pii,test
FINAL_000036,SAFE_0274,"Hôm nay trời mưa, mệ nhớ mang áo mưa nha.",SAFE,NONE,LOW,Nội dung bình thường hoặc không có yêu cầu nguy hiểm.,,Không cần cảnh báo. Có thể tiếp tục trò chuyện bình thường.,none,none,general,CENTRAL,NONE,vietnamese_synthetic,self-created,True,no_pii,train
FINAL_001531,SAFE_0344,Con gửi link bài báo này cho chú đọc thử chiều nay cũng được nha.,SAFE,NONE,LOW,Nội dung bình thường hoặc không có yêu cầu nguy hiểm.,,Không cần cảnh báo. Có thể tiếp tục trò chuyện bình thường.,none,none,general,STANDARD,NONE,vietnamese_synthetic,self-created,True,no_pii,test
FINAL_000418,SAFE_0166,Cô nhớ uống thuốc đúng giờ nha cho con biết nhé.,SAFE,NONE,LOW,Nội dung bình thường hoặc không có yêu cầu nguy hiểm.,,Không cần cảnh báo. Có thể tiếp tục trò chuyện bình thường.,none,none,general,STANDARD,NONE,vietnamese_synthetic,self-created,True,no_pii,train
FINAL_000945,JOB_SCAM_0375,"Bên em tuyển cộng tác viên tại nhà, cần chuyển tiền kích hoạt tài khoản Vui lòng làm ngay để tránh mất quyền lợi.",SCAM,JOB_SCAM,MEDIUM,"Lừa việc làm online, yêu cầu đóng phí hoặc nạp tiền trước.",nạp trước; đóng phí; kích hoạt tài khoản,Không đóng phí để nhận việc. Kiểm tra công ty và hợp đồng rõ ràng.,financial_pressure; false_promise,financial_loss,elderly,CENTRAL,NONE,vietnamese_synthetic,self-created,True,no_pii,test
FINAL_000666,PHISHING_LINK_0153,Vui long truy cap <LINK> de nhan ho tro hoan tien.,SCAM,PHISHING_LINK,HIGH,Dụ người dùng bấm link lạ để đánh cắp thông tin.,<LINK>; bấm link; đăng nhập,Không bấm link lạ. Chỉ truy cập website hoặc ứng dụng chính thức.,technical_confusion; urgency,credential_theft; malware_install,elderly,STANDARD,NO_DIACRITICS,vietnamese_synthetic,self-created,True,no_pii,train
FINAL_001540,FAKE_POLICE_0144,"Bac khong duoc noi voi ai, hay chuyen tien vao tai khoan tam giu de phuc vu xac minh.",SCAM,FAKE_POLICE,HIGH,"Giả danh cơ quan chức năng, đe dọa và yêu cầu chuyển tiền.",công an; viện kiểm sát; vụ án; chuyển tiền,Không chuyển tiền. Gọi người thân hoặc cơ quan công an địa phương để xác minh.,authority_impersonation; fear; secrecy,financial_loss,elderly,NORTH,NO_DIACRITICS,vietnamese_synthetic,self-created,True,no_pii,train
FINAL_001288,FAKE_POLICE_0023,"Bên viện kiểm sát yêu cầu bác hợp tác ngay, nếu không sẽ bị phong tỏa tài sản Làm ngay giúp bên cháu.",SCAM,FAKE_POLICE,HIGH,"Giả danh cơ quan chức năng, đe dọa và yêu cầu chuyển tiền.",công an; viện kiểm sát; vụ án; chuyển tiền,Không chuyển tiền. Gọi người thân hoặc cơ quan công an địa phương để xác minh.,authority_impersonation; fear; secrecy,financial_loss,elderly,CENTRAL,NONE,vietnamese_synthetic,self-created,True,no_pii,train
FINAL_001421,SUSPICIOUS_0137,Em có cơ hội đầu tư muốn giới thiệu cho chú để bên em kiểm tra lại.,SUSPICIOUS,UNKNOWN,MEDIUM,Nội dung có yêu cầu xác minh hoặc cung cấp thông tin nhưng chưa đủ bằng chứng kết luận lừa đảo.,xác minh; thông tin cá nhân; đường dẫn; phản hồi sớm,Cần kiểm tra nguồn gửi. Không cung cấp thông tin nhạy cảm nếu chưa xác minh.,uncertainty; possible_social_engineering,privacy_leak,general,SOUTH,NONE,vietnamese_synthetic,self-created,True,no_pii,train
FINAL_001453,PRIZE_GIFT_0556,"Con hỏi thăm sức khỏe chút. Bác được chọn nhận phần thưởng 20 triệu, vui lòng đóng phí hồ sơ trước.",SCAM,PRIZE_GIFT,HIGH,Dùng quà tặng hoặc trúng thưởng để dụ cung cấp thông tin hoặc chuyển phí.,trúng thưởng; nhận quà; đóng phí; chuyển phí,Không chuyển phí hoặc cung cấp thông tin cá nhân để nhận quà không rõ nguồn.,greed; urgency,financial_loss; privacy_leak,elderly,STANDARD,MIXED_INTENT,vietnamese_synthetic,self-created,True,no_pii,train
FINAL_001278,SUSPICIOUS_0047,Ben em can kiem tra thong tin ca nhan cua o de ho tro.,SUSPICIOUS,UNKNOWN,MEDIUM,Nội dung có yêu cầu xác minh hoặc cung cấp thông tin nhưng chưa đủ bằng chứng kết luận lừa đảo.,xác minh; thông tin cá nhân; đường dẫn; phản hồi sớm,Cần kiểm tra nguồn gửi. Không cung cấp thông tin nhạy cảm nếu chưa xác minh.,uncertainty; possible_social_engineering,privacy_leak,general,CENTRAL,TYPO,vietnamese_synthetic,self-created,True,no_pii,train
FINAL_000498,SELF_SUSPICIOUS_0034,"Một người nhắn cho cô nói hồ sơ tk cần xm lại trong hôm nay. Họ chưa yêu cầu OTP hay ck, nhưng đề nghị cô chuẩn bị số căn cước và thông tin NH. Nội dung thiếu tên đơn vị rõ ràng nên cần kiểm tra lại nguồn gửi.",SUSPICIOUS,UNKNOWN,MEDIUM,Có yêu cầu xác minh/cung cấp thông tin nhưng chưa đủ dữ kiện kết luận lừa đảo.,xác minh; thông tin cá nhân; trong hôm nay,Cần kiểm tra nguồn gửi. Không cung cấp thông tin nhạy cảm nếu chưa xác minh.,uncertainty; possible_social_engineering,privacy_leak,general,SOUTH,ABBREVIATION,self_created_long_context_based_on_public_warning_taxonomy,self-created,True,no_pii,test
FINAL_001178,SUSPICIOUS_0089,"Tài khoản của má có dấu hiệu bất thường, vui lòng phản hồi sớm.",SUSPICIOUS,UNKNOWN,MEDIUM,Nội dung có yêu cầu xác minh hoặc cung cấp thông tin nhưng chưa đủ bằng chứng kết luận lừa đảo.,xác minh; thông tin cá nhân; đường dẫn; phản hồi sớm,Cần kiểm tra nguồn gửi. Không cung cấp thông tin nhạy cảm nếu chưa xác minh.,uncertainty; possible_social_engineering,privacy_leak,general,SOUTH,NONE,vietnamese_synthetic,self-created,True,no_pii,train
FINAL_001483,PHISHING_LINK_0573,Vui lòng truy cập <LINK> để nhận hỗ trợ hoàn tiền Mã tham chiếu 573.,SCAM,PHISHING_LINK,HIGH,Dụ người dùng bấm link lạ để đánh cắp thông tin.,<LINK>; bấm link; đăng nhập,Không bấm link lạ. Chỉ truy cập website hoặc ứng dụng chính thức.,technical_confusion; urgency,credential_theft; malware_install,elderly,CENTRAL,ABBREVIATION,vietnamese_synthetic,self-created,True,no_pii,train
FINAL_000081,SAFE_0047,"Mã đơn hàng của chú là 123456, hàng sẽ giao trong hôm nay.",SAFE,NONE,LOW,Nội dung bình thường hoặc không có yêu cầu nguy hiểm.,,Không cần cảnh báo. Có thể tiếp tục trò chuyện bình thường.,none,none,general,STANDARD,ABBREVIATION,vietnamese_synthetic,self-created,True,no_pii,valid
FINAL_000451,PHISHING_LINK_0078,"Cô/chú cứ bình tĩnh, bên cháu hỗ trợ nhanh thôi. Mệ bấm link <LINK> để xác minh tài khoản trước khi bị khóa. Làm ngay để tránh bị khóa dịch vụ.",SCAM,PHISHING_LINK,HIGH,Dụ người dùng bấm link lạ để đánh cắp thông tin.,<LINK>; bấm link; đăng nhập,Không bấm link lạ. Chỉ truy cập website hoặc ứng dụng chính thức.,technical_confusion; urgency,credential_theft; malware_install,elderly,CENTRAL,LONG_CONTEXT,vietnamese_synthetic,self-created,True,no_pii,train
FINAL_000307,SAFE_0265,Chú nhớ uống thuốc đúng giờ nha ạ.,SAFE,NONE,LOW,Nội dung bình thường hoặc không có yêu cầu nguy hiểm.,,Không cần cảnh báo. Có thể tiếp tục trò chuyện bình thường.,none,none,general,STANDARD,NONE,vietnamese_synthetic,self-created,True,no_pii,train
FINAL_001174,SUSPICIOUS_0107,Ben em can bac xac nhan giao dich nay ngay hom nay giúp bên em nhé.,SUSPICIOUS,UNKNOWN,MEDIUM,Nội dung có yêu cầu xác minh hoặc cung cấp thông tin nhưng chưa đủ bằng chứng kết luận lừa đảo.,xác minh; thông tin cá nhân; đường dẫn; phản hồi sớm,Cần kiểm tra nguồn gửi. Không cung cấp thông tin nhạy cảm nếu chưa xác minh.,uncertainty; possible_social_engineering,privacy_leak,general,STANDARD,NO_DIACRITICS,vietnamese_synthetic,self-created,True,no_pii,train
FINAL_000082,SAFE_0001,"Ngân hàng thông báo bảo trì hệ thống vào tối nay, không yêu cầu cung cấp thông tin.",SAFE,NONE,LOW,Nội dung bình thường hoặc không có yêu cầu nguy hiểm.,,Không cần cảnh báo. Có thể tiếp tục trò chuyện bình thường.,none,none,general,NORTH,NONE,vietnamese_synthetic,self-created,True,no_pii,test
FINAL_001015,SAFE_0018,"Con đặt xe cho bác rồi, tài xế sẽ đến trong 10 phút.",SAFE,NONE,LOW,Nội dung bình thường hoặc không có yêu cầu nguy hiểm.,,Không cần cảnh báo. Có thể tiếp tục trò chuyện bình thường.,none,none,general,NORTH,NONE,vietnamese_synthetic,self-created,True,no_pii,train
FINAL_001443,PHISHING_LINK_0550,Con hỏi thăm sức khỏe chút. Cô bấm link <LINK> để xác minh tài khoản trước khi bị khóa.,SCAM,PHISHING_LINK,HIGH,Dụ người dùng bấm link lạ để đánh cắp thông tin.,<LINK>; bấm link; đăng nhập,Không bấm link lạ. Chỉ truy cập website hoặc ứng dụng chính thức.,technical_confusion; urgency,credential_theft; malware_install,elderly,SOUTH,MIXED_INTENT,vietnamese_synthetic,self-created,True,no_pii,test
FINAL_000362,LOAN_SCAM_0208,"Con hỏi thăm sức khỏe chút. Cô được duyệt vay 50 triệu, cần đóng phí bảo hiểm trước để giải ngân.",SCAM,LOAN_SCAM,HIGH,"Lừa vay tiền, yêu cầu đóng phí trước hoặc gửi giấy tờ cá nhân.",đóng phí; giải ngân; gửi CCCD; phí hồ sơ,Không gửi giấy tờ cá nhân hoặc đóng phí trước cho dịch vụ vay không rõ nguồn.,financial_pressure; urgency,financial_loss; identity_theft,elderly,NORTH,MIXED_INTENT,vietnamese_synthetic,self-created,True,no_pii,train
FINAL_001056,SELF_SUSPICIOUS_0051,"Bai chia se ke co nhan vien tu xung ben dich vu khach hang goi den, noi se ho tro cap nhat thong tin cho me. Nguoi nay noi chuyen kha lich su nhung dung so la va khong cung cap duoc ma nhan vien. Chua co yeu cau tien, nhung co dau hieu can canh giac.",SUSPICIOUS,UNKNOWN,MEDIUM,Có yêu cầu xác minh/cung cấp thông tin nhưng chưa đủ dữ kiện kết luận lừa đảo.,xác minh; thông tin cá nhân; trong hôm nay,Cần kiểm tra nguồn gửi. Không cung cấp thông tin nhạy cảm nếu chưa xác minh.,uncertainty; possible_social_engineering,privacy_leak,general,CENTRAL,TYPO,self_created_long_context_based_on_public_warning_taxonomy,self-created,True,no_pii,test
FINAL_000951,FAKE_POLICE_0588,"Bên viện kiểm sát yêu cầu cô hợp tác ngay, nếu không sẽ bị phong tỏa tài sản Bên cháu đang chờ phản hồi.",SCAM,FAKE_POLICE,HIGH,"Giả danh cơ quan chức năng, đe dọa và yêu cầu chuyển tiền.",công an; viện kiểm sát; vụ án; chuyển tiền,Không chuyển tiền. Gọi người thân hoặc cơ quan công an địa phương để xác minh.,authority_impersonation; fear; secrecy,financial_loss,elderly,STANDARD,OBFUSCATION,vietnamese_synthetic,self-created,True,no_pii,test
FINAL_000767,FAKE_POLICE_0585,"Chúng tôi là công an, bác đang liên quan đến vụ án rửa tiền, cần chuyển tiền để điều tra.",SCAM,FAKE_POLICE,HIGH,"Giả danh cơ quan chức năng, đe dọa và yêu cầu chuyển tiền.",công an; viện kiểm sát; vụ án; chuyển tiền,Không chuyển tiền. Gọi người thân hoặc cơ quan công an địa phương để xác minh.,authority_impersonation; fear; secrecy,financial_loss,elderly,NORTH,NONE,vietnamese_synthetic,self-created,True,no_pii,train
FINAL_000092,OTP_BANK_0035,Bác gửi mã OT P vừa nhận được để ngân hàng xác minh t.khoản ngay nhé.,SCAM,OTP_BANK,HIGH,Yêu cầu cung cấp OTP hoặc mã xác nhận ngân hàng.,mã OTP; mã xác nhận; dãy 6 số,Không cung cấp OTP hoặc mã xác nhận. Gọi trực tiếp ngân hàng để kiểm tra.,urgency; technical_confusion,credential_theft,elderly,NORTH,OBFUSCATION,vietnamese_synthetic,self-created,True,no_pii,train
FINAL_000788,SELF_SUSPICIOUS_0043,"Mot tai khoang mang xa hoi moi ket ban voi bac, hoi tham suc khoe nhieu ngay roi bat dau noi ve mot co hoi dau tu. Nguoi nay chua yeu cau chuyen tien nhung lien tuc hua loi nhuan cao. Can theo doi them truoc khi ket luan.",SUSPICIOUS,UNKNOWN,MEDIUM,Có yêu cầu xác minh/cung cấp thông tin nhưng chưa đủ dữ kiện kết luận lừa đảo.,xác minh; thông tin cá nhân; trong hôm nay,Cần kiểm tra nguồn gửi. Không cung cấp thông tin nhạy cảm nếu chưa xác minh.,uncertainty; possible_social_engineering,privacy_leak,general,NORTH,TYPO,self_created_long_context_based_on_public_warning_taxonomy,self-created,True,no_pii,train
FINAL_000557,SUSPICIOUS_0101,Chu xac minh tai khoan giup ben em trong hom nay nhe.,SUSPICIOUS,UNKNOWN,MEDIUM,Nội dung có yêu cầu xác minh hoặc cung cấp thông tin nhưng chưa đủ bằng chứng kết luận lừa đảo.,xác minh; thông tin cá nhân; đường dẫn; phản hồi sớm,Cần kiểm tra nguồn gửi. Không cung cấp thông tin nhạy cảm nếu chưa xác minh.,uncertainty; possible_social_engineering,privacy_leak,general,NORTH,TYPO,vietnamese_synthetic,self-created,True,no_pii,valid
FINAL_000752,SAFE_0203,"Con dat xe cho bac roi, tai xe se den trong 10 phut nha.",SAFE,NONE,LOW,Nội dung bình thường hoặc không có yêu cầu nguy hiểm.,,Không cần cảnh báo. Có thể tiếp tục trò chuyện bình thường.,none,none,general,CENTRAL,TYPO,vietnamese_synthetic,self-created,True,no_pii,train
FINAL_000774,SELF_SAFE_0053,"Người giao hàng nhắn cho bác rằng đơn hàng sẽ giao trong buổi chiều và nếu không tiện nhận thì có thể hẹn lại. Tin nhắn chỉ hỏi thời gian nhận hàng, không yêu cầu bấm link, trả phí hay cung cấp thông tin cá nhân. Mã tình huống tham khảo: SELF_000293.",SAFE,NONE,LOW,"Thông báo giao hàng bình thường, không chứa link lạ hoặc yêu cầu thanh toán bất thường.",hẹn lại thời gian nhận hàng; không yêu cầu bấm link,"Không cần cảnh báo mạnh. Có thể tiếp tục trò chuyện bình thường, nhưng vẫn nhắc người dùng không chia sẻ OTP nếu cần.",none,none,general,CENTRAL,NONE,self_created_long_context_hard_negative,self-created,True,no_pii,train
FINAL_001310,SELF_SAFE_0042,"Tin nhắn của con cháu hỏi o tối nay có muốn gọi video với cả nhà không. Cuộc trò chuyện chỉ xoay quanh chuyện ăn uống, sức khỏe và lịch sinh hoạt. Không có yêu cầu chuyển tiền hay cung cấp thông tin riêng tư.",SAFE,NONE,LOW,"Cuộc trò chuyện gia đình bình thường, không chứa dấu hiệu lừa đảo.",ăn uống; sức khỏe; không yêu cầu chuyển tiền,"Không cần cảnh báo mạnh. Có thể tiếp tục trò chuyện bình thường, nhưng vẫn nhắc người dùng không chia sẻ OTP nếu cần.",none,none,general,CENTRAL,NONE,self_created_long_context_hard_negative,self-created,True,no_pii,train
FINAL_001091,SAFE_0117,Chú kiểm tra giúp con lịch hẹn khám bệnh ngày mai nhé.,SAFE,NONE,LOW,Nội dung bình thường hoặc không có yêu cầu nguy hiểm.,,Không cần cảnh báo. Có thể tiếp tục trò chuyện bình thường.,none,none,general,NORTH,NONE,vietnamese_synthetic,self-created,True,no_pii,train
FINAL_000352,SELF_SUSPICIOUS_0011,"Bài chia sẻ kể có nhân viên tự xưng bên dịch vụ khách hàng gọi đến, nói sẽ hỗ trợ cập nhật thông tin cho má. Người này nói chuyện khá lịch sự nhưng dùng số lạ và không cung cấp được mã nhân viên. Chưa có yêu cầu tiền, nhưng có dấu hiệu cần cảnh giác.",SUSPICIOUS,UNKNOWN,MEDIUM,Có yêu cầu xác minh/cung cấp thông tin nhưng chưa đủ dữ kiện kết luận lừa đảo.,xác minh; thông tin cá nhân; trong hôm nay,Cần kiểm tra nguồn gửi. Không cung cấp thông tin nhạy cảm nếu chưa xác minh.,uncertainty; possible_social_engineering,privacy_leak,general,SOUTH,NONE,self_created_long_context_based_on_public_warning_taxonomy,self-created,True,no_pii,train
FINAL_001115,SELF_INVESTMENT_0002,"Ba kể lại rằng có người gọi điện trong lúc ở nhà một mình. Người này mời ba tham gia nhóm đầu tư nội bộ có chuyên gia đọc lệnh, nói chuyện rất tự tin và dùng nhiều từ ngữ giống cơ quan chính thức. Tiếp theo họ hướng dẫn ba tải app ngoài và gửi ảnh chuyển khoản cho nhóm. Khi ba muốn rút tiền, họ yêu cầu đóng thêm phí verify.",SCAM,INVESTMENT,HIGH,"Hứa lợi nhuận cao bất thường, cam kết không rủi ro và yêu cầu nạp tiền.",lợi nhuận cao; cam kết lãi; nạp tiền; chuyên gia hỗ trợ,Không nạp tiền vào sàn/nhóm đầu tư không rõ pháp lý. Hỏi người thân hoặc chuyên gia tài chính.,greed; false_promise; social_proof,financial_loss,elderly,SOUTH,CODE_SWITCHING,self_created_long_context_based_on_public_warning_taxonomy,self-created,True,no_pii,train
FINAL_000525,SAFE_0346,Bac nho uong thuoc dung gio nha nhé.,SAFE,NONE,LOW,Nội dung bình thường hoặc không có yêu cầu nguy hiểm.,,Không cần cảnh báo. Có thể tiếp tục trò chuyện bình thường.,none,none,general,STANDARD,TYPO,vietnamese_synthetic,self-created,True,no_pii,test
FINAL_000828,OTP_BANK_0043,"Tài khoản của cô đang bị khóa, gửi mã xác nhận để mở lại Làm ngay giúp bên cháu.",SCAM,OTP_BANK,HIGH,Yêu cầu cung cấp OTP hoặc mã xác nhận ngân hàng.,mã OTP; mã xác nhận; dãy 6 số,Không cung cấp OTP hoặc mã xác nhận. Gọi trực tiếp ngân hàng để kiểm tra.,urgency; technical_confusion,credential_theft,elderly,STANDARD,NONE,vietnamese_synthetic,self-created,True,no_pii,train
FINAL_001584,LOAN_SCAM_0373,Me muon vay nhanh khong can gap mat thi gui CCCD va phi ho so truoc.,SCAM,LOAN_SCAM,HIGH,"Lừa vay tiền, yêu cầu đóng phí trước hoặc gửi giấy tờ cá nhân.",đóng phí; giải ngân; gửi CCCD; phí hồ sơ,Không gửi giấy tờ cá nhân hoặc đóng phí trước cho dịch vụ vay không rõ nguồn.,financial_pressure; urgency,financial_loss; identity_theft,elderly,CENTRAL,NO_DIACRITICS,vietnamese_synthetic,self-created,True,no_pii,train
FINAL_000073,SELF_OTP_BANK_0013,"Đoạn tin nhắn bắt đầu bằng lời hỏi thăm sức khỏe của má, sau đó người gửi gửi tin nhắn giống brandname ngân hàng, yêu cầu cập nhật hồ sơ trong ngày. Trong các tin tiếp theo, họ yêu cầu má đọc mã OTP vừa nhận được để hoàn tất xác minh. Nếu không làm ngay, họ dọa tài khoản sẽ bị khóa và không rút được tiền.",SCAM,OTP_BANK,HIGH,Yêu cầu cung cấp OTP/mã xác nhận hoặc thông tin ngân hàng cho người lạ.,mã OTP; mã xác nhận; tài khoản ngân hàng; xác minh ngay,"Không cung cấp OTP, mật khẩu hoặc mã xác nhận. Gọi trực tiếp tổng đài chính thức của ngân hàng.",urgency; technical_confusion; authority_impersonation,credential_theft; financial_loss,elderly,SOUTH,NONE,self_created_long_context_based_on_public_warning_taxonomy,self-created,True,no_pii,train
FINAL_001566,OTP_BANK_0405,Má gửi mã OTP vừa nhận được để ngân hàng xác minh tài khoản ngay nhé.,SCAM,OTP_BANK,HIGH,Yêu cầu cung cấp OTP hoặc mã xác nhận ngân hàng.,mã OTP; mã xác nhận; dãy 6 số,Không cung cấp OTP hoặc mã xác nhận. Gọi trực tiếp ngân hàng để kiểm tra.,urgency; technical_confusion,credential_theft,elderly,SOUTH,NONE,vietnamese_synthetic,self-created,True,no_pii,train
FINAL_000555,SELF_PRIZE_GIFT_0011,"Ba kể lại rằng có người gọi điện trong lúc ở nhà một mình. Người này nói ba được chọn nhận tiền hỗ trợ trong chương trình khuyến mãi, nói chuyện rất tự tin và dùng nhiều từ ngữ giống cơ quan chính thức. Tiếp theo họ bảo ba gửi căn cước, địa chỉ nhà và số tài khoản để nhận thưởng. Người nhắn liên tục chúc mừng để tạo cảm giác đã trúng thật.",SCAM,PRIZE_GIFT,HIGH,Lấy lý do trúng thưởng/nhận quà để yêu cầu đóng phí hoặc cung cấp thông tin.,trúng thưởng; nhận quà; phí vận chuyển; thông tin cá nhân,Không chuyển phí nhận thưởng. Kiểm tra chương trình trên kênh chính thức.,greed; false_promise; urgency,financial_loss; privacy_leak,elderly,SOUTH,NONE,self_created_long_context_based_on_public_warning_taxonomy,self-created,True,no_pii,train
FINAL_000200,SAFE_0093,"Cô ơi, tối nay cả nhà gọi video nhé nha.",SAFE,NONE,LOW,Nội dung bình thường hoặc không có yêu cầu nguy hiểm.,,Không cần cảnh báo. Có thể tiếp tục trò chuyện bình thường.,none,none,general,NORTH,NONE,vietnamese_synthetic,self-created,True,no_pii,train
FINAL_000761,EMERGENCY_MONEY_0145,"Chu dung hoi nhieu, con can tien xu ly viec khan cap, chuyen ngai giup con.",SCAM,EMERGENCY_MONEY,HIGH,"Giả danh người thân, tạo tình huống khẩn cấp và yêu cầu chuyển tiền.",cấp cứu; chuyển gấp; đừng gọi lại; khẩn cấp,Không chuyển tiền vội. Gọi trực tiếp cho người thân qua số quen thuộc để xác minh.,urgency; trust_abuse; secrecy,financial_loss,elderly,STANDARD,TYPO,vietnamese_synthetic,self-created,True,no_pii,train
FINAL_001022,OTP_BANK_0211,"Con hỏi thăm sức khỏe chút. Tài khoản của chú đang bị khóa, gửi mã xác nhận để mở lại.",SCAM,OTP_BANK,HIGH,Yêu cầu cung cấp OTP hoặc mã xác nhận ngân hàng.,mã OTP; mã xác nhận; dãy 6 số,Không cung cấp OTP hoặc mã xác nhận. Gọi trực tiếp ngân hàng để kiểm tra.,urgency; technical_confusion,credential_theft,elderly,STANDARD,MIXED_INTENT,vietnamese_synthetic,self-created,True,no_pii,valid
FINAL_000973,SAFE_0322,"Con đặt xe cho bác rồi, tài xế sẽ đến trong 10 phút chiều nay cũng được nha.",SAFE,NONE,LOW,Nội dung bình thường hoặc không có yêu cầu nguy hiểm.,,Không cần cảnh báo. Có thể tiếp tục trò chuyện bình thường.,none,none,general,STANDARD,NONE,vietnamese_synthetic,self-created,True,no_pii,train
FINAL_000745,PRIZE_GIFT_0169,"Bác trúng thưởng may mắn, chuyển phí vận chuyển để nhận quà ngay hôm nay. please check now",SCAM,PRIZE_GIFT,HIGH,Dùng quà tặng hoặc trúng thưởng để dụ cung cấp thông tin hoặc chuyển phí.,trúng thưởng; nhận quà; đóng phí; chuyển phí,Không chuyển phí hoặc cung cấp thông tin cá nhân để nhận quà không rõ nguồn.,greed; urgency,financial_loss; privacy_leak,elderly,CENTRAL,CODE_SWITCHING,vietnamese_synthetic,self-created,True,no_pii,valid
FINAL_001439,SUSPICIOUS_0130,Chu gui thong tin de ben em cap nhat ho so.,SUSPICIOUS,UNKNOWN,MEDIUM,Nội dung có yêu cầu xác minh hoặc cung cấp thông tin nhưng chưa đủ bằng chứng kết luận lừa đảo.,xác minh; thông tin cá nhân; đường dẫn; phản hồi sớm,Cần kiểm tra nguồn gửi. Không cung cấp thông tin nhạy cảm nếu chưa xác minh.,uncertainty; possible_social_engineering,privacy_leak,general,SOUTH,NO_DIACRITICS,vietnamese_synthetic,self-created,True,no_pii,train
FINAL_000218,SAFE_0105,"Bác ơi, tối nay cả nhà gọi video nhé ạ.",SAFE,NONE,LOW,Nội dung bình thường hoặc không có yêu cầu nguy hiểm.,,Không cần cảnh báo. Có thể tiếp tục trò chuyện bình thường.,none,none,general,CENTRAL,NONE,vietnamese_synthetic,self-created,True,no_pii,valid
FINAL_000649,PRIZE_GIFT_0296,"Bên em tặng cô phần quà tri ân, cần cung cấp thông tin cá nhân để nhận Nếu chậm trễ tài khoản có thể bị khóa.",SCAM,PRIZE_GIFT,HIGH,Dùng quà tặng hoặc trúng thưởng để dụ cung cấp thông tin hoặc chuyển phí.,trúng thưởng; nhận quà; đóng phí; chuyển phí,Không chuyển phí hoặc cung cấp thông tin cá nhân để nhận quà không rõ nguồn.,greed; urgency,financial_loss; privacy_leak,elderly,SOUTH,NONE,vietnamese_synthetic,self-created,True,no_pii,test
FINAL_000703,SUSPICIOUS_0039,Bên em cần cô xác nhận giao dịch này ngay hôm nay.,SUSPICIOUS,UNKNOWN,MEDIUM,Nội dung có yêu cầu xác minh hoặc cung cấp thông tin nhưng chưa đủ bằng chứng kết luận lừa đảo.,xác minh; thông tin cá nhân; đường dẫn; phản hồi sớm,Cần kiểm tra nguồn gửi. Không cung cấp thông tin nhạy cảm nếu chưa xác minh.,uncertainty; possible_social_engineering,privacy_leak,general,NORTH,OBFUSCATION,vietnamese_synthetic,self-created,True,no_pii,train
FINAL_000483,SELF_SAFE_0022,"Người giao hàng nhắn cho chú rằng đơn hàng sẽ giao trong buổi chiều và nếu không tiện nhận thì có thể hẹn lại. Tin nhắn chỉ hỏi thời gian nhận hàng, không yêu cầu bấm link, trả phí hay cung cấp thông tin cá nhân. Mã tình huống tham khảo: SELF_000262.",SAFE,NONE,LOW,"Thông báo giao hàng bình thường, không chứa link lạ hoặc yêu cầu thanh toán bất thường.",hẹn lại thời gian nhận hàng; không yêu cầu bấm link,"Không cần cảnh báo mạnh. Có thể tiếp tục trò chuyện bình thường, nhưng vẫn nhắc người dùng không chia sẻ OTP nếu cần.",none,none,general,NORTH,NONE,self_created_long_context_hard_negative,self-created,True,no_pii,valid
FINAL_000116,JOB_SCAM_0463,"Chú nhận job online, hoàn thành đơn đầu tiên sẽ được hoàn tiền và thưởng.",SCAM,JOB_SCAM,MEDIUM,"Lừa việc làm online, yêu cầu đóng phí hoặc nạp tiền trước.",nạp trước; đóng phí; kích hoạt tài khoản,Không đóng phí để nhận việc. Kiểm tra công ty và hợp đồng rõ ràng.,financial_pressure; false_promise,financial_loss,elderly,SOUTH,NONE,vietnamese_synthetic,self-created,True,no_pii,train
FINAL_001051,SAFE_0038,"Hom nay troi mua, co nho mang ao mua.",SAFE,NONE,LOW,Nội dung bình thường hoặc không có yêu cầu nguy hiểm.,,Không cần cảnh báo. Có thể tiếp tục trò chuyện bình thường.,none,none,general,NORTH,TYPO,vietnamese_synthetic,self-created,True,no_pii,train
FINAL_000459,SAFE_0034,Bác kiểm tra giúp con lịch hẹn khám bệnh ngày mai nhé.,SAFE,NONE,LOW,Nội dung bình thường hoặc không có yêu cầu nguy hiểm.,,Không cần cảnh báo. Có thể tiếp tục trò chuyện bình thường.,none,none,general,STANDARD,NONE,vietnamese_synthetic,self-created,True,no_pii,test
FINAL_001588,PRIZE_GIFT_0268,"Ben em tang ba phan qua tri an, can cung cap thong tin ca nhan de nhan.",SCAM,PRIZE_GIFT,HIGH,Dùng quà tặng hoặc trúng thưởng để dụ cung cấp thông tin hoặc chuyển phí.,trúng thưởng; nhận quà; đóng phí; chuyển phí,Không chuyển phí hoặc cung cấp thông tin cá nhân để nhận quà không rõ nguồn.,greed; urgency,financial_loss; privacy_leak,elderly,SOUTH,TYPO,vietnamese_synthetic,self-created,True,no_pii,train
FINAL_001092,SAFE_0084,"Hôm nay trời mưa, cô nhớ mang áo mưa.",SAFE,NONE,LOW,Nội dung bình thường hoặc không có yêu cầu nguy hiểm.,,Không cần cảnh báo. Có thể tiếp tục trò chuyện bình thường.,none,none,general,STANDARD,NONE,vietnamese_synthetic,self-created,True,no_pii,test
FINAL_000187,FAKE_POLICE_0277,"Bên viện kiểm sát yêu cầu bác hợp tác ngay, nếu không sẽ bị phong tỏa tài sản. please check now",SCAM,FAKE_POLICE,HIGH,"Giả danh cơ quan chức năng, đe dọa và yêu cầu chuyển tiền.",công an; viện kiểm sát; vụ án; chuyển tiền,Không chuyển tiền. Gọi người thân hoặc cơ quan công an địa phương để xác minh.,authority_impersonation; fear; secrecy,financial_loss,elderly,STANDARD,CODE_SWITCHING,vietnamese_synthetic,self-created,True,no_pii,train
FINAL_000273,PHISHING_LINK_0429,Vui lòng truy cập <LINK> để nhận hỗ trợ hoàn tiền Hoàn tất sớm giúp bên em.,SCAM,PHISHING_LINK,HIGH,Dụ người dùng bấm link lạ để đánh cắp thông tin.,<LINK>; bấm link; đăng nhập,Không bấm link lạ. Chỉ truy cập website hoặc ứng dụng chính thức.,technical_confusion; urgency,credential_theft; malware_install,elderly,SOUTH,NONE,vietnamese_synthetic,self-created,True,no_pii,train
FINAL_000120,SAFE_0159,Mệ kiểm tra giúp con lịch hẹn khám bệnh ngày mai nhé nhé.,SAFE,NONE,LOW,Nội dung bình thường hoặc không có yêu cầu nguy hiểm.,,Không cần cảnh báo. Có thể tiếp tục trò chuyện bình thường.,none,none,general,CENTRAL,NONE,vietnamese_synthetic,self-created,True,no_pii,valid
FINAL_001072,SELF_INVESTMENT_0001,"Bai chia se mo ta mot truong hop nguoi cao tuoi nhan duoc cuoc goi la: nguoi goi gioi thieu app dau tu moi, chi can nap thu so nho la co lai ngay. Sau do ho de nghi bac tang von neu muon rut khoan lai dang treo. Nhom chat co nhieu tai khoan phu hoi thuc bac vao lenh ngay. Gia dinh nghi ngo day la tinh huong lua dao vi noi dung tao ap luc va yeu cau hanh dong lien quan den tien hoac thong tin nhay cam.",SCAM,INVESTMENT,HIGH,"Hứa lợi nhuận cao bất thường, cam kết không rủi ro và yêu cầu nạp tiền.",lợi nhuận cao; cam kết lãi; nạp tiền; chuyên gia hỗ trợ,Không nạp tiền vào sàn/nhóm đầu tư không rõ pháp lý. Hỏi người thân hoặc chuyên gia tài chính.,greed; false_promise; social_proof,financial_loss,elderly,CENTRAL,NO_DIACRITICS,self_created_long_context_based_on_public_warning_taxonomy,self-created,True,no_pii,train
FINAL_000357,LOAN_SCAM_0137,"O được duyệt vay 50 triệu, cần đóng phí bảo hiểm trước để giải ngân.",SCAM,LOAN_SCAM,HIGH,"Lừa vay tiền, yêu cầu đóng phí trước hoặc gửi giấy tờ cá nhân.",đóng phí; giải ngân; gửi CCCD; phí hồ sơ,Không gửi giấy tờ cá nhân hoặc đóng phí trước cho dịch vụ vay không rõ nguồn.,financial_pressure; urgency,financial_loss; identity_theft,elderly,CENTRAL,NONE,vietnamese_synthetic,self-created,True,no_pii,test
FINAL_000476,SAFE_0398,"Hom nay troi mua, ma nho mang ao mua.",SAFE,NONE,LOW,Nội dung bình thường hoặc không có yêu cầu nguy hiểm.,,Không cần cảnh báo. Có thể tiếp tục trò chuyện bình thường.,none,none,general,SOUTH,NO_DIACRITICS,vietnamese_synthetic,self-created,True,no_pii,train
FINAL_000248,PRIZE_GIFT_0149,"Chúc mừng bác đã trúng xe máy, bấm <LINK> để nhận quà.",SCAM,PRIZE_GIFT,HIGH,Dùng quà tặng hoặc trúng thưởng để dụ cung cấp thông tin hoặc chuyển phí.,trúng thưởng; nhận quà; đóng phí; chuyển phí,Không chuyển phí hoặc cung cấp thông tin cá nhân để nhận quà không rõ nguồn.,greed; urgency,financial_loss; privacy_leak,elderly,NORTH,NONE,vietnamese_synthetic,self-created,True,no_pii,train
FINAL_000556,SAFE_0244,Con gửi link bài báo này cho chú đọc thử ạ.,SAFE,NONE,LOW,Nội dung bình thường hoặc không có yêu cầu nguy hiểm.,,Không cần cảnh báo. Có thể tiếp tục trò chuyện bình thường.,none,none,general,NORTH,NONE,vietnamese_synthetic,self-created,True,no_pii,train
FINAL_000018,SAFE_0169,"Hôm nay trời mưa, cô nhớ mang áo mưa nhé.",SAFE,NONE,LOW,Nội dung bình thường hoặc không có yêu cầu nguy hiểm.,,Không cần cảnh báo. Có thể tiếp tục trò chuyện bình thường.,none,none,general,NORTH,NONE,vietnamese_synthetic,self-created,True,no_pii,train
FINAL_000875,SELF_PRIZE_GIFT_0002,"Má kể lại rằng có người gọi điện trong lúc ở nhà một mình. Người này nói má được chọn nhận tiền hỗ trợ trong chương trình khuyến mãi, nói chuyện rất tự tin và dùng nhiều từ ngữ giống cơ quan chính thức. Tiếp theo họ yêu cầu đóng thuế/quỹ hồ sơ trước khi trao thưởng. Họ dặn má chuyển phí nhỏ trước để nhận món quà lớn.",SCAM,PRIZE_GIFT,HIGH,Lấy lý do trúng thưởng/nhận quà để yêu cầu đóng phí hoặc cung cấp thông tin.,trúng thưởng; nhận quà; phí vận chuyển; thông tin cá nhân,Không chuyển phí nhận thưởng. Kiểm tra chương trình trên kênh chính thức.,greed; false_promise; urgency,financial_loss; privacy_leak,elderly,SOUTH,NONE,self_created_long_context_based_on_public_warning_taxonomy,self-created,True,no_pii,train
FINAL_000353,SUSPICIOUS_0090,Ben em can co xac nhan giao dich nay ngay hom nay giúp bên em nhé.,SUSPICIOUS,UNKNOWN,MEDIUM,Nội dung có yêu cầu xác minh hoặc cung cấp thông tin nhưng chưa đủ bằng chứng kết luận lừa đảo.,xác minh; thông tin cá nhân; đường dẫn; phản hồi sớm,Cần kiểm tra nguồn gửi. Không cung cấp thông tin nhạy cảm nếu chưa xác minh.,uncertainty; possible_social_engineering,privacy_leak,general,NORTH,NO_DIACRITICS,vietnamese_synthetic,self-created,True,no_pii,valid
FINAL_000924,SUSPICIOUS_0191,Em có cơ hội đầu tư muốn giới thiệu cho o giúp bên em nhé.,SUSPICIOUS,UNKNOWN,MEDIUM,Nội dung có yêu cầu xác minh hoặc cung cấp thông tin nhưng chưa đủ bằng chứng kết luận lừa đảo.,xác minh; thông tin cá nhân; đường dẫn; phản hồi sớm,Cần kiểm tra nguồn gửi. Không cung cấp thông tin nhạy cảm nếu chưa xác minh.,uncertainty; possible_social_engineering,privacy_leak,general,CENTRAL,NONE,vietnamese_synthetic,self-created,True,no_pii,train
FINAL_000510,OTP_BANK_0571,"Ngân hàng cần kiểm tra bảo mật, cô cung cấp mã OTP ngay để tránh khóa account.",SCAM,OTP_BANK,HIGH,Yêu cầu cung cấp OTP hoặc mã xác nhận ngân hàng.,mã OTP; mã xác nhận; dãy 6 số,Không cung cấp OTP hoặc mã xác nhận. Gọi trực tiếp ngân hàng để kiểm tra.,urgency; technical_confusion,credential_theft,elderly,SOUTH,CODE_SWITCHING,vietnamese_synthetic,self-created,True,no_pii,test
FINAL_001210,SELF_SUSPICIOUS_0012,"Bài chia sẻ kể có nhân viên tự xưng bên dịch vụ khách hàng gọi đến, nói sẽ hỗ trợ cập nhật thông tin cho mệ. Người này nói chuyện khá lịch sự nhưng dùng số lạ và ko cung cấp được mã nhân viên. Chưa có yêu cầu tiền, nhưng có dấu hiệu cần cảnh giác.",SUSPICIOUS,UNKNOWN,MEDIUM,Có yêu cầu xác minh/cung cấp thông tin nhưng chưa đủ dữ kiện kết luận lừa đảo.,xác minh; thông tin cá nhân; trong hôm nay,Cần kiểm tra nguồn gửi. Không cung cấp thông tin nhạy cảm nếu chưa xác minh.,uncertainty; possible_social_engineering,privacy_leak,general,CENTRAL,ABBREVIATION,self_created_long_context_based_on_public_warning_taxonomy,self-created,True,no_pii,train
FINAL_001543,INVESTMENT_0494,"Chú tham gia nhóm đầu tư nội bộ, lợi nhuận chắc chắn không rủi ro Làm ngay giúp bên cháu.",SCAM,INVESTMENT,HIGH,Hứa lợi nhuận cao bất thường và yêu cầu nạp/chuyển tiền.,lãi 30%; lợi nhuận cao; nạp tiền; chuyển tiền,Không chuyển tiền vào kênh đầu tư không rõ pháp lý. Hỏi người thân hoặc chuyên gia tài chính.,greed; false_promise,financial_loss,elderly,SOUTH,NONE,vietnamese_synthetic,self-created,True,no_pii,train
FINAL_000193,PRIZE_GIFT_0446,"Bác trúng thưởng may mắn, chuyển phí vận chuyển để nhận quà ngay hôm nay Bên cháu đang chờ phản hồi.",SCAM,PRIZE_GIFT,HIGH,Dùng quà tặng hoặc trúng thưởng để dụ cung cấp thông tin hoặc chuyển phí.,trúng thưởng; nhận quà; đóng phí; chuyển phí,Không chuyển phí hoặc cung cấp thông tin cá nhân để nhận quà không rõ nguồn.,greed; urgency,financial_loss; privacy_leak,elderly,STANDARD,OBFUSCATION,vietnamese_synthetic,self-created,True,no_pii,train
FINAL_000749,SAFE_0174,"Con dat xe cho chu roi, tai xe se den trong 10 phut nhé.",SAFE,NONE,LOW,Nội dung bình thường hoặc không có yêu cầu nguy hiểm.,,Không cần cảnh báo. Có thể tiếp tục trò chuyện bình thường.,none,none,general,SOUTH,TYPO,vietnamese_synthetic,self-created,True,no_pii,valid
FINAL_000330,SELF_LOAN_SCAM_0006,"Đoạn tin nhắn bắt đầu bằng lời hỏi thăm sức khỏe của chú, sau đó người gửi nói chú được duyệt vay nhanh không cần gặp mặt. Trong các tin tiếp theo, họ bảo chú gửi ảnh căn cước, sổ hộ khẩu và số tài khoản. Nhân viên giả liên tục gọi thúc và dùng lời lẽ rất chuyên nghiệp.",SCAM,LOAN_SCAM,HIGH,"Lừa vay tiền nhanh, yêu cầu phí trước hoặc thu thập giấy tờ cá nhân.",duyệt vay; phí hồ sơ; phí bảo hiểm; giải ngân; CCCD,Không gửi giấy tờ cá nhân hoặc đóng phí trước cho dịch vụ vay không rõ nguồn.,financial_pressure; urgency; false_promise,financial_loss; identity_theft,elderly,STANDARD,NONE,self_created_long_context_based_on_public_warning_taxonomy,self-created,True,no_pii,train
FINAL_001482,SELF_EMERGENCY_MONEY_0001,"Một bài cảnh báo trên mạng xã hội tóm tắt sự việc: người lạ dùng giọng nói trong cuộc gọi nghe giống người thân nhưng không chịu bật video rõ mặt. Nội dung sau đó chuyển sang yêu cầu xin bác chuyển gấp 5 triệu vào <BANK_ACCOUNT>. Tin nhắn thúc liên tục, mỗi vài phút lại hỏi đã chuyển chưa. Bài viết khuyên người đọc nên xác minh với người thân trước khi làm theo.",SCAM,EMERGENCY_MONEY,HIGH,Giả danh người thân hoặc dùng tình huống khẩn cấp để yêu cầu chuyển tiền.,đang cấp cứu; chuyển gấp; đừng gọi lại; cần tiền ngay,Không chuyển tiền vội. Gọi trực tiếp cho người thân qua số quen thuộc hoặc hỏi người trong gia đình.,trust_abuse; urgency; secrecy; fear,financial_loss,elderly,STANDARD,NONE,self_created_long_context_based_on_public_warning_taxonomy,self-created,True,no_pii,train
FINAL_000518,SAFE_0050,Mai con về nhà ăn cơm với ba mẹ nhé.,SAFE,NONE,LOW,Nội dung bình thường hoặc không có yêu cầu nguy hiểm.,,Không cần cảnh báo. Có thể tiếp tục trò chuyện bình thường.,none,none,general,SOUTH,NONE,vietnamese_synthetic,self-created,True,no_pii,train
FINAL_000304,LOAN_SCAM_0349,"Bên em hỗ trợ vay gấp, má đóng phí mở hồ sơ là nhận tiền trong ngày.",SCAM,LOAN_SCAM,HIGH,"Lừa vay tiền, yêu cầu đóng phí trước hoặc gửi giấy tờ cá nhân.",đóng phí; giải ngân; gửi CCCD; phí hồ sơ,Không gửi giấy tờ cá nhân hoặc đóng phí trước cho dịch vụ vay không rõ nguồn.,financial_pressure; urgency,financial_loss; identity_theft,elderly,SOUTH,NONE,vietnamese_synthetic,self-created,True,no_pii,train
FINAL_000458,SAFE_0334,Con đã chuyển tiền mua thuốc cho mẹ rồi Mã tham chiếu 934.,SAFE,NONE,LOW,Nội dung bình thường hoặc không có yêu cầu nguy hiểm.,,Không cần cảnh báo. Có thể tiếp tục trò chuyện bình thường.,none,none,general,STANDARD,NONE,vietnamese_synthetic,self-created,True,no_pii,train
FINAL_000435,SAFE_0262,Con đã chuyển tiền mua thuốc cho mẹ rồi Mã tham chiếu 862.,SAFE,NONE,LOW,Nội dung bình thường hoặc không có yêu cầu nguy hiểm.,,Không cần cảnh báo. Có thể tiếp tục trò chuyện bình thường.,none,none,general,NORTH,NONE,vietnamese_synthetic,self-created,True,no_pii,train
FINAL_000396,SAFE_0026,Con da chuyen tien mua thuoc cho me roi nha.,SAFE,NONE,LOW,Nội dung bình thường hoặc không có yêu cầu nguy hiểm.,,Không cần cảnh báo. Có thể tiếp tục trò chuyện bình thường.,none,none,general,SOUTH,NO_DIACRITICS,vietnamese_synthetic,self-created,True,no_pii,train
FINAL_000619,SUSPICIOUS_0029,Chú bấm vào đường dẫn này để xem chi tiết chương trình.,SUSPICIOUS,UNKNOWN,MEDIUM,Nội dung có yêu cầu xác minh hoặc cung cấp thông tin nhưng chưa đủ bằng chứng kết luận lừa đảo.,xác minh; thông tin cá nhân; đường dẫn; phản hồi sớm,Cần kiểm tra nguồn gửi. Không cung cấp thông tin nhạy cảm nếu chưa xác minh.,uncertainty; possible_social_engineering,privacy_leak,general,SOUTH,NONE,vietnamese_synthetic,self-created,True,no_pii,train
FINAL_000252,FAKE_POLICE_0189,"Ben vien kiem sat yeu cau co hop tac ngay, neu khong se bi phong toa tai san.",SCAM,FAKE_POLICE,HIGH,"Giả danh cơ quan chức năng, đe dọa và yêu cầu chuyển tiền.",công an; viện kiểm sát; vụ án; chuyển tiền,Không chuyển tiền. Gọi người thân hoặc cơ quan công an địa phương để xác minh.,authority_impersonation; fear; secrecy,financial_loss,elderly,NORTH,NO_DIACRITICS,vietnamese_synthetic,self-created,True,no_pii,train
FINAL_001437,LOAN_SCAM_0444,"Co duoc duyet vay 50 trieu, can dong phi bao hiem truoc de giai ngan.",SCAM,LOAN_SCAM,HIGH,"Lừa vay tiền, yêu cầu đóng phí trước hoặc gửi giấy tờ cá nhân.",đóng phí; giải ngân; gửi CCCD; phí hồ sơ,Không gửi giấy tờ cá nhân hoặc đóng phí trước cho dịch vụ vay không rõ nguồn.,financial_pressure; urgency,financial_loss; identity_theft,elderly,SOUTH,NO_DIACRITICS,vietnamese_synthetic,self-created,True,no_pii,train
FINAL_000597,OTP_BANK_0359,Cô đọc giúp cháu dãy 6 số vừa gửi về điện thoại để hoàn tất xác minh.,SCAM,OTP_BANK,HIGH,Yêu cầu cung cấp OTP hoặc mã xác nhận ngân hàng.,mã OTP; mã xác nhận; dãy 6 số,Không cung cấp OTP hoặc mã xác nhận. Gọi trực tiếp ngân hàng để kiểm tra.,urgency; technical_confusion,credential_theft,elderly,STANDARD,OBFUSCATION,vietnamese_synthetic,self-created,True,no_pii,train
FINAL_000067,INVESTMENT_0192,"Ben em co san dau tu loi nhuan cao, chu nap tien som de giu suat.",SCAM,INVESTMENT,HIGH,Hứa lợi nhuận cao bất thường và yêu cầu nạp/chuyển tiền.,lãi 30%; lợi nhuận cao; nạp tiền; chuyển tiền,Không chuyển tiền vào kênh đầu tư không rõ pháp lý. Hỏi người thân hoặc chuyên gia tài chính.,greed; false_promise,financial_loss,elderly,NORTH,TYPO,vietnamese_synthetic,self-created,True,no_pii,valid
FINAL_001331,FAKE_POLICE_0357,"Ben vien kiem sat yeu cau ma hop tac ngay, neu khong se bi phong toa tai san Làm ngay giúp bên cháu.",SCAM,FAKE_POLICE,HIGH,"Giả danh cơ quan chức năng, đe dọa và yêu cầu chuyển tiền.",công an; viện kiểm sát; vụ án; chuyển tiền,Không chuyển tiền. Gọi người thân hoặc cơ quan công an địa phương để xác minh.,authority_impersonation; fear; secrecy,financial_loss,elderly,SOUTH,NO_DIACRITICS,vietnamese_synthetic,self-created,True,no_pii,train
FINAL_001496,SAFE_0156,Bac nho uong thuoc dung gio nha.,SAFE,NONE,LOW,Nội dung bình thường hoặc không có yêu cầu nguy hiểm.,,Không cần cảnh báo. Có thể tiếp tục trò chuyện bình thường.,none,none,general,STANDARD,TYPO,vietnamese_synthetic,self-created,True,no_pii,train
FINAL_000572,SELF_OTP_BANK_0010,"Bài chia sẻ mô tả một trường hợp người cao tuổi nhận được cuộc gọi lạ: người gọi gửi tin nhắn giống brandname ngân hàng, yêu cầu cập nhật hồ sơ trong ngày. Sau đó họ bảo chú cung cấp dãy 6 số trong tin nhắn để mở lại tài khoản. Nếu không làm ngay, họ dọa tài khoản sẽ bị khóa và không rút được tiền. Gia đình nghi ngờ đây là tình huống lừa đảo vì nội dung tạo áp lực và yêu cầu hành động liên quan đến tiền hoặc thông tin nhạy cảm.",SCAM,OTP_BANK,HIGH,Yêu cầu cung cấp OTP/mã xác nhận hoặc thông tin ngân hàng cho người lạ.,mã OTP; mã xác nhận; tài khoản ngân hàng; xác minh ngay,"Không cung cấp OTP, mật khẩu hoặc mã xác nhận. Gọi trực tiếp tổng đài chính thức của ngân hàng.",urgency; technical_confusion; authority_impersonation,credential_theft; financial_loss,elderly,NORTH,NONE,self_created_long_context_based_on_public_warning_taxonomy,self-created,True,no_pii,train
FINAL_001466,EMERGENCY_MONEY_0257,"O oi con bi tai nan, gui tien ngai vao so tai khoan nay giup con.",SCAM,EMERGENCY_MONEY,HIGH,"Giả danh người thân, tạo tình huống khẩn cấp và yêu cầu chuyển tiền.",cấp cứu; chuyển gấp; đừng gọi lại; khẩn cấp,Không chuyển tiền vội. Gọi trực tiếp cho người thân qua số quen thuộc để xác minh.,urgency; trust_abuse; secrecy,financial_loss,elderly,CENTRAL,TYPO,vietnamese_synthetic,self-created,True,no_pii,train
FINAL_000260,SAFE_0104,Mai con về nhà ăn cơm với ba mẹ để con yên tâm nha.,SAFE,NONE,LOW,Nội dung bình thường hoặc không có yêu cầu nguy hiểm.,,Không cần cảnh báo. Có thể tiếp tục trò chuyện bình thường.,none,none,general,SOUTH,NONE,vietnamese_synthetic,self-created,True,no_pii,train
FINAL_000251,SAFE_0219,Chu kiem tra giup con lich hen kham benh ngay mai nhe nha.,SAFE,NONE,LOW,Nội dung bình thường hoặc không có yêu cầu nguy hiểm.,,Không cần cảnh báo. Có thể tiếp tục trò chuyện bình thường.,none,none,general,SOUTH,NO_DIACRITICS,vietnamese_synthetic,self-created,True,no_pii,test
FINAL_001341,SUSPICIOUS_0164,Em co co hoi dau tu muon gioi thieu cho bac để bên em kiểm tra lại.,SUSPICIOUS,UNKNOWN,MEDIUM,Nội dung có yêu cầu xác minh hoặc cung cấp thông tin nhưng chưa đủ bằng chứng kết luận lừa đảo.,xác minh; thông tin cá nhân; đường dẫn; phản hồi sớm,Cần kiểm tra nguồn gửi. Không cung cấp thông tin nhạy cảm nếu chưa xác minh.,uncertainty; possible_social_engineering,privacy_leak,general,NORTH,TYPO,vietnamese_synthetic,self-created,True,no_pii,train
FINAL_000946,SAFE_0245,Con đã chuyển tiền mua thuốc cho mẹ rồi Mã tham chiếu 845.,SAFE,NONE,LOW,Nội dung bình thường hoặc không có yêu cầu nguy hiểm.,,Không cần cảnh báo. Có thể tiếp tục trò chuyện bình thường.,none,none,general,STANDARD,NONE,vietnamese_synthetic,self-created,True,no_pii,train
FINAL_001071,SAFE_0347,"Con dat xe cho bac roi, tai xe se den trong 10 phut nhé.",SAFE,NONE,LOW,Nội dung bình thường hoặc không có yêu cầu nguy hiểm.,,Không cần cảnh báo. Có thể tiếp tục trò chuyện bình thường.,none,none,general,CENTRAL,TYPO,vietnamese_synthetic,self-created,True,no_pii,train
FINAL_000155,SAFE_0241,Con đã ck mua thuốc cho mẹ rồi nha.,SAFE,NONE,LOW,Nội dung bình thường hoặc không có yêu cầu nguy hiểm.,,Không cần cảnh báo. Có thể tiếp tục trò chuyện bình thường.,none,none,general,STANDARD,ABBREVIATION,vietnamese_synthetic,self-created,True,no_pii,test
FINAL_000297,EMERGENCY_MONEY_0367,"Chu dung hoi nhieu, con can tien xu ly viec khan cap, chuyen ngay giup con.",SCAM,EMERGENCY_MONEY,HIGH,"Giả danh người thân, tạo tình huống khẩn cấp và yêu cầu chuyển tiền.",cấp cứu; chuyển gấp; đừng gọi lại; khẩn cấp,Không chuyển tiền vội. Gọi trực tiếp cho người thân qua số quen thuộc để xác minh.,urgency; trust_abuse; secrecy,financial_loss,elderly,SOUTH,NO_DIACRITICS,vietnamese_synthetic,self-created,True,no_pii,train
FINAL_000936,SAFE_0314,"Con đặt xe cho cô rồi, tài xế sẽ đến trong 10 phút để con yên tâm nha.",SAFE,NONE,LOW,Nội dung bình thường hoặc không có yêu cầu nguy hiểm.,,Không cần cảnh báo. Có thể tiếp tục trò chuyện bình thường.,none,none,general,SOUTH,NONE,vietnamese_synthetic,self-created,True,no_pii,train
FINAL_001622,SUSPICIOUS_0186,"Tài khoản của cô có dấu hiệu bất thường, vui lòng phản hồi sớm nếu cần em sẽ hướng dẫn thêm.",SUSPICIOUS,UNKNOWN,MEDIUM,Nội dung có yêu cầu xác minh hoặc cung cấp thông tin nhưng chưa đủ bằng chứng kết luận lừa đảo.,xác minh; thông tin cá nhân; đường dẫn; phản hồi sớm,Cần kiểm tra nguồn gửi. Không cung cấp thông tin nhạy cảm nếu chưa xác minh.,uncertainty; possible_social_engineering,privacy_leak,general,NORTH,ABBREVIATION,vietnamese_synthetic,self-created,True,no_pii,train
FINAL_000989,SUSPICIOUS_0077,Ben em can ma xac nhan giao dich nay ngai hom nay.,SUSPICIOUS,UNKNOWN,MEDIUM,Nội dung có yêu cầu xác minh hoặc cung cấp thông tin nhưng chưa đủ bằng chứng kết luận lừa đảo.,xác minh; thông tin cá nhân; đường dẫn; phản hồi sớm,Cần kiểm tra nguồn gửi. Không cung cấp thông tin nhạy cảm nếu chưa xác minh.,uncertainty; possible_social_engineering,privacy_leak,general,SOUTH,TYPO,vietnamese_synthetic,self-created,True,no_pii,train
FINAL_001484,LOAN_SCAM_0510,"Chu duoc duyet vay 50 trieu, can dong phi bao hiem truoc de giai ngan Làm ngay giúp bên cháu.",SCAM,LOAN_SCAM,HIGH,"Lừa vay tiền, yêu cầu đóng phí trước hoặc gửi giấy tờ cá nhân.",đóng phí; giải ngân; gửi CCCD; phí hồ sơ,Không gửi giấy tờ cá nhân hoặc đóng phí trước cho dịch vụ vay không rõ nguồn.,financial_pressure; urgency,financial_loss; identity_theft,elderly,STANDARD,NO_DIACRITICS,vietnamese_synthetic,self-created,True,no_pii,train
FINAL_000544,PHISHING_LINK_0140,Bac can dang nhap vao <LINK> de kiem tra giao dich bat thuong.,SCAM,PHISHING_LINK,HIGH,Dụ người dùng bấm link lạ để đánh cắp thông tin.,<LINK>; bấm link; đăng nhập,Không bấm link lạ. Chỉ truy cập website hoặc ứng dụng chính thức.,technical_confusion; urgency,credential_theft; malware_install,elderly,STANDARD,TYPO,vietnamese_synthetic,self-created,True,no_pii,test
FINAL_000228,SAFE_0328,Chú kiểm tra giúp con lịch hẹn khám bệnh ngày mai nhé chiều nay cũng được nha.,SAFE,NONE,LOW,Nội dung bình thường hoặc không có yêu cầu nguy hiểm.,,Không cần cảnh báo. Có thể tiếp tục trò chuyện bình thường.,none,none,general,SOUTH,NONE,vietnamese_synthetic,self-created,True,no_pii,test
FINAL_001552,SELF_PRIZE_GIFT_0003,"Bài chia sẻ mô tả một trường hợp người cao tuổi nhận được cuộc gọi lạ: người gọi nói cô được chọn nhận tiền hỗ trợ trong chương trình khuyến mãi. Sau đó họ bảo cô gửi căn cước, địa chỉ nhà và số tài khoản để nhận thưởng. Họ dặn cô chuyển phí nhỏ trước để nhận món quà lớn. Gia đình nghi ngờ đây là tình huống lừa đảo vì nội dung tạo áp lực và yêu cầu hành động liên quan đến tiền hoặc thông tin nhạy cảm.",SCAM,PRIZE_GIFT,HIGH,Lấy lý do trúng thưởng/nhận quà để yêu cầu đóng phí hoặc cung cấp thông tin.,trúng thưởng; nhận quà; phí vận chuyển; thông tin cá nhân,Không chuyển phí nhận thưởng. Kiểm tra chương trình trên kênh chính thức.,greed; false_promise; urgency,financial_loss; privacy_leak,elderly,NORTH,NONE,self_created_long_context_based_on_public_warning_taxonomy,self-created,True,no_pii,train
FINAL_001339,SAFE_0195,"Ba ơi, tối nay cả nhà gọi video nhé.",SAFE,NONE,LOW,Nội dung bình thường hoặc không có yêu cầu nguy hiểm.,,Không cần cảnh báo. Có thể tiếp tục trò chuyện bình thường.,none,none,general,SOUTH,ABBREVIATION,vietnamese_synthetic,self-created,True,no_pii,train
FINAL_001406,PRIZE_GIFT_0364,"Chuc mung chu da trung xe may, bam <LINK> de nhan qua.",SCAM,PRIZE_GIFT,HIGH,Dùng quà tặng hoặc trúng thưởng để dụ cung cấp thông tin hoặc chuyển phí.,trúng thưởng; nhận quà; đóng phí; chuyển phí,Không chuyển phí hoặc cung cấp thông tin cá nhân để nhận quà không rõ nguồn.,greed; urgency,financial_loss; privacy_leak,elderly,NORTH,NO_DIACRITICS,vietnamese_synthetic,self-created,True,no_pii,valid
FINAL_000009,FAKE_POLICE_0376,"Bên viện kiểm sát yêu cầu mệ hợp tác ngay, nếu không sẽ bị phong tỏa tài sản Làm ngay giúp bên cháu.",SCAM,FAKE_POLICE,HIGH,"Giả danh cơ quan chức năng, đe dọa và yêu cầu chuyển tiền.",công an; viện kiểm sát; vụ án; chuyển tiền,Không chuyển tiền. Gọi người thân hoặc cơ quan công an địa phương để xác minh.,authority_impersonation; fear; secrecy,financial_loss,elderly,CENTRAL,ABBREVIATION,vietnamese_synthetic,self-created,True,no_pii,train
FINAL_001619,SELF_EMERGENCY_MONEY_0005,"Đoạn tin nhắn bắt đầu bằng lời hỏi thăm sức khỏe của cô, sau đó người gửi gửi ảnh chụp bệnh viện mờ và nói đang cần đóng viện phí gấp. Trong các tin tiếp theo, họ xin cô chuyển gấp 5 triệu vào <BANK_ACCOUNT>. Họ dùng cảm xúc lo sợ của gia đình để ép cô quyết định nhanh.",SCAM,EMERGENCY_MONEY,HIGH,Giả danh người thân hoặc dùng tình huống khẩn cấp để yêu cầu chuyển tiền.,đang cấp cứu; chuyển gấp; đừng gọi lại; cần tiền ngay,Không chuyển tiền vội. Gọi trực tiếp cho người thân qua số quen thuộc hoặc hỏi người trong gia đình.,trust_abuse; urgency; secrecy; fear,financial_loss,elderly,NORTH,NONE,self_created_long_context_based_on_public_warning_taxonomy,self-created,True,no_pii,valid
FINAL_001596,PHISHING_LINK_0281,"Đơn hàng của mệ gặp lỗi, bấm vào <LINK> để cập nhật thông tin nhận hàng Xử lý trong hôm nay giúp cháu.",SCAM,PHISHING_LINK,HIGH,Dụ người dùng bấm link lạ để đánh cắp thông tin.,<LINK>; bấm link; đăng nhập,Không bấm link lạ. Chỉ truy cập website hoặc ứng dụng chính thức.,technical_confusion; urgency,credential_theft; malware_install,elderly,CENTRAL,NONE,vietnamese_synthetic,self-created,True,no_pii,valid
FINAL_000975,LOAN_SCAM_0259,Bác muốn vay nhanh không cần gặp mặt thì gửi CCCD và phí hồ sơ trước Bên cháu đang chờ phản hồi.,SCAM,LOAN_SCAM,HIGH,"Lừa vay tiền, yêu cầu đóng phí trước hoặc gửi giấy tờ cá nhân.",đóng phí; giải ngân; gửi CCCD; phí hồ sơ,Không gửi giấy tờ cá nhân hoặc đóng phí trước cho dịch vụ vay không rõ nguồn.,financial_pressure; urgency,financial_loss; identity_theft,elderly,CENTRAL,NONE,vietnamese_synthetic,self-created,True,no_pii,train
FINAL_000166,SUSPICIOUS_0118,Bác xác minh tài khoản giúp bên em trong hôm nay nhé nếu cần em sẽ hướng dẫn thêm.,SUSPICIOUS,UNKNOWN,MEDIUM,Nội dung có yêu cầu xác minh hoặc cung cấp thông tin nhưng chưa đủ bằng chứng kết luận lừa đảo.,xác minh; thông tin cá nhân; đường dẫn; phản hồi sớm,Cần kiểm tra nguồn gửi. Không cung cấp thông tin nhạy cảm nếu chưa xác minh.,uncertainty; possible_social_engineering,privacy_leak,general,NORTH,NONE,vietnamese_synthetic,self-created,True,no_pii,train
FINAL_001613,SAFE_0275,"Con đặt xe cho mệ rồi, tài xế sẽ đến trong 10 phút nha.",SAFE,NONE,LOW,Nội dung bình thường hoặc không có yêu cầu nguy hiểm.,,Không cần cảnh báo. Có thể tiếp tục trò chuyện bình thường.,none,none,general,CENTRAL,NONE,vietnamese_synthetic,self-created,True,no_pii,valid
FINAL_000246,LOAN_SCAM_0166,"Ben em ho tro vay gap, chu dong phi mo ho so la nhan tien trong ngay.",SCAM,LOAN_SCAM,HIGH,"Lừa vay tiền, yêu cầu đóng phí trước hoặc gửi giấy tờ cá nhân.",đóng phí; giải ngân; gửi CCCD; phí hồ sơ,Không gửi giấy tờ cá nhân hoặc đóng phí trước cho dịch vụ vay không rõ nguồn.,financial_pressure; urgency,financial_loss; identity_theft,elderly,SOUTH,NO_DIACRITICS,vietnamese_synthetic,self-created,True,no_pii,valid
FINAL_000062,SELF_SAFE_0023,"Bai dang cua to dan pho nhac nguoi dan canh giac voi cuoc goi tu xung cong an va khong chuyen tien theo huong dan qua dien thoai. Noi dung la tuyen truyen phong tranh, khong phai yeu cau thuc hien giao dich.",SAFE,NONE,LOW,"Nội dung cảnh báo cộng đồng, không phải hành vi lừa đảo trực tiếp.",cảnh giác; không chuyển tiền; tuyên truyền phòng tránh,"Không cần cảnh báo mạnh. Có thể tiếp tục trò chuyện bình thường, nhưng vẫn nhắc người dùng không chia sẻ OTP nếu cần.",none,none,general,CENTRAL,NO_DIACRITICS,self_created_long_context_hard_negative,self-created,True,no_pii,train
FINAL_000259,SAFE_0371,"Con đặt xe cho cô rồi, tài xế sẽ đến trong 10 phút chiều nay cũng được nha.",SAFE,NONE,LOW,Nội dung bình thường hoặc không có yêu cầu nguy hiểm.,,Không cần cảnh báo. Có thể tiếp tục trò chuyện bình thường.,none,none,general,SOUTH,NONE,vietnamese_synthetic,self-created,True,no_pii,train
FINAL_001025,SUSPICIOUS_0006,Bác gửi thông tin để bên em cập nhật hồ sơ.,SUSPICIOUS,UNKNOWN,MEDIUM,Nội dung có yêu cầu xác minh hoặc cung cấp thông tin nhưng chưa đủ bằng chứng kết luận lừa đảo.,xác minh; thông tin cá nhân; đường dẫn; phản hồi sớm,Cần kiểm tra nguồn gửi. Không cung cấp thông tin nhạy cảm nếu chưa xác minh.,uncertainty; possible_social_engineering,privacy_leak,general,NORTH,OBFUSCATION,vietnamese_synthetic,self-created,True,no_pii,train
FINAL_000454,SUSPICIOUS_0049,Ben em can bac xac nhan giao dich nay ngay hom nay.,SUSPICIOUS,UNKNOWN,MEDIUM,Nội dung có yêu cầu xác minh hoặc cung cấp thông tin nhưng chưa đủ bằng chứng kết luận lừa đảo.,xác minh; thông tin cá nhân; đường dẫn; phản hồi sớm,Cần kiểm tra nguồn gửi. Không cung cấp thông tin nhạy cảm nếu chưa xác minh.,uncertainty; possible_social_engineering,privacy_leak,general,STANDARD,NO_DIACRITICS,vietnamese_synthetic,self-created,True,no_pii,valid
FINAL_000885,EMERGENCY_MONEY_0265,"Mẹ ơi con đang cấp cứu, chuyển gấp cho con 5 triệu, đừng gọi lại Xử lý trong hôm nay giúp cháu.",SCAM,EMERGENCY_MONEY,HIGH,"Giả danh người thân, tạo tình huống khẩn cấp và yêu cầu chuyển tiền.",cấp cứu; chuyển gấp; đừng gọi lại; khẩn cấp,Không chuyển tiền vội. Gọi trực tiếp cho người thân qua số quen thuộc để xác minh.,urgency; trust_abuse; secrecy,financial_loss,elderly,STANDARD,OBFUSCATION,vietnamese_synthetic,self-created,True,no_pii,train
FINAL_001477,SAFE_0141,Bac kiem tra giup con lich hen kham benh ngay mai nhe.,SAFE,NONE,LOW,Nội dung bình thường hoặc không có yêu cầu nguy hiểm.,,Không cần cảnh báo. Có thể tiếp tục trò chuyện bình thường.,none,none,general,NORTH,NO_DIACRITICS,vietnamese_synthetic,self-created,True,no_pii,valid
FINAL_001620,OTP_BANK_0060,"Ngân hàng cần kiểm tra bảo mật, bác cung cấp mã OT P ngay để tránh khóa t.khoản.",SCAM,OTP_BANK,HIGH,Yêu cầu cung cấp OTP hoặc mã xác nhận ngân hàng.,mã OTP; mã xác nhận; dãy 6 số,Không cung cấp OTP hoặc mã xác nhận. Gọi trực tiếp ngân hàng để kiểm tra.,urgency; technical_confusion,credential_theft,elderly,STANDARD,OBFUSCATION,vietnamese_synthetic,self-created,True,no_pii,test
FINAL_000565,SELF_OTP_BANK_0004,"Cô kể lại rằng có người gọi điện trong lúc ở nhà một mình. Người này nói thẻ ATM sắp bị khóa vì chưa hoàn tất xác thực sinh trắc học, nói chuyện rất tự tin và dùng nhiều từ ngữ giống cơ quan chính thức. Tiếp theo họ yêu cầu cô đọc mã OTP vừa nhận được để hoàn tất xác minh. Họ nói đây là cuộc gọi bảo mật nên không được hỏi người thân.",SCAM,OTP_BANK,HIGH,Yêu cầu cung cấp OTP/mã xác nhận hoặc thông tin ngân hàng cho người lạ.,mã OTP; mã xác nhận; tài khoản ngân hàng; xác minh ngay,"Không cung cấp OTP, mật khẩu hoặc mã xác nhận. Gọi trực tiếp tổng đài chính thức của ngân hàng.",urgency; technical_confusion; authority_impersonation,credential_theft; financial_loss,elderly,STANDARD,NONE,self_created_long_context_based_on_public_warning_taxonomy,self-created,True,no_pii,train
FINAL_001475,JOB_SCAM_0555,"Việc nhẹ lương cao, bác đóng phí hồ sơ là có thể bắt đầu ngay Làm ngay giúp bên cháu.",SCAM,JOB_SCAM,MEDIUM,"Lừa việc làm online, yêu cầu đóng phí hoặc nạp tiền trước.",nạp trước; đóng phí; kích hoạt tài khoản,Không đóng phí để nhận việc. Kiểm tra công ty và hợp đồng rõ ràng.,financial_pressure; false_promise,financial_loss,elderly,STANDARD,NONE,vietnamese_synthetic,self-created,True,no_pii,train
FINAL_000442,JOB_SCAM_0184,"Việc nhẹ lương cao, cô đóng phí hồ sơ là có thể bắt đầu ngay.",SCAM,JOB_SCAM,MEDIUM,"Lừa việc làm online, yêu cầu đóng phí hoặc nạp tiền trước.",nạp trước; đóng phí; kích hoạt tài khoản,Không đóng phí để nhận việc. Kiểm tra công ty và hợp đồng rõ ràng.,financial_pressure; false_promise,financial_loss,elderly,NORTH,NONE,vietnamese_synthetic,self-created,True,no_pii,train
FINAL_001576,JOB_SCAM_0329,"Ba nhận job online, hoàn thành đơn đầu tiên sẽ được hoàn tiền và thưởng Làm ngay giúp bên cháu.",SCAM,JOB_SCAM,MEDIUM,"Lừa việc làm online, yêu cầu đóng phí hoặc nạp tiền trước.",nạp trước; đóng phí; kích hoạt tài khoản,Không đóng phí để nhận việc. Kiểm tra công ty và hợp đồng rõ ràng.,financial_pressure; false_promise,financial_loss,elderly,SOUTH,OBFUSCATION,vietnamese_synthetic,self-created,True,no_pii,train
FINAL_000329,SUSPICIOUS_0094,O bấm vào đường dẫn này để xem chi tiết chương trình giúp bên em nhé.,SUSPICIOUS,UNKNOWN,MEDIUM,Nội dung có yêu cầu xác minh hoặc cung cấp thông tin nhưng chưa đủ bằng chứng kết luận lừa đảo.,xác minh; thông tin cá nhân; đường dẫn; phản hồi sớm,Cần kiểm tra nguồn gửi. Không cung cấp thông tin nhạy cảm nếu chưa xác minh.,uncertainty; possible_social_engineering,privacy_leak,general,CENTRAL,OBFUSCATION,vietnamese_synthetic,self-created,True,no_pii,train
FINAL_000548,SUSPICIOUS_0012,"Tài khoản của chú có dấu hiệu bất thường, vui lòng phản hồi sớm giúp bên em nhé.",SUSPICIOUS,UNKNOWN,MEDIUM,Nội dung có yêu cầu xác minh hoặc cung cấp thông tin nhưng chưa đủ bằng chứng kết luận lừa đảo.,xác minh; thông tin cá nhân; đường dẫn; phản hồi sớm,Cần kiểm tra nguồn gửi. Không cung cấp thông tin nhạy cảm nếu chưa xác minh.,uncertainty; possible_social_engineering,privacy_leak,general,NORTH,NONE,vietnamese_synthetic,self-created,True,no_pii,test
FINAL_001139,FAKE_POLICE_0228,"Chúng tôi là công an, chú đang liên quan đến vụ án rửa tiền, cần ck để điều tra.",SCAM,FAKE_POLICE,HIGH,"Giả danh cơ quan chức năng, đe dọa và yêu cầu chuyển tiền.",công an; viện kiểm sát; vụ án; chuyển tiền,Không chuyển tiền. Gọi người thân hoặc cơ quan công an địa phương để xác minh.,authority_impersonation; fear; secrecy,financial_loss,elderly,STANDARD,ABBREVIATION,vietnamese_synthetic,self-created,True,no_pii,test
FINAL_000553,SUSPICIOUS_0044,Em co co hoi dau tu muon gioi thieu cho chu.,SUSPICIOUS,UNKNOWN,MEDIUM,Nội dung có yêu cầu xác minh hoặc cung cấp thông tin nhưng chưa đủ bằng chứng kết luận lừa đảo.,xác minh; thông tin cá nhân; đường dẫn; phản hồi sớm,Cần kiểm tra nguồn gửi. Không cung cấp thông tin nhạy cảm nếu chưa xác minh.,uncertainty; possible_social_engineering,privacy_leak,general,STANDARD,NO_DIACRITICS,vietnamese_synthetic,self-created,True,no_pii,train
FINAL_000285,OTP_BANK_0135,"Tai khoan cua bac dang bi khoa, gui ma xac nhan de mo lai.",SCAM,OTP_BANK,HIGH,Yêu cầu cung cấp OTP hoặc mã xác nhận ngân hàng.,mã OTP; mã xác nhận; dãy 6 số,Không cung cấp OTP hoặc mã xác nhận. Gọi trực tiếp ngân hàng để kiểm tra.,urgency; technical_confusion,credential_theft,elderly,CENTRAL,TYPO,vietnamese_synthetic,self-created,True,no_pii,train
FINAL_001129,EMERGENCY_MONEY_0316,"Cô ơi con bị tai nạn, gửi tiền ngay vào số tài khoản này giúp con.",SCAM,EMERGENCY_MONEY,HIGH,"Giả danh người thân, tạo tình huống khẩn cấp và yêu cầu chuyển tiền.",cấp cứu; chuyển gấp; đừng gọi lại; khẩn cấp,Không chuyển tiền vội. Gọi trực tiếp cho người thân qua số quen thuộc để xác minh.,urgency; trust_abuse; secrecy,financial_loss,elderly,SOUTH,NONE,vietnamese_synthetic,self-created,True,no_pii,train
FINAL_000213,SAFE_0256,Con gui link bai bao nay cho chu doc thu nhé.,SAFE,NONE,LOW,Nội dung bình thường hoặc không có yêu cầu nguy hiểm.,,Không cần cảnh báo. Có thể tiếp tục trò chuyện bình thường.,none,none,general,NORTH,NO_DIACRITICS,vietnamese_synthetic,self-created,True,no_pii,train
FINAL_000564,PHISHING_LINK_0320,"Don hang cua co gap loi, bam vao <LINK> de cap nhat thong tin nhan hang Làm ngay giúp bên cháu.",SCAM,PHISHING_LINK,HIGH,Dụ người dùng bấm link lạ để đánh cắp thông tin.,<LINK>; bấm link; đăng nhập,Không bấm link lạ. Chỉ truy cập website hoặc ứng dụng chính thức.,technical_confusion; urgency,credential_theft; malware_install,elderly,STANDARD,NO_DIACRITICS,vietnamese_synthetic,self-created,True,no_pii,test
FINAL_000652,SAFE_0005,"Hôm nay trời mưa, má nhớ mang áo mưa.",SAFE,NONE,LOW,Nội dung bình thường hoặc không có yêu cầu nguy hiểm.,,Không cần cảnh báo. Có thể tiếp tục trò chuyện bình thường.,none,none,general,SOUTH,NONE,vietnamese_synthetic,self-created,True,no_pii,train
FINAL_000691,SELF_SUSPICIOUS_0003,"Tin nhắn báo bác có giao dịch cần xác nhận và yêu cầu phản hồi sớm. Nội dung không có logo chính thức, không nói rõ ngân hàng nào và có kèm một đường dẫn rút gọn. Trường hợp này chưa chắc là lừa đảo nhưng không nên bấm link ngay.",SUSPICIOUS,UNKNOWN,MEDIUM,Có yêu cầu xác minh/cung cấp thông tin nhưng chưa đủ dữ kiện kết luận lừa đảo.,xác minh; thông tin cá nhân; trong hôm nay,Cần kiểm tra nguồn gửi. Không cung cấp thông tin nhạy cảm nếu chưa xác minh.,uncertainty; possible_social_engineering,privacy_leak,general,NORTH,NONE,self_created_long_context_based_on_public_warning_taxonomy,self-created,True,no_pii,train
FINAL_000722,PHISHING_LINK_0520,Vui long truy cap <LINK> de nhan ho tro hoan tien Nếu chậm trễ tài khoản có thể bị khóa.,SCAM,PHISHING_LINK,HIGH,Dụ người dùng bấm link lạ để đánh cắp thông tin.,<LINK>; bấm link; đăng nhập,Không bấm link lạ. Chỉ truy cập website hoặc ứng dụng chính thức.,technical_confusion; urgency,credential_theft; malware_install,elderly,STANDARD,NO_DIACRITICS,vietnamese_synthetic,self-created,True,no_pii,train
FINAL_001125,SELF_PHISHING_LINK_0008,"Đoạn tin nhắn bắt đầu bằng lời hỏi thăm sức khỏe của bác, sau đó người gửi nói tài khoản mạng xã hội của bác bị báo cáo vi phạm nên phải verify. Trong các tin tiếp theo, họ yêu cầu bác bấm vào <LINK> để đăng nhập và cập nhật thông tin. Nội dung trình bày có logo giống tổ chức thật nên dễ gây nhầm lẫn.",SCAM,PHISHING_LINK,HIGH,Dụ bấm link lạ để đăng nhập/cập nhật thông tin và đánh cắp dữ liệu.,<LINK>; bấm link; cập nhật thông tin; đăng nhập,Không bấm link lạ. Mở ứng dụng chính thức hoặc gõ trực tiếp địa chỉ website chính thức.,technical_confusion; urgency; false_promise,credential_theft; privacy_leak; malware_install,elderly,NORTH,CODE_SWITCHING,self_created_long_context_based_on_public_warning_taxonomy,self-created,True,no_pii,train
FINAL_000278,SELF_JOB_SCAM_0001,"Cô kể lại rằng có người gọi điện trong lúc ở nhà một mình. Người này giả danh sàn thương mại điện tử tuyển người xử lý đơn hàng, nói chuyện rất tự tin và dùng nhiều từ ngữ giống cơ quan chính thức. Tiếp theo họ yêu cầu cô nạp trước 300 nghìn để nhận nhiệm vụ đầu tiên. Ban đầu họ cho nhận vài chục nghìn để tạo lòng tin.",SCAM,JOB_SCAM,MEDIUM,"Lừa tuyển cộng tác viên/việc nhẹ lương cao, yêu cầu nạp tiền hoặc làm nhiệm vụ.",việc nhẹ lương cao; nạp tiền; nhiệm vụ; hoàn tiền,Không đóng phí để nhận việc. Kiểm tra thông tin công ty và hợp đồng rõ ràng.,financial_pressure; false_promise; gamification,financial_loss,elderly,STANDARD,NONE,self_created_long_context_based_on_public_warning_taxonomy,self-created,True,no_pii,train
FINAL_000488,SAFE_0254,Con gui link bai bao nay cho ba doc thu.,SAFE,NONE,LOW,Nội dung bình thường hoặc không có yêu cầu nguy hiểm.,,Không cần cảnh báo. Có thể tiếp tục trò chuyện bình thường.,none,none,general,SOUTH,NO_DIACRITICS,vietnamese_synthetic,self-created,True,no_pii,test
FINAL_000383,SAFE_0283,Con da chuyen tien mua thuoc cho me roi chiều nay cũng được nha.,SAFE,NONE,LOW,Nội dung bình thường hoặc không có yêu cầu nguy hiểm.,,Không cần cảnh báo. Có thể tiếp tục trò chuyện bình thường.,none,none,general,NORTH,NO_DIACRITICS,vietnamese_synthetic,self-created,True,no_pii,train
FINAL_001089,SAFE_0352,"Ngan hang thong bao bao tri he thong vao toi nay, khong yeu cau cung cap thong tin Mã tham chiếu 952.",SAFE,NONE,LOW,Nội dung bình thường hoặc không có yêu cầu nguy hiểm.,,Không cần cảnh báo. Có thể tiếp tục trò chuyện bình thường.,none,none,general,STANDARD,TYPO,vietnamese_synthetic,self-created,True,no_pii,test
FINAL_001123,SAFE_0214,"Co oi, toi nay ca nha goi video nhe nha.",SAFE,NONE,LOW,Nội dung bình thường hoặc không có yêu cầu nguy hiểm.,,Không cần cảnh báo. Có thể tiếp tục trò chuyện bình thường.,none,none,general,SOUTH,TYPO,vietnamese_synthetic,self-created,True,no_pii,test
FINAL_000170,SELF_OTP_BANK_0002,"Cô kể lại rằng có người gọi điện trong lúc ở nhà một mình. Người này nói tài khoản vừa phát sinh giao dịch bất thường nên cần kiểm tra khẩn cấp, nói chuyện rất tự tin và dùng nhiều từ ngữ giống cơ quan chính thức. Tiếp theo họ bảo cô cung cấp dãy 6 số trong tin nhắn để mở lại tài khoản. Người gọi liên tục nhắc cô không tắt máy vì quy trình chỉ còn vài phút.",SCAM,OTP_BANK,HIGH,Yêu cầu cung cấp OTP/mã xác nhận hoặc thông tin ngân hàng cho người lạ.,mã OTP; mã xác nhận; tài khoản ngân hàng; xác minh ngay,"Không cung cấp OTP, mật khẩu hoặc mã xác nhận. Gọi trực tiếp tổng đài chính thức của ngân hàng.",urgency; technical_confusion; authority_impersonation,credential_theft; financial_loss,elderly,SOUTH,NONE,self_created_long_context_based_on_public_warning_taxonomy,self-created,True,no_pii,test
FINAL_001402,INVESTMENT_0411,"Co tham gia nhom dau tu noi bo, loi nhuan chac chan khong rui ro.",SCAM,INVESTMENT,HIGH,Hứa lợi nhuận cao bất thường và yêu cầu nạp/chuyển tiền.,lãi 30%; lợi nhuận cao; nạp tiền; chuyển tiền,Không chuyển tiền vào kênh đầu tư không rõ pháp lý. Hỏi người thân hoặc chuyên gia tài chính.,greed; false_promise,financial_loss,elderly,STANDARD,NO_DIACRITICS,vietnamese_synthetic,self-created,True,no_pii,train
FINAL_000860,FAKE_POLICE_0210,"Co khong duoc noi voi ai, hay chuyen tien vao tai khoan tam giu de phuc vu xac minh Làm ngay giúp bên cháu.",SCAM,FAKE_POLICE,HIGH,"Giả danh cơ quan chức năng, đe dọa và yêu cầu chuyển tiền.",công an; viện kiểm sát; vụ án; chuyển tiền,Không chuyển tiền. Gọi người thân hoặc cơ quan công an địa phương để xác minh.,authority_impersonation; fear; secrecy,financial_loss,elderly,SOUTH,TYPO,vietnamese_synthetic,self-created,True,no_pii,train
FINAL_001621,OTP_BANK_0034,"Tài khoản của chú đang bị khóa, gửi mã xác nhận để mở lại.",SCAM,OTP_BANK,HIGH,Yêu cầu cung cấp OTP hoặc mã xác nhận ngân hàng.,mã OTP; mã xác nhận; dãy 6 số,Không cung cấp OTP hoặc mã xác nhận. Gọi trực tiếp ngân hàng để kiểm tra.,urgency; technical_confusion,credential_theft,elderly,NORTH,NONE,vietnamese_synthetic,self-created,True,no_pii,train
FINAL_000613,LOAN_SCAM_0247,"Hồ sơ vay của chú đã được chấp nhận, chuyển phí xác minh để nhận tiền.",SCAM,LOAN_SCAM,HIGH,"Lừa vay tiền, yêu cầu đóng phí trước hoặc gửi giấy tờ cá nhân.",đóng phí; giải ngân; gửi CCCD; phí hồ sơ,Không gửi giấy tờ cá nhân hoặc đóng phí trước cho dịch vụ vay không rõ nguồn.,financial_pressure; urgency,financial_loss; identity_theft,elderly,SOUTH,NONE,vietnamese_synthetic,self-created,True,no_pii,valid
FINAL_000426,FAKE_POLICE_0539,"Chú đang bị nghi ngờ liên quan đường dây lừa đảo, cần làm theo hướng dẫn ngay.",SCAM,FAKE_POLICE,HIGH,"Giả danh cơ quan chức năng, đe dọa và yêu cầu chuyển tiền.",công an; viện kiểm sát; vụ án; chuyển tiền,Không chuyển tiền. Gọi người thân hoặc cơ quan công an địa phương để xác minh.,authority_impersonation; fear; secrecy,financial_loss,elderly,SOUTH,NONE,vietnamese_synthetic,self-created,True,no_pii,train
FINAL_001211,SELF_ROMANCE_SCAM_0008,"Doan tin nhan bat dau bang loi hoi tham suc khoe cua chu, sau do nguoi gui nguoi do tu gioi thieu dang song o nuoc ngoai, muon gui qua ve Viet Nam. Trong cac tin tiep theo, ho gui so tai khoang la va hua se hoan lai gap doi khi ve nuoc. Khi chu do du, ho to ra buon ba va trach chu khong tin minh.",SCAM,ROMANCE_SCAM,MEDIUM,"Lợi dụng tình cảm/lòng tin để xin tiền, quà hoặc thông tin cá nhân.",quen qua mạng; gửi quà; phí hải quan; cần tiền gấp,Không chuyển tiền cho người quen qua mạng chưa gặp ngoài đời. Hỏi người thân trước khi quyết định.,trust_abuse; emotional_manipulation; false_promise,financial_loss; psychological_pressure,elderly,STANDARD,TYPO,self_created_long_context_based_on_public_warning_taxonomy,self-created,True,no_pii,train
FINAL_000437,SAFE_0330,Chu nho uong thuoc dung gio nha ạ.,SAFE,NONE,LOW,Nội dung bình thường hoặc không có yêu cầu nguy hiểm.,,Không cần cảnh báo. Có thể tiếp tục trò chuyện bình thường.,none,none,general,SOUTH,NO_DIACRITICS,vietnamese_synthetic,self-created,True,no_pii,valid
FINAL_000925,FAKE_POLICE_0057,"Chúng tôi là công an, cô đang liên quan đến vụ án rửa tiền, cần chuyển tiền để điều tra. please check now",SCAM,FAKE_POLICE,HIGH,"Giả danh cơ quan chức năng, đe dọa và yêu cầu chuyển tiền.",công an; viện kiểm sát; vụ án; chuyển tiền,Không chuyển tiền. Gọi người thân hoặc cơ quan công an địa phương để xác minh.,authority_impersonation; fear; secrecy,financial_loss,elderly,NORTH,CODE_SWITCHING,vietnamese_synthetic,self-created,True,no_pii,train
FINAL_000855,OTP_BANK_0045,"Ngân hàng cần kiểm tra bảo mật, má cung cấp mã OTP ngay để tránh khóa tài khoản.",SCAM,OTP_BANK,HIGH,Yêu cầu cung cấp OTP hoặc mã xác nhận ngân hàng.,mã OTP; mã xác nhận; dãy 6 số,Không cung cấp OTP hoặc mã xác nhận. Gọi trực tiếp ngân hàng để kiểm tra.,urgency; technical_confusion,credential_theft,elderly,SOUTH,NONE,vietnamese_synthetic,self-created,True,no_pii,train
FINAL_000904,EMERGENCY_MONEY_0478,"Me oi con bi tai nan, gui tien ngay vao so tai khoan nay giup con.",SCAM,EMERGENCY_MONEY,HIGH,"Giả danh người thân, tạo tình huống khẩn cấp và yêu cầu chuyển tiền.",cấp cứu; chuyển gấp; đừng gọi lại; khẩn cấp,Không chuyển tiền vội. Gọi trực tiếp cho người thân qua số quen thuộc để xác minh.,urgency; trust_abuse; secrecy,financial_loss,elderly,CENTRAL,NO_DIACRITICS,vietnamese_synthetic,self-created,True,no_pii,valid
FINAL_001422,SAFE_0323,"Mã đơn hàng của chú là 123456, hàng sẽ giao trong hôm nay chiều nay cũng được nha.",SAFE,NONE,LOW,Nội dung bình thường hoặc không có yêu cầu nguy hiểm.,,Không cần cảnh báo. Có thể tiếp tục trò chuyện bình thường.,none,none,general,STANDARD,NONE,vietnamese_synthetic,self-created,True,no_pii,test
FINAL_000078,JOB_SCAM_0341,"Me chi can lam nhiem vu online, nap truoc 300 nghin de nhan viec.",SCAM,JOB_SCAM,MEDIUM,"Lừa việc làm online, yêu cầu đóng phí hoặc nạp tiền trước.",nạp trước; đóng phí; kích hoạt tài khoản,Không đóng phí để nhận việc. Kiểm tra công ty và hợp đồng rõ ràng.,financial_pressure; false_promise,financial_loss,elderly,CENTRAL,TYPO,vietnamese_synthetic,self-created,True,no_pii,test
FINAL_000894,SELF_SUSPICIOUS_0056,"Một người nhắn cho bác nói hồ sơ tài khoản cần xác minh lại trong hôm nay. Họ chưa yêu cầu OTP hay chuyển tiền, nhưng đề nghị bác chuẩn bị số căn cước và thông tin ngân hàng. Nội dung thiếu tên đơn vị rõ ràng nên cần kiểm tra lại nguồn gửi. Mã tình huống tham khảo: SELF_000236.",SUSPICIOUS,UNKNOWN,MEDIUM,Có yêu cầu xác minh/cung cấp thông tin nhưng chưa đủ dữ kiện kết luận lừa đảo.,xác minh; thông tin cá nhân; trong hôm nay,Cần kiểm tra nguồn gửi. Không cung cấp thông tin nhạy cảm nếu chưa xác minh.,uncertainty; possible_social_engineering,privacy_leak,general,STANDARD,NONE,self_created_long_context_based_on_public_warning_taxonomy,self-created,True,no_pii,train
FINAL_001617,SELF_HEALTH_PRODUCT_0012,"Bác kể lại rằng có người gọi điện trong lúc ở nhà một mình. Người này mời bác tham gia hội thảo sức khỏe miễn phí tại khách sạn, nói chuyện rất tự tin và dùng nhiều từ ngữ giống cơ quan chính thức. Tiếp theo họ bảo bác chuyển tiền để nhận suất ưu đãi dành riêng cho người cao tuổi. Thông tin về công dụng được nói quá mức và thiếu căn cứ y khoa.",SCAM,HEALTH_PRODUCT,MEDIUM,Dụ người cao tuổi mua sản phẩm sức khỏe/đa cấp bằng cam kết chữa bệnh hoặc lợi nhuận.,hội thảo miễn phí; thuốc chữa bệnh; đặt cọc; lợi nhuận,Không mua thuốc/sản phẩm sức khỏe không rõ nguồn. Hỏi bác sĩ hoặc người thân trước.,health_anxiety; false_promise; social_proof,financial_loss; health_risk,elderly,STANDARD,NONE,self_created_long_context_based_on_public_warning_taxonomy,self-created,True,no_pii,train
FINAL_001019,SELF_FAKE_SUPPORT_0004,"Cô kể lại rằng có người gọi điện trong lúc ở nhà một mình. Người này giả danh nhân viên ví điện tử, nói cần hỗ trợ kiểm tra giao dịch, nói chuyện rất tự tin và dùng nhiều từ ngữ giống cơ quan chính thức. Tiếp theo họ hướng dẫn cô đăng nhập tài khoản rồi không được tắt máy. Họ nói nếu không làm trong ngày, hồ sơ sẽ bị treo hoặc SIM bị khóa.",SCAM,FAKE_SUPPORT,HIGH,Giả danh nhân viên hỗ trợ kỹ thuật/dịch vụ công để yêu cầu cài app hoặc cấp quyền.,cài ứng dụng; chia sẻ màn hình; cấp quyền; hỗ trợ kỹ thuật,Không cài app lạ hoặc chia sẻ màn hình cho người không xác minh được danh tính.,technical_confusion; authority_impersonation,credential_theft; malware_install; privacy_leak,elderly,STANDARD,NONE,self_created_long_context_based_on_public_warning_taxonomy,self-created,True,no_pii,train
FINAL_000004,EMERGENCY_MONEY_0031,"Con hỏi thăm sức khỏe chút. Bác đừng hỏi nhiều, con cần tiền xử lý việc khẩn cấp, chuyển ngay giúp con.",SCAM,EMERGENCY_MONEY,HIGH,"Giả danh người thân, tạo tình huống khẩn cấp và yêu cầu chuyển tiền.",cấp cứu; chuyển gấp; đừng gọi lại; khẩn cấp,Không chuyển tiền vội. Gọi trực tiếp cho người thân qua số quen thuộc để xác minh.,urgency; trust_abuse; secrecy,financial_loss,elderly,CENTRAL,MIXED_INTENT,vietnamese_synthetic,self-created,True,no_pii,test
FINAL_000129,SAFE_0052,Chú nhớ uống thuốc đúng giờ nha nha.,SAFE,NONE,LOW,Nội dung bình thường hoặc không có yêu cầu nguy hiểm.,,Không cần cảnh báo. Có thể tiếp tục trò chuyện bình thường.,none,none,general,SOUTH,NONE,vietnamese_synthetic,self-created,True,no_pii,train
FINAL_001365,SAFE_0146,Mai con về nhà ăn cơm với ba mẹ Mã tham chiếu 746.,SAFE,NONE,LOW,Nội dung bình thường hoặc không có yêu cầu nguy hiểm.,,Không cần cảnh báo. Có thể tiếp tục trò chuyện bình thường.,none,none,general,NORTH,NONE,vietnamese_synthetic,self-created,True,no_pii,train
FINAL_001283,SUSPICIOUS_0030,Bác xác minh tài khoản giúp bên em trong hôm nay nhé.,SUSPICIOUS,UNKNOWN,MEDIUM,Nội dung có yêu cầu xác minh hoặc cung cấp thông tin nhưng chưa đủ bằng chứng kết luận lừa đảo.,xác minh; thông tin cá nhân; đường dẫn; phản hồi sớm,Cần kiểm tra nguồn gửi. Không cung cấp thông tin nhạy cảm nếu chưa xác minh.,uncertainty; possible_social_engineering,privacy_leak,general,STANDARD,NONE,vietnamese_synthetic,self-created,True,no_pii,train
FINAL_001267,SUSPICIOUS_0128,O gửi thông tin để bên em cập nhật hồ sơ.,SUSPICIOUS,UNKNOWN,MEDIUM,Nội dung có yêu cầu xác minh hoặc cung cấp thông tin nhưng chưa đủ bằng chứng kết luận lừa đảo.,xác minh; thông tin cá nhân; đường dẫn; phản hồi sớm,Cần kiểm tra nguồn gửi. Không cung cấp thông tin nhạy cảm nếu chưa xác minh.,uncertainty; possible_social_engineering,privacy_leak,general,CENTRAL,NONE,vietnamese_synthetic,self-created,True,no_pii,valid
FINAL_000563,SAFE_0309,Con đã chuyển tiền mua thuốc cho mẹ rồi Mã tham chiếu 909.,SAFE,NONE,LOW,Nội dung bình thường hoặc không có yêu cầu nguy hiểm.,,Không cần cảnh báo. Có thể tiếp tục trò chuyện bình thường.,none,none,general,NORTH,NONE,vietnamese_synthetic,self-created,True,no_pii,train
FINAL_001607,SAFE_0134,Con đã chuyển tiền mua thuốc cho mẹ rồi chiều nay cũng được nha.,SAFE,NONE,LOW,Nội dung bình thường hoặc không có yêu cầu nguy hiểm.,,Không cần cảnh báo. Có thể tiếp tục trò chuyện bình thường.,none,none,general,CENTRAL,NONE,vietnamese_synthetic,self-created,True,no_pii,train
FINAL_000888,EMERGENCY_MONEY_0037,"Chú đừng hỏi nhiều, con cần tiền xử lý việc khẩn cấp, chuyển ngay giúp con.",SCAM,EMERGENCY_MONEY,HIGH,"Giả danh người thân, tạo tình huống khẩn cấp và yêu cầu chuyển tiền.",cấp cứu; chuyển gấp; đừng gọi lại; khẩn cấp,Không chuyển tiền vội. Gọi trực tiếp cho người thân qua số quen thuộc để xác minh.,urgency; trust_abuse; secrecy,financial_loss,elderly,SOUTH,OBFUSCATION,vietnamese_synthetic,self-created,True,no_pii,valid
FINAL_001309,SAFE_0178,"Con đặt xe cho o rồi, tài xế sẽ đến trong 10 phút.",SAFE,NONE,LOW,Nội dung bình thường hoặc không có yêu cầu nguy hiểm.,,Không cần cảnh báo. Có thể tiếp tục trò chuyện bình thường.,none,none,general,CENTRAL,NONE,vietnamese_synthetic,self-created,True,no_pii,train
FINAL_000469,SAFE_0004,"Con dat xe cho chu roi, tai xe se den trong 10 phut.",SAFE,NONE,LOW,Nội dung bình thường hoặc không có yêu cầu nguy hiểm.,,Không cần cảnh báo. Có thể tiếp tục trò chuyện bình thường.,none,none,general,NORTH,NO_DIACRITICS,vietnamese_synthetic,self-created,True,no_pii,train
FINAL_000302,SELF_SAFE_0001,"Tin nhắn từ người thân báo đã chuyển tiền mua thuốc cho bác và hẹn chiều ghé qua. Người gửi dùng số điện thoại quen thuộc, không yêu cầu bác gửi lại thông tin ngân hàng hay OTP. Nội dung mang tính thông báo sinh hoạt.",SAFE,NONE,LOW,"Có nhắc đến chuyển tiền nhưng ngữ cảnh an toàn, không yêu cầu người dùng chuyển ngược hoặc cung cấp mã.",đã chuyển tiền mua thuốc; không yêu cầu OTP,"Không cần cảnh báo mạnh. Có thể tiếp tục trò chuyện bình thường, nhưng vẫn nhắc người dùng không chia sẻ OTP nếu cần.",none,none,general,CENTRAL,NONE,self_created_long_context_hard_negative,self-created,True,no_pii,train
FINAL_000499,SELF_PHISHING_LINK_0011,"Một bài cảnh báo trên mạng xã hội tóm tắt sự việc: người lạ nói tài khoản mạng xã hội của má bị báo cáo vi phạm nên phải xác minh. Nội dung sau đó chuyển sang yêu cầu bảo má nhập số điện thoại, căn cước và mã xác nhận trên trang lạ. Nội dung trình bày có logo giống tổ chức thật nên dễ gây nhầm lẫn. Bài viết khuyên người đọc nên xác minh với người thân trước khi làm theo.",SCAM,PHISHING_LINK,HIGH,Dụ bấm link lạ để đăng nhập/cập nhật thông tin và đánh cắp dữ liệu.,<LINK>; bấm link; cập nhật thông tin; đăng nhập,Không bấm link lạ. Mở ứng dụng chính thức hoặc gõ trực tiếp địa chỉ website chính thức.,technical_confusion; urgency; false_promise,credential_theft; privacy_leak; malware_install,elderly,SOUTH,NONE,self_created_long_context_based_on_public_warning_taxonomy,self-created,True,no_pii,test
FINAL_001312,EMERGENCY_MONEY_0030,"Cô/chú cứ bình tĩnh, bên cháu hỗ trợ nhanh thôi. Chú đừng hỏi nhiều, con cần tiền xử lý việc khẩn cấp, chuyển ngay giúp con. Làm ngay để tránh bị khóa dịch vụ.",SCAM,EMERGENCY_MONEY,HIGH,"Giả danh người thân, tạo tình huống khẩn cấp và yêu cầu chuyển tiền.",cấp cứu; chuyển gấp; đừng gọi lại; khẩn cấp,Không chuyển tiền vội. Gọi trực tiếp cho người thân qua số quen thuộc để xác minh.,urgency; trust_abuse; secrecy,financial_loss,elderly,NORTH,LONG_CONTEXT,vietnamese_synthetic,self-created,True,no_pii,train
FINAL_001065,EMERGENCY_MONEY_0290,"Chu dung hoi nhieu, con can tien xu ly viec khan cap, chuyen ngai giup con Làm ngay giúp bên cháu.",SCAM,EMERGENCY_MONEY,HIGH,"Giả danh người thân, tạo tình huống khẩn cấp và yêu cầu chuyển tiền.",cấp cứu; chuyển gấp; đừng gọi lại; khẩn cấp,Không chuyển tiền vội. Gọi trực tiếp cho người thân qua số quen thuộc để xác minh.,urgency; trust_abuse; secrecy,financial_loss,elderly,STANDARD,TYPO,vietnamese_synthetic,self-created,True,no_pii,train
FINAL_000578,SAFE_0304,Con đã chuyển tiền mua thuốc cho mẹ rồi Mã tham chiếu 904.,SAFE,NONE,LOW,Nội dung bình thường hoặc không có yêu cầu nguy hiểm.,,Không cần cảnh báo. Có thể tiếp tục trò chuyện bình thường.,none,none,general,NORTH,NONE,vietnamese_synthetic,self-created,True,no_pii,test
FINAL_000446,SAFE_0012,Con gửi link bài báo này cho chú đọc thử.,SAFE,NONE,LOW,Nội dung bình thường hoặc không có yêu cầu nguy hiểm.,,Không cần cảnh báo. Có thể tiếp tục trò chuyện bình thường.,none,none,general,NORTH,NONE,vietnamese_synthetic,self-created,True,no_pii,train
FINAL_000963,SUSPICIOUS_0160,Bác gửi thông tin để bên em cập nhật hồ sơ Mã tham chiếu 1160.,SUSPICIOUS,UNKNOWN,MEDIUM,Nội dung có yêu cầu xác minh hoặc cung cấp thông tin nhưng chưa đủ bằng chứng kết luận lừa đảo.,xác minh; thông tin cá nhân; đường dẫn; phản hồi sớm,Cần kiểm tra nguồn gửi. Không cung cấp thông tin nhạy cảm nếu chưa xác minh.,uncertainty; possible_social_engineering,privacy_leak,general,NORTH,NONE,vietnamese_synthetic,self-created,True,no_pii,train
FINAL_000006,SELF_LOAN_SCAM_0002,"Một bài cảnh báo trên mạng xã hội tóm tắt sự việc: người lạ gửi hợp đồng vay có dấu đỏ giả và hứa giải ngân trong ngày. Nội dung sau đó chuyển sang yêu cầu bảo bác gửi ảnh căn cước, sổ hộ khẩu và số tài khoản. Khi bác muốn dừng, họ dọa đưa hồ sơ lên hệ thống nợ xấu. Bài viết khuyên người đọc nên verify với người thân trước khi làm theo.",SCAM,LOAN_SCAM,HIGH,"Lừa vay tiền nhanh, yêu cầu phí trước hoặc thu thập giấy tờ cá nhân.",duyệt vay; phí hồ sơ; phí bảo hiểm; giải ngân; CCCD,Không gửi giấy tờ cá nhân hoặc đóng phí trước cho dịch vụ vay không rõ nguồn.,financial_pressure; urgency; false_promise,financial_loss; identity_theft,elderly,CENTRAL,CODE_SWITCHING,self_created_long_context_based_on_public_warning_taxonomy,self-created,True,no_pii,valid
FINAL_001338,SELF_SUSPICIOUS_0047,"Tin nhắn báo chú có giao dịch cần xác nhận và yêu cầu phản hồi sớm. Nội dung không có logo chính thức, không nói rõ ngân hàng nào và có kèm một đường dẫn rút gọn. Trường hợp này chưa chắc là lừa đảo nhưng không nên bấm link ngay.",SUSPICIOUS,UNKNOWN,MEDIUM,Có yêu cầu xác minh/cung cấp thông tin nhưng chưa đủ dữ kiện kết luận lừa đảo.,xác minh; thông tin cá nhân; trong hôm nay,Cần kiểm tra nguồn gửi. Không cung cấp thông tin nhạy cảm nếu chưa xác minh.,uncertainty; possible_social_engineering,privacy_leak,general,NORTH,NONE,self_created_long_context_based_on_public_warning_taxonomy,self-created,True,no_pii,train
FINAL_000746,INVESTMENT_0344,"Co hoi sinh loi bao dam, chu chi can chuyen tien la co chuyen gia ho tro.",SCAM,INVESTMENT,HIGH,Hứa lợi nhuận cao bất thường và yêu cầu nạp/chuyển tiền.,lãi 30%; lợi nhuận cao; nạp tiền; chuyển tiền,Không chuyển tiền vào kênh đầu tư không rõ pháp lý. Hỏi người thân hoặc chuyên gia tài chính.,greed; false_promise,financial_loss,elderly,SOUTH,NO_DIACRITICS,vietnamese_synthetic,self-created,True,no_pii,train
FINAL_000197,SELF_SUSPICIOUS_0060,"Một người nhắn cho chú nói hồ sơ t.khoản cần xác minh lại trong hôm nay. Họ chưa yêu cầu OT P hay gửi khoản tiền, nhưng đề nghị chú chuẩn bị số căn cước và thông tin N.H. Nội dung thiếu tên đơn vị rõ ràng nên cần kiểm tra lại nguồn gửi.",SUSPICIOUS,UNKNOWN,MEDIUM,Có yêu cầu xác minh/cung cấp thông tin nhưng chưa đủ dữ kiện kết luận lừa đảo.,xác minh; thông tin cá nhân; trong hôm nay,Cần kiểm tra nguồn gửi. Không cung cấp thông tin nhạy cảm nếu chưa xác minh.,uncertainty; possible_social_engineering,privacy_leak,general,NORTH,OBFUSCATION,self_created_long_context_based_on_public_warning_taxonomy,self-created,True,no_pii,test
FINAL_000505,SELF_JOB_SCAM_0010,"Doan tin nhan bat dau bang loi hoi tham suc khoe cua me, sau do nguoi gui moi me lam cong tac vien online tai nha, moi ngay nhan tien ngay. Trong cac tin tiep theo, ho bao me chuyen tien mua don hang ao roi se hoan lai ca goc lan thuong. Quan ly nhom lien tuc nhac me lam nhanh de khong mat suat.",SCAM,JOB_SCAM,MEDIUM,"Lừa tuyển cộng tác viên/việc nhẹ lương cao, yêu cầu nạp tiền hoặc làm nhiệm vụ.",việc nhẹ lương cao; nạp tiền; nhiệm vụ; hoàn tiền,Không đóng phí để nhận việc. Kiểm tra thông tin công ty và hợp đồng rõ ràng.,financial_pressure; false_promise; gamification,financial_loss,elderly,CENTRAL,NO_DIACRITICS,self_created_long_context_based_on_public_warning_taxonomy,self-created,True,no_pii,train
FINAL_000234,SUSPICIOUS_0050,Bên em cần cô xác nhận giao dịch này ngay hôm nay giúp bên em nhé.,SUSPICIOUS,UNKNOWN,MEDIUM,Nội dung có yêu cầu xác minh hoặc cung cấp thông tin nhưng chưa đủ bằng chứng kết luận lừa đảo.,xác minh; thông tin cá nhân; đường dẫn; phản hồi sớm,Cần kiểm tra nguồn gửi. Không cung cấp thông tin nhạy cảm nếu chưa xác minh.,uncertainty; possible_social_engineering,privacy_leak,general,NORTH,NONE,vietnamese_synthetic,self-created,True,no_pii,train
FINAL_000239,PHISHING_LINK_0212,"Don hang cua bac gap loi, bam vao <LINK> de cap nhat thong tin nhan hang.",SCAM,PHISHING_LINK,HIGH,Dụ người dùng bấm link lạ để đánh cắp thông tin.,<LINK>; bấm link; đăng nhập,Không bấm link lạ. Chỉ truy cập website hoặc ứng dụng chính thức.,technical_confusion; urgency,credential_theft; malware_install,elderly,STANDARD,NO_DIACRITICS,vietnamese_synthetic,self-created,True,no_pii,train
FINAL_001319,SUSPICIOUS_0034,Mệ bấm vào đường dẫn này để xem chi tiết chương trình.,SUSPICIOUS,UNKNOWN,MEDIUM,Nội dung có yêu cầu xác minh hoặc cung cấp thông tin nhưng chưa đủ bằng chứng kết luận lừa đảo.,xác minh; thông tin cá nhân; đường dẫn; phản hồi sớm,Cần kiểm tra nguồn gửi. Không cung cấp thông tin nhạy cảm nếu chưa xác minh.,uncertainty; possible_social_engineering,privacy_leak,general,CENTRAL,NONE,vietnamese_synthetic,self-created,True,no_pii,train
FINAL_000982,SELF_OTP_BANK_0005,"O kể lại rằng có người gọi điện trong lúc ở nhà một mình. Người này gửi tn giống brandname NH, yêu cầu cập nhật hồ sơ trong ngày, nói chuyện rất tự tin và dùng nhiều từ ngữ giống cơ quan chính thức. Tiếp theo họ bảo o cung cấp dãy 6 số trong tn để mở lại tk. Nếu ko làm ngay, họ dọa tk sẽ bị khóa và ko rút được tiền.",SCAM,OTP_BANK,HIGH,Yêu cầu cung cấp OTP/mã xác nhận hoặc thông tin ngân hàng cho người lạ.,mã OTP; mã xác nhận; tài khoản ngân hàng; xác minh ngay,"Không cung cấp OTP, mật khẩu hoặc mã xác nhận. Gọi trực tiếp tổng đài chính thức của ngân hàng.",urgency; technical_confusion; authority_impersonation,credential_theft; financial_loss,elderly,CENTRAL,ABBREVIATION,self_created_long_context_based_on_public_warning_taxonomy,self-created,True,no_pii,train
FINAL_000071,SAFE_0045,Con gui link bai bao nay cho co doc thu.,SAFE,NONE,LOW,Nội dung bình thường hoặc không có yêu cầu nguy hiểm.,,Không cần cảnh báo. Có thể tiếp tục trò chuyện bình thường.,none,none,general,SOUTH,TYPO,vietnamese_synthetic,self-created,True,no_pii,train
FINAL_001147,SAFE_0260,"Ngân hàng thông báo bảo trì hệ thống vào tối nay, không yêu cầu cung cấp thông tin Mã tham chiếu 860.",SAFE,NONE,LOW,Nội dung bình thường hoặc không có yêu cầu nguy hiểm.,,Không cần cảnh báo. Có thể tiếp tục trò chuyện bình thường.,none,none,general,SOUTH,NONE,vietnamese_synthetic,self-created,True,no_pii,valid
FINAL_001113,SAFE_0057,"Hôm nay trời mưa, o nhớ mang áo mưa.",SAFE,NONE,LOW,Nội dung bình thường hoặc không có yêu cầu nguy hiểm.,,Không cần cảnh báo. Có thể tiếp tục trò chuyện bình thường.,none,none,general,CENTRAL,NONE,vietnamese_synthetic,self-created,True,no_pii,test
FINAL_000061,SAFE_0041,Mai con về nhà ăn cơm với ba mẹ nha.,SAFE,NONE,LOW,Nội dung bình thường hoặc không có yêu cầu nguy hiểm.,,Không cần cảnh báo. Có thể tiếp tục trò chuyện bình thường.,none,none,general,STANDARD,NONE,vietnamese_synthetic,self-created,True,no_pii,test
FINAL_000748,OTP_BANK_0015,Bác đọc giúp cháu dãy 6 số vừa gửi về điện thoại để hoàn tất xác minh.,SCAM,OTP_BANK,HIGH,Yêu cầu cung cấp OTP hoặc mã xác nhận ngân hàng.,mã OTP; mã xác nhận; dãy 6 số,Không cung cấp OTP hoặc mã xác nhận. Gọi trực tiếp ngân hàng để kiểm tra.,urgency; technical_confusion,credential_theft,elderly,NORTH,NONE,vietnamese_synthetic,self-created,True,no_pii,train
FINAL_000255,EMERGENCY_MONEY_0217,"Me oi con dang cap cuu, chuyen gap cho con 5 trieu, dung goi lai Xử lý trong hôm nay giúp cháu.",SCAM,EMERGENCY_MONEY,HIGH,"Giả danh người thân, tạo tình huống khẩn cấp và yêu cầu chuyển tiền.",cấp cứu; chuyển gấp; đừng gọi lại; khẩn cấp,Không chuyển tiền vội. Gọi trực tiếp cho người thân qua số quen thuộc để xác minh.,urgency; trust_abuse; secrecy,financial_loss,elderly,SOUTH,NO_DIACRITICS,vietnamese_synthetic,self-created,True,no_pii,train
FINAL_001358,JOB_SCAM_0308,"Ba nhận job online, hoàn thành đơn đầu tiên sẽ được hoàn tiền và thưởng.",SCAM,JOB_SCAM,MEDIUM,"Lừa việc làm online, yêu cầu đóng phí hoặc nạp tiền trước.",nạp trước; đóng phí; kích hoạt tài khoản,Không đóng phí để nhận việc. Kiểm tra công ty và hợp đồng rõ ràng.,financial_pressure; false_promise,financial_loss,elderly,SOUTH,NONE,vietnamese_synthetic,self-created,True,no_pii,train
FINAL_000812,SAFE_0306,"Ngan hang thong bao bao tri he thong vao toi nay, khong yeu cau cung cap thong tin chiều nay cũng được nha.",SAFE,NONE,LOW,Nội dung bình thường hoặc không có yêu cầu nguy hiểm.,,Không cần cảnh báo. Có thể tiếp tục trò chuyện bình thường.,none,none,general,STANDARD,TYPO,vietnamese_synthetic,self-created,True,no_pii,train
FINAL_000113,JOB_SCAM_0438,"Bên em tuyển cộng tác viên tại nhà, cần chuyển tiền kích hoạt tài khoản Không nên chia sẻ việc này với ai.",SCAM,JOB_SCAM,MEDIUM,"Lừa việc làm online, yêu cầu đóng phí hoặc nạp tiền trước.",nạp trước; đóng phí; kích hoạt tài khoản,Không đóng phí để nhận việc. Kiểm tra công ty và hợp đồng rõ ràng.,financial_pressure; false_promise,financial_loss,elderly,NORTH,NONE,vietnamese_synthetic,self-created,True,no_pii,test
FINAL_001546,EMERGENCY_MONEY_0482,"Cô/chú cứ bình tĩnh, bên cháu hỗ trợ nhanh thôi. Bác đừng hỏi nhiều, con cần tiền xử lý việc khẩn cấp, chuyển ngay giúp con. Làm ngay để tránh bị khóa dịch vụ.",SCAM,EMERGENCY_MONEY,HIGH,"Giả danh người thân, tạo tình huống khẩn cấp và yêu cầu chuyển tiền.",cấp cứu; chuyển gấp; đừng gọi lại; khẩn cấp,Không chuyển tiền vội. Gọi trực tiếp cho người thân qua số quen thuộc để xác minh.,urgency; trust_abuse; secrecy,financial_loss,elderly,STANDARD,LONG_CONTEXT,vietnamese_synthetic,self-created,True,no_pii,train
FINAL_001394,SELF_PRIZE_GIFT_0006,"Đoạn tin nhắn bắt đầu bằng lời hỏi thăm sức khỏe của bác, sau đó người gửi nói bác trúng quà tri ân vì là khách hàng may mắn. Trong các tin tiếp theo, họ yêu cầu bác chuyển phí vận chuyển vào <BANK_ACCOUNT>. Họ dặn bác chuyển phí nhỏ trước để nhận món quà lớn.",SCAM,PRIZE_GIFT,HIGH,Lấy lý do trúng thưởng/nhận quà để yêu cầu đóng phí hoặc cung cấp thông tin.,trúng thưởng; nhận quà; phí vận chuyển; thông tin cá nhân,Không chuyển phí nhận thưởng. Kiểm tra chương trình trên kênh chính thức.,greed; false_promise; urgency,financial_loss; privacy_leak,elderly,CENTRAL,NONE,self_created_long_context_based_on_public_warning_taxonomy,self-created,True,no_pii,train
FINAL_001506,SELF_DEEPFAKE_CALL_0015,"O kể lại rằng có người gọi điện trong lúc ở nhà một mình. Người này cuộc gọi video hiện khuôn mặt giống cháu của o nhưng hình ảnh bị giật và rất mờ, nói chuyện rất tự tin và dùng nhiều từ ngữ giống cơ quan chính thức. Tiếp theo họ đề nghị o gửi mã xác nhận để lấy lại tk cho người thân. Khi o hỏi thêm, người kia né tránh và chỉ thúc ck.",SCAM,DEEPFAKE_CALL,HIGH,Dùng cuộc gọi video/giọng nói giống người quen để yêu cầu tiền hoặc thông tin.,video mờ; giọng giống người thân; chuyển gấp; không gọi lại,Gọi lại bằng số quen thuộc hoặc hỏi câu riêng tư để xác minh. Không chuyển tiền trong lúc cuộc gọi chưa rõ.,trust_abuse; urgency; technical_deception,financial_loss,elderly,CENTRAL,ABBREVIATION,self_created_long_context_based_on_public_warning_taxonomy,self-created,True,no_pii,valid
FINAL_000229,FAKE_POLICE_0143,"Chú không được nói với ai, hãy chuyển tiền vào tài khoản tạm giữ để phục vụ xác minh Làm ngay giúp bên cháu.",SCAM,FAKE_POLICE,HIGH,"Giả danh cơ quan chức năng, đe dọa và yêu cầu chuyển tiền.",công an; viện kiểm sát; vụ án; chuyển tiền,Không chuyển tiền. Gọi người thân hoặc cơ quan công an địa phương để xác minh.,authority_impersonation; fear; secrecy,financial_loss,elderly,NORTH,NONE,vietnamese_synthetic,self-created,True,no_pii,train
FINAL_000366,OTP_BANK_0261,Bác gửi mã OTP vừa nhận được để ngân hàng xác minh tài khoản ngay nhé.,SCAM,OTP_BANK,HIGH,Yêu cầu cung cấp OTP hoặc mã xác nhận ngân hàng.,mã OTP; mã xác nhận; dãy 6 số,Không cung cấp OTP hoặc mã xác nhận. Gọi trực tiếp ngân hàng để kiểm tra.,urgency; technical_confusion,credential_theft,elderly,CENTRAL,NONE,vietnamese_synthetic,self-created,True,no_pii,train
FINAL_001383,SUSPICIOUS_0142,Bac bam vao duong dan nay de xem chi tiet chuong trinh giúp bên em nhé.,SUSPICIOUS,UNKNOWN,MEDIUM,Nội dung có yêu cầu xác minh hoặc cung cấp thông tin nhưng chưa đủ bằng chứng kết luận lừa đảo.,xác minh; thông tin cá nhân; đường dẫn; phản hồi sớm,Cần kiểm tra nguồn gửi. Không cung cấp thông tin nhạy cảm nếu chưa xác minh.,uncertainty; possible_social_engineering,privacy_leak,general,NORTH,NO_DIACRITICS,vietnamese_synthetic,self-created,True,no_pii,train
FINAL_000405,SAFE_0193,Chú kiểm tra giúp con lịch hẹn khám bệnh ngày mai nhé ạ.,SAFE,NONE,LOW,Nội dung bình thường hoặc không có yêu cầu nguy hiểm.,,Không cần cảnh báo. Có thể tiếp tục trò chuyện bình thường.,none,none,general,NORTH,NONE,vietnamese_synthetic,self-created,True,no_pii,test
FINAL_000636,FAKE_POLICE_0020,"Co khong duoc noi voi ai, hay chuyen tien vao tai khoan tam giu de phuc vu xac minh.",SCAM,FAKE_POLICE,HIGH,"Giả danh cơ quan chức năng, đe dọa và yêu cầu chuyển tiền.",công an; viện kiểm sát; vụ án; chuyển tiền,Không chuyển tiền. Gọi người thân hoặc cơ quan công an địa phương để xác minh.,authority_impersonation; fear; secrecy,financial_loss,elderly,STANDARD,TYPO,vietnamese_synthetic,self-created,True,no_pii,train
FINAL_001202,LOAN_SCAM_0170,Ma muon vay nhanh khong can gap mat thi gui CCCD va phi ho so truoc.,SCAM,LOAN_SCAM,HIGH,"Lừa vay tiền, yêu cầu đóng phí trước hoặc gửi giấy tờ cá nhân.",đóng phí; giải ngân; gửi CCCD; phí hồ sơ,Không gửi giấy tờ cá nhân hoặc đóng phí trước cho dịch vụ vay không rõ nguồn.,financial_pressure; urgency,financial_loss; identity_theft,elderly,SOUTH,NO_DIACRITICS,vietnamese_synthetic,self-created,True,no_pii,train
FINAL_001404,SELF_SUSPICIOUS_0044,"Có người mời cô tham gia chương trình nhận quà tri ân, nói sẽ gọi lại để hướng dẫn. Họ chưa yêu cầu đóng phí, nhưng hỏi tuổi, địa chỉ và số điện thoại người thân. Đây là tình huống nghi ngờ vì thu thập thông tin cá nhân.",SUSPICIOUS,UNKNOWN,MEDIUM,Có yêu cầu xác minh/cung cấp thông tin nhưng chưa đủ dữ kiện kết luận lừa đảo.,xác minh; thông tin cá nhân; trong hôm nay,Cần kiểm tra nguồn gửi. Không cung cấp thông tin nhạy cảm nếu chưa xác minh.,uncertainty; possible_social_engineering,privacy_leak,general,SOUTH,NONE,self_created_long_context_based_on_public_warning_taxonomy,self-created,True,no_pii,train
FINAL_000877,SAFE_0397,"Ngan hang thong bao bao tri he thong vao toi nay, khong yeu cau cung cap thong tin Mã tham chiếu 997.",SAFE,NONE,LOW,Nội dung bình thường hoặc không có yêu cầu nguy hiểm.,,Không cần cảnh báo. Có thể tiếp tục trò chuyện bình thường.,none,none,general,CENTRAL,NO_DIACRITICS,vietnamese_synthetic,self-created,True,no_pii,valid
FINAL_001016,PHISHING_LINK_0483,Má mở đường dẫn <LINK> để xác minh t.khoản trước khi bị khóa.,SCAM,PHISHING_LINK,HIGH,Dụ người dùng bấm link lạ để đánh cắp thông tin.,<LINK>; bấm link; đăng nhập,Không bấm link lạ. Chỉ truy cập website hoặc ứng dụng chính thức.,technical_confusion; urgency,credential_theft; malware_install,elderly,SOUTH,OBFUSCATION,vietnamese_synthetic,self-created,True,no_pii,valid
FINAL_000550,LOAN_SCAM_0295,"Hồ sơ vay của bác đã được chấp nhận, chuyển phí xm để nhận tiền.",SCAM,LOAN_SCAM,HIGH,"Lừa vay tiền, yêu cầu đóng phí trước hoặc gửi giấy tờ cá nhân.",đóng phí; giải ngân; gửi CCCD; phí hồ sơ,Không gửi giấy tờ cá nhân hoặc đóng phí trước cho dịch vụ vay không rõ nguồn.,financial_pressure; urgency,financial_loss; identity_theft,elderly,STANDARD,ABBREVIATION,vietnamese_synthetic,self-created,True,no_pii,test
FINAL_000425,PHISHING_LINK_0420,Vui lòng truy cập <LINK> để nhận hỗ trợ hoàn tiền Đây là yêu cầu khẩn cấp.,SCAM,PHISHING_LINK,HIGH,Dụ người dùng bấm link lạ để đánh cắp thông tin.,<LINK>; bấm link; đăng nhập,Không bấm link lạ. Chỉ truy cập website hoặc ứng dụng chính thức.,technical_confusion; urgency,credential_theft; malware_install,elderly,SOUTH,NONE,vietnamese_synthetic,self-created,True,no_pii,train
FINAL_001270,SUSPICIOUS_0134,Cô xác minh tài khoản giúp bên em trong hôm nay nhé trong hôm nay giúp em.,SUSPICIOUS,UNKNOWN,MEDIUM,Nội dung có yêu cầu xác minh hoặc cung cấp thông tin nhưng chưa đủ bằng chứng kết luận lừa đảo.,xác minh; thông tin cá nhân; đường dẫn; phản hồi sớm,Cần kiểm tra nguồn gửi. Không cung cấp thông tin nhạy cảm nếu chưa xác minh.,uncertainty; possible_social_engineering,privacy_leak,general,SOUTH,NONE,vietnamese_synthetic,self-created,True,no_pii,test
FINAL_001551,INVESTMENT_0358,"Bac tham gia nhom dau tu noi bo, loi nhuan chac chan khong rui ro Làm ngay giúp bên cháu.",SCAM,INVESTMENT,HIGH,Hứa lợi nhuận cao bất thường và yêu cầu nạp/chuyển tiền.,lãi 30%; lợi nhuận cao; nạp tiền; chuyển tiền,Không chuyển tiền vào kênh đầu tư không rõ pháp lý. Hỏi người thân hoặc chuyên gia tài chính.,greed; false_promise,financial_loss,elderly,NORTH,NO_DIACRITICS,vietnamese_synthetic,self-created,True,no_pii,train
FINAL_000275,SAFE_0030,"Cô ơi, tối nay cả nhà gọi video nhé.",SAFE,NONE,LOW,Nội dung bình thường hoặc không có yêu cầu nguy hiểm.,,Không cần cảnh báo. Có thể tiếp tục trò chuyện bình thường.,none,none,general,STANDARD,NONE,vietnamese_synthetic,self-created,True,no_pii,train
FINAL_000753,SAFE_0247,"Con đặt xe cho cô rồi, tài xế sẽ đến trong 10 phút cho con biết nhé.",SAFE,NONE,LOW,Nội dung bình thường hoặc không có yêu cầu nguy hiểm.,,Không cần cảnh báo. Có thể tiếp tục trò chuyện bình thường.,none,none,general,NORTH,NONE,vietnamese_synthetic,self-created,True,no_pii,train
FINAL_001575,SUSPICIOUS_0064,"Tài khoản của bác có dấu hiệu bất thường, vui lòng phản hồi sớm trong hôm nay giúp em.",SUSPICIOUS,UNKNOWN,MEDIUM,Nội dung có yêu cầu xác minh hoặc cung cấp thông tin nhưng chưa đủ bằng chứng kết luận lừa đảo.,xác minh; thông tin cá nhân; đường dẫn; phản hồi sớm,Cần kiểm tra nguồn gửi. Không cung cấp thông tin nhạy cảm nếu chưa xác minh.,uncertainty; possible_social_engineering,privacy_leak,general,NORTH,ABBREVIATION,vietnamese_synthetic,self-created,True,no_pii,train
FINAL_000608,SAFE_0294,Con gửi link bài báo này cho chú đọc thử khi nào rảnh nha.,SAFE,NONE,LOW,Nội dung bình thường hoặc không có yêu cầu nguy hiểm.,,Không cần cảnh báo. Có thể tiếp tục trò chuyện bình thường.,none,none,general,NORTH,NONE,vietnamese_synthetic,self-created,True,no_pii,train
FINAL_000110,SAFE_0270,"Bác ơi, tối nay cả nhà gọi video nhé để con yên tâm nha.",SAFE,NONE,LOW,Nội dung bình thường hoặc không có yêu cầu nguy hiểm.,,Không cần cảnh báo. Có thể tiếp tục trò chuyện bình thường.,none,none,general,CENTRAL,NONE,vietnamese_synthetic,self-created,True,no_pii,valid
FINAL_001055,SELF_TRAVEL_COMBO_0008,"Đoạn tn bắt đầu bằng lời hỏi thăm sức khỏe của bác, sau đó người gửi người tư vấn nói khách sạn đang khuyến mãi nội bộ nên ko công khai lâu. Trong các tin tiếp theo, họ gửi stk cá nhân và hối bác chụp biên lai. Họ nhấn mạnh nếu chậm vài phút sẽ mất suất khuyến mãi.",SCAM,TRAVEL_COMBO,MEDIUM,"Rao combo du lịch/khách sạn giá rẻ bất thường, yêu cầu đặt cọc nhanh.",combo giá rẻ; đặt cọc; giữ chỗ; chuyển khoản,"Không đặt cọc qua tài khoản cá nhân. Kiểm tra fanpage, website, giấy phép và đánh giá thật.",false_promise; scarcity; urgency,financial_loss,elderly,CENTRAL,ABBREVIATION,self_created_long_context_based_on_public_warning_taxonomy,self-created,True,no_pii,valid
FINAL_001395,SAFE_0340,"Con đặt xe cho chú rồi, tài xế sẽ đến trong 10 phút cho con biết nhé.",SAFE,NONE,LOW,Nội dung bình thường hoặc không có yêu cầu nguy hiểm.,,Không cần cảnh báo. Có thể tiếp tục trò chuyện bình thường.,none,none,general,NORTH,NONE,vietnamese_synthetic,self-created,True,no_pii,train
FINAL_000388,SAFE_0069,Con gửi link bài báo này cho cô đọc thử nhé.,SAFE,NONE,LOW,Nội dung bình thường hoặc không có yêu cầu nguy hiểm.,,Không cần cảnh báo. Có thể tiếp tục trò chuyện bình thường.,none,none,general,STANDARD,NONE,vietnamese_synthetic,self-created,True,no_pii,train
FINAL_000051,SAFE_0375,"Ngân hàng thông báo bảo trì hệ thống vào tối nay, không yêu cầu cung cấp thông tin Mã tham chiếu 975.",SAFE,NONE,LOW,Nội dung bình thường hoặc không có yêu cầu nguy hiểm.,,Không cần cảnh báo. Có thể tiếp tục trò chuyện bình thường.,none,none,general,CENTRAL,NONE,vietnamese_synthetic,self-created,True,no_pii,train
FINAL_000320,SAFE_0098,Mai con về nhà ăn cơm với ba mẹ cho con biết nhé.,SAFE,NONE,LOW,Nội dung bình thường hoặc không có yêu cầu nguy hiểm.,,Không cần cảnh báo. Có thể tiếp tục trò chuyện bình thường.,none,none,general,SOUTH,NONE,vietnamese_synthetic,self-created,True,no_pii,train
FINAL_000281,SUSPICIOUS_0104,Bên em cần cô xác nhận giao dịch này ngay hôm nay để bên em kiểm tra lại.,SUSPICIOUS,UNKNOWN,MEDIUM,Nội dung có yêu cầu xác minh hoặc cung cấp thông tin nhưng chưa đủ bằng chứng kết luận lừa đảo.,xác minh; thông tin cá nhân; đường dẫn; phản hồi sớm,Cần kiểm tra nguồn gửi. Không cung cấp thông tin nhạy cảm nếu chưa xác minh.,uncertainty; possible_social_engineering,privacy_leak,general,SOUTH,NONE,vietnamese_synthetic,self-created,True,no_pii,train
FINAL_000022,SAFE_0331,Chú nhớ uống thuốc đúng giờ nha khi nào rảnh nha.,SAFE,NONE,LOW,Nội dung bình thường hoặc không có yêu cầu nguy hiểm.,,Không cần cảnh báo. Có thể tiếp tục trò chuyện bình thường.,none,none,general,SOUTH,NONE,vietnamese_synthetic,self-created,True,no_pii,train
FINAL_000261,SAFE_0044,"Chú ơi, tối nay cả nhà gọi video nhé nha.",SAFE,NONE,LOW,Nội dung bình thường hoặc không có yêu cầu nguy hiểm.,,Không cần cảnh báo. Có thể tiếp tục trò chuyện bình thường.,none,none,general,STANDARD,ABBREVIATION,vietnamese_synthetic,self-created,True,no_pii,train
FINAL_001618,PRIZE_GIFT_0131,"Bác được chọn nhận phần thưởng 20 triệu, vui lòng đóng phí hồ sơ trước.",SCAM,PRIZE_GIFT,HIGH,Dùng quà tặng hoặc trúng thưởng để dụ cung cấp thông tin hoặc chuyển phí.,trúng thưởng; nhận quà; đóng phí; chuyển phí,Không chuyển phí hoặc cung cấp thông tin cá nhân để nhận quà không rõ nguồn.,greed; urgency,financial_loss; privacy_leak,elderly,NORTH,NONE,vietnamese_synthetic,self-created,True,no_pii,valid
FINAL_000021,SAFE_0042,Cô kiểm tra giúp con lịch hẹn khám bệnh ngày mai nhé nha.,SAFE,NONE,LOW,Nội dung bình thường hoặc không có yêu cầu nguy hiểm.,,Không cần cảnh báo. Có thể tiếp tục trò chuyện bình thường.,none,none,general,STANDARD,NONE,vietnamese_synthetic,self-created,True,no_pii,train
FINAL_001166,SELF_DEEPFAKE_CALL_0005,"Cô kể lại rằng có người gọi điện trong lúc ở nhà một mình. Người này cuộc gọi video hiện khuôn mặt giống cháu của cô nhưng hình ảnh bị giật và rất mờ, nói chuyện rất tự tin và dùng nhiều từ ngữ giống cơ quan chính thức. Tiếp theo họ xin cô chuyển gấp tiền vào <BANK_ACCOUNT> để xử lý tai nạn. Họ dùng hình ảnh/giọng nói giống người quen để đánh vào niềm tin.",SCAM,DEEPFAKE_CALL,HIGH,Dùng cuộc gọi video/giọng nói giống người quen để yêu cầu tiền hoặc thông tin.,video mờ; giọng giống người thân; chuyển gấp; không gọi lại,Gọi lại bằng số quen thuộc hoặc hỏi câu riêng tư để xác minh. Không chuyển tiền trong lúc cuộc gọi chưa rõ.,trust_abuse; urgency; technical_deception,financial_loss,elderly,SOUTH,NONE,self_created_long_context_based_on_public_warning_taxonomy,self-created,True,no_pii,test
FINAL_000434,SAFE_0266,"Chú ơi, tối nay cả nhà gọi video nhé cho con biết nhé.",SAFE,NONE,LOW,Nội dung bình thường hoặc không có yêu cầu nguy hiểm.,,Không cần cảnh báo. Có thể tiếp tục trò chuyện bình thường.,none,none,general,NORTH,NONE,vietnamese_synthetic,self-created,True,no_pii,train
FINAL_000090,SAFE_0074,Bac kiem tra giup con lich hen kham benh ngai mai nhe.,SAFE,NONE,LOW,Nội dung bình thường hoặc không có yêu cầu nguy hiểm.,,Không cần cảnh báo. Có thể tiếp tục trò chuyện bình thường.,none,none,general,CENTRAL,TYPO,vietnamese_synthetic,self-created,True,no_pii,test
FINAL_000805,SELF_TRAVEL_COMBO_0011,"Bai chia se mo ta mot truong hop nguoi cao tuoi nhan duoc cuoc goi la: nguoi goi nguoi ban noi con dung hai suat danh cho nguoi cao tuoi di cung gia dinh. Sau do ho de nghi thanh toan toan bo de duoc giam them. Khi hoi hop dong, ho chi gui anh voucher khong co xac nhan chinh thuc. Gia dinh nghi ngo day la tinh huong lua dao vi noi dung tao ap luc va yeu cau hanh dong lien quan den tien hoac thong tin nhay cam.",SCAM,TRAVEL_COMBO,MEDIUM,"Rao combo du lịch/khách sạn giá rẻ bất thường, yêu cầu đặt cọc nhanh.",combo giá rẻ; đặt cọc; giữ chỗ; chuyển khoản,"Không đặt cọc qua tài khoản cá nhân. Kiểm tra fanpage, website, giấy phép và đánh giá thật.",false_promise; scarcity; urgency,financial_loss,elderly,CENTRAL,NO_DIACRITICS,self_created_long_context_based_on_public_warning_taxonomy,self-created,True,no_pii,train
FINAL_001013,EMERGENCY_MONEY_0068,"Cô ơi con bị tai nạn, gửi tiền ngay vào stk này giúp con.",SCAM,EMERGENCY_MONEY,HIGH,"Giả danh người thân, tạo tình huống khẩn cấp và yêu cầu chuyển tiền.",cấp cứu; chuyển gấp; đừng gọi lại; khẩn cấp,Không chuyển tiền vội. Gọi trực tiếp cho người thân qua số quen thuộc để xác minh.,urgency; trust_abuse; secrecy,financial_loss,elderly,SOUTH,ABBREVIATION,vietnamese_synthetic,self-created,True,no_pii,train
FINAL_001561,SUSPICIOUS_0175,Em có cơ hội đầu tư muốn giới thiệu cho mệ để bên em kiểm tra lại.,SUSPICIOUS,UNKNOWN,MEDIUM,Nội dung có yêu cầu xác minh hoặc cung cấp thông tin nhưng chưa đủ bằng chứng kết luận lừa đảo.,xác minh; thông tin cá nhân; đường dẫn; phản hồi sớm,Cần kiểm tra nguồn gửi. Không cung cấp thông tin nhạy cảm nếu chưa xác minh.,uncertainty; possible_social_engineering,privacy_leak,general,CENTRAL,NONE,vietnamese_synthetic,self-created,True,no_pii,train
FINAL_001381,SELF_SUSPICIOUS_0005,"Có người mời chú tham gia chương trình nhận quà tri ân, nói sẽ gọi lại để hướng dẫn. Họ chưa yêu cầu đóng phí, nhưng hỏi tuổi, địa chỉ và số điện thoại người thân. Đây là tình huống nghi ngờ vì thu thập thông tin cá nhân.",SUSPICIOUS,UNKNOWN,MEDIUM,Có yêu cầu xác minh/cung cấp thông tin nhưng chưa đủ dữ kiện kết luận lừa đảo.,xác minh; thông tin cá nhân; trong hôm nay,Cần kiểm tra nguồn gửi. Không cung cấp thông tin nhạy cảm nếu chưa xác minh.,uncertainty; possible_social_engineering,privacy_leak,general,SOUTH,NONE,self_created_long_context_based_on_public_warning_taxonomy,self-created,True,no_pii,train
FINAL_000983,SAFE_0011,Mai con ve nha an com voi ba me.,SAFE,NONE,LOW,Nội dung bình thường hoặc không có yêu cầu nguy hiểm.,,Không cần cảnh báo. Có thể tiếp tục trò chuyện bình thường.,none,none,general,CENTRAL,NO_DIACRITICS,vietnamese_synthetic,self-created,True,no_pii,train
FINAL_000503,SUSPICIOUS_0095,Co xac minh tai khoan giup ben em trong hom nay nhe giúp bên em nhé.,SUSPICIOUS,UNKNOWN,MEDIUM,Nội dung có yêu cầu xác minh hoặc cung cấp thông tin nhưng chưa đủ bằng chứng kết luận lừa đảo.,xác minh; thông tin cá nhân; đường dẫn; phản hồi sớm,Cần kiểm tra nguồn gửi. Không cung cấp thông tin nhạy cảm nếu chưa xác minh.,uncertainty; possible_social_engineering,privacy_leak,general,NORTH,TYPO,vietnamese_synthetic,self-created,True,no_pii,train
FINAL_001177,SELF_PRIZE_GIFT_0016,"Bài chia sẻ mô tả một trường hợp người cao tuổi nhận được cuộc gọi lạ: người gọi gửi ảnh phiếu trúng thưởng xe máy và nói chỉ cần hoàn tất hồ sơ. Sau đó họ bảo cô gửi căn cước, địa chỉ nhà và số account để nhận thưởng. Người nhắn liên tục chúc mừng để tạo cảm giác đã trúng thật. Gia đình nghi ngờ đây là tình huống lừa đảo vì nội dung tạo áp lực và yêu cầu hành động liên quan đến tiền hoặc thông tin nhạy cảm.",SCAM,PRIZE_GIFT,HIGH,Lấy lý do trúng thưởng/nhận quà để yêu cầu đóng phí hoặc cung cấp thông tin.,trúng thưởng; nhận quà; phí vận chuyển; thông tin cá nhân,Không chuyển phí nhận thưởng. Kiểm tra chương trình trên kênh chính thức.,greed; false_promise; urgency,financial_loss; privacy_leak,elderly,SOUTH,CODE_SWITCHING,self_created_long_context_based_on_public_warning_taxonomy,self-created,True,no_pii,valid
FINAL_000111,SUSPICIOUS_0091,Em có cơ hội đầu tư muốn giới thiệu cho mệ giúp bên em nhé.,SUSPICIOUS,UNKNOWN,MEDIUM,Nội dung có yêu cầu xác minh hoặc cung cấp thông tin nhưng chưa đủ bằng chứng kết luận lừa đảo.,xác minh; thông tin cá nhân; đường dẫn; phản hồi sớm,Cần kiểm tra nguồn gửi. Không cung cấp thông tin nhạy cảm nếu chưa xác minh.,uncertainty; possible_social_engineering,privacy_leak,general,CENTRAL,NONE,vietnamese_synthetic,self-created,True,no_pii,test
FINAL_000795,PRIZE_GIFT_0096,"Bên em tặng cô phần quà tri ân, cần cung cấp thông tin cá nhân để nhận.",SCAM,PRIZE_GIFT,HIGH,Dùng quà tặng hoặc trúng thưởng để dụ cung cấp thông tin hoặc chuyển phí.,trúng thưởng; nhận quà; đóng phí; chuyển phí,Không chuyển phí hoặc cung cấp thông tin cá nhân để nhận quà không rõ nguồn.,greed; urgency,financial_loss; privacy_leak,elderly,NORTH,NONE,vietnamese_synthetic,self-created,True,no_pii,train
FINAL_000859,INVESTMENT_0187,"Bac tham gia nhom dau tu noi bo, loi nhuan chac chan khong rui ro.",SCAM,INVESTMENT,HIGH,Hứa lợi nhuận cao bất thường và yêu cầu nạp/chuyển tiền.,lãi 30%; lợi nhuận cao; nạp tiền; chuyển tiền,Không chuyển tiền vào kênh đầu tư không rõ pháp lý. Hỏi người thân hoặc chuyên gia tài chính.,greed; false_promise,financial_loss,elderly,CENTRAL,TYPO,vietnamese_synthetic,self-created,True,no_pii,train
FINAL_000367,SELF_JOB_SCAM_0014,"Chú kể lại rằng có người gọi điện trong lúc ở nhà một mình. Người này giả danh sàn thương mại điện tử tuyển người xử lý đơn hàng, nói chuyện rất tự tin và dùng nhiều từ ngữ giống cơ quan chính thức. Tiếp theo họ yêu cầu chú nạp trước 300 nghìn để nhận nhiệm vụ đầu tiên. Quản lý nhóm liên tục nhắc chú làm nhanh để ko mất suất.",SCAM,JOB_SCAM,MEDIUM,"Lừa tuyển cộng tác viên/việc nhẹ lương cao, yêu cầu nạp tiền hoặc làm nhiệm vụ.",việc nhẹ lương cao; nạp tiền; nhiệm vụ; hoàn tiền,Không đóng phí để nhận việc. Kiểm tra thông tin công ty và hợp đồng rõ ràng.,financial_pressure; false_promise; gamification,financial_loss,elderly,SOUTH,ABBREVIATION,self_created_long_context_based_on_public_warning_taxonomy,self-created,True,no_pii,train
FINAL_000823,SELF_OTP_BANK_0009,"Mot bai canh bao tren mang xa hoi tom tat su viec: nguoi la gui tin nhan giong brandname ngan hang, yeu cau cap nhat ho so trong ngay. Noi dung sau do chuyen sang yeu cau yeu cau o doc ma OTP vua nhan duoc de hoan tat xac minh. Nguoi goi lien tuc nhac o khong tat may vi quy trinh chi con vai phut. Bai viet khuyen nguoi doc nen xac minh voi nguoi than truoc khi lam theo.",SCAM,OTP_BANK,HIGH,Yêu cầu cung cấp OTP/mã xác nhận hoặc thông tin ngân hàng cho người lạ.,mã OTP; mã xác nhận; tài khoản ngân hàng; xác minh ngay,"Không cung cấp OTP, mật khẩu hoặc mã xác nhận. Gọi trực tiếp tổng đài chính thức của ngân hàng.",urgency; technical_confusion; authority_impersonation,credential_theft; financial_loss,elderly,CENTRAL,NO_DIACRITICS,self_created_long_context_based_on_public_warning_taxonomy,self-created,True,no_pii,train
FINAL_000751,SELF_EMERGENCY_MONEY_0003,"Bài chia sẻ mô tả một trường hợp người cao tuổi nhận được cuộc gọi lạ: người gọi nhắn như con/cháu trong nhà, nói điện thoại bị hỏng nên phải dùng số lạ. Sau đó họ xin cô chuyển gấp 5 triệu vào <BANK_ACCOUNT>. Người kia dặn cô đừng gọi số cũ vì máy đang hư và đang ở chỗ đông người. Gia đình nghi ngờ đây là tình huống lừa đảo vì nội dung tạo áp lực và yêu cầu hành động liên quan đến tiền hoặc thông tin nhạy cảm.",SCAM,EMERGENCY_MONEY,HIGH,Giả danh người thân hoặc dùng tình huống khẩn cấp để yêu cầu chuyển tiền.,đang cấp cứu; chuyển gấp; đừng gọi lại; cần tiền ngay,Không chuyển tiền vội. Gọi trực tiếp cho người thân qua số quen thuộc hoặc hỏi người trong gia đình.,trust_abuse; urgency; secrecy; fear,financial_loss,elderly,NORTH,NONE,self_created_long_context_based_on_public_warning_taxonomy,self-created,True,no_pii,train
FINAL_000996,SAFE_0378,Cô kiểm tra giúp con lịch hẹn khám bệnh ngày mai nhé ạ.,SAFE,NONE,LOW,Nội dung bình thường hoặc không có yêu cầu nguy hiểm.,,Không cần cảnh báo. Có thể tiếp tục trò chuyện bình thường.,none,none,general,NORTH,NONE,vietnamese_synthetic,self-created,True,no_pii,valid
FINAL_001587,INVESTMENT_0101,"Me tham gia nhom dau tu noi bo, loi nhuan chac chan khong rui ro.",SCAM,INVESTMENT,HIGH,Hứa lợi nhuận cao bất thường và yêu cầu nạp/chuyển tiền.,lãi 30%; lợi nhuận cao; nạp tiền; chuyển tiền,Không chuyển tiền vào kênh đầu tư không rõ pháp lý. Hỏi người thân hoặc chuyên gia tài chính.,greed; false_promise,financial_loss,elderly,CENTRAL,NO_DIACRITICS,vietnamese_synthetic,self-created,True,no_pii,valid
FINAL_000662,SAFE_0351,"Ngân hàng thông báo bảo trì hệ thống vào tối nay, không yêu cầu cung cấp thông tin Mã tham chiếu 951.",SAFE,NONE,LOW,Nội dung bình thường hoặc không có yêu cầu nguy hiểm.,,Không cần cảnh báo. Có thể tiếp tục trò chuyện bình thường.,none,none,general,STANDARD,NONE,vietnamese_synthetic,self-created,True,no_pii,train
FINAL_000657,JOB_SCAM_0011,"Bên em tuyển cộng tác viên tại nhà, cần chuyển tiền kích hoạt tài khoản.",SCAM,JOB_SCAM,MEDIUM,"Lừa việc làm online, yêu cầu đóng phí hoặc nạp tiền trước.",nạp trước; đóng phí; kích hoạt tài khoản,Không đóng phí để nhận việc. Kiểm tra công ty và hợp đồng rõ ràng.,financial_pressure; false_promise,financial_loss,elderly,CENTRAL,NONE,vietnamese_synthetic,self-created,True,no_pii,train
FINAL_000656,EMERGENCY_MONEY_0502,"Me oi con bi tai nan, gui tien ngay vao so tai khoan nay giup con Làm ngay giúp bên cháu.",SCAM,EMERGENCY_MONEY,HIGH,"Giả danh người thân, tạo tình huống khẩn cấp và yêu cầu chuyển tiền.",cấp cứu; chuyển gấp; đừng gọi lại; khẩn cấp,Không chuyển tiền vội. Gọi trực tiếp cho người thân qua số quen thuộc để xác minh.,urgency; trust_abuse; secrecy,financial_loss,elderly,CENTRAL,NO_DIACRITICS,vietnamese_synthetic,self-created,True,no_pii,train
FINAL_000099,SAFE_0035,"Mã đơn hàng của o là 123456, hàng sẽ giao trong hôm nay.",SAFE,NONE,LOW,Nội dung bình thường hoặc không có yêu cầu nguy hiểm.,,Không cần cảnh báo. Có thể tiếp tục trò chuyện bình thường.,none,none,general,CENTRAL,NONE,vietnamese_synthetic,self-created,True,no_pii,train
FINAL_001554,SUSPICIOUS_0127,Em có cơ hội đầu tư muốn giới thiệu cho chú trong hôm nay giúp em.,SUSPICIOUS,UNKNOWN,MEDIUM,Nội dung có yêu cầu xác minh hoặc cung cấp thông tin nhưng chưa đủ bằng chứng kết luận lừa đảo.,xác minh; thông tin cá nhân; đường dẫn; phản hồi sớm,Cần kiểm tra nguồn gửi. Không cung cấp thông tin nhạy cảm nếu chưa xác minh.,uncertainty; possible_social_engineering,privacy_leak,general,STANDARD,NONE,vietnamese_synthetic,self-created,True,no_pii,train
FINAL_001217,SUSPICIOUS_0023,Bên em cần kiểm tra thông tin cá nhân của ba để hỗ trợ giúp bên em nhé.,SUSPICIOUS,UNKNOWN,MEDIUM,Nội dung có yêu cầu xác minh hoặc cung cấp thông tin nhưng chưa đủ bằng chứng kết luận lừa đảo.,xác minh; thông tin cá nhân; đường dẫn; phản hồi sớm,Cần kiểm tra nguồn gửi. Không cung cấp thông tin nhạy cảm nếu chưa xác minh.,uncertainty; possible_social_engineering,privacy_leak,general,SOUTH,NONE,vietnamese_synthetic,self-created,True,no_pii,train
FINAL_000769,PHISHING_LINK_0456,"Cô/chú cứ bình tĩnh, bên cháu hỗ trợ nhanh thôi. Chú cần đăng nhập vào <LINK> để kiểm tra giao dịch bất thường. Làm ngay để tránh bị khóa dịch vụ.",SCAM,PHISHING_LINK,HIGH,Dụ người dùng bấm link lạ để đánh cắp thông tin.,<LINK>; bấm link; đăng nhập,Không bấm link lạ. Chỉ truy cập website hoặc ứng dụng chính thức.,technical_confusion; urgency,credential_theft; malware_install,elderly,NORTH,LONG_CONTEXT,vietnamese_synthetic,self-created,True,no_pii,train
FINAL_000809,SAFE_0062,"Con đặt xe cho ba rồi, tài xế sẽ đến trong 10 phút.",SAFE,NONE,LOW,Nội dung bình thường hoặc không có yêu cầu nguy hiểm.,,Không cần cảnh báo. Có thể tiếp tục trò chuyện bình thường.,none,none,general,SOUTH,NONE,vietnamese_synthetic,self-created,True,no_pii,train
FINAL_000622,OTP_BANK_0174,Chú đọc giúp cháu dãy 6 số vừa gửi về điện thoại để hoàn tất verify.,SCAM,OTP_BANK,HIGH,Yêu cầu cung cấp OTP hoặc mã xác nhận ngân hàng.,mã OTP; mã xác nhận; dãy 6 số,Không cung cấp OTP hoặc mã xác nhận. Gọi trực tiếp ngân hàng để kiểm tra.,urgency; technical_confusion,credential_theft,elderly,NORTH,CODE_SWITCHING,vietnamese_synthetic,self-created,True,no_pii,train
FINAL_001175,PRIZE_GIFT_0382,"Chúc mừng mệ đã trúng xe máy, bấm <LINK> để nhận quà. please check now",SCAM,PRIZE_GIFT,HIGH,Dùng quà tặng hoặc trúng thưởng để dụ cung cấp thông tin hoặc chuyển phí.,trúng thưởng; nhận quà; đóng phí; chuyển phí,Không chuyển phí hoặc cung cấp thông tin cá nhân để nhận quà không rõ nguồn.,greed; urgency,financial_loss; privacy_leak,elderly,CENTRAL,CODE_SWITCHING,vietnamese_synthetic,self-created,True,no_pii,train
FINAL_000972,SUSPICIOUS_0166,Bác xác minh tài khoản giúp bên em trong hôm nay nhé phản hồi sớm giúp em nha.,SUSPICIOUS,UNKNOWN,MEDIUM,Nội dung có yêu cầu xác minh hoặc cung cấp thông tin nhưng chưa đủ bằng chứng kết luận lừa đảo.,xác minh; thông tin cá nhân; đường dẫn; phản hồi sớm,Cần kiểm tra nguồn gửi. Không cung cấp thông tin nhạy cảm nếu chưa xác minh.,uncertainty; possible_social_engineering,privacy_leak,general,NORTH,NONE,vietnamese_synthetic,self-created,True,no_pii,train
FINAL_000445,INVESTMENT_0079,"Bác đầu tư 3 triệu hôm nay, cam kết nhận lãi 30% sau một tuần.",SCAM,INVESTMENT,HIGH,Hứa lợi nhuận cao bất thường và yêu cầu nạp/chuyển tiền.,lãi 30%; lợi nhuận cao; nạp tiền; chuyển tiền,Không chuyển tiền vào kênh đầu tư không rõ pháp lý. Hỏi người thân hoặc chuyên gia tài chính.,greed; false_promise,financial_loss,elderly,CENTRAL,ABBREVIATION,vietnamese_synthetic,self-created,True,no_pii,train
FINAL_000690,SAFE_0127,Con đã chuyển tiền mua thuốc cho mẹ rồi để con yên tâm nha.,SAFE,NONE,LOW,Nội dung bình thường hoặc không có yêu cầu nguy hiểm.,,Không cần cảnh báo. Có thể tiếp tục trò chuyện bình thường.,none,none,general,CENTRAL,NONE,vietnamese_synthetic,self-created,True,no_pii,train
FINAL_001582,SAFE_0286,"Hôm nay trời mưa, cô nhớ mang áo mưa khi nào rảnh nha.",SAFE,NONE,LOW,Nội dung bình thường hoặc không có yêu cầu nguy hiểm.,,Không cần cảnh báo. Có thể tiếp tục trò chuyện bình thường.,none,none,general,STANDARD,NONE,vietnamese_synthetic,self-created,True,no_pii,train
FINAL_001302,SAFE_0224,"Bac oi, toi nay ca nha goi video nhe.",SAFE,NONE,LOW,Nội dung bình thường hoặc không có yêu cầu nguy hiểm.,,Không cần cảnh báo. Có thể tiếp tục trò chuyện bình thường.,none,none,general,NORTH,NO_DIACRITICS,vietnamese_synthetic,self-created,True,no_pii,train
FINAL_000164,INVESTMENT_0266,"Bên em có sàn đầu tư lợi nhuận cao, bác nạp tiền sớm để giữ suất Làm ngay giúp bên cháu.",SCAM,INVESTMENT,HIGH,Hứa lợi nhuận cao bất thường và yêu cầu nạp/chuyển tiền.,lãi 30%; lợi nhuận cao; nạp tiền; chuyển tiền,Không chuyển tiền vào kênh đầu tư không rõ pháp lý. Hỏi người thân hoặc chuyên gia tài chính.,greed; false_promise,financial_loss,elderly,STANDARD,NONE,vietnamese_synthetic,self-created,True,no_pii,train
FINAL_000906,SAFE_0279,Mai con về nhà ăn cơm với ba mẹ Mã tham chiếu 879.,SAFE,NONE,LOW,Nội dung bình thường hoặc không có yêu cầu nguy hiểm.,,Không cần cảnh báo. Có thể tiếp tục trò chuyện bình thường.,none,none,general,SOUTH,NONE,vietnamese_synthetic,self-created,True,no_pii,train
FINAL_001405,SUSPICIOUS_0069,Bên em cần cô xác nhận giao dịch này ngay hôm nay trong hôm nay giúp em.,SUSPICIOUS,UNKNOWN,MEDIUM,Nội dung có yêu cầu xác minh hoặc cung cấp thông tin nhưng chưa đủ bằng chứng kết luận lừa đảo.,xác minh; thông tin cá nhân; đường dẫn; phản hồi sớm,Cần kiểm tra nguồn gửi. Không cung cấp thông tin nhạy cảm nếu chưa xác minh.,uncertainty; possible_social_engineering,privacy_leak,general,STANDARD,OBFUSCATION,vietnamese_synthetic,self-created,True,no_pii,train
FINAL_000328,SUSPICIOUS_0158,Bac xac minh tai khoan giup ben em trong hom nay nhe để bên em kiểm tra lại.,SUSPICIOUS,UNKNOWN,MEDIUM,Nội dung có yêu cầu xác minh hoặc cung cấp thông tin nhưng chưa đủ bằng chứng kết luận lừa đảo.,xác minh; thông tin cá nhân; đường dẫn; phản hồi sớm,Cần kiểm tra nguồn gửi. Không cung cấp thông tin nhạy cảm nếu chưa xác minh.,uncertainty; possible_social_engineering,privacy_leak,general,NORTH,TYPO,vietnamese_synthetic,self-created,True,no_pii,test
FINAL_000180,SUSPICIOUS_0110,Bac gui thong tin de ben em cap nhat ho so giúp bên em nhé.,SUSPICIOUS,UNKNOWN,MEDIUM,Nội dung có yêu cầu xác minh hoặc cung cấp thông tin nhưng chưa đủ bằng chứng kết luận lừa đảo.,xác minh; thông tin cá nhân; đường dẫn; phản hồi sớm,Cần kiểm tra nguồn gửi. Không cung cấp thông tin nhạy cảm nếu chưa xác minh.,uncertainty; possible_social_engineering,privacy_leak,general,NORTH,TYPO,vietnamese_synthetic,self-created,True,no_pii,test
FINAL_001126,SELF_FAKE_SUPPORT_0002,"Bác kể lại rằng có người gọi điện trong lúc ở nhà một mình. Người này nói t.khoản bảo hiểm/điện lực của bác chưa đồng bộ dữ liệu, nói chuyện rất tự tin và dùng nhiều từ ngữ giống cơ quan chính thức. Tiếp theo họ đề nghị bác cấp quyền truy cập danh bạ, tin nhắn và thông báo. Người gọi dùng nhiều thuật ngữ kỹ thuật khiến bác khó phản ứng.",SCAM,FAKE_SUPPORT,HIGH,Giả danh nhân viên hỗ trợ kỹ thuật/dịch vụ công để yêu cầu cài app hoặc cấp quyền.,cài ứng dụng; chia sẻ màn hình; cấp quyền; hỗ trợ kỹ thuật,Không cài app lạ hoặc chia sẻ màn hình cho người không xác minh được danh tính.,technical_confusion; authority_impersonation,credential_theft; malware_install; privacy_leak,elderly,STANDARD,OBFUSCATION,self_created_long_context_based_on_public_warning_taxonomy,self-created,True,no_pii,train
FINAL_000139,SAFE_0284,Con đã chuyển tiền mua thuốc cho mẹ rồi Mã tham chiếu 884.,SAFE,NONE,LOW,Nội dung bình thường hoặc không có yêu cầu nguy hiểm.,,Không cần cảnh báo. Có thể tiếp tục trò chuyện bình thường.,none,none,general,NORTH,NONE,vietnamese_synthetic,self-created,True,no_pii,train
FINAL_000911,INVESTMENT_0069,"Cơ hội sinh lời bảo đảm, chú chỉ cần chuyển tiền là có chuyên gia hỗ trợ.",SCAM,INVESTMENT,HIGH,Hứa lợi nhuận cao bất thường và yêu cầu nạp/chuyển tiền.,lãi 30%; lợi nhuận cao; nạp tiền; chuyển tiền,Không chuyển tiền vào kênh đầu tư không rõ pháp lý. Hỏi người thân hoặc chuyên gia tài chính.,greed; false_promise,financial_loss,elderly,SOUTH,NONE,vietnamese_synthetic,self-created,True,no_pii,train
FINAL_001256,SELF_JOB_SCAM_0020,"Đoạn tin nhắn bắt đầu bằng lời hỏi thăm sức khỏe của o, sau đó người gửi nói việc chỉ là bấm like, đánh giá sản phẩm và nhận hoa hồng. Trong các tin tiếp theo, họ yêu cầu o nạp trước 300 nghìn để nhận nhiệm vụ đầu tiên. Sau đó số tiền nhiệm vụ tăng nhanh và không cho rút nếu chưa nạp thêm.",SCAM,JOB_SCAM,MEDIUM,"Lừa tuyển cộng tác viên/việc nhẹ lương cao, yêu cầu nạp tiền hoặc làm nhiệm vụ.",việc nhẹ lương cao; nạp tiền; nhiệm vụ; hoàn tiền,Không đóng phí để nhận việc. Kiểm tra thông tin công ty và hợp đồng rõ ràng.,financial_pressure; false_promise; gamification,financial_loss,elderly,CENTRAL,NONE,self_created_long_context_based_on_public_warning_taxonomy,self-created,True,no_pii,valid
FINAL_001303,PHISHING_LINK_0042,Chú bấm link <LINK> để xác minh tài khoản trước khi bị khóa.,SCAM,PHISHING_LINK,HIGH,Dụ người dùng bấm link lạ để đánh cắp thông tin.,<LINK>; bấm link; đăng nhập,Không bấm link lạ. Chỉ truy cập website hoặc ứng dụng chính thức.,technical_confusion; urgency,credential_theft; malware_install,elderly,STANDARD,NONE,vietnamese_synthetic,self-created,True,no_pii,train
FINAL_000059,SUSPICIOUS_0053,"Tai khoan cua chu co dau hieu bat thuong, vui long phan hoi som giúp bên em nhé.",SUSPICIOUS,UNKNOWN,MEDIUM,Nội dung có yêu cầu xác minh hoặc cung cấp thông tin nhưng chưa đủ bằng chứng kết luận lừa đảo.,xác minh; thông tin cá nhân; đường dẫn; phản hồi sớm,Cần kiểm tra nguồn gửi. Không cung cấp thông tin nhạy cảm nếu chưa xác minh.,uncertainty; possible_social_engineering,privacy_leak,general,NORTH,TYPO,vietnamese_synthetic,self-created,True,no_pii,train
FINAL_000125,SAFE_0198,"Chú ơi, tối nay cả nhà gọi video nhé khi nào rảnh nha.",SAFE,NONE,LOW,Nội dung bình thường hoặc không có yêu cầu nguy hiểm.,,Không cần cảnh báo. Có thể tiếp tục trò chuyện bình thường.,none,none,general,SOUTH,NONE,vietnamese_synthetic,self-created,True,no_pii,train
FINAL_001564,SELF_SAFE_0043,"Người giao hàng nhắn cho bác rằng đơn hàng sẽ giao trong buổi chiều và nếu không tiện nhận thì có thể hẹn lại. Tin nhắn chỉ hỏi thời gian nhận hàng, không yêu cầu bấm link, trả phí hay cung cấp thông tin cá nhân. Mã tình huống tham khảo: SELF_000283.",SAFE,NONE,LOW,"Thông báo giao hàng bình thường, không chứa link lạ hoặc yêu cầu thanh toán bất thường.",hẹn lại thời gian nhận hàng; không yêu cầu bấm link,"Không cần cảnh báo mạnh. Có thể tiếp tục trò chuyện bình thường, nhưng vẫn nhắc người dùng không chia sẻ OTP nếu cần.",none,none,general,NORTH,NONE,self_created_long_context_hard_negative,self-created,True,no_pii,train
FINAL_000956,SELF_FAKE_SUPPORT_0003,"Đoạn tin nhắn bắt đầu bằng lời hỏi thăm sức khỏe của chú, sau đó người gửi giả làm tổng đài nhà mạng, thông báo SIM của chú cần chuẩn hóa. Trong các tin tiếp theo, họ hướng dẫn chú đăng nhập tài khoản rồi không được tắt máy. Họ trấn an rằng đây là thủ tục bình thường của hệ thống.",SCAM,FAKE_SUPPORT,HIGH,Giả danh nhân viên hỗ trợ kỹ thuật/dịch vụ công để yêu cầu cài app hoặc cấp quyền.,cài ứng dụng; chia sẻ màn hình; cấp quyền; hỗ trợ kỹ thuật,Không cài app lạ hoặc chia sẻ màn hình cho người không xác minh được danh tính.,technical_confusion; authority_impersonation,credential_theft; malware_install; privacy_leak,elderly,STANDARD,NONE,self_created_long_context_based_on_public_warning_taxonomy,self-created,True,no_pii,train
FINAL_000942,SELF_SAFE_0058,"Nguoi giao hang nhan cho ma rang don hang se giao trong buoi chieu va neu khong tien nhan thi co the hen lai. Tin nhan chi hoi thoi gian nhan hang, khong yeu cau bam link, tra phi hay cung cap thong tin ca nhan.",SAFE,NONE,LOW,"Thông báo giao hàng bình thường, không chứa link lạ hoặc yêu cầu thanh toán bất thường.",hẹn lại thời gian nhận hàng; không yêu cầu bấm link,"Không cần cảnh báo mạnh. Có thể tiếp tục trò chuyện bình thường, nhưng vẫn nhắc người dùng không chia sẻ OTP nếu cần.",none,none,general,SOUTH,NO_DIACRITICS,self_created_long_context_hard_negative,self-created,True,no_pii,train
FINAL_000755,SUSPICIOUS_0103,Bác gửi thông tin để bên em cập nhật hồ sơ nếu cần em sẽ hướng dẫn thêm.,SUSPICIOUS,UNKNOWN,MEDIUM,Nội dung có yêu cầu xác minh hoặc cung cấp thông tin nhưng chưa đủ bằng chứng kết luận lừa đảo.,xác minh; thông tin cá nhân; đường dẫn; phản hồi sớm,Cần kiểm tra nguồn gửi. Không cung cấp thông tin nhạy cảm nếu chưa xác minh.,uncertainty; possible_social_engineering,privacy_leak,general,STANDARD,NONE,vietnamese_synthetic,self-created,True,no_pii,test
FINAL_000620,SUSPICIOUS_0148,Ben em can kiem tra thong tin ca nhan cua co de ho tro trong hôm nay giúp em.,SUSPICIOUS,UNKNOWN,MEDIUM,Nội dung có yêu cầu xác minh hoặc cung cấp thông tin nhưng chưa đủ bằng chứng kết luận lừa đảo.,xác minh; thông tin cá nhân; đường dẫn; phản hồi sớm,Cần kiểm tra nguồn gửi. Không cung cấp thông tin nhạy cảm nếu chưa xác minh.,uncertainty; possible_social_engineering,privacy_leak,general,NORTH,NO_DIACRITICS,vietnamese_synthetic,self-created,True,no_pii,train
FINAL_001073,OTP_BANK_0416,"Tài khoản của cô đang bị khóa, gửi mã xác nhận để mở lại Xử lý trong hôm nay giúp cháu.",SCAM,OTP_BANK,HIGH,Yêu cầu cung cấp OTP hoặc mã xác nhận ngân hàng.,mã OTP; mã xác nhận; dãy 6 số,Không cung cấp OTP hoặc mã xác nhận. Gọi trực tiếp ngân hàng để kiểm tra.,urgency; technical_confusion,credential_theft,elderly,SOUTH,ABBREVIATION,vietnamese_synthetic,self-created,True,no_pii,valid
FINAL_000188,OTP_BANK_0065,Mệ gửi mã OTP vừa nhận được để ngân hàng verify tài khoản ngay nhé.,SCAM,OTP_BANK,HIGH,Yêu cầu cung cấp OTP hoặc mã xác nhận ngân hàng.,mã OTP; mã xác nhận; dãy 6 số,Không cung cấp OTP hoặc mã xác nhận. Gọi trực tiếp ngân hàng để kiểm tra.,urgency; technical_confusion,credential_theft,elderly,CENTRAL,CODE_SWITCHING,vietnamese_synthetic,self-created,True,no_pii,valid
FINAL_001583,LOAN_SCAM_0404,"Ben em ho tro vay gap, chu dong phi mo ho so la nhan tien trong ngay Làm ngay giúp bên cháu.",SCAM,LOAN_SCAM,HIGH,"Lừa vay tiền, yêu cầu đóng phí trước hoặc gửi giấy tờ cá nhân.",đóng phí; giải ngân; gửi CCCD; phí hồ sơ,Không gửi giấy tờ cá nhân hoặc đóng phí trước cho dịch vụ vay không rõ nguồn.,financial_pressure; urgency,financial_loss; identity_theft,elderly,NORTH,NO_DIACRITICS,vietnamese_synthetic,self-created,True,no_pii,train
FINAL_000272,SUSPICIOUS_0132,Bên em cần kiểm tra thông tin cá nhân của chú để hỗ trợ nếu cần em sẽ hướng dẫn thêm.,SUSPICIOUS,UNKNOWN,MEDIUM,Nội dung có yêu cầu xác minh hoặc cung cấp thông tin nhưng chưa đủ bằng chứng kết luận lừa đảo.,xác minh; thông tin cá nhân; đường dẫn; phản hồi sớm,Cần kiểm tra nguồn gửi. Không cung cấp thông tin nhạy cảm nếu chưa xác minh.,uncertainty; possible_social_engineering,privacy_leak,general,STANDARD,NONE,vietnamese_synthetic,self-created,True,no_pii,train
FINAL_001102,SUSPICIOUS_0153,Co xac minh tai khoan giup ben em trong hom nay nhe trong hôm nay giúp em.,SUSPICIOUS,UNKNOWN,MEDIUM,Nội dung có yêu cầu xác minh hoặc cung cấp thông tin nhưng chưa đủ bằng chứng kết luận lừa đảo.,xác minh; thông tin cá nhân; đường dẫn; phản hồi sớm,Cần kiểm tra nguồn gửi. Không cung cấp thông tin nhạy cảm nếu chưa xác minh.,uncertainty; possible_social_engineering,privacy_leak,general,NORTH,NO_DIACRITICS,vietnamese_synthetic,self-created,True,no_pii,train
FINAL_000441,SELF_ROMANCE_SCAM_0007,"Một bài cảnh báo trên mạng xã hội tóm tắt sự việc: người lạ họ nhắn tin nhiều tuần, gọi o bằng lời thân mật để tạo lòng tin. Nội dung sau đó chuyển sang yêu cầu yêu cầu o giữ bí mật vì sợ gia đình hiểu lầm. Khi o do dự, họ tỏ ra buồn bã và trách o ko tin mình. Bài viết khuyên người đọc nên xm với người thân trước khi làm theo.",SCAM,ROMANCE_SCAM,MEDIUM,"Lợi dụng tình cảm/lòng tin để xin tiền, quà hoặc thông tin cá nhân.",quen qua mạng; gửi quà; phí hải quan; cần tiền gấp,Không chuyển tiền cho người quen qua mạng chưa gặp ngoài đời. Hỏi người thân trước khi quyết định.,trust_abuse; emotional_manipulation; false_promise,financial_loss; psychological_pressure,elderly,CENTRAL,ABBREVIATION,self_created_long_context_based_on_public_warning_taxonomy,self-created,True,no_pii,train
FINAL_000605,SAFE_0185,Ma kiem tra giup con lich hen kham benh ngay mai nhe.,SAFE,NONE,LOW,Nội dung bình thường hoặc không có yêu cầu nguy hiểm.,,Không cần cảnh báo. Có thể tiếp tục trò chuyện bình thường.,none,none,general,SOUTH,NO_DIACRITICS,vietnamese_synthetic,self-created,True,no_pii,train
FINAL_000663,PRIZE_GIFT_0125,"Ben em tang me phan qua tri an, can cung cap thong tin ca nhan de nhan.",SCAM,PRIZE_GIFT,HIGH,Dùng quà tặng hoặc trúng thưởng để dụ cung cấp thông tin hoặc chuyển phí.,trúng thưởng; nhận quà; đóng phí; chuyển phí,Không chuyển phí hoặc cung cấp thông tin cá nhân để nhận quà không rõ nguồn.,greed; urgency,financial_loss; privacy_leak,elderly,CENTRAL,NO_DIACRITICS,vietnamese_synthetic,self-created,True,no_pii,train
FINAL_001243,SELF_JOB_SCAM_0005,Bài chia sẻ mô tả một trường hợp người cao tuổi nhận được cuộc gọi lạ: người gọi giả danh sàn thương mại điện tử tuyển người xử lý đơn hàng. Sau đó họ yêu cầu mệ nạp trước 300 nghìn để nhận nhiệm vụ đầu tiên. Ban đầu họ cho nhận vài chục nghìn để tạo lòng tin. Gia đình nghi ngờ đây là tình huống lừa đảo vì nội dung tạo áp lực và yêu cầu hành động liên quan đến tiền hoặc thông tin nhạy cảm.,SCAM,JOB_SCAM,MEDIUM,"Lừa tuyển cộng tác viên/việc nhẹ lương cao, yêu cầu nạp tiền hoặc làm nhiệm vụ.",việc nhẹ lương cao; nạp tiền; nhiệm vụ; hoàn tiền,Không đóng phí để nhận việc. Kiểm tra thông tin công ty và hợp đồng rõ ràng.,financial_pressure; false_promise; gamification,financial_loss,elderly,CENTRAL,NONE,self_created_long_context_based_on_public_warning_taxonomy,self-created,True,no_pii,train
FINAL_000223,SAFE_0329,"Ngân hàng thông báo bảo trì hệ thống vào tối nay, không yêu cầu cung cấp thông tin Mã tham chiếu 929.",SAFE,NONE,LOW,Nội dung bình thường hoặc không có yêu cầu nguy hiểm.,,Không cần cảnh báo. Có thể tiếp tục trò chuyện bình thường.,none,none,general,SOUTH,NONE,vietnamese_synthetic,self-created,True,no_pii,valid
FINAL_001458,FAKE_POLICE_0545,"Bác đang bị nghi ngờ liên quan đường dây lừa đảo, cần làm theo hướng dẫn ngay Xử lý trong hôm nay giúp cháu.",SCAM,FAKE_POLICE,HIGH,"Giả danh cơ quan chức năng, đe dọa và yêu cầu chuyển tiền.",công an; viện kiểm sát; vụ án; chuyển tiền,Không chuyển tiền. Gọi người thân hoặc cơ quan công an địa phương để xác minh.,authority_impersonation; fear; secrecy,financial_loss,elderly,NORTH,NONE,vietnamese_synthetic,self-created,True,no_pii,train
FINAL_000599,SELF_TRAVEL_COMBO_0002,"Doan tin nhan bat dau bang loi hoi tham suc khoe cua bac, sau do nguoi gui ho gui anh phong dep va danh gia ao de bac tin la chuong trinh that. Trong cac tin tiep theo, ho de nghi thanh toan toan bo de duoc giam them. Ho nhan manh neu cham vai phut se mat suat khuyen mai.",SCAM,TRAVEL_COMBO,MEDIUM,"Rao combo du lịch/khách sạn giá rẻ bất thường, yêu cầu đặt cọc nhanh.",combo giá rẻ; đặt cọc; giữ chỗ; chuyển khoản,"Không đặt cọc qua tài khoản cá nhân. Kiểm tra fanpage, website, giấy phép và đánh giá thật.",false_promise; scarcity; urgency,financial_loss,elderly,STANDARD,NO_DIACRITICS,self_created_long_context_based_on_public_warning_taxonomy,self-created,True,no_pii,train
FINAL_001261,SELF_SAFE_0014,"Tin nhắn của con cháu hỏi cô tối nay có muốn gọi video với cả nhà không. Cuộc trò chuyện chỉ xoay quanh chuyện ăn uống, sức khỏe và lịch sinh hoạt. Không có yêu cầu chuyển tiền hay cung cấp thông tin riêng tư.",SAFE,NONE,LOW,"Cuộc trò chuyện gia đình bình thường, không chứa dấu hiệu lừa đảo.",ăn uống; sức khỏe; không yêu cầu chuyển tiền,"Không cần cảnh báo mạnh. Có thể tiếp tục trò chuyện bình thường, nhưng vẫn nhắc người dùng không chia sẻ OTP nếu cần.",none,none,general,NORTH,NONE,self_created_long_context_hard_negative,self-created,True,no_pii,train
FINAL_001191,LOAN_SCAM_0468,"Cô được duyệt vay 50 triệu, cần đóng phí bảo hiểm trước để giải ngân Làm ngay giúp bên cháu.",SCAM,LOAN_SCAM,HIGH,"Lừa vay tiền, yêu cầu đóng phí trước hoặc gửi giấy tờ cá nhân.",đóng phí; giải ngân; gửi CCCD; phí hồ sơ,Không gửi giấy tờ cá nhân hoặc đóng phí trước cho dịch vụ vay không rõ nguồn.,financial_pressure; urgency,financial_loss; identity_theft,elderly,SOUTH,NONE,vietnamese_synthetic,self-created,True,no_pii,valid
FINAL_000150,INVESTMENT_0074,"Cơ hội sinh lời bảo đảm, cô chỉ cần chuyển tiền là có chuyên gia hỗ trợ.",SCAM,INVESTMENT,HIGH,Hứa lợi nhuận cao bất thường và yêu cầu nạp/chuyển tiền.,lãi 30%; lợi nhuận cao; nạp tiền; chuyển tiền,Không chuyển tiền vào kênh đầu tư không rõ pháp lý. Hỏi người thân hoặc chuyên gia tài chính.,greed; false_promise,financial_loss,elderly,STANDARD,NONE,vietnamese_synthetic,self-created,True,no_pii,train
FINAL_000602,EMERGENCY_MONEY_0381,"Ba dung hoi nhieu, con can tien xu ly viec khan cap, chuyen ngai giup con.",SCAM,EMERGENCY_MONEY,HIGH,"Giả danh người thân, tạo tình huống khẩn cấp và yêu cầu chuyển tiền.",cấp cứu; chuyển gấp; đừng gọi lại; khẩn cấp,Không chuyển tiền vội. Gọi trực tiếp cho người thân qua số quen thuộc để xác minh.,urgency; trust_abuse; secrecy,financial_loss,elderly,SOUTH,TYPO,vietnamese_synthetic,self-created,True,no_pii,train
FINAL_000035,SAFE_0289,Mai con về nhà ăn cơm với ba mẹ Mã tham chiếu 889.,SAFE,NONE,LOW,Nội dung bình thường hoặc không có yêu cầu nguy hiểm.,,Không cần cảnh báo. Có thể tiếp tục trò chuyện bình thường.,none,none,general,SOUTH,ABBREVIATION,vietnamese_synthetic,self-created,True,no_pii,train
FINAL_001530,SUSPICIOUS_0105,Bên em cần mệ xác nhận giao dịch này ngay hôm nay giúp bên em nhé.,SUSPICIOUS,UNKNOWN,MEDIUM,Nội dung có yêu cầu xác minh hoặc cung cấp thông tin nhưng chưa đủ bằng chứng kết luận lừa đảo.,xác minh; thông tin cá nhân; đường dẫn; phản hồi sớm,Cần kiểm tra nguồn gửi. Không cung cấp thông tin nhạy cảm nếu chưa xác minh.,uncertainty; possible_social_engineering,privacy_leak,general,CENTRAL,NONE,vietnamese_synthetic,self-created,True,no_pii,train
FINAL_000821,SELF_INVESTMENT_0011,"Một bài cảnh báo trên mạng xã hội tóm tắt sự việc: người lạ nói người cao tuổi có tiền nhàn rỗi nên gửi vào gói lợi nhuận ổn định. Nội dung sau đó chuyển sang yêu cầu yêu cầu bác nạp 3 triệu để kích hoạt tài khoản VIP. Khi bác muốn rút tiền, họ yêu cầu đóng thêm phí xác minh. Bài viết khuyên người đọc nên xác minh với người thân trước khi làm theo.",SCAM,INVESTMENT,HIGH,"Hứa lợi nhuận cao bất thường, cam kết không rủi ro và yêu cầu nạp tiền.",lợi nhuận cao; cam kết lãi; nạp tiền; chuyên gia hỗ trợ,Không nạp tiền vào sàn/nhóm đầu tư không rõ pháp lý. Hỏi người thân hoặc chuyên gia tài chính.,greed; false_promise; social_proof,financial_loss,elderly,STANDARD,NONE,self_created_long_context_based_on_public_warning_taxonomy,self-created,True,no_pii,valid
FINAL_001525,SAFE_0399,"Bác ơi, tối nay cả nhà gọi video nhé Mã tham chiếu 999.",SAFE,NONE,LOW,Nội dung bình thường hoặc không có yêu cầu nguy hiểm.,,Không cần cảnh báo. Có thể tiếp tục trò chuyện bình thường.,none,none,general,CENTRAL,NONE,vietnamese_synthetic,self-created,True,no_pii,valid
FINAL_001533,EMERGENCY_MONEY_0388,"Má ơi con bị tai nạn, gửi tiền ngay vào số t.khoản này giúp con.",SCAM,EMERGENCY_MONEY,HIGH,"Giả danh người thân, tạo tình huống khẩn cấp và yêu cầu chuyển tiền.",cấp cứu; chuyển gấp; đừng gọi lại; khẩn cấp,Không chuyển tiền vội. Gọi trực tiếp cho người thân qua số quen thuộc để xác minh.,urgency; trust_abuse; secrecy,financial_loss,elderly,SOUTH,OBFUSCATION,vietnamese_synthetic,self-created,True,no_pii,train
FINAL_001392,SELF_PHISHING_LINK_0006,"Đoạn tin nhắn bắt đầu bằng lời hỏi thăm sức khỏe của bác, sau đó người gửi giả danh cổng dịch vụ công, báo hồ sơ trợ cấp của bác còn thiếu thông tin. Trong các tin tiếp theo, họ hướng dẫn bác tải một ứng dụng ngoài kho chính thức. Tin nhắn ghi hồ sơ sẽ hết hạn sau 30 phút nếu không xác minh.",SCAM,PHISHING_LINK,HIGH,Dụ bấm link lạ để đăng nhập/cập nhật thông tin và đánh cắp dữ liệu.,<LINK>; bấm link; cập nhật thông tin; đăng nhập,Không bấm link lạ. Mở ứng dụng chính thức hoặc gõ trực tiếp địa chỉ website chính thức.,technical_confusion; urgency; false_promise,credential_theft; privacy_leak; malware_install,elderly,STANDARD,NONE,self_created_long_context_based_on_public_warning_taxonomy,self-created,True,no_pii,train
FINAL_000502,SELF_PRIZE_GIFT_0012,"Bài chia sẻ mô tả một trường hợp người cao tuổi nhận được cuộc gọi lạ: người gọi gửi ảnh phiếu trúng thưởng xe máy và nói chỉ cần hoàn tất hồ sơ. Sau đó họ bảo mệ gửi căn cước, địa chỉ nhà và số tài khoản để nhận thưởng. Họ dặn mệ chuyển phí nhỏ trước để nhận món quà lớn. Gia đình nghi ngờ đây là tình huống lừa đảo vì nội dung tạo áp lực và yêu cầu hành động liên quan đến tiền hoặc thông tin nhạy cảm.",SCAM,PRIZE_GIFT,HIGH,Lấy lý do trúng thưởng/nhận quà để yêu cầu đóng phí hoặc cung cấp thông tin.,trúng thưởng; nhận quà; phí vận chuyển; thông tin cá nhân,Không chuyển phí nhận thưởng. Kiểm tra chương trình trên kênh chính thức.,greed; false_promise; urgency,financial_loss; privacy_leak,elderly,CENTRAL,NONE,self_created_long_context_based_on_public_warning_taxonomy,self-created,True,no_pii,train
FINAL_000611,SAFE_0157,"Ngân hàng thông báo bảo trì hệ thống vào tối nay, không yêu cầu cung cấp thông tin Mã tham chiếu 757.",SAFE,NONE,LOW,Nội dung bình thường hoặc không có yêu cầu nguy hiểm.,,Không cần cảnh báo. Có thể tiếp tục trò chuyện bình thường.,none,none,general,NORTH,NONE,vietnamese_synthetic,self-created,True,no_pii,train
FINAL_000521,SAFE_0133,"Mã đơn hàng của bác là 123456, hàng sẽ giao trong hôm nay chiều nay cũng được nha.",SAFE,NONE,LOW,Nội dung bình thường hoặc không có yêu cầu nguy hiểm.,,Không cần cảnh báo. Có thể tiếp tục trò chuyện bình thường.,none,none,general,STANDARD,NONE,vietnamese_synthetic,self-created,True,no_pii,test
FINAL_001524,LOAN_SCAM_0299,"Con hỏi thăm sức khỏe chút. Bên em hỗ trợ vay gấp, bác đóng phí mở hồ sơ là nhận tiền trong ngày.",SCAM,LOAN_SCAM,HIGH,"Lừa vay tiền, yêu cầu đóng phí trước hoặc gửi giấy tờ cá nhân.",đóng phí; giải ngân; gửi CCCD; phí hồ sơ,Không gửi giấy tờ cá nhân hoặc đóng phí trước cho dịch vụ vay không rõ nguồn.,financial_pressure; urgency,financial_loss; identity_theft,elderly,STANDARD,MIXED_INTENT,vietnamese_synthetic,self-created,True,no_pii,train
FINAL_001480,INVESTMENT_0130,"Bác tham gia nhóm đầu tư nội bộ, lợi nhuận chắc chắn không rủi ro.",SCAM,INVESTMENT,HIGH,Hứa lợi nhuận cao bất thường và yêu cầu nạp/chuyển tiền.,lãi 30%; lợi nhuận cao; nạp tiền; chuyển tiền,Không chuyển tiền vào kênh đầu tư không rõ pháp lý. Hỏi người thân hoặc chuyên gia tài chính.,greed; false_promise,financial_loss,elderly,CENTRAL,NONE,vietnamese_synthetic,self-created,True,no_pii,test
FINAL_001351,SAFE_0341,"Con đặt xe cho bác rồi, tài xế sẽ đến trong 10 phút tối con gọi lại nhé.",SAFE,NONE,LOW,Nội dung bình thường hoặc không có yêu cầu nguy hiểm.,,Không cần cảnh báo. Có thể tiếp tục trò chuyện bình thường.,none,none,general,STANDARD,NONE,vietnamese_synthetic,self-created,True,no_pii,train
FINAL_000079,LOAN_SCAM_0022,"Bac duoc duyet vay 50 trieu, can dong phi bao hiem truoc de giai ngan.",SCAM,LOAN_SCAM,HIGH,"Lừa vay tiền, yêu cầu đóng phí trước hoặc gửi giấy tờ cá nhân.",đóng phí; giải ngân; gửi CCCD; phí hồ sơ,Không gửi giấy tờ cá nhân hoặc đóng phí trước cho dịch vụ vay không rõ nguồn.,financial_pressure; urgency,financial_loss; identity_theft,elderly,CENTRAL,TYPO,vietnamese_synthetic,self-created,True,no_pii,train
FINAL_001187,SELF_INVESTMENT_0008,"Bac ke lai rang co nguoi goi dien trong luc o nha mot minh. Nguoi nay moi bac tham gia nhom dau tu noi bo co chuyen gia doc lenh, noi chuyen rat tu tin va dung nhieu tu ngu giong co quan chinh thuc. Tiep theo ho yeu cau bac nap 3 trieu de kich hoat tai khoang VIP. Khi bac muon rut tien, ho yeu cau dong them phi xac mih.",SCAM,INVESTMENT,HIGH,"Hứa lợi nhuận cao bất thường, cam kết không rủi ro và yêu cầu nạp tiền.",lợi nhuận cao; cam kết lãi; nạp tiền; chuyên gia hỗ trợ,Không nạp tiền vào sàn/nhóm đầu tư không rõ pháp lý. Hỏi người thân hoặc chuyên gia tài chính.,greed; false_promise; social_proof,financial_loss,elderly,STANDARD,TYPO,self_created_long_context_based_on_public_warning_taxonomy,self-created,True,no_pii,valid
FINAL_001069,EMERGENCY_MONEY_0278,"Chú ơi con bị tai nạn, gửi tiền ngay vào số tài khoản này giúp con Làm ngay giúp bên cháu.",SCAM,EMERGENCY_MONEY,HIGH,"Giả danh người thân, tạo tình huống khẩn cấp và yêu cầu chuyển tiền.",cấp cứu; chuyển gấp; đừng gọi lại; khẩn cấp,Không chuyển tiền vội. Gọi trực tiếp cho người thân qua số quen thuộc để xác minh.,urgency; trust_abuse; secrecy,financial_loss,elderly,SOUTH,NONE,vietnamese_synthetic,self-created,True,no_pii,train
FINAL_001456,SELF_HEALTH_PRODUCT_0014,"Đoạn tin nhắn bắt đầu bằng lời hỏi thăm sức khỏe của bác, sau đó người gửi mời bác tham gia hội thảo sức khỏe miễn phí tại khách sạn. Trong các tin tiếp theo, họ đề nghị bác mua nhiều hộp để được lên hạng thành viên. Thông tin về công dụng được nói quá mức và thiếu căn cứ y khoa.",SCAM,HEALTH_PRODUCT,MEDIUM,Dụ người cao tuổi mua sản phẩm sức khỏe/đa cấp bằng cam kết chữa bệnh hoặc lợi nhuận.,hội thảo miễn phí; thuốc chữa bệnh; đặt cọc; lợi nhuận,Không mua thuốc/sản phẩm sức khỏe không rõ nguồn. Hỏi bác sĩ hoặc người thân trước.,health_anxiety; false_promise; social_proof,financial_loss; health_risk,elderly,CENTRAL,NONE,self_created_long_context_based_on_public_warning_taxonomy,self-created,True,no_pii,valid
FINAL_000177,SELF_HEALTH_PRODUCT_0008,"Ba kể lại rằng có người gọi điện trong lúc ở nhà một mình. Người này họ đưa nhiều lời chứng thực từ người lớn tuổi khác để tạo niềm tin, nói chuyện rất tự tin và dùng nhiều từ ngữ giống cơ quan chính thức. Tiếp theo họ đề nghị ba mua nhiều hộp để được lên hạng thành viên. Họ nói ưu đãi chỉ áp dụng tại chỗ và không cho mang tài liệu về hỏi bác sĩ.",SCAM,HEALTH_PRODUCT,MEDIUM,Dụ người cao tuổi mua sản phẩm sức khỏe/đa cấp bằng cam kết chữa bệnh hoặc lợi nhuận.,hội thảo miễn phí; thuốc chữa bệnh; đặt cọc; lợi nhuận,Không mua thuốc/sản phẩm sức khỏe không rõ nguồn. Hỏi bác sĩ hoặc người thân trước.,health_anxiety; false_promise; social_proof,financial_loss; health_risk,elderly,SOUTH,NONE,self_created_long_context_based_on_public_warning_taxonomy,self-created,True,no_pii,train
FINAL_000538,SAFE_0179,"Mã đơn hàng của ba là 123456, hàng sẽ giao trong hôm nay.",SAFE,NONE,LOW,Nội dung bình thường hoặc không có yêu cầu nguy hiểm.,,Không cần cảnh báo. Có thể tiếp tục trò chuyện bình thường.,none,none,general,SOUTH,NONE,vietnamese_synthetic,self-created,True,no_pii,valid
FINAL_000221,SAFE_0228,"Mệ ơi, tối nay cả nhà gọi video nhé.",SAFE,NONE,LOW,Nội dung bình thường hoặc không có yêu cầu nguy hiểm.,,Không cần cảnh báo. Có thể tiếp tục trò chuyện bình thường.,none,none,general,CENTRAL,NONE,vietnamese_synthetic,self-created,True,no_pii,train
FINAL_000485,JOB_SCAM_0559,"Chú chỉ cần làm nhiệm vụ online, nạp trước 300 nghìn để nhận việc Làm ngay giúp bên cháu.",SCAM,JOB_SCAM,MEDIUM,"Lừa việc làm online, yêu cầu đóng phí hoặc nạp tiền trước.",nạp trước; đóng phí; kích hoạt tài khoản,Không đóng phí để nhận việc. Kiểm tra công ty và hợp đồng rõ ràng.,financial_pressure; false_promise,financial_loss,elderly,STANDARD,NONE,vietnamese_synthetic,self-created,True,no_pii,test
FINAL_001579,SUSPICIOUS_0078,Bac xac minh tai khoan giup ben em trong hom nay nhe trong hôm nay giúp em.,SUSPICIOUS,UNKNOWN,MEDIUM,Nội dung có yêu cầu xác minh hoặc cung cấp thông tin nhưng chưa đủ bằng chứng kết luận lừa đảo.,xác minh; thông tin cá nhân; đường dẫn; phản hồi sớm,Cần kiểm tra nguồn gửi. Không cung cấp thông tin nhạy cảm nếu chưa xác minh.,uncertainty; possible_social_engineering,privacy_leak,general,CENTRAL,TYPO,vietnamese_synthetic,self-created,True,no_pii,test
FINAL_000537,SUSPICIOUS_0017,Cô bấm vào đường dẫn này để xem chi tiết chương trình.,SUSPICIOUS,UNKNOWN,MEDIUM,Nội dung có yêu cầu xác minh hoặc cung cấp thông tin nhưng chưa đủ bằng chứng kết luận lừa đảo.,xác minh; thông tin cá nhân; đường dẫn; phản hồi sớm,Cần kiểm tra nguồn gửi. Không cung cấp thông tin nhạy cảm nếu chưa xác minh.,uncertainty; possible_social_engineering,privacy_leak,general,NORTH,NONE,vietnamese_synthetic,self-created,True,no_pii,train
FINAL_000628,PHISHING_LINK_0511,Ba can dang nhap vao <LINK> de kiem tra giao dich bat thuong.,SCAM,PHISHING_LINK,HIGH,Dụ người dùng bấm link lạ để đánh cắp thông tin.,<LINK>; bấm link; đăng nhập,Không bấm link lạ. Chỉ truy cập website hoặc ứng dụng chính thức.,technical_confusion; urgency,credential_theft; malware_install,elderly,SOUTH,TYPO,vietnamese_synthetic,self-created,True,no_pii,valid
FINAL_000675,SELF_LOAN_SCAM_0004,Một bài cảnh báo trên mạng xã hội tóm tắt sự việc: người lạ gửi hợp đồng vay có dấu đỏ giả và hứa giải ngân trong ngày. Nội dung sau đó chuyển sang yêu cầu yêu cầu cô đóng phí bảo hiểm khoản vay trước khi giải ngân. Nhân viên giả liên tục gọi thúc và dùng lời lẽ rất chuyên nghiệp. Bài viết khuyên người đọc nên xác minh với người thân trước khi làm theo.,SCAM,LOAN_SCAM,HIGH,"Lừa vay tiền nhanh, yêu cầu phí trước hoặc thu thập giấy tờ cá nhân.",duyệt vay; phí hồ sơ; phí bảo hiểm; giải ngân; CCCD,Không gửi giấy tờ cá nhân hoặc đóng phí trước cho dịch vụ vay không rõ nguồn.,financial_pressure; urgency; false_promise,financial_loss; identity_theft,elderly,NORTH,NONE,self_created_long_context_based_on_public_warning_taxonomy,self-created,True,no_pii,train
FINAL_000472,PRIZE_GIFT_0312,"Mệ trúng thưởng may mắn, chuyển phí vận chuyển để nhận quà ngay hôm nay Làm ngay giúp bên cháu.",SCAM,PRIZE_GIFT,HIGH,Dùng quà tặng hoặc trúng thưởng để dụ cung cấp thông tin hoặc chuyển phí.,trúng thưởng; nhận quà; đóng phí; chuyển phí,Không chuyển phí hoặc cung cấp thông tin cá nhân để nhận quà không rõ nguồn.,greed; urgency,financial_loss; privacy_leak,elderly,CENTRAL,NONE,vietnamese_synthetic,self-created,True,no_pii,train
FINAL_001017,SELF_SUSPICIOUS_0022,"Mot tai khoan mang xa hoi moi ket ban voi co, hoi tham suc khoe nhieu ngay roi bat dau noi ve mot co hoi dau tu. Nguoi nay chua yeu cau chuyen tien nhung lien tuc hua loi nhuan cao. Can theo doi them truoc khi ket luan.",SUSPICIOUS,UNKNOWN,MEDIUM,Có yêu cầu xác minh/cung cấp thông tin nhưng chưa đủ dữ kiện kết luận lừa đảo.,xác minh; thông tin cá nhân; trong hôm nay,Cần kiểm tra nguồn gửi. Không cung cấp thông tin nhạy cảm nếu chưa xác minh.,uncertainty; possible_social_engineering,privacy_leak,general,NORTH,NO_DIACRITICS,self_created_long_context_based_on_public_warning_taxonomy,self-created,True,no_pii,valid
FINAL_001346,SUSPICIOUS_0190,Bac xac minh tai khoan giup ben em trong hom nay nhe phản hồi sớm giúp em nha.,SUSPICIOUS,UNKNOWN,MEDIUM,Nội dung có yêu cầu xác minh hoặc cung cấp thông tin nhưng chưa đủ bằng chứng kết luận lừa đảo.,xác minh; thông tin cá nhân; đường dẫn; phản hồi sớm,Cần kiểm tra nguồn gửi. Không cung cấp thông tin nhạy cảm nếu chưa xác minh.,uncertainty; possible_social_engineering,privacy_leak,general,NORTH,NO_DIACRITICS,vietnamese_synthetic,self-created,True,no_pii,valid
FINAL_001233,SELF_SAFE_0044,"Bai dang cua to dan pho nhac nguoi dan canh giac voi cuoc goi tu xung cong an va khong chuyen tien theo huong dan qua dien thoai. Noi dung la tuyen truyen phong tranh, khong phai yeu cau thuc hien giao dich. Mã tình huống tham khảo: SELF_000284.",SAFE,NONE,LOW,"Nội dung cảnh báo cộng đồng, không phải hành vi lừa đảo trực tiếp.",cảnh giác; không chuyển tiền; tuyên truyền phòng tránh,"Không cần cảnh báo mạnh. Có thể tiếp tục trò chuyện bình thường, nhưng vẫn nhắc người dùng không chia sẻ OTP nếu cần.",none,none,general,SOUTH,TYPO,self_created_long_context_hard_negative,self-created,True,no_pii,train
FINAL_000861,EMERGENCY_MONEY_0365,"Chú ơi con bị tai nạn, gửi tiền ngay vào số tài khoản này giúp con Xử lý trong hôm nay giúp cháu.",SCAM,EMERGENCY_MONEY,HIGH,"Giả danh người thân, tạo tình huống khẩn cấp và yêu cầu chuyển tiền.",cấp cứu; chuyển gấp; đừng gọi lại; khẩn cấp,Không chuyển tiền vội. Gọi trực tiếp cho người thân qua số quen thuộc để xác minh.,urgency; trust_abuse; secrecy,financial_loss,elderly,SOUTH,NONE,vietnamese_synthetic,self-created,True,no_pii,train
FINAL_000378,SAFE_0317,"Con đặt xe cho o rồi, tài xế sẽ đến trong 10 phút ạ.",SAFE,NONE,LOW,Nội dung bình thường hoặc không có yêu cầu nguy hiểm.,,Không cần cảnh báo. Có thể tiếp tục trò chuyện bình thường.,none,none,general,CENTRAL,NONE,vietnamese_synthetic,self-created,True,no_pii,train
FINAL_001356,SAFE_0350,Con gửi link bài báo này cho o đọc thử.,SAFE,NONE,LOW,Nội dung bình thường hoặc không có yêu cầu nguy hiểm.,,Không cần cảnh báo. Có thể tiếp tục trò chuyện bình thường.,none,none,general,CENTRAL,NONE,vietnamese_synthetic,self-created,True,no_pii,train
FINAL_000684,SAFE_0390,Mai con về nhà ăn cơm với ba mẹ Mã tham chiếu 990.,SAFE,NONE,LOW,Nội dung bình thường hoặc không có yêu cầu nguy hiểm.,,Không cần cảnh báo. Có thể tiếp tục trò chuyện bình thường.,none,none,general,CENTRAL,NONE,vietnamese_synthetic,self-created,True,no_pii,train
FINAL_001033,SAFE_0092,"Hôm nay trời mưa, cô nhớ mang áo mưa nha.",SAFE,NONE,LOW,Nội dung bình thường hoặc không có yêu cầu nguy hiểm.,,Không cần cảnh báo. Có thể tiếp tục trò chuyện bình thường.,none,none,general,NORTH,NONE,vietnamese_synthetic,self-created,True,no_pii,train
FINAL_000231,SELF_SAFE_0036,"Bài đăng của tổ dân phố nhắc người dân cảnh giác với cuộc gọi tự xưng công an và không chuyển tiền theo hướng dẫn qua điện thoại. Nội dung là tuyên truyền phòng tránh, không phải yêu cầu thực hiện giao dịch. Mã tình huống tham khảo: SELF_000276.",SAFE,NONE,LOW,"Nội dung cảnh báo cộng đồng, không phải hành vi lừa đảo trực tiếp.",cảnh giác; không chuyển tiền; tuyên truyền phòng tránh,"Không cần cảnh báo mạnh. Có thể tiếp tục trò chuyện bình thường, nhưng vẫn nhắc người dùng không chia sẻ OTP nếu cần.",none,none,general,SOUTH,NONE,self_created_long_context_hard_negative,self-created,True,no_pii,train
FINAL_000340,EMERGENCY_MONEY_0193,"Mẹ ơi con đang cấp cứu, chuyển gấp cho con 5 triệu, đừng gọi lại Làm ngay giúp bên cháu.",SCAM,EMERGENCY_MONEY,HIGH,"Giả danh người thân, tạo tình huống khẩn cấp và yêu cầu chuyển tiền.",cấp cứu; chuyển gấp; đừng gọi lại; khẩn cấp,Không chuyển tiền vội. Gọi trực tiếp cho người thân qua số quen thuộc để xác minh.,urgency; trust_abuse; secrecy,financial_loss,elderly,STANDARD,NONE,vietnamese_synthetic,self-created,True,no_pii,train
FINAL_000243,PRIZE_GIFT_0234,"Chuc mung co da trung xe may, bam <LINK> de nhan qua.",SCAM,PRIZE_GIFT,HIGH,Dùng quà tặng hoặc trúng thưởng để dụ cung cấp thông tin hoặc chuyển phí.,trúng thưởng; nhận quà; đóng phí; chuyển phí,Không chuyển phí hoặc cung cấp thông tin cá nhân để nhận quà không rõ nguồn.,greed; urgency,financial_loss; privacy_leak,elderly,NORTH,TYPO,vietnamese_synthetic,self-created,True,no_pii,train
FINAL_000007,SELF_SUSPICIOUS_0045,"Tin nhắn báo cô có giao dịch cần xác nhận và yêu cầu phản hồi sớm. Nội dung không có logo chính thức, không nói rõ N.H nào và có kèm một đường dẫn rút gọn. Trường hợp này chưa chắc là lừa đảo nhưng không nên bấm link ngay.",SUSPICIOUS,UNKNOWN,MEDIUM,Có yêu cầu xác minh/cung cấp thông tin nhưng chưa đủ dữ kiện kết luận lừa đảo.,xác minh; thông tin cá nhân; trong hôm nay,Cần kiểm tra nguồn gửi. Không cung cấp thông tin nhạy cảm nếu chưa xác minh.,uncertainty; possible_social_engineering,privacy_leak,general,NORTH,OBFUSCATION,self_created_long_context_based_on_public_warning_taxonomy,self-created,True,no_pii,test
FINAL_001481,PHISHING_LINK_0596,Chú bấm link <LINK> để verify tài khoản trước khi bị khóa.,SCAM,PHISHING_LINK,HIGH,Dụ người dùng bấm link lạ để đánh cắp thông tin.,<LINK>; bấm link; đăng nhập,Không bấm link lạ. Chỉ truy cập website hoặc ứng dụng chính thức.,technical_confusion; urgency,credential_theft; malware_install,elderly,SOUTH,CODE_SWITCHING,vietnamese_synthetic,self-created,True,no_pii,train
FINAL_000444,OTP_BANK_0533,"Tài khoản của chú đang bị khóa, gửi mã xác nhận để mở lại. please check now",SCAM,OTP_BANK,HIGH,Yêu cầu cung cấp OTP hoặc mã xác nhận ngân hàng.,mã OTP; mã xác nhận; dãy 6 số,Không cung cấp OTP hoặc mã xác nhận. Gọi trực tiếp ngân hàng để kiểm tra.,urgency; technical_confusion,credential_theft,elderly,SOUTH,CODE_SWITCHING,vietnamese_synthetic,self-created,True,no_pii,train
FINAL_000986,SUSPICIOUS_0189,Má gửi thông tin để bên em cập nhật hồ sơ để bên em kiểm tra lại.,SUSPICIOUS,UNKNOWN,MEDIUM,Nội dung có yêu cầu xác minh hoặc cung cấp thông tin nhưng chưa đủ bằng chứng kết luận lừa đảo.,xác minh; thông tin cá nhân; đường dẫn; phản hồi sớm,Cần kiểm tra nguồn gửi. Không cung cấp thông tin nhạy cảm nếu chưa xác minh.,uncertainty; possible_social_engineering,privacy_leak,general,SOUTH,NONE,vietnamese_synthetic,self-created,True,no_pii,valid
FINAL_001535,PRIZE_GIFT_0534,"Chuc mung co da trung xe may, bam <LINK> de nhan qua Làm ngay giúp bên cháu.",SCAM,PRIZE_GIFT,HIGH,Dùng quà tặng hoặc trúng thưởng để dụ cung cấp thông tin hoặc chuyển phí.,trúng thưởng; nhận quà; đóng phí; chuyển phí,Không chuyển phí hoặc cung cấp thông tin cá nhân để nhận quà không rõ nguồn.,greed; urgency,financial_loss; privacy_leak,elderly,NORTH,TYPO,vietnamese_synthetic,self-created,True,no_pii,train
FINAL_001357,PHISHING_LINK_0334,Vui lòng truy cập <LINK> để nhận hỗ trợ hoàn tiền Vui lòng làm ngay để tránh mất quyền lợi.,SCAM,PHISHING_LINK,HIGH,Dụ người dùng bấm link lạ để đánh cắp thông tin.,<LINK>; bấm link; đăng nhập,Không bấm link lạ. Chỉ truy cập website hoặc ứng dụng chính thức.,technical_confusion; urgency,credential_theft; malware_install,elderly,CENTRAL,OBFUSCATION,vietnamese_synthetic,self-created,True,no_pii,test
FINAL_000702,EMERGENCY_MONEY_0583,"Con đang gặp chuyện gấp, cô chuyển khoản liền cho con 10 triệu nha.",SCAM,EMERGENCY_MONEY,HIGH,"Giả danh người thân, tạo tình huống khẩn cấp và yêu cầu chuyển tiền.",cấp cứu; chuyển gấp; đừng gọi lại; khẩn cấp,Không chuyển tiền vội. Gọi trực tiếp cho người thân qua số quen thuộc để xác minh.,urgency; trust_abuse; secrecy,financial_loss,elderly,NORTH,OBFUSCATION,vietnamese_synthetic,self-created,True,no_pii,test
FINAL_001001,SELF_INVESTMENT_0012,"Một bài cảnh báo trên mạng xã hội tóm tắt sự việc: người lạ khoe nhiều ảnh người khác rút lãi để tạo lòng tin. Nội dung sau đó chuyển sang yêu cầu đề nghị mệ tăng vốn nếu muốn rút khoản lãi đang treo. Khi mệ muốn rút tiền, họ yêu cầu đóng thêm phí xm. Bài viết khuyên người đọc nên xm với người thân trước khi làm theo.",SCAM,INVESTMENT,HIGH,"Hứa lợi nhuận cao bất thường, cam kết không rủi ro và yêu cầu nạp tiền.",lợi nhuận cao; cam kết lãi; nạp tiền; chuyên gia hỗ trợ,Không nạp tiền vào sàn/nhóm đầu tư không rõ pháp lý. Hỏi người thân hoặc chuyên gia tài chính.,greed; false_promise; social_proof,financial_loss,elderly,CENTRAL,ABBREVIATION,self_created_long_context_based_on_public_warning_taxonomy,self-created,True,no_pii,valid
FINAL_001167,PRIZE_GIFT_0235,"Bên em tặng cô phần quà tri ân, cần cung cấp thông tin cá nhân để nhận Bên cháu đang chờ phản hồi.",SCAM,PRIZE_GIFT,HIGH,Dùng quà tặng hoặc trúng thưởng để dụ cung cấp thông tin hoặc chuyển phí.,trúng thưởng; nhận quà; đóng phí; chuyển phí,Không chuyển phí hoặc cung cấp thông tin cá nhân để nhận quà không rõ nguồn.,greed; urgency,financial_loss; privacy_leak,elderly,STANDARD,ABBREVIATION,vietnamese_synthetic,self-created,True,no_pii,train
FINAL_001521,SAFE_0210,Mai con về nhà ăn cơm với ba mẹ Mã tham chiếu 810.,SAFE,NONE,LOW,Nội dung bình thường hoặc không có yêu cầu nguy hiểm.,,Không cần cảnh báo. Có thể tiếp tục trò chuyện bình thường.,none,none,general,SOUTH,NONE,vietnamese_synthetic,self-created,True,no_pii,train
FINAL_001106,SELF_LOAN_SCAM_0001,Bài chia sẻ mô tả một trường hợp người cao tuổi nhận được cuộc gọi lạ: người gọi quảng cáo hỗ trợ người cao tuổi vay tiêu dùng lãi thấp. Sau đó họ bắt cô nộp thêm tiền vì nhập sai số t.khoản nhận vay. Họ nói nếu không đóng phí ngay thì khoản vay sẽ bị hủy. Gia đình nghi ngờ đây là tình huống lừa đảo vì nội dung tạo áp lực và yêu cầu hành động liên quan đến tiền hoặc thông tin nhạy cảm.,SCAM,LOAN_SCAM,HIGH,"Lừa vay tiền nhanh, yêu cầu phí trước hoặc thu thập giấy tờ cá nhân.",duyệt vay; phí hồ sơ; phí bảo hiểm; giải ngân; CCCD,Không gửi giấy tờ cá nhân hoặc đóng phí trước cho dịch vụ vay không rõ nguồn.,financial_pressure; urgency; false_promise,financial_loss; identity_theft,elderly,SOUTH,OBFUSCATION,self_created_long_context_based_on_public_warning_taxonomy,self-created,True,no_pii,train
FINAL_001604,SAFE_0384,"Con đặt xe cho chú rồi, tài xế sẽ đến trong 10 phút để con yên tâm nha.",SAFE,NONE,LOW,Nội dung bình thường hoặc không có yêu cầu nguy hiểm.,,Không cần cảnh báo. Có thể tiếp tục trò chuyện bình thường.,none,none,general,SOUTH,NONE,vietnamese_synthetic,self-created,True,no_pii,valid
FINAL_001052,SUSPICIOUS_0058,Bác gửi thông tin để bên em cập nhật hồ sơ trong hôm nay giúp em.,SUSPICIOUS,UNKNOWN,MEDIUM,Nội dung có yêu cầu xác minh hoặc cung cấp thông tin nhưng chưa đủ bằng chứng kết luận lừa đảo.,xác minh; thông tin cá nhân; đường dẫn; phản hồi sớm,Cần kiểm tra nguồn gửi. Không cung cấp thông tin nhạy cảm nếu chưa xác minh.,uncertainty; possible_social_engineering,privacy_leak,general,CENTRAL,NONE,vietnamese_synthetic,self-created,True,no_pii,valid
FINAL_001192,SUSPICIOUS_0181,Cô xác minh tài khoản giúp bên em trong hôm nay nhé nếu cần em sẽ hướng dẫn thêm.,SUSPICIOUS,UNKNOWN,MEDIUM,Nội dung có yêu cầu xác minh hoặc cung cấp thông tin nhưng chưa đủ bằng chứng kết luận lừa đảo.,xác minh; thông tin cá nhân; đường dẫn; phản hồi sớm,Cần kiểm tra nguồn gửi. Không cung cấp thông tin nhạy cảm nếu chưa xác minh.,uncertainty; possible_social_engineering,privacy_leak,general,NORTH,NONE,vietnamese_synthetic,self-created,True,no_pii,train
FINAL_000818,PHISHING_LINK_0127,Ba cần đăng nhập vào <LINK> để kiểm tra giao dịch bất thường Làm ngay giúp bên cháu.,SCAM,PHISHING_LINK,HIGH,Dụ người dùng bấm link lạ để đánh cắp thông tin.,<LINK>; bấm link; đăng nhập,Không bấm link lạ. Chỉ truy cập website hoặc ứng dụng chính thức.,technical_confusion; urgency,credential_theft; malware_install,elderly,SOUTH,OBFUSCATION,vietnamese_synthetic,self-created,True,no_pii,train
FINAL_001329,FAKE_POLICE_0518,"Cô không được nói với ai, hãy chuyển tiền vào tài khoản tạm giữ để phục vụ xác minh.",SCAM,FAKE_POLICE,HIGH,"Giả danh cơ quan chức năng, đe dọa và yêu cầu chuyển tiền.",công an; viện kiểm sát; vụ án; chuyển tiền,Không chuyển tiền. Gọi người thân hoặc cơ quan công an địa phương để xác minh.,authority_impersonation; fear; secrecy,financial_loss,elderly,SOUTH,NONE,vietnamese_synthetic,self-created,True,no_pii,train
FINAL_000303,SAFE_0163,O nhớ uống thuốc đúng giờ nha.,SAFE,NONE,LOW,Nội dung bình thường hoặc không có yêu cầu nguy hiểm.,,Không cần cảnh báo. Có thể tiếp tục trò chuyện bình thường.,none,none,general,CENTRAL,NONE,vietnamese_synthetic,self-created,True,no_pii,valid
FINAL_001352,SELF_INVESTMENT_0010,"Doan tin nhan bat dau bang loi hoi tham suc khoe cua co, sau do nguoi gui moi co tham gia nhom dau tu noi bo co chuyen gia doc lenh. Trong cac tin tiep theo, ho bao co chuyen tien vao <BANK_ACCOUNT> roi cho chuyen gia xu ly. Khi co muon rut tien, ho yeu cau dong them phi xac minh.",SCAM,INVESTMENT,HIGH,"Hứa lợi nhuận cao bất thường, cam kết không rủi ro và yêu cầu nạp tiền.",lợi nhuận cao; cam kết lãi; nạp tiền; chuyên gia hỗ trợ,Không nạp tiền vào sàn/nhóm đầu tư không rõ pháp lý. Hỏi người thân hoặc chuyên gia tài chính.,greed; false_promise; social_proof,financial_loss,elderly,SOUTH,NO_DIACRITICS,self_created_long_context_based_on_public_warning_taxonomy,self-created,True,no_pii,train
FINAL_001591,LOAN_SCAM_0239,O muốn vay nhanh không cần gặp mặt thì gửi CCCD và phí hồ sơ trước.,SCAM,LOAN_SCAM,HIGH,"Lừa vay tiền, yêu cầu đóng phí trước hoặc gửi giấy tờ cá nhân.",đóng phí; giải ngân; gửi CCCD; phí hồ sơ,Không gửi giấy tờ cá nhân hoặc đóng phí trước cho dịch vụ vay không rõ nguồn.,financial_pressure; urgency,financial_loss; identity_theft,elderly,CENTRAL,NONE,vietnamese_synthetic,self-created,True,no_pii,train
FINAL_001130,EMERGENCY_MONEY_0006,"Mẹ ơi con đang cấp cứu, chuyển gấp cho con 5 triệu, đừng gọi lại.",SCAM,EMERGENCY_MONEY,HIGH,"Giả danh người thân, tạo tình huống khẩn cấp và yêu cầu chuyển tiền.",cấp cứu; chuyển gấp; đừng gọi lại; khẩn cấp,Không chuyển tiền vội. Gọi trực tiếp cho người thân qua số quen thuộc để xác minh.,urgency; trust_abuse; secrecy,financial_loss,elderly,NORTH,NONE,vietnamese_synthetic,self-created,True,no_pii,test
FINAL_000758,SAFE_0339,"Hôm nay trời mưa, chú nhớ mang áo mưa nhé.",SAFE,NONE,LOW,Nội dung bình thường hoặc không có yêu cầu nguy hiểm.,,Không cần cảnh báo. Có thể tiếp tục trò chuyện bình thường.,none,none,general,NORTH,NONE,vietnamese_synthetic,self-created,True,no_pii,valid
FINAL_000468,LOAN_SCAM_0252,"Bên em hỗ trợ vay gấp, o đóng phí mở hồ sơ là nhận tiền trong ngày Làm ngay giúp bên cháu.",SCAM,LOAN_SCAM,HIGH,"Lừa vay tiền, yêu cầu đóng phí trước hoặc gửi giấy tờ cá nhân.",đóng phí; giải ngân; gửi CCCD; phí hồ sơ,Không gửi giấy tờ cá nhân hoặc đóng phí trước cho dịch vụ vay không rõ nguồn.,financial_pressure; urgency,financial_loss; identity_theft,elderly,CENTRAL,OBFUSCATION,vietnamese_synthetic,self-created,True,no_pii,train
FINAL_000716,SELF_FAKE_POLICE_0010,"Đoạn tin nhắn bắt đầu bằng lời hỏi thăm sức khỏe của chú, sau đó người gửi tự xưng là cán bộ công an đang điều tra đường dây rửa tiền. Trong các tin tiếp theo, họ bắt chú cài ứng dụng lạ để khai báo tài sản và số dư N.H. Họ dọa nếu chú kể với con cháu thì sẽ bị xử lý vì làm lộ bí mật điều tra.",SCAM,FAKE_POLICE,HIGH,Giả danh công an/viện kiểm sát/tòa án để đe dọa và yêu cầu chuyển tiền.,công an; viện kiểm sát; vụ án; chuyển tiền; không được nói với ai,Không chuyển tiền. Cúp máy và liên hệ công an địa phương hoặc người thân để xác minh.,authority_impersonation; fear; secrecy; urgency,financial_loss; psychological_pressure,elderly,NORTH,OBFUSCATION,self_created_long_context_based_on_public_warning_taxonomy,self-created,True,no_pii,train
FINAL_000914,SAFE_0118,"Ma don hang cua co la 123456, hang se giao trong hom nay nha.",SAFE,NONE,LOW,Nội dung bình thường hoặc không có yêu cầu nguy hiểm.,,Không cần cảnh báo. Có thể tiếp tục trò chuyện bình thường.,none,none,general,NORTH,NO_DIACRITICS,vietnamese_synthetic,self-created,True,no_pii,test
FINAL_000084,SAFE_0096,"Ma don hang cua chu la 123456, hang se giao trong hom nay.",SAFE,NONE,LOW,Nội dung bình thường hoặc không có yêu cầu nguy hiểm.,,Không cần cảnh báo. Có thể tiếp tục trò chuyện bình thường.,none,none,general,NORTH,TYPO,vietnamese_synthetic,self-created,True,no_pii,train
FINAL_000672,SAFE_0291,"Ngân hàng thông báo bảo trì hệ thống vào tối nay, không yêu cầu cung cấp thông tin Mã tham chiếu 891.",SAFE,NONE,LOW,Nội dung bình thường hoặc không có yêu cầu nguy hiểm.,,Không cần cảnh báo. Có thể tiếp tục trò chuyện bình thường.,none,none,general,CENTRAL,NONE,vietnamese_synthetic,self-created,True,no_pii,train
FINAL_001250,SELF_SUSPICIOUS_0028,"Bài chia sẻ kể có nhân viên tự xưng bên dịch vụ khách hàng gọi đến, nói sẽ hỗ trợ cập nhật thông tin cho mệ. Người này nói chuyện khá lịch sự nhưng dùng số lạ và không cung cấp được mã nhân viên. Chưa có yêu cầu tiền, nhưng có dấu hiệu cần cảnh giác.",SUSPICIOUS,UNKNOWN,MEDIUM,Có yêu cầu xác minh/cung cấp thông tin nhưng chưa đủ dữ kiện kết luận lừa đảo.,xác minh; thông tin cá nhân; trong hôm nay,Cần kiểm tra nguồn gửi. Không cung cấp thông tin nhạy cảm nếu chưa xác minh.,uncertainty; possible_social_engineering,privacy_leak,general,CENTRAL,OBFUSCATION,self_created_long_context_based_on_public_warning_taxonomy,self-created,True,no_pii,train
FINAL_001298,EMERGENCY_MONEY_0291,"Mẹ ơi con đang cấp cứu, chuyển gấp cho con 5 triệu, đừng gọi lại. please check now",SCAM,EMERGENCY_MONEY,HIGH,"Giả danh người thân, tạo tình huống khẩn cấp và yêu cầu chuyển tiền.",cấp cứu; chuyển gấp; đừng gọi lại; khẩn cấp,Không chuyển tiền vội. Gọi trực tiếp cho người thân qua số quen thuộc để xác minh.,urgency; trust_abuse; secrecy,financial_loss,elderly,SOUTH,CODE_SWITCHING,vietnamese_synthetic,self-created,True,no_pii,train
FINAL_000864,SAFE_0088,"Ma don hang cua co la 123456, hang se giao trong hom nay.",SAFE,NONE,LOW,Nội dung bình thường hoặc không có yêu cầu nguy hiểm.,,Không cần cảnh báo. Có thể tiếp tục trò chuyện bình thường.,none,none,general,STANDARD,TYPO,vietnamese_synthetic,self-created,True,no_pii,test
FINAL_000792,SELF_SUSPICIOUS_0046,"Mot nguoi nhan cho chu noi ho so tai khoan can xac minh lai trong hom nay. Ho chua yeu cau OTP hay chuyen tien, nhung de nghi chu chuan bi so can cuoc va thong tin ngan hang. Noi dung thieu ten don vi ro rang nen can kiem tra lai nguon gui.",SUSPICIOUS,UNKNOWN,MEDIUM,Có yêu cầu xác minh/cung cấp thông tin nhưng chưa đủ dữ kiện kết luận lừa đảo.,xác minh; thông tin cá nhân; trong hôm nay,Cần kiểm tra nguồn gửi. Không cung cấp thông tin nhạy cảm nếu chưa xác minh.,uncertainty; possible_social_engineering,privacy_leak,general,SOUTH,NO_DIACRITICS,self_created_long_context_based_on_public_warning_taxonomy,self-created,True,no_pii,train
FINAL_000044,INVESTMENT_0551,"Cô tham gia nhóm đầu tư nội bộ, lợi nhuận chắc chắn không rủi ro.",SCAM,INVESTMENT,HIGH,Hứa lợi nhuận cao bất thường và yêu cầu nạp/chuyển tiền.,lãi 30%; lợi nhuận cao; nạp tiền; chuyển tiền,Không chuyển tiền vào kênh đầu tư không rõ pháp lý. Hỏi người thân hoặc chuyên gia tài chính.,greed; false_promise,financial_loss,elderly,NORTH,NONE,vietnamese_synthetic,self-created,True,no_pii,train
FINAL_000236,PRIZE_GIFT_0455,"Bên em tặng cô phần quà tri ân, cần cung cấp thông tin cá nhân để nhận Không nên chia sẻ việc này với ai.",SCAM,PRIZE_GIFT,HIGH,Dùng quà tặng hoặc trúng thưởng để dụ cung cấp thông tin hoặc chuyển phí.,trúng thưởng; nhận quà; đóng phí; chuyển phí,Không chuyển phí hoặc cung cấp thông tin cá nhân để nhận quà không rõ nguồn.,greed; urgency,financial_loss; privacy_leak,elderly,STANDARD,NONE,vietnamese_synthetic,self-created,True,no_pii,valid
FINAL_001577,PHISHING_LINK_0122,Chú cần đăng nhập vào <LINK> để kiểm tra giao dịch bất thường.,SCAM,PHISHING_LINK,HIGH,Dụ người dùng bấm link lạ để đánh cắp thông tin.,<LINK>; bấm link; đăng nhập,Không bấm link lạ. Chỉ truy cập website hoặc ứng dụng chính thức.,technical_confusion; urgency,credential_theft; malware_install,elderly,STANDARD,NONE,vietnamese_synthetic,self-created,True,no_pii,test
FINAL_001289,SAFE_0213,"Con đặt xe cho o rồi, tài xế sẽ đến trong 10 phút nha.",SAFE,NONE,LOW,Nội dung bình thường hoặc không có yêu cầu nguy hiểm.,,Không cần cảnh báo. Có thể tiếp tục trò chuyện bình thường.,none,none,general,CENTRAL,NONE,vietnamese_synthetic,self-created,True,no_pii,train
FINAL_000670,SELF_PHISHING_LINK_0012,"Một bài cảnh báo trên mạng xã hội tóm tắt sự việc: người lạ gửi thông báo hoàn tiền điện/nước và yêu cầu xác nhận qua đường dẫn. Nội dung sau đó chuyển sang yêu cầu bảo cô nhập số điện thoại, căn cước và mã xác nhận trên trang lạ. Họ nhấn mạnh đây là bước bắt buộc để tránh khóa tài khoản. Bài viết khuyên người đọc nên xác minh với người thân trước khi làm theo.",SCAM,PHISHING_LINK,HIGH,Dụ bấm link lạ để đăng nhập/cập nhật thông tin và đánh cắp dữ liệu.,<LINK>; bấm link; cập nhật thông tin; đăng nhập,Không bấm link lạ. Mở ứng dụng chính thức hoặc gõ trực tiếp địa chỉ website chính thức.,technical_confusion; urgency; false_promise,credential_theft; privacy_leak; malware_install,elderly,NORTH,NONE,self_created_long_context_based_on_public_warning_taxonomy,self-created,True,no_pii,train
FINAL_001038,SUSPICIOUS_0084,Em co co hoi dau tu muon gioi thieu cho bac.,SUSPICIOUS,UNKNOWN,MEDIUM,Nội dung có yêu cầu xác minh hoặc cung cấp thông tin nhưng chưa đủ bằng chứng kết luận lừa đảo.,xác minh; thông tin cá nhân; đường dẫn; phản hồi sớm,Cần kiểm tra nguồn gửi. Không cung cấp thông tin nhạy cảm nếu chưa xác minh.,uncertainty; possible_social_engineering,privacy_leak,general,CENTRAL,TYPO,vietnamese_synthetic,self-created,True,no_pii,train
FINAL_000217,SAFE_0212,Mai con về nhà ăn cơm với ba mẹ Mã tham chiếu 812.,SAFE,NONE,LOW,Nội dung bình thường hoặc không có yêu cầu nguy hiểm.,,Không cần cảnh báo. Có thể tiếp tục trò chuyện bình thường.,none,none,general,CENTRAL,NONE,vietnamese_synthetic,self-created,True,no_pii,train
FINAL_000300,OTP_BANK_0548,"Tài khoản của o đang bị khóa, gửi mã xác nhận để mở lại.",SCAM,OTP_BANK,HIGH,Yêu cầu cung cấp OTP hoặc mã xác nhận ngân hàng.,mã OTP; mã xác nhận; dãy 6 số,Không cung cấp OTP hoặc mã xác nhận. Gọi trực tiếp ngân hàng để kiểm tra.,urgency; technical_confusion,credential_theft,elderly,CENTRAL,ABBREVIATION,vietnamese_synthetic,self-created,True,no_pii,train
FINAL_001058,SAFE_0205,Bac kiem tra giup con lich hen kham benh ngai mai nhe nha.,SAFE,NONE,LOW,Nội dung bình thường hoặc không có yêu cầu nguy hiểm.,,Không cần cảnh báo. Có thể tiếp tục trò chuyện bình thường.,none,none,general,CENTRAL,TYPO,vietnamese_synthetic,self-created,True,no_pii,valid
FINAL_000466,SAFE_0358,"Con đặt xe cho má rồi, tài xế sẽ đến trong 10 phút nhé.",SAFE,NONE,LOW,Nội dung bình thường hoặc không có yêu cầu nguy hiểm.,,Không cần cảnh báo. Có thể tiếp tục trò chuyện bình thường.,none,none,general,SOUTH,NONE,vietnamese_synthetic,self-created,True,no_pii,test
FINAL_000351,SUSPICIOUS_0010,Em có cơ hội đầu tư muốn giới thiệu cho mệ.,SUSPICIOUS,UNKNOWN,MEDIUM,Nội dung có yêu cầu xác minh hoặc cung cấp thông tin nhưng chưa đủ bằng chứng kết luận lừa đảo.,xác minh; thông tin cá nhân; đường dẫn; phản hồi sớm,Cần kiểm tra nguồn gửi. Không cung cấp thông tin nhạy cảm nếu chưa xác minh.,uncertainty; possible_social_engineering,privacy_leak,general,CENTRAL,OBFUSCATION,vietnamese_synthetic,self-created,True,no_pii,valid
FINAL_001268,SAFE_0246,O nhớ uống thuốc đúng giờ nha nha.,SAFE,NONE,LOW,Nội dung bình thường hoặc không có yêu cầu nguy hiểm.,,Không cần cảnh báo. Có thể tiếp tục trò chuyện bình thường.,none,none,general,CENTRAL,NONE,vietnamese_synthetic,self-created,True,no_pii,train
FINAL_001213,FAKE_POLICE_0092,"Chu dang bi nghi ngo lien quan duong day lua dao, can lam theo huong dan ngai.",SCAM,FAKE_POLICE,HIGH,"Giả danh cơ quan chức năng, đe dọa và yêu cầu chuyển tiền.",công an; viện kiểm sát; vụ án; chuyển tiền,Không chuyển tiền. Gọi người thân hoặc cơ quan công an địa phương để xác minh.,authority_impersonation; fear; secrecy,financial_loss,elderly,SOUTH,TYPO,vietnamese_synthetic,self-created,True,no_pii,train
FINAL_000270,JOB_SCAM_0142,"Bac chi can lam nhiem vu online, nap truoc 300 nghin de nhan viec.",SCAM,JOB_SCAM,MEDIUM,"Lừa việc làm online, yêu cầu đóng phí hoặc nạp tiền trước.",nạp trước; đóng phí; kích hoạt tài khoản,Không đóng phí để nhận việc. Kiểm tra công ty và hợp đồng rõ ràng.,financial_pressure; false_promise,financial_loss,elderly,CENTRAL,TYPO,vietnamese_synthetic,self-created,True,no_pii,train
FINAL_001246,OTP_BANK_0241,"Ngan hang can kiem tra bao mat, chu cung cap ma OTP ngai de tranh khoa tai khoan.",SCAM,OTP_BANK,HIGH,Yêu cầu cung cấp OTP hoặc mã xác nhận ngân hàng.,mã OTP; mã xác nhận; dãy 6 số,Không cung cấp OTP hoặc mã xác nhận. Gọi trực tiếp ngân hàng để kiểm tra.,urgency; technical_confusion,credential_theft,elderly,STANDARD,TYPO,vietnamese_synthetic,self-created,True,no_pii,train
FINAL_001581,INVESTMENT_0084,"Ba tham gia nhom dau tu noi bo, loi nhuan chac chan khong rui ro.",SCAM,INVESTMENT,HIGH,Hứa lợi nhuận cao bất thường và yêu cầu nạp/chuyển tiền.,lãi 30%; lợi nhuận cao; nạp tiền; chuyển tiền,Không chuyển tiền vào kênh đầu tư không rõ pháp lý. Hỏi người thân hoặc chuyên gia tài chính.,greed; false_promise,financial_loss,elderly,SOUTH,TYPO,vietnamese_synthetic,self-created,True,no_pii,train
FINAL_001478,SELF_DEEPFAKE_CALL_0002,"Doan tin nhan bat dau bang loi hoi tham suc khoe cua o, sau do nguoi gui giong noi trong cuoc goi nghe giong con cua o, noi dang gap viec gap. Trong cac tin tiep theo, ho de nghi o gui ma xac nhan de lay lai tai khoang cho nguoi than. Khi o hoi them, nguoi kia ne tranh va chi thuc chuyen tien.",SCAM,DEEPFAKE_CALL,HIGH,Dùng cuộc gọi video/giọng nói giống người quen để yêu cầu tiền hoặc thông tin.,video mờ; giọng giống người thân; chuyển gấp; không gọi lại,Gọi lại bằng số quen thuộc hoặc hỏi câu riêng tư để xác minh. Không chuyển tiền trong lúc cuộc gọi chưa rõ.,trust_abuse; urgency; technical_deception,financial_loss,elderly,CENTRAL,TYPO,self_created_long_context_based_on_public_warning_taxonomy,self-created,True,no_pii,train
FINAL_000929,JOB_SCAM_0481,"Viec nhe luong cao, o dong phi ho so la co the bat dau ngay Làm ngay giúp bên cháu.",SCAM,JOB_SCAM,MEDIUM,"Lừa việc làm online, yêu cầu đóng phí hoặc nạp tiền trước.",nạp trước; đóng phí; kích hoạt tài khoản,Không đóng phí để nhận việc. Kiểm tra công ty và hợp đồng rõ ràng.,financial_pressure; false_promise,financial_loss,elderly,CENTRAL,NO_DIACRITICS,vietnamese_synthetic,self-created,True,no_pii,train
FINAL_001327,EMERGENCY_MONEY_0311,"Mẹ ơi con đang cấp cứu, chuyển gấp cho con 5 triệu, đừng gọi lại Bên cháu đang chờ phản hồi.",SCAM,EMERGENCY_MONEY,HIGH,"Giả danh người thân, tạo tình huống khẩn cấp và yêu cầu chuyển tiền.",cấp cứu; chuyển gấp; đừng gọi lại; khẩn cấp,Không chuyển tiền vội. Gọi trực tiếp cho người thân qua số quen thuộc để xác minh.,urgency; trust_abuse; secrecy,financial_loss,elderly,CENTRAL,NONE,vietnamese_synthetic,self-created,True,no_pii,train
FINAL_001574,PHISHING_LINK_0087,Bác bấm link <LINK> để xác minh tài khoản trước khi bị khóa Làm ngay giúp bên cháu.,SCAM,PHISHING_LINK,HIGH,Dụ người dùng bấm link lạ để đánh cắp thông tin.,<LINK>; bấm link; đăng nhập,Không bấm link lạ. Chỉ truy cập website hoặc ứng dụng chính thức.,technical_confusion; urgency,credential_theft; malware_install,elderly,NORTH,NONE,vietnamese_synthetic,self-created,True,no_pii,valid
FINAL_001300,SELF_HEALTH_PRODUCT_0010,"Bác kể lại rằng có người gọi điện trong lúc ở nhà một mình. Người này họ đưa nhiều lời chứng thực từ người lớn tuổi khác để tạo niềm tin, nói chuyện rất tự tin và dùng nhiều từ ngữ giống cơ quan chính thức. Tiếp theo họ xin thông tin cá nhân và số điện thoại người quen để tư vấn tiếp. Họ nói ưu đãi chỉ áp dụng tại chỗ và không cho mang tài liệu về hỏi bác sĩ. Please check now.",SCAM,HEALTH_PRODUCT,MEDIUM,Dụ người cao tuổi mua sản phẩm sức khỏe/đa cấp bằng cam kết chữa bệnh hoặc lợi nhuận.,hội thảo miễn phí; thuốc chữa bệnh; đặt cọc; lợi nhuận,Không mua thuốc/sản phẩm sức khỏe không rõ nguồn. Hỏi bác sĩ hoặc người thân trước.,health_anxiety; false_promise; social_proof,financial_loss; health_risk,elderly,STANDARD,CODE_SWITCHING,self_created_long_context_based_on_public_warning_taxonomy,self-created,True,no_pii,train
FINAL_000421,INVESTMENT_0343,"Cơ hội sinh lời bảo đảm, cô chỉ cần ck là có chuyên gia hỗ trợ.",SCAM,INVESTMENT,HIGH,Hứa lợi nhuận cao bất thường và yêu cầu nạp/chuyển tiền.,lãi 30%; lợi nhuận cao; nạp tiền; chuyển tiền,Không chuyển tiền vào kênh đầu tư không rõ pháp lý. Hỏi người thân hoặc chuyên gia tài chính.,greed; false_promise,financial_loss,elderly,NORTH,ABBREVIATION,vietnamese_synthetic,self-created,True,no_pii,valid
FINAL_000336,LOAN_SCAM_0282,"Ben em ho tro vay gap, ma dong phi mo ho so la nhan tien trong ngay.",SCAM,LOAN_SCAM,HIGH,"Lừa vay tiền, yêu cầu đóng phí trước hoặc gửi giấy tờ cá nhân.",đóng phí; giải ngân; gửi CCCD; phí hồ sơ,Không gửi giấy tờ cá nhân hoặc đóng phí trước cho dịch vụ vay không rõ nguồn.,financial_pressure; urgency,financial_loss; identity_theft,elderly,SOUTH,NO_DIACRITICS,vietnamese_synthetic,self-created,True,no_pii,train
FINAL_001223,JOB_SCAM_0413,"Viec nhe luong cao, chu dong phi ho so la co the bat dau ngay Làm ngay giúp bên cháu.",SCAM,JOB_SCAM,MEDIUM,"Lừa việc làm online, yêu cầu đóng phí hoặc nạp tiền trước.",nạp trước; đóng phí; kích hoạt tài khoản,Không đóng phí để nhận việc. Kiểm tra công ty và hợp đồng rõ ràng.,financial_pressure; false_promise,financial_loss,elderly,SOUTH,NO_DIACRITICS,vietnamese_synthetic,self-created,True,no_pii,train
FINAL_001436,INVESTMENT_0218,"Cô/chú cứ bình tĩnh, bên cháu hỗ trợ nhanh thôi. Bên em có sàn đầu tư lợi nhuận cao, chú nạp tiền sớm để giữ suất. Làm ngay để tránh bị khóa dịch vụ.",SCAM,INVESTMENT,HIGH,Hứa lợi nhuận cao bất thường và yêu cầu nạp/chuyển tiền.,lãi 30%; lợi nhuận cao; nạp tiền; chuyển tiền,Không chuyển tiền vào kênh đầu tư không rõ pháp lý. Hỏi người thân hoặc chuyên gia tài chính.,greed; false_promise,financial_loss,elderly,STANDARD,LONG_CONTEXT,vietnamese_synthetic,self-created,True,no_pii,train
FINAL_000596,SELF_INVESTMENT_0003,"Mot bai canh bao tren mang xa hoi tom tat su viec: nguoi la noi nguoi cao tuoi co tien nhan roi nen gui vao goi loi nhuan on dinh. Noi dung sau do chuyen sang yeu cau yeu cau ba nap 3 trieu de kich hoat tai khoang VIP. Ho cam ket loi nhuan 20-30% moi tuan, nghe rat bat thuong. Bai viet khuyen nguoi doc nen xac mih voi nguoi than truoc khi lam theo.",SCAM,INVESTMENT,HIGH,"Hứa lợi nhuận cao bất thường, cam kết không rủi ro và yêu cầu nạp tiền.",lợi nhuận cao; cam kết lãi; nạp tiền; chuyên gia hỗ trợ,Không nạp tiền vào sàn/nhóm đầu tư không rõ pháp lý. Hỏi người thân hoặc chuyên gia tài chính.,greed; false_promise; social_proof,financial_loss,elderly,SOUTH,TYPO,self_created_long_context_based_on_public_warning_taxonomy,self-created,True,no_pii,test
FINAL_000037,SUSPICIOUS_0171,Bác xác minh tài khoản giúp bên em trong hôm nay nhé Mã tham chiếu 1171.,SUSPICIOUS,UNKNOWN,MEDIUM,Nội dung có yêu cầu xác minh hoặc cung cấp thông tin nhưng chưa đủ bằng chứng kết luận lừa đảo.,xác minh; thông tin cá nhân; đường dẫn; phản hồi sớm,Cần kiểm tra nguồn gửi. Không cung cấp thông tin nhạy cảm nếu chưa xác minh.,uncertainty; possible_social_engineering,privacy_leak,general,STANDARD,NONE,vietnamese_synthetic,self-created,True,no_pii,train
FINAL_000220,SAFE_0043,Chú nhớ uống thuốc đúng giờ nha.,SAFE,NONE,LOW,Nội dung bình thường hoặc không có yêu cầu nguy hiểm.,,Không cần cảnh báo. Có thể tiếp tục trò chuyện bình thường.,none,none,general,SOUTH,NONE,vietnamese_synthetic,self-created,True,no_pii,valid
FINAL_000782,SELF_JOB_SCAM_0016,"Bác kể lại rằng có người gọi điện trong lúc ở nhà một mình. Người này giả danh sàn thương mại điện tử tuyển người xử lý đơn hàng, nói chuyện rất tự tin và dùng nhiều từ ngữ giống cơ quan chính thức. Tiếp theo họ yêu cầu bác gửi thông tin cá nhân để kích hoạt tài khoản cộng tác viên. Ban đầu họ cho nhận vài chục nghìn để tạo lòng tin.",SCAM,JOB_SCAM,MEDIUM,"Lừa tuyển cộng tác viên/việc nhẹ lương cao, yêu cầu nạp tiền hoặc làm nhiệm vụ.",việc nhẹ lương cao; nạp tiền; nhiệm vụ; hoàn tiền,Không đóng phí để nhận việc. Kiểm tra thông tin công ty và hợp đồng rõ ràng.,financial_pressure; false_promise; gamification,financial_loss,elderly,STANDARD,NONE,self_created_long_context_based_on_public_warning_taxonomy,self-created,True,no_pii,train
FINAL_000707,SAFE_0126,Mai con về nhà ăn cơm với ba mẹ tối con gọi lại nhé.,SAFE,NONE,LOW,Nội dung bình thường hoặc không có yêu cầu nguy hiểm.,,Không cần cảnh báo. Có thể tiếp tục trò chuyện bình thường.,none,none,general,NORTH,NONE,vietnamese_synthetic,self-created,True,no_pii,train
FINAL_000923,SAFE_0271,Con gửi link bài báo này cho mệ đọc thử.,SAFE,NONE,LOW,Nội dung bình thường hoặc không có yêu cầu nguy hiểm.,,Không cần cảnh báo. Có thể tiếp tục trò chuyện bình thường.,none,none,general,CENTRAL,NONE,vietnamese_synthetic,self-created,True,no_pii,test
FINAL_000807,SAFE_0006,"Má ơi, tối nay cả nhà gọi video nhé.",SAFE,NONE,LOW,Nội dung bình thường hoặc không có yêu cầu nguy hiểm.,,Không cần cảnh báo. Có thể tiếp tục trò chuyện bình thường.,none,none,general,SOUTH,NONE,vietnamese_synthetic,self-created,True,no_pii,train
FINAL_001348,SUSPICIOUS_0126,Cô xác minh tài khoản giúp bên em trong hôm nay nhé giúp bên em nhé.,SUSPICIOUS,UNKNOWN,MEDIUM,Nội dung có yêu cầu xác minh hoặc cung cấp thông tin nhưng chưa đủ bằng chứng kết luận lừa đảo.,xác minh; thông tin cá nhân; đường dẫn; phản hồi sớm,Cần kiểm tra nguồn gửi. Không cung cấp thông tin nhạy cảm nếu chưa xác minh.,uncertainty; possible_social_engineering,privacy_leak,general,NORTH,NONE,vietnamese_synthetic,self-created,True,no_pii,train
FINAL_001537,SELF_SAFE_0060,"Tin nhắn của con cháu hỏi cô tối nay có muốn gọi video với cả nhà không. Cuộc trò chuyện chỉ xoay quanh chuyện ăn uống, sức khỏe và lịch sinh hoạt. Không có yêu cầu chuyển tiền hay cung cấp thông tin riêng tư. Mã tình huống tham khảo: SELF_000300.",SAFE,NONE,LOW,"Cuộc trò chuyện gia đình bình thường, không chứa dấu hiệu lừa đảo.",ăn uống; sức khỏe; không yêu cầu chuyển tiền,"Không cần cảnh báo mạnh. Có thể tiếp tục trò chuyện bình thường, nhưng vẫn nhắc người dùng không chia sẻ OTP nếu cần.",none,none,general,NORTH,NONE,self_created_long_context_hard_negative,self-created,True,no_pii,train
FINAL_001517,LOAN_SCAM_0486,"Ba được duyệt vay 50 triệu, cần đóng phí bảo hiểm trước để giải ngân.",SCAM,LOAN_SCAM,HIGH,"Lừa vay tiền, yêu cầu đóng phí trước hoặc gửi giấy tờ cá nhân.",đóng phí; giải ngân; gửi CCCD; phí hồ sơ,Không gửi giấy tờ cá nhân hoặc đóng phí trước cho dịch vụ vay không rõ nguồn.,financial_pressure; urgency,financial_loss; identity_theft,elderly,SOUTH,OBFUSCATION,vietnamese_synthetic,self-created,True,no_pii,train
FINAL_000624,SUSPICIOUS_0169,Bác gửi thông tin để bên em cập nhật hồ sơ Mã tham chiếu 1169.,SUSPICIOUS,UNKNOWN,MEDIUM,Nội dung có yêu cầu xác minh hoặc cung cấp thông tin nhưng chưa đủ bằng chứng kết luận lừa đảo.,xác minh; thông tin cá nhân; đường dẫn; phản hồi sớm,Cần kiểm tra nguồn gửi. Không cung cấp thông tin nhạy cảm nếu chưa xác minh.,uncertainty; possible_social_engineering,privacy_leak,general,STANDARD,ABBREVIATION,vietnamese_synthetic,self-created,True,no_pii,train
FINAL_001122,SAFE_0222,"Con đặt xe cho chú rồi, tài xế sẽ đến trong 10 phút ạ.",SAFE,NONE,LOW,Nội dung bình thường hoặc không có yêu cầu nguy hiểm.,,Không cần cảnh báo. Có thể tiếp tục trò chuyện bình thường.,none,none,general,NORTH,NONE,vietnamese_synthetic,self-created,True,no_pii,train
FINAL_000331,FAKE_POLICE_0366,"Bác đang bị nghi ngờ liên quan đường dây lừa đảo, cần làm theo hướng dẫn ngay Làm ngay giúp bên cháu.",SCAM,FAKE_POLICE,HIGH,"Giả danh cơ quan chức năng, đe dọa và yêu cầu chuyển tiền.",công an; viện kiểm sát; vụ án; chuyển tiền,Không chuyển tiền. Gọi người thân hoặc cơ quan công an địa phương để xác minh.,authority_impersonation; fear; secrecy,financial_loss,elderly,NORTH,NONE,vietnamese_synthetic,self-created,True,no_pii,train
FINAL_001598,SELF_JOB_SCAM_0007,"Cô kể lại rằng có người gọi điện trong lúc ở nhà một mình. Người này giả danh sàn thương mại điện tử tuyển người xử lý đơn hàng, nói chuyện rất tự tin và dùng nhiều từ ngữ giống cơ quan chính thức. Tiếp theo họ yêu cầu cô nạp trước 300 nghìn để nhận nhiệm vụ đầu tiên. Sau đó số tiền nhiệm vụ tăng nhanh và không cho rút nếu chưa nạp thêm.",SCAM,JOB_SCAM,MEDIUM,"Lừa tuyển cộng tác viên/việc nhẹ lương cao, yêu cầu nạp tiền hoặc làm nhiệm vụ.",việc nhẹ lương cao; nạp tiền; nhiệm vụ; hoàn tiền,Không đóng phí để nhận việc. Kiểm tra thông tin công ty và hợp đồng rõ ràng.,financial_pressure; false_promise; gamification,financial_loss,elderly,STANDARD,NONE,self_created_long_context_based_on_public_warning_taxonomy,self-created,True,no_pii,train
FINAL_001290,SELF_ROMANCE_SCAM_0005,"Đoạn tin nhắn bắt đầu bằng lời hỏi thăm sức khỏe của o, sau đó người gửi họ nhắn tin nhiều tuần, gọi o bằng lời thân mật để tạo lòng tin. Trong các tin tiếp theo, họ yêu cầu o giữ bí mật vì sợ gia đình hiểu lầm. Họ dùng lời lẽ tình cảm, khiến o ngại từ chối. Please check now.",SCAM,ROMANCE_SCAM,MEDIUM,"Lợi dụng tình cảm/lòng tin để xin tiền, quà hoặc thông tin cá nhân.",quen qua mạng; gửi quà; phí hải quan; cần tiền gấp,Không chuyển tiền cho người quen qua mạng chưa gặp ngoài đời. Hỏi người thân trước khi quyết định.,trust_abuse; emotional_manipulation; false_promise,financial_loss; psychological_pressure,elderly,CENTRAL,CODE_SWITCHING,self_created_long_context_based_on_public_warning_taxonomy,self-created,True,no_pii,test
FINAL_000747,SELF_SAFE_0038,"Tin nhắn từ người thân báo đã chuyển tiền mua thuốc cho bác và hẹn chiều ghé qua. Người gửi dùng số điện thoại quen thuộc, không yêu cầu bác gửi lại thông tin ngân hàng hay OTP. Nội dung mang tính thông báo sinh hoạt. Mã tình huống tham khảo: SELF_000278.",SAFE,NONE,LOW,"Có nhắc đến chuyển tiền nhưng ngữ cảnh an toàn, không yêu cầu người dùng chuyển ngược hoặc cung cấp mã.",đã chuyển tiền mua thuốc; không yêu cầu OTP,"Không cần cảnh báo mạnh. Có thể tiếp tục trò chuyện bình thường, nhưng vẫn nhắc người dùng không chia sẻ OTP nếu cần.",none,none,general,STANDARD,NONE,self_created_long_context_hard_negative,self-created,True,no_pii,train
FINAL_000594,SUSPICIOUS_0001,Cô gửi thông tin để bên em cập nhật hồ sơ.,SUSPICIOUS,UNKNOWN,MEDIUM,Nội dung có yêu cầu xác minh hoặc cung cấp thông tin nhưng chưa đủ bằng chứng kết luận lừa đảo.,xác minh; thông tin cá nhân; đường dẫn; phản hồi sớm,Cần kiểm tra nguồn gửi. Không cung cấp thông tin nhạy cảm nếu chưa xác minh.,uncertainty; possible_social_engineering,privacy_leak,general,STANDARD,NONE,vietnamese_synthetic,self-created,True,no_pii,train
FINAL_001567,SAFE_0302,"Mã đơn hàng của cô là 123456, hàng sẽ giao trong hôm nay ạ.",SAFE,NONE,LOW,Nội dung bình thường hoặc không có yêu cầu nguy hiểm.,,Không cần cảnh báo. Có thể tiếp tục trò chuyện bình thường.,none,none,general,SOUTH,NONE,vietnamese_synthetic,self-created,True,no_pii,valid
FINAL_000516,SELF_INVESTMENT_0005,Bài chia sẻ mô tả một trường hợp người cao tuổi nhận được cuộc gọi lạ: người gọi khoe nhiều ảnh người khác rút lãi để tạo lòng tin. Sau đó họ bảo bác chuyển tiền vào <BANK_ACCOUNT> rồi chờ chuyên gia xử lý. Nhóm chat có nhiều tài khoản phụ hối thúc bác vào lệnh ngay. Gia đình nghi ngờ đây là tình huống lừa đảo vì nội dung tạo áp lực và yêu cầu hành động liên quan đến tiền hoặc thông tin nhạy cảm.,SCAM,INVESTMENT,HIGH,"Hứa lợi nhuận cao bất thường, cam kết không rủi ro và yêu cầu nạp tiền.",lợi nhuận cao; cam kết lãi; nạp tiền; chuyên gia hỗ trợ,Không nạp tiền vào sàn/nhóm đầu tư không rõ pháp lý. Hỏi người thân hoặc chuyên gia tài chính.,greed; false_promise; social_proof,financial_loss,elderly,STANDARD,NONE,self_created_long_context_based_on_public_warning_taxonomy,self-created,True,no_pii,train
FINAL_000431,PRIZE_GIFT_0378,"Bác được chọn nhận phần thưởng 20 triệu, vui lòng đóng phí hồ sơ trước Làm ngay giúp bên cháu.",SCAM,PRIZE_GIFT,HIGH,Dùng quà tặng hoặc trúng thưởng để dụ cung cấp thông tin hoặc chuyển phí.,trúng thưởng; nhận quà; đóng phí; chuyển phí,Không chuyển phí hoặc cung cấp thông tin cá nhân để nhận quà không rõ nguồn.,greed; urgency,financial_loss; privacy_leak,elderly,NORTH,NONE,vietnamese_synthetic,self-created,True,no_pii,test
FINAL_001132,EMERGENCY_MONEY_0112,"Bac dung hoi nhieu, con can tien xu ly viec khan cap, chuyen ngai giup con.",SCAM,EMERGENCY_MONEY,HIGH,"Giả danh người thân, tạo tình huống khẩn cấp và yêu cầu chuyển tiền.",cấp cứu; chuyển gấp; đừng gọi lại; khẩn cấp,Không chuyển tiền vội. Gọi trực tiếp cho người thân qua số quen thuộc để xác minh.,urgency; trust_abuse; secrecy,financial_loss,elderly,NORTH,TYPO,vietnamese_synthetic,self-created,True,no_pii,train
FINAL_000397,SUSPICIOUS_0115,"Tài khoản của chú có dấu hiệu bất thường, vui lòng phản hồi sớm để bên em kiểm tra lại.",SUSPICIOUS,UNKNOWN,MEDIUM,Nội dung có yêu cầu xác minh hoặc cung cấp thông tin nhưng chưa đủ bằng chứng kết luận lừa đảo.,xác minh; thông tin cá nhân; đường dẫn; phản hồi sớm,Cần kiểm tra nguồn gửi. Không cung cấp thông tin nhạy cảm nếu chưa xác minh.,uncertainty; possible_social_engineering,privacy_leak,general,STANDARD,NONE,vietnamese_synthetic,self-created,True,no_pii,train
FINAL_001142,OTP_BANK_0425,"Tài khoản của ba đang bị khóa, gửi mã xác nhận để mở lại.",SCAM,OTP_BANK,HIGH,Yêu cầu cung cấp OTP hoặc mã xác nhận ngân hàng.,mã OTP; mã xác nhận; dãy 6 số,Không cung cấp OTP hoặc mã xác nhận. Gọi trực tiếp ngân hàng để kiểm tra.,urgency; technical_confusion,credential_theft,elderly,SOUTH,NONE,vietnamese_synthetic,self-created,True,no_pii,train
FINAL_000160,PRIZE_GIFT_0254,"Bên em tặng o phần quà tri ân, cần cung cấp thông tin cá nhân để nhận.",SCAM,PRIZE_GIFT,HIGH,Dùng quà tặng hoặc trúng thưởng để dụ cung cấp thông tin hoặc chuyển phí.,trúng thưởng; nhận quà; đóng phí; chuyển phí,Không chuyển phí hoặc cung cấp thông tin cá nhân để nhận quà không rõ nguồn.,greed; urgency,financial_loss; privacy_leak,elderly,CENTRAL,ABBREVIATION,vietnamese_synthetic,self-created,True,no_pii,train
FINAL_000127,LOAN_SCAM_0242,Ba muốn vay nhanh không cần gặp mặt thì gửi CCCD và phí hồ sơ trước Làm ngay giúp bên cháu.,SCAM,LOAN_SCAM,HIGH,"Lừa vay tiền, yêu cầu đóng phí trước hoặc gửi giấy tờ cá nhân.",đóng phí; giải ngân; gửi CCCD; phí hồ sơ,Không gửi giấy tờ cá nhân hoặc đóng phí trước cho dịch vụ vay không rõ nguồn.,financial_pressure; urgency,financial_loss; identity_theft,elderly,SOUTH,NONE,vietnamese_synthetic,self-created,True,no_pii,train
FINAL_000994,INVESTMENT_0157,"Co hoi sinh loi bao dam, ba chi can chuyen tien la co chuyen gia ho tro.",SCAM,INVESTMENT,HIGH,Hứa lợi nhuận cao bất thường và yêu cầu nạp/chuyển tiền.,lãi 30%; lợi nhuận cao; nạp tiền; chuyển tiền,Không chuyển tiền vào kênh đầu tư không rõ pháp lý. Hỏi người thân hoặc chuyên gia tài chính.,greed; false_promise,financial_loss,elderly,SOUTH,TYPO,vietnamese_synthetic,self-created,True,no_pii,test
FINAL_000168,SAFE_0061,"Con đặt xe cho chú rồi, tài xế sẽ đến trong 10 phút.",SAFE,NONE,LOW,Nội dung bình thường hoặc không có yêu cầu nguy hiểm.,,Không cần cảnh báo. Có thể tiếp tục trò chuyện bình thường.,none,none,general,SOUTH,NONE,vietnamese_synthetic,self-created,True,no_pii,train
FINAL_000508,OTP_BANK_0238,"Tài khoản của bác đang bị khóa, gửi mã xác nhận để mở lại.",SCAM,OTP_BANK,HIGH,Yêu cầu cung cấp OTP hoặc mã xác nhận ngân hàng.,mã OTP; mã xác nhận; dãy 6 số,Không cung cấp OTP hoặc mã xác nhận. Gọi trực tiếp ngân hàng để kiểm tra.,urgency; technical_confusion,credential_theft,elderly,STANDARD,NONE,vietnamese_synthetic,self-created,True,no_pii,train
FINAL_000263,SELF_PHISHING_LINK_0016,"Đoạn tin nhắn bắt đầu bằng lời hỏi thăm sức khỏe của cô, sau đó người gửi giả danh cổng dịch vụ công, báo hồ sơ trợ cấp của cô còn thiếu thông tin. Trong các tin tiếp theo, họ yêu cầu cô bấm vào <LINK> để đăng nhập và cập nhật thông tin. Tin nhắn ghi hồ sơ sẽ hết hạn sau 30 phút nếu không xác minh.",SCAM,PHISHING_LINK,HIGH,Dụ bấm link lạ để đăng nhập/cập nhật thông tin và đánh cắp dữ liệu.,<LINK>; bấm link; cập nhật thông tin; đăng nhập,Không bấm link lạ. Mở ứng dụng chính thức hoặc gõ trực tiếp địa chỉ website chính thức.,technical_confusion; urgency; false_promise,credential_theft; privacy_leak; malware_install,elderly,NORTH,NONE,self_created_long_context_based_on_public_warning_taxonomy,self-created,True,no_pii,train
FINAL_001297,SELF_SUSPICIOUS_0027,"Tin nhắn báo o có giao dịch cần xác nhận và yêu cầu phản hồi sớm. Nội dung ko có logo chính thức, ko nói rõ NH nào và có kèm một đường dẫn rút gọn. Trường hợp này chưa chắc là lừa đảo nhưng ko nên bấm link ngay.",SUSPICIOUS,UNKNOWN,MEDIUM,Có yêu cầu xác minh/cung cấp thông tin nhưng chưa đủ dữ kiện kết luận lừa đảo.,xác minh; thông tin cá nhân; trong hôm nay,Cần kiểm tra nguồn gửi. Không cung cấp thông tin nhạy cảm nếu chưa xác minh.,uncertainty; possible_social_engineering,privacy_leak,general,CENTRAL,ABBREVIATION,self_created_long_context_based_on_public_warning_taxonomy,self-created,True,no_pii,train
FINAL_000960,FAKE_POLICE_0595,"Con hỏi thăm sức khỏe chút. Chúng tôi là công an, o đang liên quan đến vụ án rửa tiền, cần chuyển tiền để điều tra.",SCAM,FAKE_POLICE,HIGH,"Giả danh cơ quan chức năng, đe dọa và yêu cầu chuyển tiền.",công an; viện kiểm sát; vụ án; chuyển tiền,Không chuyển tiền. Gọi người thân hoặc cơ quan công an địa phương để xác minh.,authority_impersonation; fear; secrecy,financial_loss,elderly,CENTRAL,MIXED_INTENT,vietnamese_synthetic,self-created,True,no_pii,train
FINAL_000087,SAFE_0217,Ba kiểm tra giúp con lịch hẹn khám bệnh ngày mai nhé.,SAFE,NONE,LOW,Nội dung bình thường hoặc không có yêu cầu nguy hiểm.,,Không cần cảnh báo. Có thể tiếp tục trò chuyện bình thường.,none,none,general,SOUTH,ABBREVIATION,vietnamese_synthetic,self-created,True,no_pii,train
FINAL_001403,SAFE_0144,Cô nhớ uống thuốc đúng giờ nha ạ.,SAFE,NONE,LOW,Nội dung bình thường hoặc không có yêu cầu nguy hiểm.,,Không cần cảnh báo. Có thể tiếp tục trò chuyện bình thường.,none,none,general,STANDARD,NONE,vietnamese_synthetic,self-created,True,no_pii,train
FINAL_000917,INVESTMENT_0230,"Cơ hội sinh lời bảo đảm, chú chỉ cần chuyển tiền là có chuyên gia hỗ trợ. please check now",SCAM,INVESTMENT,HIGH,Hứa lợi nhuận cao bất thường và yêu cầu nạp/chuyển tiền.,lãi 30%; lợi nhuận cao; nạp tiền; chuyển tiền,Không chuyển tiền vào kênh đầu tư không rõ pháp lý. Hỏi người thân hoặc chuyên gia tài chính.,greed; false_promise,financial_loss,elderly,STANDARD,CODE_SWITCHING,vietnamese_synthetic,self-created,True,no_pii,train
FINAL_000123,EMERGENCY_MONEY_0497,"Chu oi con bi tai nan, gui tien ngay vao so tai khoan nay giup con.",SCAM,EMERGENCY_MONEY,HIGH,"Giả danh người thân, tạo tình huống khẩn cấp và yêu cầu chuyển tiền.",cấp cứu; chuyển gấp; đừng gọi lại; khẩn cấp,Không chuyển tiền vội. Gọi trực tiếp cho người thân qua số quen thuộc để xác minh.,urgency; trust_abuse; secrecy,financial_loss,elderly,NORTH,NO_DIACRITICS,vietnamese_synthetic,self-created,True,no_pii,test
FINAL_000495,JOB_SCAM_0199,"O nhận job online, hoàn thành đơn đầu tiên sẽ được hoàn tiền và thưởng.",SCAM,JOB_SCAM,MEDIUM,"Lừa việc làm online, yêu cầu đóng phí hoặc nạp tiền trước.",nạp trước; đóng phí; kích hoạt tài khoản,Không đóng phí để nhận việc. Kiểm tra công ty và hợp đồng rõ ràng.,financial_pressure; false_promise,financial_loss,elderly,CENTRAL,NONE,vietnamese_synthetic,self-created,True,no_pii,test
FINAL_000380,SAFE_0303,"Con đặt xe cho bác rồi, tài xế sẽ đến trong 10 phút để con yên tâm nha.",SAFE,NONE,LOW,Nội dung bình thường hoặc không có yêu cầu nguy hiểm.,,Không cần cảnh báo. Có thể tiếp tục trò chuyện bình thường.,none,none,general,NORTH,NONE,vietnamese_synthetic,self-created,True,no_pii,train
FINAL_001420,SELF_DEEPFAKE_CALL_0014,"Bác kể lại rằng có người gọi điện trong lúc ở nhà một mình. Người này cuộc gọi đến từ account mạng xã hội mới tạo nhưng dùng ảnh đại diện của người thân, nói chuyện rất tự tin và dùng nhiều từ ngữ giống cơ quan chính thức. Tiếp theo họ xin bác chuyển gấp tiền vào <BANK_ACCOUNT> để xử lý tai nạn. Họ dùng hình ảnh/giọng nói giống người quen để đánh vào niềm tin.",SCAM,DEEPFAKE_CALL,HIGH,Dùng cuộc gọi video/giọng nói giống người quen để yêu cầu tiền hoặc thông tin.,video mờ; giọng giống người thân; chuyển gấp; không gọi lại,Gọi lại bằng số quen thuộc hoặc hỏi câu riêng tư để xác minh. Không chuyển tiền trong lúc cuộc gọi chưa rõ.,trust_abuse; urgency; technical_deception,financial_loss,elderly,STANDARD,CODE_SWITCHING,self_created_long_context_based_on_public_warning_taxonomy,self-created,True,no_pii,test
FINAL_001544,SUSPICIOUS_0154,Cô bấm vào đường dẫn này để xem chi tiết chương trình giúp bên em nhé.,SUSPICIOUS,UNKNOWN,MEDIUM,Nội dung có yêu cầu xác minh hoặc cung cấp thông tin nhưng chưa đủ bằng chứng kết luận lừa đảo.,xác minh; thông tin cá nhân; đường dẫn; phản hồi sớm,Cần kiểm tra nguồn gửi. Không cung cấp thông tin nhạy cảm nếu chưa xác minh.,uncertainty; possible_social_engineering,privacy_leak,general,STANDARD,ABBREVIATION,vietnamese_synthetic,self-created,True,no_pii,train
FINAL_000283,JOB_SCAM_0458,"Việc nhẹ lương cao, mệ đóng phí hồ sơ là có thể bắt đầu ngay Làm ngay giúp bên cháu.",SCAM,JOB_SCAM,MEDIUM,"Lừa việc làm online, yêu cầu đóng phí hoặc nạp tiền trước.",nạp trước; đóng phí; kích hoạt tài khoản,Không đóng phí để nhận việc. Kiểm tra công ty và hợp đồng rõ ràng.,financial_pressure; false_promise,financial_loss,elderly,CENTRAL,OBFUSCATION,vietnamese_synthetic,self-created,True,no_pii,train
FINAL_000626,LOAN_SCAM_0194,Bác muốn vay nhanh không cần gặp mặt thì gửi CCCD và phí hồ sơ trước Xử lý trong hôm nay giúp cháu.,SCAM,LOAN_SCAM,HIGH,"Lừa vay tiền, yêu cầu đóng phí trước hoặc gửi giấy tờ cá nhân.",đóng phí; giải ngân; gửi CCCD; phí hồ sơ,Không gửi giấy tờ cá nhân hoặc đóng phí trước cho dịch vụ vay không rõ nguồn.,financial_pressure; urgency,financial_loss; identity_theft,elderly,STANDARD,ABBREVIATION,vietnamese_synthetic,self-created,True,no_pii,train
FINAL_000027,OTP_BANK_0269,O đọc giúp cháu dãy 6 số vừa gửi về điện thoại để hoàn tất xác minh.,SCAM,OTP_BANK,HIGH,Yêu cầu cung cấp OTP hoặc mã xác nhận ngân hàng.,mã OTP; mã xác nhận; dãy 6 số,Không cung cấp OTP hoặc mã xác nhận. Gọi trực tiếp ngân hàng để kiểm tra.,urgency; technical_confusion,credential_theft,elderly,CENTRAL,NONE,vietnamese_synthetic,self-created,True,no_pii,test
FINAL_000102,PHISHING_LINK_0089,Ba cần đăng nhập vào <LINK> để kiểm tra giao dịch bất thường.,SCAM,PHISHING_LINK,HIGH,Dụ người dùng bấm link lạ để đánh cắp thông tin.,<LINK>; bấm link; đăng nhập,Không bấm link lạ. Chỉ truy cập website hoặc ứng dụng chính thức.,technical_confusion; urgency,credential_theft; malware_install,elderly,SOUTH,NONE,vietnamese_synthetic,self-created,True,no_pii,test
FINAL_001156,SELF_SUSPICIOUS_0010,"Tin nhan bao me co giao dich can xac nhan va yeu cau phan hoi som. Noi dung khong co logo chinh thuc, khong noi ro ngan hang nao va co kem mot duong dan rut gon. Truong hop nay chua chac la lua dao nhung khong nen bam link ngay.",SUSPICIOUS,UNKNOWN,MEDIUM,Có yêu cầu xác minh/cung cấp thông tin nhưng chưa đủ dữ kiện kết luận lừa đảo.,xác minh; thông tin cá nhân; trong hôm nay,Cần kiểm tra nguồn gửi. Không cung cấp thông tin nhạy cảm nếu chưa xác minh.,uncertainty; possible_social_engineering,privacy_leak,general,CENTRAL,NO_DIACRITICS,self_created_long_context_based_on_public_warning_taxonomy,self-created,True,no_pii,test
FINAL_000005,JOB_SCAM_0082,"Bên em tuyển cộng tác viên tại nhà, cần chuyển tiền kích hoạt tài khoản Làm ngay giúp bên cháu.",SCAM,JOB_SCAM,MEDIUM,"Lừa việc làm online, yêu cầu đóng phí hoặc nạp tiền trước.",nạp trước; đóng phí; kích hoạt tài khoản,Không đóng phí để nhận việc. Kiểm tra công ty và hợp đồng rõ ràng.,financial_pressure; false_promise,financial_loss,elderly,NORTH,NONE,vietnamese_synthetic,self-created,True,no_pii,train
FINAL_000478,PHISHING_LINK_0475,"Đơn hàng của cô gặp lỗi, bấm vào <LINK> để cập nhật thông tin nhận hàng.",SCAM,PHISHING_LINK,HIGH,Dụ người dùng bấm link lạ để đánh cắp thông tin.,<LINK>; bấm link; đăng nhập,Không bấm link lạ. Chỉ truy cập website hoặc ứng dụng chính thức.,technical_confusion; urgency,credential_theft; malware_install,elderly,SOUTH,NONE,vietnamese_synthetic,self-created,True,no_pii,valid
FINAL_000432,SUSPICIOUS_0073,O bấm vào đường dẫn này để xem chi tiết chương trình.,SUSPICIOUS,UNKNOWN,MEDIUM,Nội dung có yêu cầu xác minh hoặc cung cấp thông tin nhưng chưa đủ bằng chứng kết luận lừa đảo.,xác minh; thông tin cá nhân; đường dẫn; phản hồi sớm,Cần kiểm tra nguồn gửi. Không cung cấp thông tin nhạy cảm nếu chưa xác minh.,uncertainty; possible_social_engineering,privacy_leak,general,CENTRAL,NONE,vietnamese_synthetic,self-created,True,no_pii,train
FINAL_001442,SUSPICIOUS_0159,"Tai khoan cua bac co dau hieu bat thuong, vui long phan hoi som giúp bên em nhé.",SUSPICIOUS,UNKNOWN,MEDIUM,Nội dung có yêu cầu xác minh hoặc cung cấp thông tin nhưng chưa đủ bằng chứng kết luận lừa đảo.,xác minh; thông tin cá nhân; đường dẫn; phản hồi sớm,Cần kiểm tra nguồn gửi. Không cung cấp thông tin nhạy cảm nếu chưa xác minh.,uncertainty; possible_social_engineering,privacy_leak,general,CENTRAL,NO_DIACRITICS,vietnamese_synthetic,self-created,True,no_pii,test
FINAL_000999,JOB_SCAM_0558,"Việc nhẹ lương cao, bác đóng phí hồ sơ là có thể bắt đầu ngay Xử lý trong hôm nay giúp cháu.",SCAM,JOB_SCAM,MEDIUM,"Lừa việc làm online, yêu cầu đóng phí hoặc nạp tiền trước.",nạp trước; đóng phí; kích hoạt tài khoản,Không đóng phí để nhận việc. Kiểm tra công ty và hợp đồng rõ ràng.,financial_pressure; false_promise,financial_loss,elderly,NORTH,NONE,vietnamese_synthetic,self-created,True,no_pii,train
FINAL_000533,SAFE_0102,"Hôm nay trời mưa, má nhớ mang áo mưa nha.",SAFE,NONE,LOW,Nội dung bình thường hoặc không có yêu cầu nguy hiểm.,,Không cần cảnh báo. Có thể tiếp tục trò chuyện bình thường.,none,none,general,SOUTH,NONE,vietnamese_synthetic,self-created,True,no_pii,train
FINAL_001489,SAFE_0016,"Con đặt xe cho cô rồi, tài xế sẽ đến trong 10 phút.",SAFE,NONE,LOW,Nội dung bình thường hoặc không có yêu cầu nguy hiểm.,,Không cần cảnh báo. Có thể tiếp tục trò chuyện bình thường.,none,none,general,NORTH,NONE,vietnamese_synthetic,self-created,True,no_pii,test
FINAL_000901,INVESTMENT_0159,"Chu dau tu 3 trieu hom nay, cam ket nhan lai 30% sau mot tuan.",SCAM,INVESTMENT,HIGH,Hứa lợi nhuận cao bất thường và yêu cầu nạp/chuyển tiền.,lãi 30%; lợi nhuận cao; nạp tiền; chuyển tiền,Không chuyển tiền vào kênh đầu tư không rõ pháp lý. Hỏi người thân hoặc chuyên gia tài chính.,greed; false_promise,financial_loss,elderly,STANDARD,TYPO,vietnamese_synthetic,self-created,True,no_pii,test
FINAL_001143,SELF_SAFE_0040,"Người giao hàng nhắn cho má rằng đơn hàng sẽ giao trong buổi chiều và nếu không tiện nhận thì có thể hẹn lại. Tin nhắn chỉ hỏi thời gian nhận hàng, không yêu cầu bấm link, trả phí hay cung cấp thông tin cá nhân.",SAFE,NONE,LOW,"Thông báo giao hàng bình thường, không chứa link lạ hoặc yêu cầu thanh toán bất thường.",hẹn lại thời gian nhận hàng; không yêu cầu bấm link,"Không cần cảnh báo mạnh. Có thể tiếp tục trò chuyện bình thường, nhưng vẫn nhắc người dùng không chia sẻ OTP nếu cần.",none,none,general,SOUTH,NONE,self_created_long_context_hard_negative,self-created,True,no_pii,train
FINAL_001385,SELF_SUSPICIOUS_0057,"Tin nhan bao bac co giao dich can xac nhan va yeu cau phan hoi som. Noi dung khong co logo chinh thuc, khong noi ro ngan hang nao va co kem mot duong dan rut gon. Truong hop nay chua chac la lua dao nhung khong nen bam link ngay.",SUSPICIOUS,UNKNOWN,MEDIUM,Có yêu cầu xác minh/cung cấp thông tin nhưng chưa đủ dữ kiện kết luận lừa đảo.,xác minh; thông tin cá nhân; trong hôm nay,Cần kiểm tra nguồn gửi. Không cung cấp thông tin nhạy cảm nếu chưa xác minh.,uncertainty; possible_social_engineering,privacy_leak,general,STANDARD,NO_DIACRITICS,self_created_long_context_based_on_public_warning_taxonomy,self-created,True,no_pii,train
FINAL_001006,SAFE_0387,"Ngân hàng thông báo bảo trì hệ thống vào tối nay, không yêu cầu cung cấp thông tin Mã tham chiếu 987.",SAFE,NONE,LOW,Nội dung bình thường hoặc không có yêu cầu nguy hiểm.,,Không cần cảnh báo. Có thể tiếp tục trò chuyện bình thường.,none,none,general,STANDARD,NONE,vietnamese_synthetic,self-created,True,no_pii,train
FINAL_000940,SAFE_0389,"Con dat xe cho bac roi, tai xe se den trong 10 phut khi nào rảnh nha.",SAFE,NONE,LOW,Nội dung bình thường hoặc không có yêu cầu nguy hiểm.,,Không cần cảnh báo. Có thể tiếp tục trò chuyện bình thường.,none,none,general,CENTRAL,TYPO,vietnamese_synthetic,self-created,True,no_pii,train
FINAL_000764,SELF_FAKE_POLICE_0007,"Đoạn tin nhắn bắt đầu bằng lời hỏi thăm sức khỏe của bác, sau đó người gửi tự xưng là cán bộ công an đang điều tra đường dây rửa tiền. Trong các tin tiếp theo, họ yêu cầu bác đọc thông tin thẻ ngân hàng và mã xác nhận để kiểm tra. Người gọi giữ máy nhiều giờ, không cho bác có thời gian hỏi ai khác. Please check now.",SCAM,FAKE_POLICE,HIGH,Giả danh công an/viện kiểm sát/tòa án để đe dọa và yêu cầu chuyển tiền.,công an; viện kiểm sát; vụ án; chuyển tiền; không được nói với ai,Không chuyển tiền. Cúp máy và liên hệ công an địa phương hoặc người thân để xác minh.,authority_impersonation; fear; secrecy; urgency,financial_loss; psychological_pressure,elderly,NORTH,CODE_SWITCHING,self_created_long_context_based_on_public_warning_taxonomy,self-created,True,no_pii,valid
FINAL_000598,JOB_SCAM_0415,"Việc nhẹ lương cao, cô đóng phí hồ sơ là có thể bắt đầu ngay Làm ngay giúp bên cháu.",SCAM,JOB_SCAM,MEDIUM,"Lừa việc làm online, yêu cầu đóng phí hoặc nạp tiền trước.",nạp trước; đóng phí; kích hoạt tài khoản,Không đóng phí để nhận việc. Kiểm tra công ty và hợp đồng rõ ràng.,financial_pressure; false_promise,financial_loss,elderly,STANDARD,NONE,vietnamese_synthetic,self-created,True,no_pii,train
FINAL_000740,SUSPICIOUS_0031,Chú bấm vào đường dẫn này để xem chi tiết chương trình giúp bên em nhé.,SUSPICIOUS,UNKNOWN,MEDIUM,Nội dung có yêu cầu xác minh hoặc cung cấp thông tin nhưng chưa đủ bằng chứng kết luận lừa đảo.,xác minh; thông tin cá nhân; đường dẫn; phản hồi sớm,Cần kiểm tra nguồn gửi. Không cung cấp thông tin nhạy cảm nếu chưa xác minh.,uncertainty; possible_social_engineering,privacy_leak,general,STANDARD,NONE,vietnamese_synthetic,self-created,True,no_pii,train
FINAL_000269,PRIZE_GIFT_0473,"Má trúng thưởng may mắn, chuyển phí vận chuyển để nhận quà ngay hôm nay Làm ngay giúp bên cháu.",SCAM,PRIZE_GIFT,HIGH,Dùng quà tặng hoặc trúng thưởng để dụ cung cấp thông tin hoặc chuyển phí.,trúng thưởng; nhận quà; đóng phí; chuyển phí,Không chuyển phí hoặc cung cấp thông tin cá nhân để nhận quà không rõ nguồn.,greed; urgency,financial_loss; privacy_leak,elderly,SOUTH,OBFUSCATION,vietnamese_synthetic,self-created,True,no_pii,train
FINAL_000212,SUSPICIOUS_0042,Ba gửi thông tin để bên em cập nhật hồ sơ.,SUSPICIOUS,UNKNOWN,MEDIUM,Nội dung có yêu cầu xác minh hoặc cung cấp thông tin nhưng chưa đủ bằng chứng kết luận lừa đảo.,xác minh; thông tin cá nhân; đường dẫn; phản hồi sớm,Cần kiểm tra nguồn gửi. Không cung cấp thông tin nhạy cảm nếu chưa xác minh.,uncertainty; possible_social_engineering,privacy_leak,general,SOUTH,OBFUSCATION,vietnamese_synthetic,self-created,True,no_pii,train
FINAL_001426,LOAN_SCAM_0046,Bác muốn vay nhanh không cần gặp mặt thì gửi CCCD và phí hồ sơ trước.,SCAM,LOAN_SCAM,HIGH,"Lừa vay tiền, yêu cầu đóng phí trước hoặc gửi giấy tờ cá nhân.",đóng phí; giải ngân; gửi CCCD; phí hồ sơ,Không gửi giấy tờ cá nhân hoặc đóng phí trước cho dịch vụ vay không rõ nguồn.,financial_pressure; urgency,financial_loss; identity_theft,elderly,NORTH,NONE,vietnamese_synthetic,self-created,True,no_pii,train
FINAL_000519,SELF_SUSPICIOUS_0033,"Bai chia se ke co nhan vien tu xung ben dich vu khach hang goi den, noi se ho tro cap nhat thong tin cho chu. Nguoi nay noi chuyen kha lich su nhung dung so la va khong cung cap duoc ma nhan vien. Chua co yeu cau tien, nhung co dau hieu can canh giac. Mã tình huống tham khảo: SELF_000213.",SUSPICIOUS,UNKNOWN,MEDIUM,Có yêu cầu xác minh/cung cấp thông tin nhưng chưa đủ dữ kiện kết luận lừa đảo.,xác minh; thông tin cá nhân; trong hôm nay,Cần kiểm tra nguồn gửi. Không cung cấp thông tin nhạy cảm nếu chưa xác minh.,uncertainty; possible_social_engineering,privacy_leak,general,STANDARD,TYPO,self_created_long_context_based_on_public_warning_taxonomy,self-created,True,no_pii,test
FINAL_000750,INVESTMENT_0110,"Chú đầu tư 3 triệu hôm nay, cam kết nhận lãi 30% sau một tuần Làm ngay giúp bên cháu.",SCAM,INVESTMENT,HIGH,Hứa lợi nhuận cao bất thường và yêu cầu nạp/chuyển tiền.,lãi 30%; lợi nhuận cao; nạp tiền; chuyển tiền,Không chuyển tiền vào kênh đầu tư không rõ pháp lý. Hỏi người thân hoặc chuyên gia tài chính.,greed; false_promise,financial_loss,elderly,NORTH,OBFUSCATION,vietnamese_synthetic,self-created,True,no_pii,test
FINAL_001162,SELF_SAFE_0029,"Người giao hàng nhắn cho bác rằng đơn hàng sẽ giao trong buổi chiều và nếu không tiện nhận thì có thể hẹn lại. Tin nhắn chỉ hỏi thời gian nhận hàng, không yêu cầu bấm link, trả phí hay cung cấp thông tin cá nhân.",SAFE,NONE,LOW,"Thông báo giao hàng bình thường, không chứa link lạ hoặc yêu cầu thanh toán bất thường.",hẹn lại thời gian nhận hàng; không yêu cầu bấm link,"Không cần cảnh báo mạnh. Có thể tiếp tục trò chuyện bình thường, nhưng vẫn nhắc người dùng không chia sẻ OTP nếu cần.",none,none,general,NORTH,NONE,self_created_long_context_hard_negative,self-created,True,no_pii,test
FINAL_001237,INVESTMENT_0474,"O tham gia nhom dau tu noi bo, loi nhuan chac chan khong rui ro.",SCAM,INVESTMENT,HIGH,Hứa lợi nhuận cao bất thường và yêu cầu nạp/chuyển tiền.,lãi 30%; lợi nhuận cao; nạp tiền; chuyển tiền,Không chuyển tiền vào kênh đầu tư không rõ pháp lý. Hỏi người thân hoặc chuyên gia tài chính.,greed; false_promise,financial_loss,elderly,CENTRAL,NO_DIACRITICS,vietnamese_synthetic,self-created,True,no_pii,valid
FINAL_000671,SUSPICIOUS_0032,Bên em cần kiểm tra thông tin cá nhân của cô để hỗ trợ.,SUSPICIOUS,UNKNOWN,MEDIUM,Nội dung có yêu cầu xác minh hoặc cung cấp thông tin nhưng chưa đủ bằng chứng kết luận lừa đảo.,xác minh; thông tin cá nhân; đường dẫn; phản hồi sớm,Cần kiểm tra nguồn gửi. Không cung cấp thông tin nhạy cảm nếu chưa xác minh.,uncertainty; possible_social_engineering,privacy_leak,general,SOUTH,NONE,vietnamese_synthetic,self-created,True,no_pii,train
FINAL_000863,SAFE_0087,"Con dat xe cho chu roi, tai xe se den trong 10 phut nha.",SAFE,NONE,LOW,Nội dung bình thường hoặc không có yêu cầu nguy hiểm.,,Không cần cảnh báo. Có thể tiếp tục trò chuyện bình thường.,none,none,general,SOUTH,TYPO,vietnamese_synthetic,self-created,True,no_pii,train
FINAL_000815,SAFE_0259,Mai con về nhà ăn cơm với ba mẹ Mã tham chiếu 859.,SAFE,NONE,LOW,Nội dung bình thường hoặc không có yêu cầu nguy hiểm.,,Không cần cảnh báo. Có thể tiếp tục trò chuyện bình thường.,none,none,general,NORTH,NONE,vietnamese_synthetic,self-created,True,no_pii,valid
FINAL_001425,SUSPICIOUS_0007,Bên em cần kiểm tra thông tin cá nhân của má để hỗ trợ.,SUSPICIOUS,UNKNOWN,MEDIUM,Nội dung có yêu cầu xác minh hoặc cung cấp thông tin nhưng chưa đủ bằng chứng kết luận lừa đảo.,xác minh; thông tin cá nhân; đường dẫn; phản hồi sớm,Cần kiểm tra nguồn gửi. Không cung cấp thông tin nhạy cảm nếu chưa xác minh.,uncertainty; possible_social_engineering,privacy_leak,general,SOUTH,NONE,vietnamese_synthetic,self-created,True,no_pii,train
FINAL_000346,SAFE_0071,"Bác ơi, tối nay cả nhà gọi video nhé nhé.",SAFE,NONE,LOW,Nội dung bình thường hoặc không có yêu cầu nguy hiểm.,,Không cần cảnh báo. Có thể tiếp tục trò chuyện bình thường.,none,none,general,STANDARD,NONE,vietnamese_synthetic,self-created,True,no_pii,train
FINAL_000345,SELF_DEEPFAKE_CALL_0009,"Chú kể lại rằng có người gọi điện trong lúc ở nhà một mình. Người này giọng nói trong cuộc gọi nghe giống con của chú, nói đang gặp việc gấp, nói chuyện rất tự tin và dùng nhiều từ ngữ giống cơ quan chính thức. Tiếp theo họ bảo chú không gọi lại vì đang ở nơi đông người và sắp hết pin. Toàn bộ cuộc gọi rất ngắn, chủ yếu tạo cảm giác cấp bách.",SCAM,DEEPFAKE_CALL,HIGH,Dùng cuộc gọi video/giọng nói giống người quen để yêu cầu tiền hoặc thông tin.,video mờ; giọng giống người thân; chuyển gấp; không gọi lại,Gọi lại bằng số quen thuộc hoặc hỏi câu riêng tư để xác minh. Không chuyển tiền trong lúc cuộc gọi chưa rõ.,trust_abuse; urgency; technical_deception,financial_loss,elderly,NORTH,NONE,self_created_long_context_based_on_public_warning_taxonomy,self-created,True,no_pii,valid
FINAL_000623,EMERGENCY_MONEY_0465,"Chú đừng hỏi nhiều, con cần tiền xử lý việc khẩn cấp, chuyển ngay giúp con Làm ngay giúp bên cháu.",SCAM,EMERGENCY_MONEY,HIGH,"Giả danh người thân, tạo tình huống khẩn cấp và yêu cầu chuyển tiền.",cấp cứu; chuyển gấp; đừng gọi lại; khẩn cấp,Không chuyển tiền vội. Gọi trực tiếp cho người thân qua số quen thuộc để xác minh.,urgency; trust_abuse; secrecy,financial_loss,elderly,SOUTH,NONE,vietnamese_synthetic,self-created,True,no_pii,train
FINAL_001026,PRIZE_GIFT_0147,"Cô/chú cứ bình tĩnh, bên cháu hỗ trợ nhanh thôi. Cô được chọn nhận phần thưởng 20 triệu, vui lòng đóng phí hồ sơ trước. Làm ngay để tránh bị khóa dịch vụ.",SCAM,PRIZE_GIFT,HIGH,Dùng quà tặng hoặc trúng thưởng để dụ cung cấp thông tin hoặc chuyển phí.,trúng thưởng; nhận quà; đóng phí; chuyển phí,Không chuyển phí hoặc cung cấp thông tin cá nhân để nhận quà không rõ nguồn.,greed; urgency,financial_loss; privacy_leak,elderly,SOUTH,LONG_CONTEXT,vietnamese_synthetic,self-created,True,no_pii,train
FINAL_001176,SELF_SAFE_0056,"Tin nhan cua con chau hoi me toi nay co muon goi video voi ca nha khong. Cuoc tro chuyen chi xoay quanh chuyen an uong, suc khoe va lich sinh hoat. Khong co yeu cau chuyen tien hay cung cap thong tin rieng tu.",SAFE,NONE,LOW,"Cuộc trò chuyện gia đình bình thường, không chứa dấu hiệu lừa đảo.",ăn uống; sức khỏe; không yêu cầu chuyển tiền,"Không cần cảnh báo mạnh. Có thể tiếp tục trò chuyện bình thường, nhưng vẫn nhắc người dùng không chia sẻ OTP nếu cần.",none,none,general,CENTRAL,NO_DIACRITICS,self_created_long_context_hard_negative,self-created,True,no_pii,train
FINAL_001412,SAFE_0184,"Con đặt xe cho bác rồi, tài xế sẽ đến trong 10 phút nhé.",SAFE,NONE,LOW,Nội dung bình thường hoặc không có yêu cầu nguy hiểm.,,Không cần cảnh báo. Có thể tiếp tục trò chuyện bình thường.,none,none,general,CENTRAL,NONE,vietnamese_synthetic,self-created,True,no_pii,train
FINAL_000339,LOAN_SCAM_0091,"Cô/chú cứ bình tĩnh, bên cháu hỗ trợ nhanh thôi. Hồ sơ vay của bác đã được chấp nhận, chuyển phí xác minh để nhận tiền. Làm ngay để tránh bị khóa dịch vụ.",SCAM,LOAN_SCAM,HIGH,"Lừa vay tiền, yêu cầu đóng phí trước hoặc gửi giấy tờ cá nhân.",đóng phí; giải ngân; gửi CCCD; phí hồ sơ,Không gửi giấy tờ cá nhân hoặc đóng phí trước cho dịch vụ vay không rõ nguồn.,financial_pressure; urgency,financial_loss; identity_theft,elderly,STANDARD,LONG_CONTEXT,vietnamese_synthetic,self-created,True,no_pii,train
FINAL_000131,SUSPICIOUS_0003,Em có cơ hội đầu tư muốn giới thiệu cho bác.,SUSPICIOUS,UNKNOWN,MEDIUM,Nội dung có yêu cầu xác minh hoặc cung cấp thông tin nhưng chưa đủ bằng chứng kết luận lừa đảo.,xác minh; thông tin cá nhân; đường dẫn; phản hồi sớm,Cần kiểm tra nguồn gửi. Không cung cấp thông tin nhạy cảm nếu chưa xác minh.,uncertainty; possible_social_engineering,privacy_leak,general,NORTH,NONE,vietnamese_synthetic,self-created,True,no_pii,train
FINAL_000802,OTP_BANK_0351,"Ngan hang can kiem tra bao mat, chu cung cap ma OTP ngay de tranh khoa tai khoan.",SCAM,OTP_BANK,HIGH,Yêu cầu cung cấp OTP hoặc mã xác nhận ngân hàng.,mã OTP; mã xác nhận; dãy 6 số,Không cung cấp OTP hoặc mã xác nhận. Gọi trực tiếp ngân hàng để kiểm tra.,urgency; technical_confusion,credential_theft,elderly,STANDARD,NO_DIACRITICS,vietnamese_synthetic,self-created,True,no_pii,train
FINAL_000890,SELF_SAFE_0047,"Bài chia sẻ trong nhóm gia đình kể rằng con cháu nhắc má đi khám định kỳ. Nội dung chỉ có lịch hẹn, địa chỉ bệnh viện và lời dặn mang theo giấy tờ. Không có yêu cầu chuyển tiền, không có link lạ và không hỏi mã xác nhận.",SAFE,NONE,LOW,"Nội dung chăm sóc gia đình bình thường, không yêu cầu hành động rủi ro.",lịch hẹn; không yêu cầu chuyển tiền; không có link lạ,"Không cần cảnh báo mạnh. Có thể tiếp tục trò chuyện bình thường, nhưng vẫn nhắc người dùng không chia sẻ OTP nếu cần.",none,none,general,SOUTH,NONE,self_created_long_context_hard_negative,self-created,True,no_pii,train
FINAL_000637,SUSPICIOUS_0138,Em có cơ hội đầu tư muốn giới thiệu cho chú nếu cần em sẽ hướng dẫn thêm.,SUSPICIOUS,UNKNOWN,MEDIUM,Nội dung có yêu cầu xác minh hoặc cung cấp thông tin nhưng chưa đủ bằng chứng kết luận lừa đảo.,xác minh; thông tin cá nhân; đường dẫn; phản hồi sớm,Cần kiểm tra nguồn gửi. Không cung cấp thông tin nhạy cảm nếu chưa xác minh.,uncertainty; possible_social_engineering,privacy_leak,general,STANDARD,ABBREVIATION,vietnamese_synthetic,self-created,True,no_pii,train
FINAL_000500,SAFE_0211,Con đã ck mua thuốc cho mẹ rồi.,SAFE,NONE,LOW,Nội dung bình thường hoặc không có yêu cầu nguy hiểm.,,Không cần cảnh báo. Có thể tiếp tục trò chuyện bình thường.,none,none,general,NORTH,ABBREVIATION,vietnamese_synthetic,self-created,True,no_pii,train
FINAL_001208,PRIZE_GIFT_0236,"Chúc mừng mệ đã trúng xe máy, bấm <LINK> để nhận quà.",SCAM,PRIZE_GIFT,HIGH,Dùng quà tặng hoặc trúng thưởng để dụ cung cấp thông tin hoặc chuyển phí.,trúng thưởng; nhận quà; đóng phí; chuyển phí,Không chuyển phí hoặc cung cấp thông tin cá nhân để nhận quà không rõ nguồn.,greed; urgency,financial_loss; privacy_leak,elderly,CENTRAL,NONE,vietnamese_synthetic,self-created,True,no_pii,train
FINAL_000837,SAFE_0172,Chú kiểm tra giúp con lịch hẹn khám bệnh ngày mai nhé nhé.,SAFE,NONE,LOW,Nội dung bình thường hoặc không có yêu cầu nguy hiểm.,,Không cần cảnh báo. Có thể tiếp tục trò chuyện bình thường.,none,none,general,NORTH,NONE,vietnamese_synthetic,self-created,True,no_pii,train
FINAL_000204,SAFE_0363,"Ma don hang cua bac la 123456, hang se giao trong hom nay nha.",SAFE,NONE,LOW,Nội dung bình thường hoặc không có yêu cầu nguy hiểm.,,Không cần cảnh báo. Có thể tiếp tục trò chuyện bình thường.,none,none,general,NORTH,TYPO,vietnamese_synthetic,self-created,True,no_pii,test
FINAL_000586,SUSPICIOUS_0048,Bên em cần chú xác nhận giao dịch này ngay hôm nay.,SUSPICIOUS,UNKNOWN,MEDIUM,Nội dung có yêu cầu xác minh hoặc cung cấp thông tin nhưng chưa đủ bằng chứng kết luận lừa đảo.,xác minh; thông tin cá nhân; đường dẫn; phản hồi sớm,Cần kiểm tra nguồn gửi. Không cung cấp thông tin nhạy cảm nếu chưa xác minh.,uncertainty; possible_social_engineering,privacy_leak,general,STANDARD,NONE,vietnamese_synthetic,self-created,True,no_pii,valid
FINAL_001097,PRIZE_GIFT_0080,"Bác trúng thưởng may mắn, chuyển phí vận chuyển để nhận quà ngay hôm nay.",SCAM,PRIZE_GIFT,HIGH,Dùng quà tặng hoặc trúng thưởng để dụ cung cấp thông tin hoặc chuyển phí.,trúng thưởng; nhận quà; đóng phí; chuyển phí,Không chuyển phí hoặc cung cấp thông tin cá nhân để nhận quà không rõ nguồn.,greed; urgency,financial_loss; privacy_leak,elderly,CENTRAL,NONE,vietnamese_synthetic,self-created,True,no_pii,valid
FINAL_001377,SAFE_0220,"Mã đơn hàng của chú là 123456, hàng sẽ giao trong hôm nay cho con biết nhé.",SAFE,NONE,LOW,Nội dung bình thường hoặc không có yêu cầu nguy hiểm.,,Không cần cảnh báo. Có thể tiếp tục trò chuyện bình thường.,none,none,general,NORTH,NONE,vietnamese_synthetic,self-created,True,no_pii,train
FINAL_001163,PRIZE_GIFT_0464,"Chúc mừng chú đã trúng xe máy, bấm <LINK> để nhận quà Làm ngay giúp bên cháu.",SCAM,PRIZE_GIFT,HIGH,Dùng quà tặng hoặc trúng thưởng để dụ cung cấp thông tin hoặc chuyển phí.,trúng thưởng; nhận quà; đóng phí; chuyển phí,Không chuyển phí hoặc cung cấp thông tin cá nhân để nhận quà không rõ nguồn.,greed; urgency,financial_loss; privacy_leak,elderly,NORTH,NONE,vietnamese_synthetic,self-created,True,no_pii,train
FINAL_001090,SAFE_0090,"Mã đơn hàng của chú là 123456, hàng sẽ giao trong hôm nay nha.",SAFE,NONE,LOW,Nội dung bình thường hoặc không có yêu cầu nguy hiểm.,,Không cần cảnh báo. Có thể tiếp tục trò chuyện bình thường.,none,none,general,STANDARD,NONE,vietnamese_synthetic,self-created,True,no_pii,train
FINAL_001272,OTP_BANK_0219,Mệ gửi mã OTP vừa nhận được để ngân hàng xác minh tài khoản ngay nhé Làm ngay giúp bên cháu.,SCAM,OTP_BANK,HIGH,Yêu cầu cung cấp OTP hoặc mã xác nhận ngân hàng.,mã OTP; mã xác nhận; dãy 6 số,Không cung cấp OTP hoặc mã xác nhận. Gọi trực tiếp ngân hàng để kiểm tra.,urgency; technical_confusion,credential_theft,elderly,CENTRAL,NONE,vietnamese_synthetic,self-created,True,no_pii,train
FINAL_001148,SUSPICIOUS_0113,Bên em cần kiểm tra thông tin cá nhân của chú để hỗ trợ trong hôm nay giúp em.,SUSPICIOUS,UNKNOWN,MEDIUM,Nội dung có yêu cầu xác minh hoặc cung cấp thông tin nhưng chưa đủ bằng chứng kết luận lừa đảo.,xác minh; thông tin cá nhân; đường dẫn; phản hồi sớm,Cần kiểm tra nguồn gửi. Không cung cấp thông tin nhạy cảm nếu chưa xác minh.,uncertainty; possible_social_engineering,privacy_leak,general,SOUTH,NONE,vietnamese_synthetic,self-created,True,no_pii,train
FINAL_000227,SAFE_0380,"Ma don hang cua chu la 123456, hang se giao trong hom nay khi nào rảnh nha.",SAFE,NONE,LOW,Nội dung bình thường hoặc không có yêu cầu nguy hiểm.,,Không cần cảnh báo. Có thể tiếp tục trò chuyện bình thường.,none,none,general,NORTH,NO_DIACRITICS,vietnamese_synthetic,self-created,True,no_pii,valid
FINAL_000253,INVESTMENT_0541,"O tham gia nhóm đầu tư nội bộ, lợi nhuận chắc chắn không rủi ro Làm ngay giúp bên cháu.",SCAM,INVESTMENT,HIGH,Hứa lợi nhuận cao bất thường và yêu cầu nạp/chuyển tiền.,lãi 30%; lợi nhuận cao; nạp tiền; chuyển tiền,Không chuyển tiền vào kênh đầu tư không rõ pháp lý. Hỏi người thân hoặc chuyên gia tài chính.,greed; false_promise,financial_loss,elderly,CENTRAL,ABBREVIATION,vietnamese_synthetic,self-created,True,no_pii,valid
FINAL_001416,INVESTMENT_0407,"Cô/chú cứ bình tĩnh, bên cháu hỗ trợ nhanh thôi. Bác đầu tư 3 triệu hôm nay, cam kết nhận lãi 30% sau một tuần. Làm ngay để tránh bị khóa dịch vụ.",SCAM,INVESTMENT,HIGH,Hứa lợi nhuận cao bất thường và yêu cầu nạp/chuyển tiền.,lãi 30%; lợi nhuận cao; nạp tiền; chuyển tiền,Không chuyển tiền vào kênh đầu tư không rõ pháp lý. Hỏi người thân hoặc chuyên gia tài chính.,greed; false_promise,financial_loss,elderly,STANDARD,LONG_CONTEXT,vietnamese_synthetic,self-created,True,no_pii,train
FINAL_000678,SUSPICIOUS_0136,O xác minh tài khoản giúp bên em trong hôm nay nhé giúp bên em nhé.,SUSPICIOUS,UNKNOWN,MEDIUM,Nội dung có yêu cầu xác minh hoặc cung cấp thông tin nhưng chưa đủ bằng chứng kết luận lừa đảo.,xác minh; thông tin cá nhân; đường dẫn; phản hồi sớm,Cần kiểm tra nguồn gửi. Không cung cấp thông tin nhạy cảm nếu chưa xác minh.,uncertainty; possible_social_engineering,privacy_leak,general,CENTRAL,NONE,vietnamese_synthetic,self-created,True,no_pii,train
FINAL_001111,SAFE_0162,Má nhớ uống thuốc đúng giờ nha.,SAFE,NONE,LOW,Nội dung bình thường hoặc không có yêu cầu nguy hiểm.,,Không cần cảnh báo. Có thể tiếp tục trò chuyện bình thường.,none,none,general,SOUTH,NONE,vietnamese_synthetic,self-created,True,no_pii,train
FINAL_000696,FAKE_POLICE_0528,"Chúng tôi là công an, má đang liên quan đến vụ án rửa tiền, cần gửi tiền qua giúp để điều tra.",SCAM,FAKE_POLICE,HIGH,"Giả danh cơ quan chức năng, đe dọa và yêu cầu chuyển tiền.",công an; viện kiểm sát; vụ án; chuyển tiền,Không chuyển tiền. Gọi người thân hoặc cơ quan công an địa phương để xác minh.,authority_impersonation; fear; secrecy,financial_loss,elderly,SOUTH,OBFUSCATION,vietnamese_synthetic,self-created,True,no_pii,valid
FINAL_000190,PRIZE_GIFT_0335,"Bên em tặng chú phần quà tri ân, cần cung cấp thông tin cá nhân để nhận Làm ngay giúp bên cháu.",SCAM,PRIZE_GIFT,HIGH,Dùng quà tặng hoặc trúng thưởng để dụ cung cấp thông tin hoặc chuyển phí.,trúng thưởng; nhận quà; đóng phí; chuyển phí,Không chuyển phí hoặc cung cấp thông tin cá nhân để nhận quà không rõ nguồn.,greed; urgency,financial_loss; privacy_leak,elderly,NORTH,NONE,vietnamese_synthetic,self-created,True,no_pii,train
FINAL_001472,PHISHING_LINK_0116,Vui lòng truy cập <LINK> để nhận hỗ trợ hoàn tiền Nếu chậm trễ tài khoản có thể bị khóa.,SCAM,PHISHING_LINK,HIGH,Dụ người dùng bấm link lạ để đánh cắp thông tin.,<LINK>; bấm link; đăng nhập,Không bấm link lạ. Chỉ truy cập website hoặc ứng dụng chính thức.,technical_confusion; urgency,credential_theft; malware_install,elderly,STANDARD,OBFUSCATION,vietnamese_synthetic,self-created,True,no_pii,train
FINAL_000814,JOB_SCAM_0293,"Việc nhẹ lương cao, chú đóng phí hồ sơ là có thể bắt đầu ngay Làm ngay giúp bên cháu.",SCAM,JOB_SCAM,MEDIUM,"Lừa việc làm online, yêu cầu đóng phí hoặc nạp tiền trước.",nạp trước; đóng phí; kích hoạt tài khoản,Không đóng phí để nhận việc. Kiểm tra công ty và hợp đồng rõ ràng.,financial_pressure; false_promise,financial_loss,elderly,STANDARD,NONE,vietnamese_synthetic,self-created,True,no_pii,train
FINAL_000655,EMERGENCY_MONEY_0337,"Con đang gặp chuyện gấp, chú chuyển khoản liền cho con 10 triệu nha Làm ngay giúp bên cháu.",SCAM,EMERGENCY_MONEY,HIGH,"Giả danh người thân, tạo tình huống khẩn cấp và yêu cầu chuyển tiền.",cấp cứu; chuyển gấp; đừng gọi lại; khẩn cấp,Không chuyển tiền vội. Gọi trực tiếp cho người thân qua số quen thuộc để xác minh.,urgency; trust_abuse; secrecy,financial_loss,elderly,NORTH,OBFUSCATION,vietnamese_synthetic,self-created,True,no_pii,test
FINAL_001039,SAFE_0143,Mai con về nhà ăn cơm với ba mẹ Mã tham chiếu 743.,SAFE,NONE,LOW,Nội dung bình thường hoặc không có yêu cầu nguy hiểm.,,Không cần cảnh báo. Có thể tiếp tục trò chuyện bình thường.,none,none,general,STANDARD,NONE,vietnamese_synthetic,self-created,True,no_pii,valid
FINAL_000810,PRIZE_GIFT_0185,"Chúc mừng má đã trúng xe máy, bấm <LINK> để nhận quà. please check now",SCAM,PRIZE_GIFT,HIGH,Dùng quà tặng hoặc trúng thưởng để dụ cung cấp thông tin hoặc chuyển phí.,trúng thưởng; nhận quà; đóng phí; chuyển phí,Không chuyển phí hoặc cung cấp thông tin cá nhân để nhận quà không rõ nguồn.,greed; urgency,financial_loss; privacy_leak,elderly,SOUTH,CODE_SWITCHING,vietnamese_synthetic,self-created,True,no_pii,train
FINAL_000047,EMERGENCY_MONEY_0552,"Me oi con dang cap cuu, chuyen gap cho con 5 trieu, dung goi lai Vui lòng làm ngay để tránh mất quyền lợi.",SCAM,EMERGENCY_MONEY,HIGH,"Giả danh người thân, tạo tình huống khẩn cấp và yêu cầu chuyển tiền.",cấp cứu; chuyển gấp; đừng gọi lại; khẩn cấp,Không chuyển tiền vội. Gọi trực tiếp cho người thân qua số quen thuộc để xác minh.,urgency; trust_abuse; secrecy,financial_loss,elderly,SOUTH,NO_DIACRITICS,vietnamese_synthetic,self-created,True,no_pii,train
FINAL_000644,SUSPICIOUS_0097,Bác xác minh tài khoản giúp bên em trong hôm nay nhé để bên em kiểm tra lại.,SUSPICIOUS,UNKNOWN,MEDIUM,Nội dung có yêu cầu xác minh hoặc cung cấp thông tin nhưng chưa đủ bằng chứng kết luận lừa đảo.,xác minh; thông tin cá nhân; đường dẫn; phản hồi sớm,Cần kiểm tra nguồn gửi. Không cung cấp thông tin nhạy cảm nếu chưa xác minh.,uncertainty; possible_social_engineering,privacy_leak,general,NORTH,NONE,vietnamese_synthetic,self-created,True,no_pii,train
FINAL_000988,EMERGENCY_MONEY_0586,"Con đang gặp chuyện gấp, ba chuyển khoản liền cho con 10 triệu nha Làm ngay giúp bên cháu.",SCAM,EMERGENCY_MONEY,HIGH,"Giả danh người thân, tạo tình huống khẩn cấp và yêu cầu chuyển tiền.",cấp cứu; chuyển gấp; đừng gọi lại; khẩn cấp,Không chuyển tiền vội. Gọi trực tiếp cho người thân qua số quen thuộc để xác minh.,urgency; trust_abuse; secrecy,financial_loss,elderly,SOUTH,NONE,vietnamese_synthetic,self-created,True,no_pii,valid
FINAL_000577,SELF_FAKE_SUPPORT_0001,"Một bài cảnh báo trên mạng xã hội tóm tắt sự việc: người lạ giả làm tổng đài nhà mạng, thông báo SIM của cô cần chuẩn hóa. Nội dung sau đó chuyển sang yêu cầu bảo cô bật chia sẻ màn hình và đọc mã trong ứng dụng ngân hàng. Họ nói nếu không làm trong ngày, hồ sơ sẽ bị treo hoặc SIM bị khóa. Bài viết khuyên người đọc nên verify với người thân trước khi làm theo.",SCAM,FAKE_SUPPORT,HIGH,Giả danh nhân viên hỗ trợ kỹ thuật/dịch vụ công để yêu cầu cài app hoặc cấp quyền.,cài ứng dụng; chia sẻ màn hình; cấp quyền; hỗ trợ kỹ thuật,Không cài app lạ hoặc chia sẻ màn hình cho người không xác minh được danh tính.,technical_confusion; authority_impersonation,credential_theft; malware_install; privacy_leak,elderly,STANDARD,CODE_SWITCHING,self_created_long_context_based_on_public_warning_taxonomy,self-created,True,no_pii,train
FINAL_000144,SAFE_0369,"Ma don hang cua me la 123456, hang se giao trong hom nay.",SAFE,NONE,LOW,Nội dung bình thường hoặc không có yêu cầu nguy hiểm.,,Không cần cảnh báo. Có thể tiếp tục trò chuyện bình thường.,none,none,general,CENTRAL,NO_DIACRITICS,vietnamese_synthetic,self-created,True,no_pii,train
FINAL_000895,SUSPICIOUS_0024,"Tai khoan cua chu co dau hieu bat thuong, vui long phan hoi som.",SUSPICIOUS,UNKNOWN,MEDIUM,Nội dung có yêu cầu xác minh hoặc cung cấp thông tin nhưng chưa đủ bằng chứng kết luận lừa đảo.,xác minh; thông tin cá nhân; đường dẫn; phản hồi sớm,Cần kiểm tra nguồn gửi. Không cung cấp thông tin nhạy cảm nếu chưa xác minh.,uncertainty; possible_social_engineering,privacy_leak,general,SOUTH,TYPO,vietnamese_synthetic,self-created,True,no_pii,train
FINAL_001384,SAFE_0388,Chú kiểm tra giúp con lịch hẹn khám bệnh ngày mai nhé Mã tham chiếu 988.,SAFE,NONE,LOW,Nội dung bình thường hoặc không có yêu cầu nguy hiểm.,,Không cần cảnh báo. Có thể tiếp tục trò chuyện bình thường.,none,none,general,STANDARD,NONE,vietnamese_synthetic,self-created,True,no_pii,test
FINAL_000238,JOB_SCAM_0231,"Bên em tuyển cộng tác viên tại nhà, cần chuyển tiền kích hoạt tài khoản Bên cháu đang chờ phản hồi.",SCAM,JOB_SCAM,MEDIUM,"Lừa việc làm online, yêu cầu đóng phí hoặc nạp tiền trước.",nạp trước; đóng phí; kích hoạt tài khoản,Không đóng phí để nhận việc. Kiểm tra công ty và hợp đồng rõ ràng.,financial_pressure; false_promise,financial_loss,elderly,STANDARD,NONE,vietnamese_synthetic,self-created,True,no_pii,valid
FINAL_000135,OTP_BANK_0245,"Cô/chú cứ bình tĩnh, bên cháu hỗ trợ nhanh thôi. Cô đọc giúp cháu dãy 6 số vừa gửi về điện thoại để hoàn tất xác minh. Làm ngay để tránh bị khóa dịch vụ.",SCAM,OTP_BANK,HIGH,Yêu cầu cung cấp OTP hoặc mã xác nhận ngân hàng.,mã OTP; mã xác nhận; dãy 6 số,Không cung cấp OTP hoặc mã xác nhận. Gọi trực tiếp ngân hàng để kiểm tra.,urgency; technical_confusion,credential_theft,elderly,STANDARD,LONG_CONTEXT,vietnamese_synthetic,self-created,True,no_pii,test
FINAL_000490,SAFE_0167,Con đã chuyển tiền mua thuốc cho mẹ rồi Mã tham chiếu 767.,SAFE,NONE,LOW,Nội dung bình thường hoặc không có yêu cầu nguy hiểm.,,Không cần cảnh báo. Có thể tiếp tục trò chuyện bình thường.,none,none,general,SOUTH,NONE,vietnamese_synthetic,self-created,True,no_pii,train
FINAL_000115,SELF_SUSPICIOUS_0055,"Một người nhắn cho cô nói hồ sơ tài khoản cần xác minh lại trong hôm nay. Họ chưa yêu cầu OTP hay chuyển tiền, nhưng đề nghị cô chuẩn bị số căn cước và thông tin ngân hàng. Nội dung thiếu tên đơn vị rõ ràng nên cần kiểm tra lại nguồn gửi.",SUSPICIOUS,UNKNOWN,MEDIUM,Có yêu cầu xác minh/cung cấp thông tin nhưng chưa đủ dữ kiện kết luận lừa đảo.,xác minh; thông tin cá nhân; trong hôm nay,Cần kiểm tra nguồn gửi. Không cung cấp thông tin nhạy cảm nếu chưa xác minh.,uncertainty; possible_social_engineering,privacy_leak,general,SOUTH,NONE,self_created_long_context_based_on_public_warning_taxonomy,self-created,True,no_pii,train
FINAL_000838,SAFE_0180,Ba nho uong thuoc dung gio nha.,SAFE,NONE,LOW,Nội dung bình thường hoặc không có yêu cầu nguy hiểm.,,Không cần cảnh báo. Có thể tiếp tục trò chuyện bình thường.,none,none,general,SOUTH,TYPO,vietnamese_synthetic,self-created,True,no_pii,train
FINAL_000509,SAFE_0171,"Con dat xe cho o roi, tai xe se den trong 10 phut.",SAFE,NONE,LOW,Nội dung bình thường hoặc không có yêu cầu nguy hiểm.,,Không cần cảnh báo. Có thể tiếp tục trò chuyện bình thường.,none,none,general,CENTRAL,NO_DIACRITICS,vietnamese_synthetic,self-created,True,no_pii,test
FINAL_001359,SELF_SUSPICIOUS_0035,"Tin nhắn báo cô có giao dịch cần xác nhận và yêu cầu phản hồi sớm. Nội dung ko có logo chính thức, ko nói rõ NH nào và có kèm một đường dẫn rút gọn. Trường hợp này chưa chắc là lừa đảo nhưng ko nên bấm link ngay.",SUSPICIOUS,UNKNOWN,MEDIUM,Có yêu cầu xác minh/cung cấp thông tin nhưng chưa đủ dữ kiện kết luận lừa đảo.,xác minh; thông tin cá nhân; trong hôm nay,Cần kiểm tra nguồn gửi. Không cung cấp thông tin nhạy cảm nếu chưa xác minh.,uncertainty; possible_social_engineering,privacy_leak,general,STANDARD,ABBREVIATION,self_created_long_context_based_on_public_warning_taxonomy,self-created,True,no_pii,valid
FINAL_001086,PRIZE_GIFT_0182,"Mệ trúng thưởng may mắn, chuyển phí vận chuyển để nhận quà ngay hôm nay.",SCAM,PRIZE_GIFT,HIGH,Dùng quà tặng hoặc trúng thưởng để dụ cung cấp thông tin hoặc chuyển phí.,trúng thưởng; nhận quà; đóng phí; chuyển phí,Không chuyển phí hoặc cung cấp thông tin cá nhân để nhận quà không rõ nguồn.,greed; urgency,financial_loss; privacy_leak,elderly,CENTRAL,NONE,vietnamese_synthetic,self-created,True,no_pii,train
FINAL_000034,INVESTMENT_0178,"Má tham gia nhóm đầu tư nội bộ, lợi nhuận chắc chắn không rủi ro. please check now",SCAM,INVESTMENT,HIGH,Hứa lợi nhuận cao bất thường và yêu cầu nạp/chuyển tiền.,lãi 30%; lợi nhuận cao; nạp tiền; chuyển tiền,Không chuyển tiền vào kênh đầu tư không rõ pháp lý. Hỏi người thân hoặc chuyên gia tài chính.,greed; false_promise,financial_loss,elderly,SOUTH,CODE_SWITCHING,vietnamese_synthetic,self-created,True,no_pii,train
FINAL_000517,INVESTMENT_0240,"Bên em có sàn đầu tư lợi nhuận cao, cô nạp tiền sớm để giữ suất Xử lý trong hôm nay giúp cháu.",SCAM,INVESTMENT,HIGH,Hứa lợi nhuận cao bất thường và yêu cầu nạp/chuyển tiền.,lãi 30%; lợi nhuận cao; nạp tiền; chuyển tiền,Không chuyển tiền vào kênh đầu tư không rõ pháp lý. Hỏi người thân hoặc chuyên gia tài chính.,greed; false_promise,financial_loss,elderly,STANDARD,NONE,vietnamese_synthetic,self-created,True,no_pii,train
FINAL_000311,JOB_SCAM_0158,"Chú chỉ cần làm nhiệm vụ online, nạp trước 300 nghìn để nhận việc.",SCAM,JOB_SCAM,MEDIUM,"Lừa việc làm online, yêu cầu đóng phí hoặc nạp tiền trước.",nạp trước; đóng phí; kích hoạt tài khoản,Không đóng phí để nhận việc. Kiểm tra công ty và hợp đồng rõ ràng.,financial_pressure; false_promise,financial_loss,elderly,STANDARD,NONE,vietnamese_synthetic,self-created,True,no_pii,valid
FINAL_000700,SELF_SUSPICIOUS_0002,"Tin nhắn báo chú có giao dịch cần xác nhận và yêu cầu phản hồi sớm. Nội dung không có logo chính thức, không nói rõ N.H nào và có kèm một đường dẫn rút gọn. Trường hợp này chưa chắc là lừa đảo nhưng không nên bấm link ngay.",SUSPICIOUS,UNKNOWN,MEDIUM,Có yêu cầu xác minh/cung cấp thông tin nhưng chưa đủ dữ kiện kết luận lừa đảo.,xác minh; thông tin cá nhân; trong hôm nay,Cần kiểm tra nguồn gửi. Không cung cấp thông tin nhạy cảm nếu chưa xác minh.,uncertainty; possible_social_engineering,privacy_leak,general,NORTH,OBFUSCATION,self_created_long_context_based_on_public_warning_taxonomy,self-created,True,no_pii,test
FINAL_001239,LOAN_SCAM_0451,"Bác được duyệt vay 50 triệu, cần đóng phí bảo hiểm trước để giải ngân Vui lòng làm ngay để tránh mất quyền lợi.",SCAM,LOAN_SCAM,HIGH,"Lừa vay tiền, yêu cầu đóng phí trước hoặc gửi giấy tờ cá nhân.",đóng phí; giải ngân; gửi CCCD; phí hồ sơ,Không gửi giấy tờ cá nhân hoặc đóng phí trước cho dịch vụ vay không rõ nguồn.,financial_pressure; urgency,financial_loss; identity_theft,elderly,STANDARD,ABBREVIATION,vietnamese_synthetic,self-created,True,no_pii,train
FINAL_001350,SUSPICIOUS_0082,Chú gửi thông tin để bên em cập nhật hồ sơ giúp bên em nhé.,SUSPICIOUS,UNKNOWN,MEDIUM,Nội dung có yêu cầu xác minh hoặc cung cấp thông tin nhưng chưa đủ bằng chứng kết luận lừa đảo.,xác minh; thông tin cá nhân; đường dẫn; phản hồi sớm,Cần kiểm tra nguồn gửi. Không cung cấp thông tin nhạy cảm nếu chưa xác minh.,uncertainty; possible_social_engineering,privacy_leak,general,NORTH,OBFUSCATION,vietnamese_synthetic,self-created,True,no_pii,train
FINAL_001462,SELF_SUSPICIOUS_0013,"Tin nhan bao chu co giao dich can xac nhan va yeu cau phan hoi som. Noi dung khong co logo chinh thuc, khong noi ro ngan hang nao va co kem mot duong dan rut gon. Truong hop nay chua chac la lua dao nhung khong nen bam link ngay.",SUSPICIOUS,UNKNOWN,MEDIUM,Có yêu cầu xác minh/cung cấp thông tin nhưng chưa đủ dữ kiện kết luận lừa đảo.,xác minh; thông tin cá nhân; trong hôm nay,Cần kiểm tra nguồn gửi. Không cung cấp thông tin nhạy cảm nếu chưa xác minh.,uncertainty; possible_social_engineering,privacy_leak,general,SOUTH,NO_DIACRITICS,self_created_long_context_based_on_public_warning_taxonomy,self-created,True,no_pii,test
FINAL_000001,SAFE_0054,"Ngan hang thong bao bao tri he thong vao toi nay, khong yeu cau cung cap thong tin nha.",SAFE,NONE,LOW,Nội dung bình thường hoặc không có yêu cầu nguy hiểm.,,Không cần cảnh báo. Có thể tiếp tục trò chuyện bình thường.,none,none,general,SOUTH,NO_DIACRITICS,vietnamese_synthetic,self-created,True,no_pii,train
FINAL_000214,SELF_SAFE_0037,"Một thông báo ngân hàng nói hệ thống bảo trì vào ban đêm và khuyến cáo khách hàng không cung cấp OTP cho bất kỳ ai. Tin nhắn không có đường link đăng nhập, không yêu cầu gọi số lạ và không yêu cầu thao tác gấp. Mã tình huống tham khảo: SELF_000277.",SAFE,NONE,LOW,"Thông báo an toàn, còn có nội dung cảnh báo không cung cấp OTP.",bảo trì; không cung cấp OTP; không có đường link,"Không cần cảnh báo mạnh. Có thể tiếp tục trò chuyện bình thường, nhưng vẫn nhắc người dùng không chia sẻ OTP nếu cần.",none,none,general,NORTH,NONE,self_created_long_context_hard_negative,self-created,True,no_pii,valid
FINAL_000947,SELF_LOAN_SCAM_0007,Bài chia sẻ mô tả một trường hợp người cao tuổi nhận được cuộc gọi lạ: người gọi quảng cáo hỗ trợ người cao tuổi vay tiêu dùng lãi thấp. Sau đó họ đề nghị má chuyển phí xm để sửa lỗi hồ sơ. Họ nói nếu ko đóng phí ngay thì khoản vay sẽ bị hủy. Gia đình nghi ngờ đây là tình huống lừa đảo vì nội dung tạo áp lực và yêu cầu hành động liên quan đến tiền hoặc thông tin nhạy cảm.,SCAM,LOAN_SCAM,HIGH,"Lừa vay tiền nhanh, yêu cầu phí trước hoặc thu thập giấy tờ cá nhân.",duyệt vay; phí hồ sơ; phí bảo hiểm; giải ngân; CCCD,Không gửi giấy tờ cá nhân hoặc đóng phí trước cho dịch vụ vay không rõ nguồn.,financial_pressure; urgency; false_promise,financial_loss; identity_theft,elderly,SOUTH,ABBREVIATION,self_created_long_context_based_on_public_warning_taxonomy,self-created,True,no_pii,test
FINAL_000070,SELF_PHISHING_LINK_0017,Bài chia sẻ mô tả một trường hợp người cao tuổi nhận được cuộc gọi lạ: người gọi gửi thông báo hoàn tiền điện/nước và yêu cầu xác nhận qua đường dẫn. Sau đó họ yêu cầu bác bấm vào <LINK> để đăng nhập và cập nhật thông tin. Nội dung trình bày có logo giống tổ chức thật nên dễ gây nhầm lẫn. Gia đình nghi ngờ đây là tình huống lừa đảo vì nội dung tạo áp lực và yêu cầu hành động liên quan đến tiền hoặc thông tin nhạy cảm.,SCAM,PHISHING_LINK,HIGH,Dụ bấm link lạ để đăng nhập/cập nhật thông tin và đánh cắp dữ liệu.,<LINK>; bấm link; cập nhật thông tin; đăng nhập,Không bấm link lạ. Mở ứng dụng chính thức hoặc gõ trực tiếp địa chỉ website chính thức.,technical_confusion; urgency; false_promise,credential_theft; privacy_leak; malware_install,elderly,NORTH,NONE,self_created_long_context_based_on_public_warning_taxonomy,self-created,True,no_pii,test
FINAL_001114,PRIZE_GIFT_0025,"Chúc mừng chú đã trúng xe máy, bấm <LINK> để nhận quà. please check now",SCAM,PRIZE_GIFT,HIGH,Dùng quà tặng hoặc trúng thưởng để dụ cung cấp thông tin hoặc chuyển phí.,trúng thưởng; nhận quà; đóng phí; chuyển phí,Không chuyển phí hoặc cung cấp thông tin cá nhân để nhận quà không rõ nguồn.,greed; urgency,financial_loss; privacy_leak,elderly,NORTH,CODE_SWITCHING,vietnamese_synthetic,self-created,True,no_pii,train
FINAL_000230,SELF_SAFE_0032,"Tin nhắn của con cháu hỏi ba tối nay có muốn gọi video với cả nhà không. Cuộc trò chuyện chỉ xoay quanh chuyện ăn uống, sức khỏe và lịch sinh hoạt. Không có yêu cầu chuyển tiền hay cung cấp thông tin riêng tư. Mã tình huống tham khảo: SELF_000272.",SAFE,NONE,LOW,"Cuộc trò chuyện gia đình bình thường, không chứa dấu hiệu lừa đảo.",ăn uống; sức khỏe; không yêu cầu chuyển tiền,"Không cần cảnh báo mạnh. Có thể tiếp tục trò chuyện bình thường, nhưng vẫn nhắc người dùng không chia sẻ OTP nếu cần.",none,none,general,SOUTH,NONE,self_created_long_context_hard_negative,self-created,True,no_pii,train
FINAL_001527,SAFE_0236,Bác kiểm tra giúp con lịch hẹn khám bệnh ngày mai nhé ạ.,SAFE,NONE,LOW,Nội dung bình thường hoặc không có yêu cầu nguy hiểm.,,Không cần cảnh báo. Có thể tiếp tục trò chuyện bình thường.,none,none,general,NORTH,NONE,vietnamese_synthetic,self-created,True,no_pii,train
FINAL_001042,PHISHING_LINK_0077,O cần đăng nhập vào <LINK> để kiểm tra giao dịch bất thường.,SCAM,PHISHING_LINK,HIGH,Dụ người dùng bấm link lạ để đánh cắp thông tin.,<LINK>; bấm link; đăng nhập,Không bấm link lạ. Chỉ truy cập website hoặc ứng dụng chính thức.,technical_confusion; urgency,credential_theft; malware_install,elderly,CENTRAL,NONE,vietnamese_synthetic,self-created,True,no_pii,train
FINAL_001151,INVESTMENT_0314,"Má đầu tư 3 triệu hôm nay, cam kết nhận lãi 30% sau một tuần.",SCAM,INVESTMENT,HIGH,Hứa lợi nhuận cao bất thường và yêu cầu nạp/chuyển tiền.,lãi 30%; lợi nhuận cao; nạp tiền; chuyển tiền,Không chuyển tiền vào kênh đầu tư không rõ pháp lý. Hỏi người thân hoặc chuyên gia tài chính.,greed; false_promise,financial_loss,elderly,SOUTH,NONE,vietnamese_synthetic,self-created,True,no_pii,train
FINAL_000392,INVESTMENT_0354,"Chu dau tu 3 trieu hom nay, cam ket nhan lai 30% sau mot tuan Nếu chậm trễ tài khoản có thể bị khóa.",SCAM,INVESTMENT,HIGH,Hứa lợi nhuận cao bất thường và yêu cầu nạp/chuyển tiền.,lãi 30%; lợi nhuận cao; nạp tiền; chuyển tiền,Không chuyển tiền vào kênh đầu tư không rõ pháp lý. Hỏi người thân hoặc chuyên gia tài chính.,greed; false_promise,financial_loss,elderly,STANDARD,NO_DIACRITICS,vietnamese_synthetic,self-created,True,no_pii,valid
FINAL_001153,SUSPICIOUS_0200,Co gui thong tin de ben em cap nhat ho so giúp bên em nhé.,SUSPICIOUS,UNKNOWN,MEDIUM,Nội dung có yêu cầu xác minh hoặc cung cấp thông tin nhưng chưa đủ bằng chứng kết luận lừa đảo.,xác minh; thông tin cá nhân; đường dẫn; phản hồi sớm,Cần kiểm tra nguồn gửi. Không cung cấp thông tin nhạy cảm nếu chưa xác minh.,uncertainty; possible_social_engineering,privacy_leak,general,NORTH,NO_DIACRITICS,vietnamese_synthetic,self-created,True,no_pii,train
FINAL_000450,SAFE_0081,"Ngan hang thong bao bao tri he thong vao toi nay, khong yeu cau cung cap thong tin nhé.",SAFE,NONE,LOW,Nội dung bình thường hoặc không có yêu cầu nguy hiểm.,,Không cần cảnh báo. Có thể tiếp tục trò chuyện bình thường.,none,none,general,CENTRAL,NO_DIACRITICS,vietnamese_synthetic,self-created,True,no_pii,train
FINAL_001470,FAKE_POLICE_0255,"Bác không được nói với ai, hãy chuyển tiền vào tài khoản tạm giữ để phục vụ verify.",SCAM,FAKE_POLICE,HIGH,"Giả danh cơ quan chức năng, đe dọa và yêu cầu chuyển tiền.",công an; viện kiểm sát; vụ án; chuyển tiền,Không chuyển tiền. Gọi người thân hoặc cơ quan công an địa phương để xác minh.,authority_impersonation; fear; secrecy,financial_loss,elderly,STANDARD,CODE_SWITCHING,vietnamese_synthetic,self-created,True,no_pii,train
FINAL_001141,FAKE_POLICE_0195,"Mệ đang bị nghi ngờ liên quan đường dây lừa đảo, cần làm theo hướng dẫn ngay.",SCAM,FAKE_POLICE,HIGH,"Giả danh cơ quan chức năng, đe dọa và yêu cầu chuyển tiền.",công an; viện kiểm sát; vụ án; chuyển tiền,Không chuyển tiền. Gọi người thân hoặc cơ quan công an địa phương để xác minh.,authority_impersonation; fear; secrecy,financial_loss,elderly,CENTRAL,NONE,vietnamese_synthetic,self-created,True,no_pii,train
FINAL_001603,SUSPICIOUS_0062,"Tài khoản của mệ có dấu hiệu bất thường, vui lòng phản hồi sớm.",SUSPICIOUS,UNKNOWN,MEDIUM,Nội dung có yêu cầu xác minh hoặc cung cấp thông tin nhưng chưa đủ bằng chứng kết luận lừa đảo.,xác minh; thông tin cá nhân; đường dẫn; phản hồi sớm,Cần kiểm tra nguồn gửi. Không cung cấp thông tin nhạy cảm nếu chưa xác minh.,uncertainty; possible_social_engineering,privacy_leak,general,CENTRAL,NONE,vietnamese_synthetic,self-created,True,no_pii,train
FINAL_000843,SELF_SAFE_0054,"Tin nhắn của con cháu hỏi chú tối nay có muốn gọi video với cả nhà không. Cuộc trò chuyện chỉ xoay quanh chuyện ăn uống, sức khỏe và lịch sinh hoạt. Không có yêu cầu chuyển tiền hay cung cấp thông tin riêng tư. Mã tình huống tham khảo: SELF_000294.",SAFE,NONE,LOW,"Cuộc trò chuyện gia đình bình thường, không chứa dấu hiệu lừa đảo.",ăn uống; sức khỏe; không yêu cầu chuyển tiền,"Không cần cảnh báo mạnh. Có thể tiếp tục trò chuyện bình thường, nhưng vẫn nhắc người dùng không chia sẻ OTP nếu cần.",none,none,general,NORTH,NONE,self_created_long_context_hard_negative,self-created,True,no_pii,train
FINAL_001194,PHISHING_LINK_0538,Co bam link <LINK> de xac minh tai khoan truoc khi bi khoa Xử lý trong hôm nay giúp cháu.,SCAM,PHISHING_LINK,HIGH,Dụ người dùng bấm link lạ để đánh cắp thông tin.,<LINK>; bấm link; đăng nhập,Không bấm link lạ. Chỉ truy cập website hoặc ứng dụng chính thức.,technical_confusion; urgency,credential_theft; malware_install,elderly,SOUTH,TYPO,vietnamese_synthetic,self-created,True,no_pii,train
FINAL_001324,SUSPICIOUS_0133,"Tài khoản của chú có dấu hiệu bất thường, vui lòng phản hồi sớm phản hồi sớm giúp em nha.",SUSPICIOUS,UNKNOWN,MEDIUM,Nội dung có yêu cầu xác minh hoặc cung cấp thông tin nhưng chưa đủ bằng chứng kết luận lừa đảo.,xác minh; thông tin cá nhân; đường dẫn; phản hồi sớm,Cần kiểm tra nguồn gửi. Không cung cấp thông tin nhạy cảm nếu chưa xác minh.,uncertainty; possible_social_engineering,privacy_leak,general,NORTH,NONE,vietnamese_synthetic,self-created,True,no_pii,train
FINAL_001021,SAFE_0110,Con da chuyen tien mua thuoc cho me roi nhé.,SAFE,NONE,LOW,Nội dung bình thường hoặc không có yêu cầu nguy hiểm.,,Không cần cảnh báo. Có thể tiếp tục trò chuyện bình thường.,none,none,general,CENTRAL,NO_DIACRITICS,vietnamese_synthetic,self-created,True,no_pii,train
FINAL_001232,SELF_EMERGENCY_MONEY_0006,Một bài cảnh báo trên mạng xã hội tóm tắt sự việc: người lạ gửi ảnh chụp bệnh viện mờ và nói đang cần đóng viện phí gấp. Nội dung sau đó chuyển sang yêu cầu yêu cầu mệ gửi tiền qua ví điện tử để xử lý trước khi người nhà biết. Họ dùng cảm xúc lo sợ của gia đình để ép mệ quyết định nhanh. Bài viết khuyên người đọc nên xác minh với người thân trước khi làm theo.,SCAM,EMERGENCY_MONEY,HIGH,Giả danh người thân hoặc dùng tình huống khẩn cấp để yêu cầu chuyển tiền.,đang cấp cứu; chuyển gấp; đừng gọi lại; cần tiền ngay,Không chuyển tiền vội. Gọi trực tiếp cho người thân qua số quen thuộc hoặc hỏi người trong gia đình.,trust_abuse; urgency; secrecy; fear,financial_loss,elderly,CENTRAL,NONE,self_created_long_context_based_on_public_warning_taxonomy,self-created,True,no_pii,train
FINAL_000727,EMERGENCY_MONEY_0557,"Mẹ ơi con đang cấp cứu, chuyển gấp cho con 5 triệu, đừng gọi lại Không nên chia sẻ việc này với ai.",SCAM,EMERGENCY_MONEY,HIGH,"Giả danh người thân, tạo tình huống khẩn cấp và yêu cầu chuyển tiền.",cấp cứu; chuyển gấp; đừng gọi lại; khẩn cấp,Không chuyển tiền vội. Gọi trực tiếp cho người thân qua số quen thuộc để xác minh.,urgency; trust_abuse; secrecy,financial_loss,elderly,CENTRAL,NONE,vietnamese_synthetic,self-created,True,no_pii,train
FINAL_000676,PRIZE_GIFT_0150,"Chuc mung me da trung xe may, bam <LINK> de nhan qua.",SCAM,PRIZE_GIFT,HIGH,Dùng quà tặng hoặc trúng thưởng để dụ cung cấp thông tin hoặc chuyển phí.,trúng thưởng; nhận quà; đóng phí; chuyển phí,Không chuyển phí hoặc cung cấp thông tin cá nhân để nhận quà không rõ nguồn.,greed; urgency,financial_loss; privacy_leak,elderly,CENTRAL,NO_DIACRITICS,vietnamese_synthetic,self-created,True,no_pii,train
FINAL_000822,SAFE_0164,Con gửi link bài báo này cho má đọc thử nha.,SAFE,NONE,LOW,Nội dung bình thường hoặc không có yêu cầu nguy hiểm.,,Không cần cảnh báo. Có thể tiếp tục trò chuyện bình thường.,none,none,general,SOUTH,NONE,vietnamese_synthetic,self-created,True,no_pii,train
FINAL_000411,SUSPICIOUS_0129,"Tai khoan cua chu co dau hieu bat thuong, vui long phan hoi som để bên em kiểm tra lại.",SUSPICIOUS,UNKNOWN,MEDIUM,Nội dung có yêu cầu xác minh hoặc cung cấp thông tin nhưng chưa đủ bằng chứng kết luận lừa đảo.,xác minh; thông tin cá nhân; đường dẫn; phản hồi sớm,Cần kiểm tra nguồn gửi. Không cung cấp thông tin nhạy cảm nếu chưa xác minh.,uncertainty; possible_social_engineering,privacy_leak,general,NORTH,TYPO,vietnamese_synthetic,self-created,True,no_pii,train
FINAL_001048,SAFE_0391,"Bác ơi, tối nay cả nhà gọi video nhé tối con gọi lại nhé.",SAFE,NONE,LOW,Nội dung bình thường hoặc không có yêu cầu nguy hiểm.,,Không cần cảnh báo. Có thể tiếp tục trò chuyện bình thường.,none,none,general,CENTRAL,NONE,vietnamese_synthetic,self-created,True,no_pii,train
FINAL_000574,SELF_JOB_SCAM_0013,Bài chia sẻ mô tả một trường hợp người cao tuổi nhận được cuộc gọi lạ: người gọi giả danh sàn thương mại điện tử tuyển người xử lý đơn hàng. Sau đó họ đề nghị o tăng số tiền nhiệm vụ để được rút hoa hồng. Ban đầu họ cho nhận vài chục nghìn để tạo lòng tin. Gia đình nghi ngờ đây là tình huống lừa đảo vì nội dung tạo áp lực và yêu cầu hành động liên quan đến tiền hoặc thông tin nhạy cảm.,SCAM,JOB_SCAM,MEDIUM,"Lừa tuyển cộng tác viên/việc nhẹ lương cao, yêu cầu nạp tiền hoặc làm nhiệm vụ.",việc nhẹ lương cao; nạp tiền; nhiệm vụ; hoàn tiền,Không đóng phí để nhận việc. Kiểm tra thông tin công ty và hợp đồng rõ ràng.,financial_pressure; false_promise; gamification,financial_loss,elderly,CENTRAL,NONE,self_created_long_context_based_on_public_warning_taxonomy,self-created,True,no_pii,valid
FINAL_000506,SELF_TRAVEL_COMBO_0010,Một bài cảnh báo trên mạng xã hội tóm tắt sự việc: người lạ fanpage rao combo nghỉ dưỡng giá rẻ hơn thị trường rất nhiều. Nội dung sau đó chuyển sang yêu cầu đề nghị thanh toán toàn bộ để được giảm thêm. Họ nhấn mạnh nếu chậm vài phút sẽ mất suất khuyến mãi. Bài viết khuyên người đọc nên xác minh với người thân trước khi làm theo.,SCAM,TRAVEL_COMBO,MEDIUM,"Rao combo du lịch/khách sạn giá rẻ bất thường, yêu cầu đặt cọc nhanh.",combo giá rẻ; đặt cọc; giữ chỗ; chuyển khoản,"Không đặt cọc qua tài khoản cá nhân. Kiểm tra fanpage, website, giấy phép và đánh giá thật.",false_promise; scarcity; urgency,financial_loss,elderly,NORTH,NONE,self_created_long_context_based_on_public_warning_taxonomy,self-created,True,no_pii,train
FINAL_000453,PRIZE_GIFT_0426,"Cô/chú cứ bình tĩnh, bên cháu hỗ trợ nhanh thôi. Chúc mừng cô đã trúng xe máy, bấm <LINK> để nhận quà. Làm ngay để tránh bị khóa dịch vụ.",SCAM,PRIZE_GIFT,HIGH,Dùng quà tặng hoặc trúng thưởng để dụ cung cấp thông tin hoặc chuyển phí.,trúng thưởng; nhận quà; đóng phí; chuyển phí,Không chuyển phí hoặc cung cấp thông tin cá nhân để nhận quà không rõ nguồn.,greed; urgency,financial_loss; privacy_leak,elderly,NORTH,LONG_CONTEXT,vietnamese_synthetic,self-created,True,no_pii,train
FINAL_000184,JOB_SCAM_0052,"Ben em tuyen cong tac vien tai nha, can chuyen tien kich hoat tai khoan.",SCAM,JOB_SCAM,MEDIUM,"Lừa việc làm online, yêu cầu đóng phí hoặc nạp tiền trước.",nạp trước; đóng phí; kích hoạt tài khoản,Không đóng phí để nhận việc. Kiểm tra công ty và hợp đồng rõ ràng.,financial_pressure; false_promise,financial_loss,elderly,NORTH,NO_DIACRITICS,vietnamese_synthetic,self-created,True,no_pii,valid
FINAL_001441,SELF_HEALTH_PRODUCT_0003,Bai chia se mo ta mot truong hop nguoi cao tuoi nhan duoc cuoc goi la: nguoi goi moi ba tham gia hoi thao suc khoe mien phi tai khach san. Sau do ho yeu cau ba dat coc bo san pham ngay trong buoi tu van. Nhan vien vay quanh tu van khien ba kho tu choi. Gia dinh nghi ngo day la tinh huong lua dao vi noi dung tao ap luc va yeu cau hanh dong lien quan den tien hoac thong tin nhay cam.,SCAM,HEALTH_PRODUCT,MEDIUM,Dụ người cao tuổi mua sản phẩm sức khỏe/đa cấp bằng cam kết chữa bệnh hoặc lợi nhuận.,hội thảo miễn phí; thuốc chữa bệnh; đặt cọc; lợi nhuận,Không mua thuốc/sản phẩm sức khỏe không rõ nguồn. Hỏi bác sĩ hoặc người thân trước.,health_anxiety; false_promise; social_proof,financial_loss; health_risk,elderly,SOUTH,NO_DIACRITICS,self_created_long_context_based_on_public_warning_taxonomy,self-created,True,no_pii,test
FINAL_001380,FAKE_POLICE_0459,"Chúng tôi là công an, o đang liên quan đến vụ án rửa tiền, cần chuyển tiền để điều tra Làm ngay giúp bên cháu.",SCAM,FAKE_POLICE,HIGH,"Giả danh cơ quan chức năng, đe dọa và yêu cầu chuyển tiền.",công an; viện kiểm sát; vụ án; chuyển tiền,Không chuyển tiền. Gọi người thân hoặc cơ quan công an địa phương để xác minh.,authority_impersonation; fear; secrecy,financial_loss,elderly,CENTRAL,NONE,vietnamese_synthetic,self-created,True,no_pii,train
FINAL_001494,PRIZE_GIFT_0062,"Chu trung thuong may man, chuyen phi van chuyen de nhan qua ngay hom nay.",SCAM,PRIZE_GIFT,HIGH,Dùng quà tặng hoặc trúng thưởng để dụ cung cấp thông tin hoặc chuyển phí.,trúng thưởng; nhận quà; đóng phí; chuyển phí,Không chuyển phí hoặc cung cấp thông tin cá nhân để nhận quà không rõ nguồn.,greed; urgency,financial_loss; privacy_leak,elderly,NORTH,NO_DIACRITICS,vietnamese_synthetic,self-created,True,no_pii,train
FINAL_001133,PRIZE_GIFT_0168,"Bên em tặng má phần quà tri ân, cần cung cấp thông tin cá nhân để nhận.",SCAM,PRIZE_GIFT,HIGH,Dùng quà tặng hoặc trúng thưởng để dụ cung cấp thông tin hoặc chuyển phí.,trúng thưởng; nhận quà; đóng phí; chuyển phí,Không chuyển phí hoặc cung cấp thông tin cá nhân để nhận quà không rõ nguồn.,greed; urgency,financial_loss; privacy_leak,elderly,SOUTH,OBFUSCATION,vietnamese_synthetic,self-created,True,no_pii,train
FINAL_000481,SAFE_0223,"Ngân hàng thông báo bảo trì hệ thống vào tối nay, không yêu cầu cung cấp thông tin Mã tham chiếu 823.",SAFE,NONE,LOW,Nội dung bình thường hoặc không có yêu cầu nguy hiểm.,,Không cần cảnh báo. Có thể tiếp tục trò chuyện bình thường.,none,none,general,STANDARD,NONE,vietnamese_synthetic,self-created,True,no_pii,train
FINAL_001386,SAFE_0128,Cô nhớ uống thuốc đúng giờ nha nhé.,SAFE,NONE,LOW,Nội dung bình thường hoặc không có yêu cầu nguy hiểm.,,Không cần cảnh báo. Có thể tiếp tục trò chuyện bình thường.,none,none,general,NORTH,NONE,vietnamese_synthetic,self-created,True,no_pii,train
FINAL_000182,JOB_SCAM_0422,"Bác nhận job online, hoàn thành đơn đầu tiên sẽ được hoàn tiền và thưởng.",SCAM,JOB_SCAM,MEDIUM,"Lừa việc làm online, yêu cầu đóng phí hoặc nạp tiền trước.",nạp trước; đóng phí; kích hoạt tài khoản,Không đóng phí để nhận việc. Kiểm tra công ty và hợp đồng rõ ràng.,financial_pressure; false_promise,financial_loss,elderly,CENTRAL,NONE,vietnamese_synthetic,self-created,True,no_pii,train
FINAL_000050,SAFE_0101,"Ngân hàng thông báo bảo trì hệ thống vào tối nay, không yêu cầu cung cấp thông tin Mã tham chiếu 701.",SAFE,NONE,LOW,Nội dung bình thường hoặc không có yêu cầu nguy hiểm.,,Không cần cảnh báo. Có thể tiếp tục trò chuyện bình thường.,none,none,general,CENTRAL,NONE,vietnamese_synthetic,self-created,True,no_pii,train
FINAL_001595,SAFE_0059,Mai con về nhà ăn cơm với ba mẹ ạ.,SAFE,NONE,LOW,Nội dung bình thường hoặc không có yêu cầu nguy hiểm.,,Không cần cảnh báo. Có thể tiếp tục trò chuyện bình thường.,none,none,general,CENTRAL,NONE,vietnamese_synthetic,self-created,True,no_pii,test
FINAL_000912,SELF_SUSPICIOUS_0030,"Bai chia se ke co nhan vien tu xung ben dich vu khach hang goi den, noi se ho tro cap nhat thong tin cho chu. Nguoi nay noi chuyen kha lich su nhung dung so la va khong cung cap duoc ma nhan vien. Chua co yeu cau tien, nhung co dau hieu can canh giac.",SUSPICIOUS,UNKNOWN,MEDIUM,Có yêu cầu xác minh/cung cấp thông tin nhưng chưa đủ dữ kiện kết luận lừa đảo.,xác minh; thông tin cá nhân; trong hôm nay,Cần kiểm tra nguồn gửi. Không cung cấp thông tin nhạy cảm nếu chưa xác minh.,uncertainty; possible_social_engineering,privacy_leak,general,STANDARD,TYPO,self_created_long_context_based_on_public_warning_taxonomy,self-created,True,no_pii,valid
FINAL_000631,SELF_SAFE_0033,"Tin nhắn của con cháu hỏi bác tối nay có muốn gọi video với cả nhà không. Cuộc trò chuyện chỉ xoay quanh chuyện ăn uống, sức khỏe và lịch sinh hoạt. Không có yêu cầu chuyển tiền hay cung cấp thông tin riêng tư. Mã tình huống tham khảo: SELF_000273.",SAFE,NONE,LOW,"Cuộc trò chuyện gia đình bình thường, không chứa dấu hiệu lừa đảo.",ăn uống; sức khỏe; không yêu cầu chuyển tiền,"Không cần cảnh báo mạnh. Có thể tiếp tục trò chuyện bình thường, nhưng vẫn nhắc người dùng không chia sẻ OTP nếu cần.",none,none,general,STANDARD,NONE,self_created_long_context_hard_negative,self-created,True,no_pii,valid
FINAL_001226,SELF_SAFE_0020,"Người giao hàng nhắn cho chú rằng đơn hàng sẽ giao trong buổi chiều và nếu không tiện nhận thì có thể hẹn lại. Tin nhắn chỉ hỏi thời gian nhận hàng, không yêu cầu bấm link, trả phí hay cung cấp thông tin cá nhân.",SAFE,NONE,LOW,"Thông báo giao hàng bình thường, không chứa link lạ hoặc yêu cầu thanh toán bất thường.",hẹn lại thời gian nhận hàng; không yêu cầu bấm link,"Không cần cảnh báo mạnh. Có thể tiếp tục trò chuyện bình thường, nhưng vẫn nhắc người dùng không chia sẻ OTP nếu cần.",none,none,general,SOUTH,NONE,self_created_long_context_hard_negative,self-created,True,no_pii,train
FINAL_000635,PHISHING_LINK_0432,Me can dang nhap vao <LINK> de kiem tra giao dich bat thuong.,SCAM,PHISHING_LINK,HIGH,Dụ người dùng bấm link lạ để đánh cắp thông tin.,<LINK>; bấm link; đăng nhập,Không bấm link lạ. Chỉ truy cập website hoặc ứng dụng chính thức.,technical_confusion; urgency,credential_theft; malware_install,elderly,CENTRAL,NO_DIACRITICS,vietnamese_synthetic,self-created,True,no_pii,train
FINAL_001224,EMERGENCY_MONEY_0064,"Chú ơi con bị tai nạn, gửi tiền ngay vào số tài khoản này giúp con.",SCAM,EMERGENCY_MONEY,HIGH,"Giả danh người thân, tạo tình huống khẩn cấp và yêu cầu chuyển tiền.",cấp cứu; chuyển gấp; đừng gọi lại; khẩn cấp,Không chuyển tiền vội. Gọi trực tiếp cho người thân qua số quen thuộc để xác minh.,urgency; trust_abuse; secrecy,financial_loss,elderly,STANDARD,NONE,vietnamese_synthetic,self-created,True,no_pii,train
FINAL_000124,FAKE_POLICE_0504,"Me dang bi nghi ngo lien quan duong day lua dao, can lam theo huong dan ngai.",SCAM,FAKE_POLICE,HIGH,"Giả danh cơ quan chức năng, đe dọa và yêu cầu chuyển tiền.",công an; viện kiểm sát; vụ án; chuyển tiền,Không chuyển tiền. Gọi người thân hoặc cơ quan công an địa phương để xác minh.,authority_impersonation; fear; secrecy,financial_loss,elderly,CENTRAL,TYPO,vietnamese_synthetic,self-created,True,no_pii,train
FINAL_000174,SELF_FAKE_POLICE_0005,"Đoạn tin nhắn bắt đầu bằng lời hỏi thăm sức khỏe của o, sau đó người gửi tự xưng là cán bộ công an đang điều tra đường dây rửa tiền. Trong các tin tiếp theo, họ bắt o cài ứng dụng lạ để khai báo tài sản và số dư ngân hàng. Họ dọa nếu o kể với con cháu thì sẽ bị xử lý vì làm lộ bí mật điều tra.",SCAM,FAKE_POLICE,HIGH,Giả danh công an/viện kiểm sát/tòa án để đe dọa và yêu cầu chuyển tiền.,công an; viện kiểm sát; vụ án; chuyển tiền; không được nói với ai,Không chuyển tiền. Cúp máy và liên hệ công an địa phương hoặc người thân để xác minh.,authority_impersonation; fear; secrecy; urgency,financial_loss; psychological_pressure,elderly,CENTRAL,NONE,self_created_long_context_based_on_public_warning_taxonomy,self-created,True,no_pii,train
FINAL_001553,SUSPICIOUS_0172,"Tài khoản của cô có dấu hiệu bất thường, vui lòng phản hồi sớm trong hôm nay giúp em.",SUSPICIOUS,UNKNOWN,MEDIUM,Nội dung có yêu cầu xác minh hoặc cung cấp thông tin nhưng chưa đủ bằng chứng kết luận lừa đảo.,xác minh; thông tin cá nhân; đường dẫn; phản hồi sớm,Cần kiểm tra nguồn gửi. Không cung cấp thông tin nhạy cảm nếu chưa xác minh.,uncertainty; possible_social_engineering,privacy_leak,general,STANDARD,NONE,vietnamese_synthetic,self-created,True,no_pii,train
FINAL_000741,SUSPICIOUS_0193,"Tai khoan cua bac co dau hieu bat thuong, vui long phan hoi som trong hôm nay giúp em.",SUSPICIOUS,UNKNOWN,MEDIUM,Nội dung có yêu cầu xác minh hoặc cung cấp thông tin nhưng chưa đủ bằng chứng kết luận lừa đảo.,xác minh; thông tin cá nhân; đường dẫn; phản hồi sớm,Cần kiểm tra nguồn gửi. Không cung cấp thông tin nhạy cảm nếu chưa xác minh.,uncertainty; possible_social_engineering,privacy_leak,general,NORTH,NO_DIACRITICS,vietnamese_synthetic,self-created,True,no_pii,train
FINAL_001399,SAFE_0318,Ba kiểm tra giúp con lịch hẹn khám bệnh ngày mai nhé nhé.,SAFE,NONE,LOW,Nội dung bình thường hoặc không có yêu cầu nguy hiểm.,,Không cần cảnh báo. Có thể tiếp tục trò chuyện bình thường.,none,none,general,SOUTH,NONE,vietnamese_synthetic,self-created,True,no_pii,train
FINAL_001368,SELF_HEALTH_PRODUCT_0011,"Co ke lai rang co nguoi goi dien trong luc o nha mot minh. Nguoi nay nguoi tu van noi san pham co the cai thien nhieu benh man tinh, noi chuyen rat tu tin va dung nhieu tu ngu giong co quan chinh thuc. Tiep theo ho xin thong tin ca nhan va so dien thoai nguoi quen de tu van tiep. Nhan vien vay quanh tu van khien co kho tu choi.",SCAM,HEALTH_PRODUCT,MEDIUM,Dụ người cao tuổi mua sản phẩm sức khỏe/đa cấp bằng cam kết chữa bệnh hoặc lợi nhuận.,hội thảo miễn phí; thuốc chữa bệnh; đặt cọc; lợi nhuận,Không mua thuốc/sản phẩm sức khỏe không rõ nguồn. Hỏi bác sĩ hoặc người thân trước.,health_anxiety; false_promise; social_proof,financial_loss; health_risk,elderly,STANDARD,TYPO,self_created_long_context_based_on_public_warning_taxonomy,self-created,True,no_pii,train
FINAL_000950,SUSPICIOUS_0008,Mệ gửi thông tin để bên em cập nhật hồ sơ.,SUSPICIOUS,UNKNOWN,MEDIUM,Nội dung có yêu cầu xác minh hoặc cung cấp thông tin nhưng chưa đủ bằng chứng kết luận lừa đảo.,xác minh; thông tin cá nhân; đường dẫn; phản hồi sớm,Cần kiểm tra nguồn gửi. Không cung cấp thông tin nhạy cảm nếu chưa xác minh.,uncertainty; possible_social_engineering,privacy_leak,general,CENTRAL,NONE,vietnamese_synthetic,self-created,True,no_pii,valid
FINAL_001307,SAFE_0085,"Con dat xe cho ba roi, tai xe se den trong 10 phut.",SAFE,NONE,LOW,Nội dung bình thường hoặc không có yêu cầu nguy hiểm.,,Không cần cảnh báo. Có thể tiếp tục trò chuyện bình thường.,none,none,general,SOUTH,TYPO,vietnamese_synthetic,self-created,True,no_pii,test
FINAL_001514,SELF_SAFE_0052,"Nguoi giao hang nhan cho bac rang don hang se giao trong buoi chieu va neu khong tien nhan thi co the hen lai. Tin nhan chi hoi thoi gian nhan hang, khong yeu cau bam link, tra phi hay cung cap thong tin ca nhan.",SAFE,NONE,LOW,"Thông báo giao hàng bình thường, không chứa link lạ hoặc yêu cầu thanh toán bất thường.",hẹn lại thời gian nhận hàng; không yêu cầu bấm link,"Không cần cảnh báo mạnh. Có thể tiếp tục trò chuyện bình thường, nhưng vẫn nhắc người dùng không chia sẻ OTP nếu cần.",none,none,general,CENTRAL,TYPO,self_created_long_context_hard_negative,self-created,True,no_pii,train
FINAL_000907,SELF_SUSPICIOUS_0048,"Tin nhắn báo bác có giao dịch cần xác nhận và yêu cầu phản hồi sớm. Nội dung không có logo chính thức, không nói rõ N.H nào và có kèm một đường dẫn rút gọn. Trường hợp này chưa chắc là lừa đảo nhưng không nên bấm link ngay.",SUSPICIOUS,UNKNOWN,MEDIUM,Có yêu cầu xác minh/cung cấp thông tin nhưng chưa đủ dữ kiện kết luận lừa đảo.,xác minh; thông tin cá nhân; trong hôm nay,Cần kiểm tra nguồn gửi. Không cung cấp thông tin nhạy cảm nếu chưa xác minh.,uncertainty; possible_social_engineering,privacy_leak,general,CENTRAL,OBFUSCATION,self_created_long_context_based_on_public_warning_taxonomy,self-created,True,no_pii,train
FINAL_001231,PRIZE_GIFT_0505,"Bác được chọn nhận phần thưởng 20 triệu, vui lòng đóng phí hồ sơ trước Xử lý trong hôm nay giúp cháu.",SCAM,PRIZE_GIFT,HIGH,Dùng quà tặng hoặc trúng thưởng để dụ cung cấp thông tin hoặc chuyển phí.,trúng thưởng; nhận quà; đóng phí; chuyển phí,Không chuyển phí hoặc cung cấp thông tin cá nhân để nhận quà không rõ nguồn.,greed; urgency,financial_loss; privacy_leak,elderly,STANDARD,NONE,vietnamese_synthetic,self-created,True,no_pii,test
FINAL_000089,SELF_SUSPICIOUS_0008,"Co nguoi moi ma tham gia chuong trinh nhan qua tri an, noi se goi lai de huong dan. Ho chua yeu cau dong phi, nhung hoi tuoi, dia chi va so dien thoai nguoi than. Day la tinh huong nghi ngo vi thu thap thong tin ca nhan.",SUSPICIOUS,UNKNOWN,MEDIUM,Có yêu cầu xác minh/cung cấp thông tin nhưng chưa đủ dữ kiện kết luận lừa đảo.,xác minh; thông tin cá nhân; trong hôm nay,Cần kiểm tra nguồn gửi. Không cung cấp thông tin nhạy cảm nếu chưa xác minh.,uncertainty; possible_social_engineering,privacy_leak,general,SOUTH,NO_DIACRITICS,self_created_long_context_based_on_public_warning_taxonomy,self-created,True,no_pii,test
FINAL_001014,JOB_SCAM_0315,"Cô/chú cứ bình tĩnh, bên cháu hỗ trợ nhanh thôi. Việc nhẹ lương cao, bác đóng phí hồ sơ là có thể bắt đầu ngay. Làm ngay để tránh bị khóa dịch vụ.",SCAM,JOB_SCAM,MEDIUM,"Lừa việc làm online, yêu cầu đóng phí hoặc nạp tiền trước.",nạp trước; đóng phí; kích hoạt tài khoản,Không đóng phí để nhận việc. Kiểm tra công ty và hợp đồng rõ ràng.,financial_pressure; false_promise,financial_loss,elderly,CENTRAL,LONG_CONTEXT,vietnamese_synthetic,self-created,True,no_pii,test
FINAL_000132,PHISHING_LINK_0412,Vui long truy cap <LINK> de nhan ho tro hoan tien Xử lý trong hôm nay giúp cháu.,SCAM,PHISHING_LINK,HIGH,Dụ người dùng bấm link lạ để đánh cắp thông tin.,<LINK>; bấm link; đăng nhập,Không bấm link lạ. Chỉ truy cập website hoặc ứng dụng chính thức.,technical_confusion; urgency,credential_theft; malware_install,elderly,STANDARD,NO_DIACRITICS,vietnamese_synthetic,self-created,True,no_pii,train
FINAL_000288,SELF_TRAVEL_COMBO_0007,"Me ke lai rang co nguoi goi dien trong luc o nha mot minh. Nguoi nay ho gui anh phong dep va danh gia ao de me tin la chuong trinh that, noi chuyen rat tu tin va dung nhieu tu ngu giong co quan chinh thuc. Tiep theo ho de nghi thanh toan toan bo de duoc giam them. Khi hoi hop dong, ho chi gui anh voucher khong co xac nhan chinh thuc.",SCAM,TRAVEL_COMBO,MEDIUM,"Rao combo du lịch/khách sạn giá rẻ bất thường, yêu cầu đặt cọc nhanh.",combo giá rẻ; đặt cọc; giữ chỗ; chuyển khoản,"Không đặt cọc qua tài khoản cá nhân. Kiểm tra fanpage, website, giấy phép và đánh giá thật.",false_promise; scarcity; urgency,financial_loss,elderly,CENTRAL,NO_DIACRITICS,self_created_long_context_based_on_public_warning_taxonomy,self-created,True,no_pii,test
FINAL_001370,SUSPICIOUS_0065,Cô gửi thông tin để bên em cập nhật hồ sơ giúp bên em nhé.,SUSPICIOUS,UNKNOWN,MEDIUM,Nội dung có yêu cầu xác minh hoặc cung cấp thông tin nhưng chưa đủ bằng chứng kết luận lừa đảo.,xác minh; thông tin cá nhân; đường dẫn; phản hồi sớm,Cần kiểm tra nguồn gửi. Không cung cấp thông tin nhạy cảm nếu chưa xác minh.,uncertainty; possible_social_engineering,privacy_leak,general,NORTH,NONE,vietnamese_synthetic,self-created,True,no_pii,test
FINAL_001516,OTP_BANK_0496,Co doc giup chau day 6 so vua gui ve dien thoai de hoan tat xac minh.,SCAM,OTP_BANK,HIGH,Yêu cầu cung cấp OTP hoặc mã xác nhận ngân hàng.,mã OTP; mã xác nhận; dãy 6 số,Không cung cấp OTP hoặc mã xác nhận. Gọi trực tiếp ngân hàng để kiểm tra.,urgency; technical_confusion,credential_theft,elderly,STANDARD,TYPO,vietnamese_synthetic,self-created,True,no_pii,train
FINAL_001296,INVESTMENT_0076,"Cô tham gia nhóm đầu tư nội bộ, lợi nhuận chắc chắn không rủi ro. please check now",SCAM,INVESTMENT,HIGH,Hứa lợi nhuận cao bất thường và yêu cầu nạp/chuyển tiền.,lãi 30%; lợi nhuận cao; nạp tiền; chuyển tiền,Không chuyển tiền vào kênh đầu tư không rõ pháp lý. Hỏi người thân hoặc chuyên gia tài chính.,greed; false_promise,financial_loss,elderly,SOUTH,CODE_SWITCHING,vietnamese_synthetic,self-created,True,no_pii,train
FINAL_000991,SAFE_0073,"Co oi, toi nay ca nha goi video nhe.",SAFE,NONE,LOW,Nội dung bình thường hoặc không có yêu cầu nguy hiểm.,,Không cần cảnh báo. Có thể tiếp tục trò chuyện bình thường.,none,none,general,STANDARD,NO_DIACRITICS,vietnamese_synthetic,self-created,True,no_pii,train
FINAL_001550,SAFE_0153,"Hôm nay trời mưa, chú nhớ mang áo mưa nha.",SAFE,NONE,LOW,Nội dung bình thường hoặc không có yêu cầu nguy hiểm.,,Không cần cảnh báo. Có thể tiếp tục trò chuyện bình thường.,none,none,general,SOUTH,NONE,vietnamese_synthetic,self-created,True,no_pii,train
FINAL_000504,EMERGENCY_MONEY_0542,"Me oi con dang cap cuu, chuyen gap cho con 5 trieu, dung goi lai Nếu chậm trễ tài khoản có thể bị khóa.",SCAM,EMERGENCY_MONEY,HIGH,"Giả danh người thân, tạo tình huống khẩn cấp và yêu cầu chuyển tiền.",cấp cứu; chuyển gấp; đừng gọi lại; khẩn cấp,Không chuyển tiền vội. Gọi trực tiếp cho người thân qua số quen thuộc để xác minh.,urgency; trust_abuse; secrecy,financial_loss,elderly,NORTH,TYPO,vietnamese_synthetic,self-created,True,no_pii,train
FINAL_000240,OTP_BANK_0441,Cô gửi mã OTP vừa nhận được để NH xm tk ngay nhé.,SCAM,OTP_BANK,HIGH,Yêu cầu cung cấp OTP hoặc mã xác nhận ngân hàng.,mã OTP; mã xác nhận; dãy 6 số,Không cung cấp OTP hoặc mã xác nhận. Gọi trực tiếp ngân hàng để kiểm tra.,urgency; technical_confusion,credential_theft,elderly,STANDARD,ABBREVIATION,vietnamese_synthetic,self-created,True,no_pii,train
FINAL_000679,SELF_SAFE_0035,"Bài chia sẻ trong nhóm gia đình kể rằng con cháu nhắc bác đi khám định kỳ. Nội dung chỉ có lịch hẹn, địa chỉ bệnh viện và lời dặn mang theo giấy tờ. Không có yêu cầu chuyển tiền, không có link lạ và không hỏi mã xác nhận. Mã tình huống tham khảo: SELF_000275.",SAFE,NONE,LOW,"Nội dung chăm sóc gia đình bình thường, không yêu cầu hành động rủi ro.",lịch hẹn; không yêu cầu chuyển tiền; không có link lạ,"Không cần cảnh báo mạnh. Có thể tiếp tục trò chuyện bình thường, nhưng vẫn nhắc người dùng không chia sẻ OTP nếu cần.",none,none,general,NORTH,NONE,self_created_long_context_hard_negative,self-created,True,no_pii,train
FINAL_000400,SELF_FAKE_POLICE_0008,"Đoạn tin nhắn bắt đầu bằng lời hỏi thăm sức khỏe của cô, sau đó người gửi nói số căn cước của cô bị dùng để mở tài khoản phạm pháp. Trong các tin tiếp theo, họ bắt cô cài ứng dụng lạ để khai báo tài sản và số dư ngân hàng. Người gọi giữ máy nhiều giờ, không cho cô có thời gian hỏi ai khác.",SCAM,FAKE_POLICE,HIGH,Giả danh công an/viện kiểm sát/tòa án để đe dọa và yêu cầu chuyển tiền.,công an; viện kiểm sát; vụ án; chuyển tiền; không được nói với ai,Không chuyển tiền. Cúp máy và liên hệ công an địa phương hoặc người thân để xác minh.,authority_impersonation; fear; secrecy; urgency,financial_loss; psychological_pressure,elderly,STANDARD,NONE,self_created_long_context_based_on_public_warning_taxonomy,self-created,True,no_pii,valid
FINAL_001253,PHISHING_LINK_0275,"Đơn hàng của mệ gặp lỗi, bấm vào <LINK> để cập nhật thông tin nhận hàng Làm ngay giúp bên cháu.",SCAM,PHISHING_LINK,HIGH,Dụ người dùng bấm link lạ để đánh cắp thông tin.,<LINK>; bấm link; đăng nhập,Không bấm link lạ. Chỉ truy cập website hoặc ứng dụng chính thức.,technical_confusion; urgency,credential_theft; malware_install,elderly,CENTRAL,NONE,vietnamese_synthetic,self-created,True,no_pii,train
FINAL_000371,PRIZE_GIFT_0525,"Ba trúng thưởng may mắn, chuyển phí vận chuyển để nhận quà ngay hôm nay.",SCAM,PRIZE_GIFT,HIGH,Dùng quà tặng hoặc trúng thưởng để dụ cung cấp thông tin hoặc chuyển phí.,trúng thưởng; nhận quà; đóng phí; chuyển phí,Không chuyển phí hoặc cung cấp thông tin cá nhân để nhận quà không rõ nguồn.,greed; urgency,financial_loss; privacy_leak,elderly,SOUTH,NONE,vietnamese_synthetic,self-created,True,no_pii,train
FINAL_000871,SUSPICIOUS_0173,Em có cơ hội đầu tư muốn giới thiệu cho bác phản hồi sớm giúp em nha.,SUSPICIOUS,UNKNOWN,MEDIUM,Nội dung có yêu cầu xác minh hoặc cung cấp thông tin nhưng chưa đủ bằng chứng kết luận lừa đảo.,xác minh; thông tin cá nhân; đường dẫn; phản hồi sớm,Cần kiểm tra nguồn gửi. Không cung cấp thông tin nhạy cảm nếu chưa xác minh.,uncertainty; possible_social_engineering,privacy_leak,general,STANDARD,NONE,vietnamese_synthetic,self-created,True,no_pii,test
FINAL_000406,SUSPICIOUS_0124,Bác gửi thông tin để bên em cập nhật hồ sơ phản hồi sớm giúp em nha.,SUSPICIOUS,UNKNOWN,MEDIUM,Nội dung có yêu cầu xác minh hoặc cung cấp thông tin nhưng chưa đủ bằng chứng kết luận lừa đảo.,xác minh; thông tin cá nhân; đường dẫn; phản hồi sớm,Cần kiểm tra nguồn gửi. Không cung cấp thông tin nhạy cảm nếu chưa xác minh.,uncertainty; possible_social_engineering,privacy_leak,general,NORTH,NONE,vietnamese_synthetic,self-created,True,no_pii,test
FINAL_001257,SAFE_0094,"Ngan hang thong bao bao tri he thong vao toi nay, khong yeu cau cung cap thong tin khi nào rảnh nha.",SAFE,NONE,LOW,Nội dung bình thường hoặc không có yêu cầu nguy hiểm.,,Không cần cảnh báo. Có thể tiếp tục trò chuyện bình thường.,none,none,general,CENTRAL,NO_DIACRITICS,vietnamese_synthetic,self-created,True,no_pii,train
FINAL_001321,PHISHING_LINK_0500,Ba cần đăng nhập vào <LINK> để kiểm tra giao dịch bất thường Bên cháu đang chờ phản hồi.,SCAM,PHISHING_LINK,HIGH,Dụ người dùng bấm link lạ để đánh cắp thông tin.,<LINK>; bấm link; đăng nhập,Không bấm link lạ. Chỉ truy cập website hoặc ứng dụng chính thức.,technical_confusion; urgency,credential_theft; malware_install,elderly,SOUTH,NONE,vietnamese_synthetic,self-created,True,no_pii,valid
FINAL_001009,SAFE_0237,"Ngân hàng thông báo bảo trì hệ thống vào tối nay, không yêu cầu cung cấp thông tin Mã tham chiếu 837.",SAFE,NONE,LOW,Nội dung bình thường hoặc không có yêu cầu nguy hiểm.,,Không cần cảnh báo. Có thể tiếp tục trò chuyện bình thường.,none,none,general,STANDARD,NONE,vietnamese_synthetic,self-created,True,no_pii,valid
FINAL_001155,LOAN_SCAM_0094,"Hồ sơ vay của má đã được chấp nhận, chuyển phí xác minh để nhận tiền.",SCAM,LOAN_SCAM,HIGH,"Lừa vay tiền, yêu cầu đóng phí trước hoặc gửi giấy tờ cá nhân.",đóng phí; giải ngân; gửi CCCD; phí hồ sơ,Không gửi giấy tờ cá nhân hoặc đóng phí trước cho dịch vụ vay không rõ nguồn.,financial_pressure; urgency,financial_loss; identity_theft,elderly,SOUTH,OBFUSCATION,vietnamese_synthetic,self-created,True,no_pii,valid
FINAL_000916,SELF_PHISHING_LINK_0009,"Bác kể lại rằng có người gọi điện trong lúc ở nhà một mình. Người này giả danh cổng dịch vụ công, báo hồ sơ trợ cấp của bác còn thiếu thông tin, nói chuyện rất tự tin và dùng nhiều từ ngữ giống cơ quan chính thức. Tiếp theo họ hướng dẫn bác tải một ứng dụng ngoài kho chính thức. Tin nhắn ghi hồ sơ sẽ hết hạn sau 30 phút nếu không xác minh.",SCAM,PHISHING_LINK,HIGH,Dụ bấm link lạ để đăng nhập/cập nhật thông tin và đánh cắp dữ liệu.,<LINK>; bấm link; cập nhật thông tin; đăng nhập,Không bấm link lạ. Mở ứng dụng chính thức hoặc gõ trực tiếp địa chỉ website chính thức.,technical_confusion; urgency; false_promise,credential_theft; privacy_leak; malware_install,elderly,NORTH,NONE,self_created_long_context_based_on_public_warning_taxonomy,self-created,True,no_pii,train
FINAL_000889,SAFE_0191,"Ngân hàng thông báo bảo trì hệ thống vào tối nay, không yêu cầu cung cấp thông tin Mã tham chiếu 791.",SAFE,NONE,LOW,Nội dung bình thường hoặc không có yêu cầu nguy hiểm.,,Không cần cảnh báo. Có thể tiếp tục trò chuyện bình thường.,none,none,general,SOUTH,NONE,vietnamese_synthetic,self-created,True,no_pii,train
FINAL_000133,SAFE_0400,Con đã chuyển tiền mua thuốc cho mẹ rồi Mã tham chiếu 1000.,SAFE,NONE,LOW,Nội dung bình thường hoặc không có yêu cầu nguy hiểm.,,Không cần cảnh báo. Có thể tiếp tục trò chuyện bình thường.,none,none,general,SOUTH,NONE,vietnamese_synthetic,self-created,True,no_pii,valid
FINAL_001249,OTP_BANK_0396,Chú đọc giúp cháu dãy 6 số vừa gửi về điện thoại để hoàn tất xác minh.,SCAM,OTP_BANK,HIGH,Yêu cầu cung cấp OTP hoặc mã xác nhận ngân hàng.,mã OTP; mã xác nhận; dãy 6 số,Không cung cấp OTP hoặc mã xác nhận. Gọi trực tiếp ngân hàng để kiểm tra.,urgency; technical_confusion,credential_theft,elderly,STANDARD,NONE,vietnamese_synthetic,self-created,True,no_pii,train
FINAL_000141,SUSPICIOUS_0022,Bên em cần kiểm tra thông tin cá nhân của ba để hỗ trợ.,SUSPICIOUS,UNKNOWN,MEDIUM,Nội dung có yêu cầu xác minh hoặc cung cấp thông tin nhưng chưa đủ bằng chứng kết luận lừa đảo.,xác minh; thông tin cá nhân; đường dẫn; phản hồi sớm,Cần kiểm tra nguồn gửi. Không cung cấp thông tin nhạy cảm nếu chưa xác minh.,uncertainty; possible_social_engineering,privacy_leak,general,SOUTH,NONE,vietnamese_synthetic,self-created,True,no_pii,train
FINAL_000438,SAFE_0152,Con đã chuyển tiền mua thuốc cho mẹ rồi Mã tham chiếu 752.,SAFE,NONE,LOW,Nội dung bình thường hoặc không có yêu cầu nguy hiểm.,,Không cần cảnh báo. Có thể tiếp tục trò chuyện bình thường.,none,none,general,SOUTH,NONE,vietnamese_synthetic,self-created,True,no_pii,train
FINAL_000661,LOAN_SCAM_0161,"Hồ sơ vay của cô đã được chấp nhận, chuyển phí xác minh để nhận tiền Bên cháu đang chờ phản hồi.",SCAM,LOAN_SCAM,HIGH,"Lừa vay tiền, yêu cầu đóng phí trước hoặc gửi giấy tờ cá nhân.",đóng phí; giải ngân; gửi CCCD; phí hồ sơ,Không gửi giấy tờ cá nhân hoặc đóng phí trước cho dịch vụ vay không rõ nguồn.,financial_pressure; urgency,financial_loss; identity_theft,elderly,SOUTH,NONE,vietnamese_synthetic,self-created,True,no_pii,train
