id,base_case_id,text,label,scam_type,severity,reason,evidence_span,recommended_action,risk_factor,harm_type,target_group,region_variant,noise_type,source,license,is_synthetic,privacy_level,split
VN_000551,INVESTMENT_0551,"Cô tham gia nhóm đầu tư nội bộ, lợi nhuận chắc chắn không rủi ro.",SCAM,INVESTMENT,HIGH,Hứa lợi nhuận cao bất thường và yêu cầu nạp/chuyển tiền.,lãi 30%; lợi nhuận cao; nạp tiền; chuyển tiền,Không chuyển tiền vào kênh đầu tư không rõ pháp lý. Hỏi người thân hoặc chuyên gia tài chính.,greed; false_promise,financial_loss,elderly,NORTH,NONE,vietnamese_synthetic,self-created,true,no_pii,valid
VN_000608,SAFE_0008,"Ngân hàng thông báo bảo trì hệ thống vào tối nay, không yêu cầu cung cấp thông tin nha.",SAFE,NONE,LOW,Nội dung bình thường hoặc không có yêu cầu nguy hiểm.,,Không cần cảnh báo. Có thể tiếp tục trò chuyện bình thường.,none,none,general,NORTH,NONE,vietnamese_synthetic,self-created,true,no_pii,valid
VN_000506,PHISHING_LINK_0506,"Đơn hàng của o gặp lỗi, bấm vào <LINK> để cập nhật thông tin nhận hàng Làm ngay giúp bên cháu.",SCAM,PHISHING_LINK,HIGH,Dụ người dùng bấm link lạ để đánh cắp thông tin.,<LINK>; bấm link; đăng nhập,Không bấm link lạ. Chỉ truy cập website hoặc ứng dụng chính thức.,technical_confusion; urgency,credential_theft; malware_install,elderly,CENTRAL,NONE,vietnamese_synthetic,self-created,true,no_pii,test
VN_000383,FAKE_POLICE_0383,"Cô/chú cứ bình tĩnh, bên cháu hỗ trợ nhanh thôi. Chúng tôi là công an, chú đang liên quan đến vụ án rửa tiền, cần chuyển tiền để điều tra. Làm ngay để tránh bị khóa dịch vụ.",SCAM,FAKE_POLICE,HIGH,"Giả danh cơ quan chức năng, đe dọa và yêu cầu chuyển tiền.",công an; viện kiểm sát; vụ án; chuyển tiền,Không chuyển tiền. Gọi người thân hoặc cơ quan công an địa phương để xác minh.,authority_impersonation; fear; secrecy,financial_loss,elderly,NORTH,LONG_CONTEXT,vietnamese_synthetic,self-created,true,no_pii,train
VN_000182,PRIZE_GIFT_0182,"Mệ trúng thưởng may mắn, chuyển phí vận chuyển để nhận quà ngay hôm nay.",SCAM,PRIZE_GIFT,HIGH,Dùng quà tặng hoặc trúng thưởng để dụ cung cấp thông tin hoặc chuyển phí.,trúng thưởng; nhận quà; đóng phí; chuyển phí,Không chuyển phí hoặc cung cấp thông tin cá nhân để nhận quà không rõ nguồn.,greed; urgency,financial_loss; privacy_leak,elderly,CENTRAL,NONE,vietnamese_synthetic,self-created,true,no_pii,test
VN_000103,OTP_BANK_0103,"Ngân hàng cần kiểm tra bảo mật, má cung cấp mã OTP ngay để tránh khóa tk.",SCAM,OTP_BANK,HIGH,Yêu cầu cung cấp OTP hoặc mã xác nhận ngân hàng.,mã OTP; mã xác nhận; dãy 6 số,Không cung cấp OTP hoặc mã xác nhận. Gọi trực tiếp ngân hàng để kiểm tra.,urgency; technical_confusion,credential_theft,elderly,SOUTH,ABBREVIATION,vietnamese_synthetic,self-created,true,no_pii,train
VN_000463,JOB_SCAM_0463,"Chú nhận job online, hoàn thành đơn đầu tiên sẽ được hoàn tiền và thưởng.",SCAM,JOB_SCAM,MEDIUM,"Lừa việc làm online, yêu cầu đóng phí hoặc nạp tiền trước.",nạp trước; đóng phí; kích hoạt tài khoản,Không đóng phí để nhận việc. Kiểm tra công ty và hợp đồng rõ ràng.,financial_pressure; false_promise,financial_loss,elderly,SOUTH,NONE,vietnamese_synthetic,self-created,true,no_pii,train
VN_000741,SAFE_0141,Bac kiem tra giup con lich hen kham benh ngay mai nhe.,SAFE,NONE,LOW,Nội dung bình thường hoặc không có yêu cầu nguy hiểm.,,Không cần cảnh báo. Có thể tiếp tục trò chuyện bình thường.,none,none,general,NORTH,NO_DIACRITICS,vietnamese_synthetic,self-created,true,no_pii,valid
VN_000778,SAFE_0178,"Con đặt xe cho o rồi, tài xế sẽ đến trong 10 phút.",SAFE,NONE,LOW,Nội dung bình thường hoặc không có yêu cầu nguy hiểm.,,Không cần cảnh báo. Có thể tiếp tục trò chuyện bình thường.,none,none,general,CENTRAL,NONE,vietnamese_synthetic,self-created,true,no_pii,test
VN_000239,LOAN_SCAM_0239,O muốn vay nhanh không cần gặp mặt thì gửi CCCD và phí hồ sơ trước.,SCAM,LOAN_SCAM,HIGH,"Lừa vay tiền, yêu cầu đóng phí trước hoặc gửi giấy tờ cá nhân.",đóng phí; giải ngân; gửi CCCD; phí hồ sơ,Không gửi giấy tờ cá nhân hoặc đóng phí trước cho dịch vụ vay không rõ nguồn.,financial_pressure; urgency,financial_loss; identity_theft,elderly,CENTRAL,NONE,vietnamese_synthetic,self-created,true,no_pii,test
VN_000599,JOB_SCAM_0599,"Việc nhẹ lương cao, cô đóng phí hồ sơ là có thể bắt đầu ngay. please check now",SCAM,JOB_SCAM,MEDIUM,"Lừa việc làm online, yêu cầu đóng phí hoặc nạp tiền trước.",nạp trước; đóng phí; kích hoạt tài khoản,Không đóng phí để nhận việc. Kiểm tra công ty và hợp đồng rõ ràng.,financial_pressure; false_promise,financial_loss,elderly,NORTH,CODE_SWITCHING,vietnamese_synthetic,self-created,true,no_pii,train
VN_000322,PHISHING_LINK_0322,Bác cần đăng nhập vào <LINK> để kiểm tra giao dịch bất thường Làm ngay giúp bên cháu.,SCAM,PHISHING_LINK,HIGH,Dụ người dùng bấm link lạ để đánh cắp thông tin.,<LINK>; bấm link; đăng nhập,Không bấm link lạ. Chỉ truy cập website hoặc ứng dụng chính thức.,technical_confusion; urgency,credential_theft; malware_install,elderly,CENTRAL,NONE,vietnamese_synthetic,self-created,true,no_pii,test
VN_001180,SUSPICIOUS_0180,Em co co hoi dau tu muon gioi thieu cho co.,SUSPICIOUS,UNKNOWN,MEDIUM,Nội dung có yêu cầu xác minh hoặc cung cấp thông tin nhưng chưa đủ bằng chứng kết luận lừa đảo.,xác minh; thông tin cá nhân; đường dẫn; phản hồi sớm,Cần kiểm tra nguồn gửi. Không cung cấp thông tin nhạy cảm nếu chưa xác minh.,uncertainty; possible_social_engineering,privacy_leak,general,STANDARD,NO_DIACRITICS,vietnamese_synthetic,self-created,true,no_pii,test
VN_001122,SUSPICIOUS_0122,Bên em cần kiểm tra thông tin cá nhân của chú để hỗ trợ để bên em kiểm tra lại.,SUSPICIOUS,UNKNOWN,MEDIUM,Nội dung có yêu cầu xác minh hoặc cung cấp thông tin nhưng chưa đủ bằng chứng kết luận lừa đảo.,xác minh; thông tin cá nhân; đường dẫn; phản hồi sớm,Cần kiểm tra nguồn gửi. Không cung cấp thông tin nhạy cảm nếu chưa xác minh.,uncertainty; possible_social_engineering,privacy_leak,general,STANDARD,OBFUSCATION,vietnamese_synthetic,self-created,true,no_pii,valid
VN_000756,SAFE_0156,Bac nho uong thuoc dung gio nha.,SAFE,NONE,LOW,Nội dung bình thường hoặc không có yêu cầu nguy hiểm.,,Không cần cảnh báo. Có thể tiếp tục trò chuyện bình thường.,none,none,general,STANDARD,TYPO,vietnamese_synthetic,self-created,true,no_pii,test
VN_000292,OTP_BANK_0292,"Tai khoan cua o dang bi khoa, gui ma xac nhan de mo lai.",SCAM,OTP_BANK,HIGH,Yêu cầu cung cấp OTP hoặc mã xác nhận ngân hàng.,mã OTP; mã xác nhận; dãy 6 số,Không cung cấp OTP hoặc mã xác nhận. Gọi trực tiếp ngân hàng để kiểm tra.,urgency; technical_confusion,credential_theft,elderly,CENTRAL,NO_DIACRITICS,vietnamese_synthetic,self-created,true,no_pii,train
VN_000218,INVESTMENT_0218,"Cô/chú cứ bình tĩnh, bên cháu hỗ trợ nhanh thôi. Bên em có sàn đầu tư lợi nhuận cao, chú nạp tiền sớm để giữ suất. Làm ngay để tránh bị khóa dịch vụ.",SCAM,INVESTMENT,HIGH,Hứa lợi nhuận cao bất thường và yêu cầu nạp/chuyển tiền.,lãi 30%; lợi nhuận cao; nạp tiền; chuyển tiền,Không chuyển tiền vào kênh đầu tư không rõ pháp lý. Hỏi người thân hoặc chuyên gia tài chính.,greed; false_promise,financial_loss,elderly,STANDARD,LONG_CONTEXT,vietnamese_synthetic,self-created,true,no_pii,valid
VN_000220,LOAN_SCAM_0220,"Ba duoc duyet vay 50 trieu, can dong phi bao hiem truoc de giai ngan.",SCAM,LOAN_SCAM,HIGH,"Lừa vay tiền, yêu cầu đóng phí trước hoặc gửi giấy tờ cá nhân.",đóng phí; giải ngân; gửi CCCD; phí hồ sơ,Không gửi giấy tờ cá nhân hoặc đóng phí trước cho dịch vụ vay không rõ nguồn.,financial_pressure; urgency,financial_loss; identity_theft,elderly,SOUTH,NO_DIACRITICS,vietnamese_synthetic,self-created,true,no_pii,valid
VN_000111,OTP_BANK_0111,"Tài khoản của cô đang bị khóa, gửi dãy 6 số để mở lại.",SCAM,OTP_BANK,HIGH,Yêu cầu cung cấp OTP hoặc mã xác nhận ngân hàng.,mã OTP; mã xác nhận; dãy 6 số,Không cung cấp OTP hoặc mã xác nhận. Gọi trực tiếp ngân hàng để kiểm tra.,urgency; technical_confusion,credential_theft,elderly,STANDARD,OBFUSCATION,vietnamese_synthetic,self-created,true,no_pii,train
VN_000759,SAFE_0159,Mệ kiểm tra giúp con lịch hẹn khám bệnh ngày mai nhé nhé.,SAFE,NONE,LOW,Nội dung bình thường hoặc không có yêu cầu nguy hiểm.,,Không cần cảnh báo. Có thể tiếp tục trò chuyện bình thường.,none,none,general,CENTRAL,NONE,vietnamese_synthetic,self-created,true,no_pii,test
VN_000630,SAFE_0030,"Cô ơi, tối nay cả nhà gọi video nhé.",SAFE,NONE,LOW,Nội dung bình thường hoặc không có yêu cầu nguy hiểm.,,Không cần cảnh báo. Có thể tiếp tục trò chuyện bình thường.,none,none,general,STANDARD,NONE,vietnamese_synthetic,self-created,true,no_pii,valid
VN_001108,SUSPICIOUS_0108,"Tài khoản của chú có dấu hiệu bất thường, vui lòng phản hồi sớm trong hôm nay giúp em.",SUSPICIOUS,UNKNOWN,MEDIUM,Nội dung có yêu cầu xác minh hoặc cung cấp thông tin nhưng chưa đủ bằng chứng kết luận lừa đảo.,xác minh; thông tin cá nhân; đường dẫn; phản hồi sớm,Cần kiểm tra nguồn gửi. Không cung cấp thông tin nhạy cảm nếu chưa xác minh.,uncertainty; possible_social_engineering,privacy_leak,general,STANDARD,NONE,vietnamese_synthetic,self-created,true,no_pii,test
VN_000196,EMERGENCY_MONEY_0196,"Con đang gặp chuyện gấp, bác chuyển khoản liền cho con 10 triệu nha.",SCAM,EMERGENCY_MONEY,HIGH,"Giả danh người thân, tạo tình huống khẩn cấp và yêu cầu chuyển tiền.",cấp cứu; chuyển gấp; đừng gọi lại; khẩn cấp,Không chuyển tiền vội. Gọi trực tiếp cho người thân qua số quen thuộc để xác minh.,urgency; trust_abuse; secrecy,financial_loss,elderly,CENTRAL,OBFUSCATION,vietnamese_synthetic,self-created,true,no_pii,train
VN_000159,INVESTMENT_0159,"Chu dau tu 3 trieu hom nay, cam ket nhan lai 30% sau mot tuan.",SCAM,INVESTMENT,HIGH,Hứa lợi nhuận cao bất thường và yêu cầu nạp/chuyển tiền.,lãi 30%; lợi nhuận cao; nạp tiền; chuyển tiền,Không chuyển tiền vào kênh đầu tư không rõ pháp lý. Hỏi người thân hoặc chuyên gia tài chính.,greed; false_promise,financial_loss,elderly,STANDARD,TYPO,vietnamese_synthetic,self-created,true,no_pii,valid
VN_000895,SAFE_0295,"Hom nay troi mua, me nho mang ao mua nha.",SAFE,NONE,LOW,Nội dung bình thường hoặc không có yêu cầu nguy hiểm.,,Không cần cảnh báo. Có thể tiếp tục trò chuyện bình thường.,none,none,general,CENTRAL,TYPO,vietnamese_synthetic,self-created,true,no_pii,test
VN_001033,SUSPICIOUS_0033,Bên em cần kiểm tra thông tin cá nhân của chú để hỗ trợ.,SUSPICIOUS,UNKNOWN,MEDIUM,Nội dung có yêu cầu xác minh hoặc cung cấp thông tin nhưng chưa đủ bằng chứng kết luận lừa đảo.,xác minh; thông tin cá nhân; đường dẫn; phản hồi sớm,Cần kiểm tra nguồn gửi. Không cung cấp thông tin nhạy cảm nếu chưa xác minh.,uncertainty; possible_social_engineering,privacy_leak,general,STANDARD,NONE,vietnamese_synthetic,self-created,true,no_pii,valid
VN_001061,SUSPICIOUS_0061,"Tài khoản của bác có dấu hiệu bất thường, vui lòng phản hồi sớm.",SUSPICIOUS,UNKNOWN,MEDIUM,Nội dung có yêu cầu xác minh hoặc cung cấp thông tin nhưng chưa đủ bằng chứng kết luận lừa đảo.,xác minh; thông tin cá nhân; đường dẫn; phản hồi sớm,Cần kiểm tra nguồn gửi. Không cung cấp thông tin nhạy cảm nếu chưa xác minh.,uncertainty; possible_social_engineering,privacy_leak,general,NORTH,NONE,vietnamese_synthetic,self-created,true,no_pii,test
VN_000045,OTP_BANK_0045,"Ngân hàng cần kiểm tra bảo mật, má cung cấp mã OTP ngay để tránh khóa tài khoản.",SCAM,OTP_BANK,HIGH,Yêu cầu cung cấp OTP hoặc mã xác nhận ngân hàng.,mã OTP; mã xác nhận; dãy 6 số,Không cung cấp OTP hoặc mã xác nhận. Gọi trực tiếp ngân hàng để kiểm tra.,urgency; technical_confusion,credential_theft,elderly,SOUTH,NONE,vietnamese_synthetic,self-created,true,no_pii,train
VN_000161,LOAN_SCAM_0161,"Hồ sơ vay của cô đã được chấp nhận, chuyển phí xác minh để nhận tiền Bên cháu đang chờ phản hồi.",SCAM,LOAN_SCAM,HIGH,"Lừa vay tiền, yêu cầu đóng phí trước hoặc gửi giấy tờ cá nhân.",đóng phí; giải ngân; gửi CCCD; phí hồ sơ,Không gửi giấy tờ cá nhân hoặc đóng phí trước cho dịch vụ vay không rõ nguồn.,financial_pressure; urgency,financial_loss; identity_theft,elderly,SOUTH,NONE,vietnamese_synthetic,self-created,true,no_pii,valid
VN_000922,SAFE_0322,"Con đặt xe cho bác rồi, tài xế sẽ đến trong 10 phút chiều nay cũng được nha.",SAFE,NONE,LOW,Nội dung bình thường hoặc không có yêu cầu nguy hiểm.,,Không cần cảnh báo. Có thể tiếp tục trò chuyện bình thường.,none,none,general,STANDARD,NONE,vietnamese_synthetic,self-created,true,no_pii,valid
VN_001023,SUSPICIOUS_0023,Bên em cần kiểm tra thông tin cá nhân của ba để hỗ trợ giúp bên em nhé.,SUSPICIOUS,UNKNOWN,MEDIUM,Nội dung có yêu cầu xác minh hoặc cung cấp thông tin nhưng chưa đủ bằng chứng kết luận lừa đảo.,xác minh; thông tin cá nhân; đường dẫn; phản hồi sớm,Cần kiểm tra nguồn gửi. Không cung cấp thông tin nhạy cảm nếu chưa xác minh.,uncertainty; possible_social_engineering,privacy_leak,general,SOUTH,NONE,vietnamese_synthetic,self-created,true,no_pii,valid
VN_000534,PRIZE_GIFT_0534,"Chuc mung co da trung xe may, bam <LINK> de nhan qua Làm ngay giúp bên cháu.",SCAM,PRIZE_GIFT,HIGH,Dùng quà tặng hoặc trúng thưởng để dụ cung cấp thông tin hoặc chuyển phí.,trúng thưởng; nhận quà; đóng phí; chuyển phí,Không chuyển phí hoặc cung cấp thông tin cá nhân để nhận quà không rõ nguồn.,greed; urgency,financial_loss; privacy_leak,elderly,NORTH,TYPO,vietnamese_synthetic,self-created,true,no_pii,test
VN_001053,SUSPICIOUS_0053,"Tai khoan cua chu co dau hieu bat thuong, vui long phan hoi som giúp bên em nhé.",SUSPICIOUS,UNKNOWN,MEDIUM,Nội dung có yêu cầu xác minh hoặc cung cấp thông tin nhưng chưa đủ bằng chứng kết luận lừa đảo.,xác minh; thông tin cá nhân; đường dẫn; phản hồi sớm,Cần kiểm tra nguồn gửi. Không cung cấp thông tin nhạy cảm nếu chưa xác minh.,uncertainty; possible_social_engineering,privacy_leak,general,NORTH,TYPO,vietnamese_synthetic,self-created,true,no_pii,test
VN_000745,SAFE_0145,"Con đặt xe cho cô rồi, tài xế sẽ đến trong 10 phút nhé.",SAFE,NONE,LOW,Nội dung bình thường hoặc không có yêu cầu nguy hiểm.,,Không cần cảnh báo. Có thể tiếp tục trò chuyện bình thường.,none,none,general,SOUTH,NONE,vietnamese_synthetic,self-created,true,no_pii,valid
VN_000472,PRIZE_GIFT_0472,"Chúc mừng chú đã trúng xe máy, bấm <LINK> để nhận quà Xử lý trong hôm nay giúp cháu.",SCAM,PRIZE_GIFT,HIGH,Dùng quà tặng hoặc trúng thưởng để dụ cung cấp thông tin hoặc chuyển phí.,trúng thưởng; nhận quà; đóng phí; chuyển phí,Không chuyển phí hoặc cung cấp thông tin cá nhân để nhận quà không rõ nguồn.,greed; urgency,financial_loss; privacy_leak,elderly,SOUTH,NONE,vietnamese_synthetic,self-created,true,no_pii,test
VN_000673,SAFE_0073,"Co oi, toi nay ca nha goi video nhe.",SAFE,NONE,LOW,Nội dung bình thường hoặc không có yêu cầu nguy hiểm.,,Không cần cảnh báo. Có thể tiếp tục trò chuyện bình thường.,none,none,general,STANDARD,NO_DIACRITICS,vietnamese_synthetic,self-created,true,no_pii,valid
VN_000912,SAFE_0312,"Mã đơn hàng của cô là 123456, hàng sẽ giao trong hôm nay khi nào rảnh nha.",SAFE,NONE,LOW,Nội dung bình thường hoặc không có yêu cầu nguy hiểm.,,Không cần cảnh báo. Có thể tiếp tục trò chuyện bình thường.,none,none,general,STANDARD,NONE,vietnamese_synthetic,self-created,true,no_pii,valid
VN_000417,JOB_SCAM_0417,"Việc nhẹ lương cao, chú đóng phí hồ sơ là có thể bắt đầu ngay Bên cháu đang chờ phản hồi.",SCAM,JOB_SCAM,MEDIUM,"Lừa việc làm online, yêu cầu đóng phí hoặc nạp tiền trước.",nạp trước; đóng phí; kích hoạt tài khoản,Không đóng phí để nhận việc. Kiểm tra công ty và hợp đồng rõ ràng.,financial_pressure; false_promise,financial_loss,elderly,SOUTH,ABBREVIATION,vietnamese_synthetic,self-created,true,no_pii,train
VN_000372,PRIZE_GIFT_0372,"Bên em tặng cô phần quà tri ân, cần cung cấp thông tin cá nhân để nhận Vui lòng làm ngay để tránh mất quyền lợi.",SCAM,PRIZE_GIFT,HIGH,Dùng quà tặng hoặc trúng thưởng để dụ cung cấp thông tin hoặc chuyển phí.,trúng thưởng; nhận quà; đóng phí; chuyển phí,Không chuyển phí hoặc cung cấp thông tin cá nhân để nhận quà không rõ nguồn.,greed; urgency,financial_loss; privacy_leak,elderly,NORTH,ABBREVIATION,vietnamese_synthetic,self-created,true,no_pii,test
VN_000911,SAFE_0311,Con gửi link bài báo này cho cô đọc thử tối con gọi lại nhé.,SAFE,NONE,LOW,Nội dung bình thường hoặc không có yêu cầu nguy hiểm.,,Không cần cảnh báo. Có thể tiếp tục trò chuyện bình thường.,none,none,general,STANDARD,NONE,vietnamese_synthetic,self-created,true,no_pii,valid
VN_000040,INVESTMENT_0040,"Bên em có sàn đầu tư lợi nhuận cao, cô nạp tiền sớm để giữ suất.",SCAM,INVESTMENT,HIGH,Hứa lợi nhuận cao bất thường và yêu cầu nạp/chuyển tiền.,lãi 30%; lợi nhuận cao; nạp tiền; chuyển tiền,Không chuyển tiền vào kênh đầu tư không rõ pháp lý. Hỏi người thân hoặc chuyên gia tài chính.,greed; false_promise,financial_loss,elderly,STANDARD,NONE,vietnamese_synthetic,self-created,true,no_pii,valid
VN_000665,SAFE_0065,"Hôm nay trời mưa, bác nhớ mang áo mưa.",SAFE,NONE,LOW,Nội dung bình thường hoặc không có yêu cầu nguy hiểm.,,Không cần cảnh báo. Có thể tiếp tục trò chuyện bình thường.,none,none,general,NORTH,NONE,vietnamese_synthetic,self-created,true,no_pii,test
VN_000222,FAKE_POLICE_0222,"Bên viện kiểm sát yêu cầu cô hợp tác ngay, nếu không sẽ bị phong tỏa tài sản.",SCAM,FAKE_POLICE,HIGH,"Giả danh cơ quan chức năng, đe dọa và yêu cầu chuyển tiền.",công an; viện kiểm sát; vụ án; chuyển tiền,Không chuyển tiền. Gọi người thân hoặc cơ quan công an địa phương để xác minh.,authority_impersonation; fear; secrecy,financial_loss,elderly,NORTH,NONE,vietnamese_synthetic,self-created,true,no_pii,train
VN_000492,LOAN_SCAM_0492,"Cô/chú cứ bình tĩnh, bên cháu hỗ trợ nhanh thôi. Bên em hỗ trợ vay gấp, chú đóng phí mở hồ sơ là nhận tiền trong ngày. Làm ngay để tránh bị khóa dịch vụ.",SCAM,LOAN_SCAM,HIGH,"Lừa vay tiền, yêu cầu đóng phí trước hoặc gửi giấy tờ cá nhân.",đóng phí; giải ngân; gửi CCCD; phí hồ sơ,Không gửi giấy tờ cá nhân hoặc đóng phí trước cho dịch vụ vay không rõ nguồn.,financial_pressure; urgency,financial_loss; identity_theft,elderly,STANDARD,LONG_CONTEXT,vietnamese_synthetic,self-created,true,no_pii,test
VN_000331,INVESTMENT_0331,"Bên em có sàn đầu tư lợi nhuận cao, chú nạp tiền sớm để giữ suất.",SCAM,INVESTMENT,HIGH,Hứa lợi nhuận cao bất thường và yêu cầu nạp/chuyển tiền.,lãi 30%; lợi nhuận cao; nạp tiền; chuyển tiền,Không chuyển tiền vào kênh đầu tư không rõ pháp lý. Hỏi người thân hoặc chuyên gia tài chính.,greed; false_promise,financial_loss,elderly,NORTH,ABBREVIATION,vietnamese_synthetic,self-created,true,no_pii,valid
VN_000300,PRIZE_GIFT_0300,"Chúc mừng chú đã trúng xe máy, bấm <LINK> để nhận quà.",SCAM,PRIZE_GIFT,HIGH,Dùng quà tặng hoặc trúng thưởng để dụ cung cấp thông tin hoặc chuyển phí.,trúng thưởng; nhận quà; đóng phí; chuyển phí,Không chuyển phí hoặc cung cấp thông tin cá nhân để nhận quà không rõ nguồn.,greed; urgency,financial_loss; privacy_leak,elderly,STANDARD,NONE,vietnamese_synthetic,self-created,true,no_pii,valid
VN_001026,SUSPICIOUS_0026,Bên em cần kiểm tra thông tin cá nhân của mệ để hỗ trợ.,SUSPICIOUS,UNKNOWN,MEDIUM,Nội dung có yêu cầu xác minh hoặc cung cấp thông tin nhưng chưa đủ bằng chứng kết luận lừa đảo.,xác minh; thông tin cá nhân; đường dẫn; phản hồi sớm,Cần kiểm tra nguồn gửi. Không cung cấp thông tin nhạy cảm nếu chưa xác minh.,uncertainty; possible_social_engineering,privacy_leak,general,CENTRAL,ABBREVIATION,vietnamese_synthetic,self-created,true,no_pii,test
VN_000663,SAFE_0063,"Hôm nay trời mưa, chú nhớ mang áo mưa.",SAFE,NONE,LOW,Nội dung bình thường hoặc không có yêu cầu nguy hiểm.,,Không cần cảnh báo. Có thể tiếp tục trò chuyện bình thường.,none,none,general,SOUTH,NONE,vietnamese_synthetic,self-created,true,no_pii,valid
VN_000124,INVESTMENT_0124,"Bên em có sàn đầu tư lợi nhuận cao, cô nạp tiền sớm để giữ suất Làm ngay giúp bên cháu.",SCAM,INVESTMENT,HIGH,Hứa lợi nhuận cao bất thường và yêu cầu nạp/chuyển tiền.,lãi 30%; lợi nhuận cao; nạp tiền; chuyển tiền,Không chuyển tiền vào kênh đầu tư không rõ pháp lý. Hỏi người thân hoặc chuyên gia tài chính.,greed; false_promise,financial_loss,elderly,NORTH,NONE,vietnamese_synthetic,self-created,true,no_pii,valid
VN_000763,SAFE_0163,O nhớ uống thuốc đúng giờ nha.,SAFE,NONE,LOW,Nội dung bình thường hoặc không có yêu cầu nguy hiểm.,,Không cần cảnh báo. Có thể tiếp tục trò chuyện bình thường.,none,none,general,CENTRAL,NONE,vietnamese_synthetic,self-created,true,no_pii,valid
VN_000505,PRIZE_GIFT_0505,"Bác được chọn nhận phần thưởng 20 triệu, vui lòng đóng phí hồ sơ trước Xử lý trong hôm nay giúp cháu.",SCAM,PRIZE_GIFT,HIGH,Dùng quà tặng hoặc trúng thưởng để dụ cung cấp thông tin hoặc chuyển phí.,trúng thưởng; nhận quà; đóng phí; chuyển phí,Không chuyển phí hoặc cung cấp thông tin cá nhân để nhận quà không rõ nguồn.,greed; urgency,financial_loss; privacy_leak,elderly,STANDARD,NONE,vietnamese_synthetic,self-created,true,no_pii,valid
VN_000791,SAFE_0191,"Ngân hàng thông báo bảo trì hệ thống vào tối nay, không yêu cầu cung cấp thông tin Mã tham chiếu 791.",SAFE,NONE,LOW,Nội dung bình thường hoặc không có yêu cầu nguy hiểm.,,Không cần cảnh báo. Có thể tiếp tục trò chuyện bình thường.,none,none,general,SOUTH,NONE,vietnamese_synthetic,self-created,true,no_pii,test
VN_000757,SAFE_0157,"Ngân hàng thông báo bảo trì hệ thống vào tối nay, không yêu cầu cung cấp thông tin Mã tham chiếu 757.",SAFE,NONE,LOW,Nội dung bình thường hoặc không có yêu cầu nguy hiểm.,,Không cần cảnh báo. Có thể tiếp tục trò chuyện bình thường.,none,none,general,NORTH,NONE,vietnamese_synthetic,self-created,true,no_pii,test
VN_000273,INVESTMENT_0273,"Chu dau tu 3 trieu hom nay, cam ket nhan lai 30% sau mot tuan Bên cháu đang chờ phản hồi.",SCAM,INVESTMENT,HIGH,Hứa lợi nhuận cao bất thường và yêu cầu nạp/chuyển tiền.,lãi 30%; lợi nhuận cao; nạp tiền; chuyển tiền,Không chuyển tiền vào kênh đầu tư không rõ pháp lý. Hỏi người thân hoặc chuyên gia tài chính.,greed; false_promise,financial_loss,elderly,NORTH,TYPO,vietnamese_synthetic,self-created,true,no_pii,valid
VN_000170,LOAN_SCAM_0170,Ma muon vay nhanh khong can gap mat thi gui CCCD va phi ho so truoc.,SCAM,LOAN_SCAM,HIGH,"Lừa vay tiền, yêu cầu đóng phí trước hoặc gửi giấy tờ cá nhân.",đóng phí; giải ngân; gửi CCCD; phí hồ sơ,Không gửi giấy tờ cá nhân hoặc đóng phí trước cho dịch vụ vay không rõ nguồn.,financial_pressure; urgency,financial_loss; identity_theft,elderly,SOUTH,NO_DIACRITICS,vietnamese_synthetic,self-created,true,no_pii,valid
VN_000880,SAFE_0280,Chú kiểm tra giúp con lịch hẹn khám bệnh ngày mai nhé khi nào rảnh nha.,SAFE,NONE,LOW,Nội dung bình thường hoặc không có yêu cầu nguy hiểm.,,Không cần cảnh báo. Có thể tiếp tục trò chuyện bình thường.,none,none,general,SOUTH,NONE,vietnamese_synthetic,self-created,true,no_pii,valid
VN_000371,PRIZE_GIFT_0371,"Chú được chọn nhận phần thưởng 20 triệu, vui lòng đóng phí hồ sơ trước.",SCAM,PRIZE_GIFT,HIGH,Dùng quà tặng hoặc trúng thưởng để dụ cung cấp thông tin hoặc chuyển phí.,trúng thưởng; nhận quà; đóng phí; chuyển phí,Không chuyển phí hoặc cung cấp thông tin cá nhân để nhận quà không rõ nguồn.,greed; urgency,financial_loss; privacy_leak,elderly,SOUTH,NONE,vietnamese_synthetic,self-created,true,no_pii,test
VN_000753,SAFE_0153,"Hôm nay trời mưa, chú nhớ mang áo mưa nha.",SAFE,NONE,LOW,Nội dung bình thường hoặc không có yêu cầu nguy hiểm.,,Không cần cảnh báo. Có thể tiếp tục trò chuyện bình thường.,none,none,general,SOUTH,NONE,vietnamese_synthetic,self-created,true,no_pii,valid
VN_000672,SAFE_0072,Con gửi link bài báo này cho cô đọc thử ạ.,SAFE,NONE,LOW,Nội dung bình thường hoặc không có yêu cầu nguy hiểm.,,Không cần cảnh báo. Có thể tiếp tục trò chuyện bình thường.,none,none,general,SOUTH,NONE,vietnamese_synthetic,self-created,true,no_pii,valid
VN_000858,SAFE_0258,"Con dat xe cho o roi, tai xe se den trong 10 phut nhé.",SAFE,NONE,LOW,Nội dung bình thường hoặc không có yêu cầu nguy hiểm.,,Không cần cảnh báo. Có thể tiếp tục trò chuyện bình thường.,none,none,general,CENTRAL,TYPO,vietnamese_synthetic,self-created,true,no_pii,test
VN_000958,SAFE_0358,"Con đặt xe cho má rồi, tài xế sẽ đến trong 10 phút nhé.",SAFE,NONE,LOW,Nội dung bình thường hoặc không có yêu cầu nguy hiểm.,,Không cần cảnh báo. Có thể tiếp tục trò chuyện bình thường.,none,none,general,SOUTH,NONE,vietnamese_synthetic,self-created,true,no_pii,test
VN_001028,SUSPICIOUS_0028,Ba bam vao duong dan nay de xem chi tiet chuong trinh.,SUSPICIOUS,UNKNOWN,MEDIUM,Nội dung có yêu cầu xác minh hoặc cung cấp thông tin nhưng chưa đủ bằng chứng kết luận lừa đảo.,xác minh; thông tin cá nhân; đường dẫn; phản hồi sớm,Cần kiểm tra nguồn gửi. Không cung cấp thông tin nhạy cảm nếu chưa xác minh.,uncertainty; possible_social_engineering,privacy_leak,general,SOUTH,TYPO,vietnamese_synthetic,self-created,true,no_pii,test
VN_000405,OTP_BANK_0405,Má gửi mã OTP vừa nhận được để ngân hàng xác minh tài khoản ngay nhé.,SCAM,OTP_BANK,HIGH,Yêu cầu cung cấp OTP hoặc mã xác nhận ngân hàng.,mã OTP; mã xác nhận; dãy 6 số,Không cung cấp OTP hoặc mã xác nhận. Gọi trực tiếp ngân hàng để kiểm tra.,urgency; technical_confusion,credential_theft,elderly,SOUTH,NONE,vietnamese_synthetic,self-created,true,no_pii,train
VN_001047,SUSPICIOUS_0047,Ben em can kiem tra thong tin ca nhan cua o de ho tro.,SUSPICIOUS,UNKNOWN,MEDIUM,Nội dung có yêu cầu xác minh hoặc cung cấp thông tin nhưng chưa đủ bằng chứng kết luận lừa đảo.,xác minh; thông tin cá nhân; đường dẫn; phản hồi sớm,Cần kiểm tra nguồn gửi. Không cung cấp thông tin nhạy cảm nếu chưa xác minh.,uncertainty; possible_social_engineering,privacy_leak,general,CENTRAL,TYPO,vietnamese_synthetic,self-created,true,no_pii,test
VN_000160,LOAN_SCAM_0160,"Ho so vay cua co da duoc chap nhan, chuyen phi xac minh de nhan tien.",SCAM,LOAN_SCAM,HIGH,"Lừa vay tiền, yêu cầu đóng phí trước hoặc gửi giấy tờ cá nhân.",đóng phí; giải ngân; gửi CCCD; phí hồ sơ,Không gửi giấy tờ cá nhân hoặc đóng phí trước cho dịch vụ vay không rõ nguồn.,financial_pressure; urgency,financial_loss; identity_theft,elderly,SOUTH,NO_DIACRITICS,vietnamese_synthetic,self-created,true,no_pii,valid
VN_001014,SUSPICIOUS_0014,Em có cơ hội đầu tư muốn giới thiệu cho bác trong hôm nay giúp em.,SUSPICIOUS,UNKNOWN,MEDIUM,Nội dung có yêu cầu xác minh hoặc cung cấp thông tin nhưng chưa đủ bằng chứng kết luận lừa đảo.,xác minh; thông tin cá nhân; đường dẫn; phản hồi sớm,Cần kiểm tra nguồn gửi. Không cung cấp thông tin nhạy cảm nếu chưa xác minh.,uncertainty; possible_social_engineering,privacy_leak,general,NORTH,NONE,vietnamese_synthetic,self-created,true,no_pii,valid
VN_000441,OTP_BANK_0441,Cô gửi mã OTP vừa nhận được để NH xm tk ngay nhé.,SCAM,OTP_BANK,HIGH,Yêu cầu cung cấp OTP hoặc mã xác nhận ngân hàng.,mã OTP; mã xác nhận; dãy 6 số,Không cung cấp OTP hoặc mã xác nhận. Gọi trực tiếp ngân hàng để kiểm tra.,urgency; technical_confusion,credential_theft,elderly,STANDARD,ABBREVIATION,vietnamese_synthetic,self-created,true,no_pii,train
VN_000968,SAFE_0368,"Hôm nay trời mưa, má nhớ mang áo mưa ạ.",SAFE,NONE,LOW,Nội dung bình thường hoặc không có yêu cầu nguy hiểm.,,Không cần cảnh báo. Có thể tiếp tục trò chuyện bình thường.,none,none,general,SOUTH,NONE,vietnamese_synthetic,self-created,true,no_pii,test
VN_000327,PHISHING_LINK_0327,Bác cần đăng nhập vào <LINK> để kiểm tra giao dịch bất thường Xử lý trong hôm nay giúp cháu.,SCAM,PHISHING_LINK,HIGH,Dụ người dùng bấm link lạ để đánh cắp thông tin.,<LINK>; bấm link; đăng nhập,Không bấm link lạ. Chỉ truy cập website hoặc ứng dụng chính thức.,technical_confusion; urgency,credential_theft; malware_install,elderly,NORTH,NONE,vietnamese_synthetic,self-created,true,no_pii,test
VN_000931,SAFE_0331,Chú nhớ uống thuốc đúng giờ nha khi nào rảnh nha.,SAFE,NONE,LOW,Nội dung bình thường hoặc không có yêu cầu nguy hiểm.,,Không cần cảnh báo. Có thể tiếp tục trò chuyện bình thường.,none,none,general,SOUTH,NONE,vietnamese_synthetic,self-created,true,no_pii,valid
VN_000343,INVESTMENT_0343,"Cơ hội sinh lời bảo đảm, cô chỉ cần ck là có chuyên gia hỗ trợ.",SCAM,INVESTMENT,HIGH,Hứa lợi nhuận cao bất thường và yêu cầu nạp/chuyển tiền.,lãi 30%; lợi nhuận cao; nạp tiền; chuyển tiền,Không chuyển tiền vào kênh đầu tư không rõ pháp lý. Hỏi người thân hoặc chuyên gia tài chính.,greed; false_promise,financial_loss,elderly,NORTH,ABBREVIATION,vietnamese_synthetic,self-created,true,no_pii,valid
VN_000955,SAFE_0355,"Ba oi, toi nay ca nha goi video nhe.",SAFE,NONE,LOW,Nội dung bình thường hoặc không có yêu cầu nguy hiểm.,,Không cần cảnh báo. Có thể tiếp tục trò chuyện bình thường.,none,none,general,SOUTH,TYPO,vietnamese_synthetic,self-created,true,no_pii,test
VN_000879,SAFE_0279,Mai con về nhà ăn cơm với ba mẹ Mã tham chiếu 879.,SAFE,NONE,LOW,Nội dung bình thường hoặc không có yêu cầu nguy hiểm.,,Không cần cảnh báo. Có thể tiếp tục trò chuyện bình thường.,none,none,general,SOUTH,NONE,vietnamese_synthetic,self-created,true,no_pii,test
VN_000205,PHISHING_LINK_0205,Cô cần đăng nhập vào <LINK> để kiểm tra giao dịch bất thường Làm ngay giúp bên cháu.,SCAM,PHISHING_LINK,HIGH,Dụ người dùng bấm link lạ để đánh cắp thông tin.,<LINK>; bấm link; đăng nhập,Không bấm link lạ. Chỉ truy cập website hoặc ứng dụng chính thức.,technical_confusion; urgency,credential_theft; malware_install,elderly,NORTH,NONE,vietnamese_synthetic,self-created,true,no_pii,test
VN_000831,SAFE_0231,"Con đặt xe cho cô rồi, tài xế sẽ đến trong 10 phút khi nào rảnh nha.",SAFE,NONE,LOW,Nội dung bình thường hoặc không có yêu cầu nguy hiểm.,,Không cần cảnh báo. Có thể tiếp tục trò chuyện bình thường.,none,none,general,NORTH,NONE,vietnamese_synthetic,self-created,true,no_pii,valid
VN_000490,PRIZE_GIFT_0490,"Chú được chọn nhận phần thưởng 20 triệu, vui lòng đóng phí hồ sơ trước Làm ngay giúp bên cháu.",SCAM,PRIZE_GIFT,HIGH,Dùng quà tặng hoặc trúng thưởng để dụ cung cấp thông tin hoặc chuyển phí.,trúng thưởng; nhận quà; đóng phí; chuyển phí,Không chuyển phí hoặc cung cấp thông tin cá nhân để nhận quà không rõ nguồn.,greed; urgency,financial_loss; privacy_leak,elderly,NORTH,NONE,vietnamese_synthetic,self-created,true,no_pii,test
VN_000177,PRIZE_GIFT_0177,"Bac trung thuong may man, chuyen phi van chuyen de nhan qua ngai hom nay Xử lý trong hôm nay giúp cháu.",SCAM,PRIZE_GIFT,HIGH,Dùng quà tặng hoặc trúng thưởng để dụ cung cấp thông tin hoặc chuyển phí.,trúng thưởng; nhận quà; đóng phí; chuyển phí,Không chuyển phí hoặc cung cấp thông tin cá nhân để nhận quà không rõ nguồn.,greed; urgency,financial_loss; privacy_leak,elderly,CENTRAL,TYPO,vietnamese_synthetic,self-created,true,no_pii,test
VN_001106,SUSPICIOUS_0106,Co gui thong tin de ben em cap nhat ho so.,SUSPICIOUS,UNKNOWN,MEDIUM,Nội dung có yêu cầu xác minh hoặc cung cấp thông tin nhưng chưa đủ bằng chứng kết luận lừa đảo.,xác minh; thông tin cá nhân; đường dẫn; phản hồi sớm,Cần kiểm tra nguồn gửi. Không cung cấp thông tin nhạy cảm nếu chưa xác minh.,uncertainty; possible_social_engineering,privacy_leak,general,STANDARD,NO_DIACRITICS,vietnamese_synthetic,self-created,true,no_pii,test
VN_000083,OTP_BANK_0083,"Tài khoản của mệ đang bị khóa, gửi mã xác nhận để mở lại.",SCAM,OTP_BANK,HIGH,Yêu cầu cung cấp OTP hoặc mã xác nhận ngân hàng.,mã OTP; mã xác nhận; dãy 6 số,Không cung cấp OTP hoặc mã xác nhận. Gọi trực tiếp ngân hàng để kiểm tra.,urgency; technical_confusion,credential_theft,elderly,CENTRAL,NONE,vietnamese_synthetic,self-created,true,no_pii,train
VN_000006,EMERGENCY_MONEY_0006,"Mẹ ơi con đang cấp cứu, chuyển gấp cho con 5 triệu, đừng gọi lại.",SCAM,EMERGENCY_MONEY,HIGH,"Giả danh người thân, tạo tình huống khẩn cấp và yêu cầu chuyển tiền.",cấp cứu; chuyển gấp; đừng gọi lại; khẩn cấp,Không chuyển tiền vội. Gọi trực tiếp cho người thân qua số quen thuộc để xác minh.,urgency; trust_abuse; secrecy,financial_loss,elderly,NORTH,NONE,vietnamese_synthetic,self-created,true,no_pii,train
VN_000493,FAKE_POLICE_0493,"Bác không được nói với ai, hãy chuyển tiền vào tài khoản tạm giữ để phục vụ xác minh Xử lý trong hôm nay giúp cháu.",SCAM,FAKE_POLICE,HIGH,"Giả danh cơ quan chức năng, đe dọa và yêu cầu chuyển tiền.",công an; viện kiểm sát; vụ án; chuyển tiền,Không chuyển tiền. Gọi người thân hoặc cơ quan công an địa phương để xác minh.,authority_impersonation; fear; secrecy,financial_loss,elderly,STANDARD,NONE,vietnamese_synthetic,self-created,true,no_pii,train
VN_000962,SAFE_0362,"Mã đơn hàng của o là 123456, hàng sẽ giao trong hôm nay nha.",SAFE,NONE,LOW,Nội dung bình thường hoặc không có yêu cầu nguy hiểm.,,Không cần cảnh báo. Có thể tiếp tục trò chuyện bình thường.,none,none,general,CENTRAL,NONE,vietnamese_synthetic,self-created,true,no_pii,test
VN_001149,SUSPICIOUS_0149,"Tài khoản của má có dấu hiệu bất thường, vui lòng phản hồi sớm giúp bên em nhé.",SUSPICIOUS,UNKNOWN,MEDIUM,Nội dung có yêu cầu xác minh hoặc cung cấp thông tin nhưng chưa đủ bằng chứng kết luận lừa đảo.,xác minh; thông tin cá nhân; đường dẫn; phản hồi sớm,Cần kiểm tra nguồn gửi. Không cung cấp thông tin nhạy cảm nếu chưa xác minh.,uncertainty; possible_social_engineering,privacy_leak,general,SOUTH,NONE,vietnamese_synthetic,self-created,true,no_pii,test
VN_000329,JOB_SCAM_0329,"Ba nhận job online, hoàn thành đơn đầu tiên sẽ được hoàn tiền và thưởng Làm ngay giúp bên cháu.",SCAM,JOB_SCAM,MEDIUM,"Lừa việc làm online, yêu cầu đóng phí hoặc nạp tiền trước.",nạp trước; đóng phí; kích hoạt tài khoản,Không đóng phí để nhận việc. Kiểm tra công ty và hợp đồng rõ ràng.,financial_pressure; false_promise,financial_loss,elderly,SOUTH,OBFUSCATION,vietnamese_synthetic,self-created,true,no_pii,train
VN_000648,SAFE_0048,"Ngân hàng thông báo bảo trì hệ thống vào tối nay, không yêu cầu cung cấp thông tin ạ.",SAFE,NONE,LOW,Nội dung bình thường hoặc không có yêu cầu nguy hiểm.,,Không cần cảnh báo. Có thể tiếp tục trò chuyện bình thường.,none,none,general,SOUTH,NONE,vietnamese_synthetic,self-created,true,no_pii,test
VN_000128,FAKE_POLICE_0128,"O dang bi nghi ngo lien quan duong day lua dao, can lam theo huong dan ngai.",SCAM,FAKE_POLICE,HIGH,"Giả danh cơ quan chức năng, đe dọa và yêu cầu chuyển tiền.",công an; viện kiểm sát; vụ án; chuyển tiền,Không chuyển tiền. Gọi người thân hoặc cơ quan công an địa phương để xác minh.,authority_impersonation; fear; secrecy,financial_loss,elderly,CENTRAL,TYPO,vietnamese_synthetic,self-created,true,no_pii,train
VN_000527,LOAN_SCAM_0527,"Bác được duyệt vay 50 triệu, cần đóng phí bảo hiểm trước để giải ngân. please check now",SCAM,LOAN_SCAM,HIGH,"Lừa vay tiền, yêu cầu đóng phí trước hoặc gửi giấy tờ cá nhân.",đóng phí; giải ngân; gửi CCCD; phí hồ sơ,Không gửi giấy tờ cá nhân hoặc đóng phí trước cho dịch vụ vay không rõ nguồn.,financial_pressure; urgency,financial_loss; identity_theft,elderly,CENTRAL,CODE_SWITCHING,vietnamese_synthetic,self-created,true,no_pii,test
VN_000408,FAKE_POLICE_0408,"Bên viện kiểm sát yêu cầu cô hợp tác ngay, nếu không sẽ bị phong tỏa tài sản Làm ngay giúp bên cháu.",SCAM,FAKE_POLICE,HIGH,"Giả danh cơ quan chức năng, đe dọa và yêu cầu chuyển tiền.",công an; viện kiểm sát; vụ án; chuyển tiền,Không chuyển tiền. Gọi người thân hoặc cơ quan công an địa phương để xác minh.,authority_impersonation; fear; secrecy,financial_loss,elderly,SOUTH,NONE,vietnamese_synthetic,self-created,true,no_pii,train
VN_000066,PHISHING_LINK_0066,Chú bấm link <LINK> để xác minh tài khoản trước khi bị khóa Làm ngay giúp bên cháu.,SCAM,PHISHING_LINK,HIGH,Dụ người dùng bấm link lạ để đánh cắp thông tin.,<LINK>; bấm link; đăng nhập,Không bấm link lạ. Chỉ truy cập website hoặc ứng dụng chính thức.,technical_confusion; urgency,credential_theft; malware_install,elderly,NORTH,NONE,vietnamese_synthetic,self-created,true,no_pii,test
VN_000253,PHISHING_LINK_0253,Ba bấm link <LINK> để xác minh tài khoản trước khi bị khóa.,SCAM,PHISHING_LINK,HIGH,Dụ người dùng bấm link lạ để đánh cắp thông tin.,<LINK>; bấm link; đăng nhập,Không bấm link lạ. Chỉ truy cập website hoặc ứng dụng chính thức.,technical_confusion; urgency,credential_theft; malware_install,elderly,SOUTH,NONE,vietnamese_synthetic,self-created,true,no_pii,test
VN_001016,SUSPICIOUS_0016,Ben em can bac xac nhan giao dich nay ngai hom nay.,SUSPICIOUS,UNKNOWN,MEDIUM,Nội dung có yêu cầu xác minh hoặc cung cấp thông tin nhưng chưa đủ bằng chứng kết luận lừa đảo.,xác minh; thông tin cá nhân; đường dẫn; phản hồi sớm,Cần kiểm tra nguồn gửi. Không cung cấp thông tin nhạy cảm nếu chưa xác minh.,uncertainty; possible_social_engineering,privacy_leak,general,STANDARD,TYPO,vietnamese_synthetic,self-created,true,no_pii,test
VN_001067,SUSPICIOUS_0067,Chú bấm vào đường dẫn này để xem chi tiết chương trình để bên em kiểm tra lại.,SUSPICIOUS,UNKNOWN,MEDIUM,Nội dung có yêu cầu xác minh hoặc cung cấp thông tin nhưng chưa đủ bằng chứng kết luận lừa đảo.,xác minh; thông tin cá nhân; đường dẫn; phản hồi sớm,Cần kiểm tra nguồn gửi. Không cung cấp thông tin nhạy cảm nếu chưa xác minh.,uncertainty; possible_social_engineering,privacy_leak,general,NORTH,NONE,vietnamese_synthetic,self-created,true,no_pii,test
VN_000747,SAFE_0147,"Con đặt xe cho bác rồi, tài xế sẽ đến trong 10 phút nha.",SAFE,NONE,LOW,Nội dung bình thường hoặc không có yêu cầu nguy hiểm.,,Không cần cảnh báo. Có thể tiếp tục trò chuyện bình thường.,none,none,general,STANDARD,NONE,vietnamese_synthetic,self-created,true,no_pii,test
VN_000624,SAFE_0024,Mệ kiểm tra giúp con lịch hẹn khám bệnh ngày mai nhé.,SAFE,NONE,LOW,Nội dung bình thường hoặc không có yêu cầu nguy hiểm.,,Không cần cảnh báo. Có thể tiếp tục trò chuyện bình thường.,none,none,general,CENTRAL,NONE,vietnamese_synthetic,self-created,true,no_pii,valid
VN_000257,EMERGENCY_MONEY_0257,"O oi con bi tai nan, gui tien ngai vao so tai khoan nay giup con.",SCAM,EMERGENCY_MONEY,HIGH,"Giả danh người thân, tạo tình huống khẩn cấp và yêu cầu chuyển tiền.",cấp cứu; chuyển gấp; đừng gọi lại; khẩn cấp,Không chuyển tiền vội. Gọi trực tiếp cho người thân qua số quen thuộc để xác minh.,urgency; trust_abuse; secrecy,financial_loss,elderly,CENTRAL,TYPO,vietnamese_synthetic,self-created,true,no_pii,train
VN_000973,SAFE_0373,Mai con về nhà ăn cơm với ba mẹ Mã tham chiếu 973.,SAFE,NONE,LOW,Nội dung bình thường hoặc không có yêu cầu nguy hiểm.,,Không cần cảnh báo. Có thể tiếp tục trò chuyện bình thường.,none,none,general,SOUTH,NONE,vietnamese_synthetic,self-created,true,no_pii,test
VN_000980,SAFE_0380,"Ma don hang cua chu la 123456, hang se giao trong hom nay khi nào rảnh nha.",SAFE,NONE,LOW,Nội dung bình thường hoặc không có yêu cầu nguy hiểm.,,Không cần cảnh báo. Có thể tiếp tục trò chuyện bình thường.,none,none,general,NORTH,NO_DIACRITICS,vietnamese_synthetic,self-created,true,no_pii,test
VN_000803,SAFE_0203,"Con dat xe cho bac roi, tai xe se den trong 10 phut nha.",SAFE,NONE,LOW,Nội dung bình thường hoặc không có yêu cầu nguy hiểm.,,Không cần cảnh báo. Có thể tiếp tục trò chuyện bình thường.,none,none,general,CENTRAL,TYPO,vietnamese_synthetic,self-created,true,no_pii,valid
VN_000367,EMERGENCY_MONEY_0367,"Chu dung hoi nhieu, con can tien xu ly viec khan cap, chuyen ngay giup con.",SCAM,EMERGENCY_MONEY,HIGH,"Giả danh người thân, tạo tình huống khẩn cấp và yêu cầu chuyển tiền.",cấp cứu; chuyển gấp; đừng gọi lại; khẩn cấp,Không chuyển tiền vội. Gọi trực tiếp cho người thân qua số quen thuộc để xác minh.,urgency; trust_abuse; secrecy,financial_loss,elderly,SOUTH,NO_DIACRITICS,vietnamese_synthetic,self-created,true,no_pii,train
VN_000194,LOAN_SCAM_0194,Bác muốn vay nhanh không cần gặp mặt thì gửi CCCD và phí hồ sơ trước Xử lý trong hôm nay giúp cháu.,SCAM,LOAN_SCAM,HIGH,"Lừa vay tiền, yêu cầu đóng phí trước hoặc gửi giấy tờ cá nhân.",đóng phí; giải ngân; gửi CCCD; phí hồ sơ,Không gửi giấy tờ cá nhân hoặc đóng phí trước cho dịch vụ vay không rõ nguồn.,financial_pressure; urgency,financial_loss; identity_theft,elderly,STANDARD,ABBREVIATION,vietnamese_synthetic,self-created,true,no_pii,test
VN_000621,SAFE_0021,Mai con về nhà ăn cơm với ba mẹ.,SAFE,NONE,LOW,Nội dung bình thường hoặc không có yêu cầu nguy hiểm.,,Không cần cảnh báo. Có thể tiếp tục trò chuyện bình thường.,none,none,general,CENTRAL,NONE,vietnamese_synthetic,self-created,true,no_pii,valid
VN_000358,INVESTMENT_0358,"Bac tham gia nhom dau tu noi bo, loi nhuan chac chan khong rui ro Làm ngay giúp bên cháu.",SCAM,INVESTMENT,HIGH,Hứa lợi nhuận cao bất thường và yêu cầu nạp/chuyển tiền.,lãi 30%; lợi nhuận cao; nạp tiền; chuyển tiền,Không chuyển tiền vào kênh đầu tư không rõ pháp lý. Hỏi người thân hoặc chuyên gia tài chính.,greed; false_promise,financial_loss,elderly,NORTH,NO_DIACRITICS,vietnamese_synthetic,self-created,true,no_pii,valid
VN_000622,SAFE_0022,"Con dat xe cho bac roi, tai xe se den trong 10 phut.",SAFE,NONE,LOW,Nội dung bình thường hoặc không có yêu cầu nguy hiểm.,,Không cần cảnh báo. Có thể tiếp tục trò chuyện bình thường.,none,none,general,NORTH,TYPO,vietnamese_synthetic,self-created,true,no_pii,valid
VN_001191,SUSPICIOUS_0191,Em có cơ hội đầu tư muốn giới thiệu cho o giúp bên em nhé.,SUSPICIOUS,UNKNOWN,MEDIUM,Nội dung có yêu cầu xác minh hoặc cung cấp thông tin nhưng chưa đủ bằng chứng kết luận lừa đảo.,xác minh; thông tin cá nhân; đường dẫn; phản hồi sớm,Cần kiểm tra nguồn gửi. Không cung cấp thông tin nhạy cảm nếu chưa xác minh.,uncertainty; possible_social_engineering,privacy_leak,general,CENTRAL,NONE,vietnamese_synthetic,self-created,true,no_pii,test
VN_000891,SAFE_0291,"Ngân hàng thông báo bảo trì hệ thống vào tối nay, không yêu cầu cung cấp thông tin Mã tham chiếu 891.",SAFE,NONE,LOW,Nội dung bình thường hoặc không có yêu cầu nguy hiểm.,,Không cần cảnh báo. Có thể tiếp tục trò chuyện bình thường.,none,none,general,CENTRAL,NONE,vietnamese_synthetic,self-created,true,no_pii,test
VN_000694,SAFE_0094,"Ngan hang thong bao bao tri he thong vao toi nay, khong yeu cau cung cap thong tin khi nào rảnh nha.",SAFE,NONE,LOW,Nội dung bình thường hoặc không có yêu cầu nguy hiểm.,,Không cần cảnh báo. Có thể tiếp tục trò chuyện bình thường.,none,none,general,CENTRAL,NO_DIACRITICS,vietnamese_synthetic,self-created,true,no_pii,test
VN_000337,EMERGENCY_MONEY_0337,"Con đang gặp chuyện gấp, chú chuyển khoản liền cho con 10 triệu nha Làm ngay giúp bên cháu.",SCAM,EMERGENCY_MONEY,HIGH,"Giả danh người thân, tạo tình huống khẩn cấp và yêu cầu chuyển tiền.",cấp cứu; chuyển gấp; đừng gọi lại; khẩn cấp,Không chuyển tiền vội. Gọi trực tiếp cho người thân qua số quen thuộc để xác minh.,urgency; trust_abuse; secrecy,financial_loss,elderly,NORTH,OBFUSCATION,vietnamese_synthetic,self-created,true,no_pii,train
VN_001011,SUSPICIOUS_0011,Em có cơ hội đầu tư muốn giới thiệu cho bác giúp bên em nhé.,SUSPICIOUS,UNKNOWN,MEDIUM,Nội dung có yêu cầu xác minh hoặc cung cấp thông tin nhưng chưa đủ bằng chứng kết luận lừa đảo.,xác minh; thông tin cá nhân; đường dẫn; phản hồi sớm,Cần kiểm tra nguồn gửi. Không cung cấp thông tin nhạy cảm nếu chưa xác minh.,uncertainty; possible_social_engineering,privacy_leak,general,CENTRAL,NONE,vietnamese_synthetic,self-created,true,no_pii,valid
VN_000381,EMERGENCY_MONEY_0381,"Ba dung hoi nhieu, con can tien xu ly viec khan cap, chuyen ngai giup con.",SCAM,EMERGENCY_MONEY,HIGH,"Giả danh người thân, tạo tình huống khẩn cấp và yêu cầu chuyển tiền.",cấp cứu; chuyển gấp; đừng gọi lại; khẩn cấp,Không chuyển tiền vội. Gọi trực tiếp cho người thân qua số quen thuộc để xác minh.,urgency; trust_abuse; secrecy,financial_loss,elderly,SOUTH,TYPO,vietnamese_synthetic,self-created,true,no_pii,train
VN_001111,SUSPICIOUS_0111,Ben em can ba xac nhan giao dich nay ngay hom nay.,SUSPICIOUS,UNKNOWN,MEDIUM,Nội dung có yêu cầu xác minh hoặc cung cấp thông tin nhưng chưa đủ bằng chứng kết luận lừa đảo.,xác minh; thông tin cá nhân; đường dẫn; phản hồi sớm,Cần kiểm tra nguồn gửi. Không cung cấp thông tin nhạy cảm nếu chưa xác minh.,uncertainty; possible_social_engineering,privacy_leak,general,SOUTH,NO_DIACRITICS,vietnamese_synthetic,self-created,true,no_pii,valid
VN_000498,INVESTMENT_0498,"Bên em có sàn đầu tư lợi nhuận cao, ba nạp tiền sớm để giữ suất Làm ngay giúp bên cháu.",SCAM,INVESTMENT,HIGH,Hứa lợi nhuận cao bất thường và yêu cầu nạp/chuyển tiền.,lãi 30%; lợi nhuận cao; nạp tiền; chuyển tiền,Không chuyển tiền vào kênh đầu tư không rõ pháp lý. Hỏi người thân hoặc chuyên gia tài chính.,greed; false_promise,financial_loss,elderly,SOUTH,OBFUSCATION,vietnamese_synthetic,self-created,true,no_pii,test
VN_000604,SAFE_0004,"Con dat xe cho chu roi, tai xe se den trong 10 phut.",SAFE,NONE,LOW,Nội dung bình thường hoặc không có yêu cầu nguy hiểm.,,Không cần cảnh báo. Có thể tiếp tục trò chuyện bình thường.,none,none,general,NORTH,NO_DIACRITICS,vietnamese_synthetic,self-created,true,no_pii,valid
VN_000976,SAFE_0376,"Ngân hàng thông báo bảo trì hệ thống vào tối nay, không yêu cầu cung cấp thông tin Mã tham chiếu 976.",SAFE,NONE,LOW,Nội dung bình thường hoặc không có yêu cầu nguy hiểm.,,Không cần cảnh báo. Có thể tiếp tục trò chuyện bình thường.,none,none,general,CENTRAL,NONE,vietnamese_synthetic,self-created,true,no_pii,test
VN_000144,FAKE_POLICE_0144,"Bac khong duoc noi voi ai, hay chuyen tien vao tai khoan tam giu de phuc vu xac minh.",SCAM,FAKE_POLICE,HIGH,"Giả danh cơ quan chức năng, đe dọa và yêu cầu chuyển tiền.",công an; viện kiểm sát; vụ án; chuyển tiền,Không chuyển tiền. Gọi người thân hoặc cơ quan công an địa phương để xác minh.,authority_impersonation; fear; secrecy,financial_loss,elderly,NORTH,NO_DIACRITICS,vietnamese_synthetic,self-created,true,no_pii,train
VN_000959,SAFE_0359,"Ngân hàng thông báo bảo trì hệ thống vào tối nay, không yêu cầu cung cấp thông tin Mã tham chiếu 959.",SAFE,NONE,LOW,Nội dung bình thường hoặc không có yêu cầu nguy hiểm.,,Không cần cảnh báo. Có thể tiếp tục trò chuyện bình thường.,none,none,general,CENTRAL,NONE,vietnamese_synthetic,self-created,true,no_pii,test
VN_000048,LOAN_SCAM_0048,"Bác được duyệt vay 50 triệu, cần đóng phí bảo hiểm trước để giải ngân.",SCAM,LOAN_SCAM,HIGH,"Lừa vay tiền, yêu cầu đóng phí trước hoặc gửi giấy tờ cá nhân.",đóng phí; giải ngân; gửi CCCD; phí hồ sơ,Không gửi giấy tờ cá nhân hoặc đóng phí trước cho dịch vụ vay không rõ nguồn.,financial_pressure; urgency,financial_loss; identity_theft,elderly,NORTH,OBFUSCATION,vietnamese_synthetic,self-created,true,no_pii,valid
VN_000459,FAKE_POLICE_0459,"Chúng tôi là công an, o đang liên quan đến vụ án rửa tiền, cần chuyển tiền để điều tra Làm ngay giúp bên cháu.",SCAM,FAKE_POLICE,HIGH,"Giả danh cơ quan chức năng, đe dọa và yêu cầu chuyển tiền.",công an; viện kiểm sát; vụ án; chuyển tiền,Không chuyển tiền. Gọi người thân hoặc cơ quan công an địa phương để xác minh.,authority_impersonation; fear; secrecy,financial_loss,elderly,CENTRAL,NONE,vietnamese_synthetic,self-created,true,no_pii,train
VN_000102,PHISHING_LINK_0102,Vui lòng truy cập <LINK> để nhận hỗ trợ hoàn tiền Làm ngay giúp bên cháu.,SCAM,PHISHING_LINK,HIGH,Dụ người dùng bấm link lạ để đánh cắp thông tin.,<LINK>; bấm link; đăng nhập,Không bấm link lạ. Chỉ truy cập website hoặc ứng dụng chính thức.,technical_confusion; urgency,credential_theft; malware_install,elderly,SOUTH,NONE,vietnamese_synthetic,self-created,true,no_pii,test
VN_000754,SAFE_0154,Co nho uong thuoc dung gio nha.,SAFE,NONE,LOW,Nội dung bình thường hoặc không có yêu cầu nguy hiểm.,,Không cần cảnh báo. Có thể tiếp tục trò chuyện bình thường.,none,none,general,STANDARD,TYPO,vietnamese_synthetic,self-created,true,no_pii,valid
VN_000254,PRIZE_GIFT_0254,"Bên em tặng o phần quà tri ân, cần cung cấp thông tin cá nhân để nhận.",SCAM,PRIZE_GIFT,HIGH,Dùng quà tặng hoặc trúng thưởng để dụ cung cấp thông tin hoặc chuyển phí.,trúng thưởng; nhận quà; đóng phí; chuyển phí,Không chuyển phí hoặc cung cấp thông tin cá nhân để nhận quà không rõ nguồn.,greed; urgency,financial_loss; privacy_leak,elderly,CENTRAL,ABBREVIATION,vietnamese_synthetic,self-created,true,no_pii,test
VN_001050,SUSPICIOUS_0050,Bên em cần cô xác nhận giao dịch này ngay hôm nay giúp bên em nhé.,SUSPICIOUS,UNKNOWN,MEDIUM,Nội dung có yêu cầu xác minh hoặc cung cấp thông tin nhưng chưa đủ bằng chứng kết luận lừa đảo.,xác minh; thông tin cá nhân; đường dẫn; phản hồi sớm,Cần kiểm tra nguồn gửi. Không cung cấp thông tin nhạy cảm nếu chưa xác minh.,uncertainty; possible_social_engineering,privacy_leak,general,NORTH,NONE,vietnamese_synthetic,self-created,true,no_pii,valid
VN_000894,SAFE_0294,Con gửi link bài báo này cho chú đọc thử khi nào rảnh nha.,SAFE,NONE,LOW,Nội dung bình thường hoặc không có yêu cầu nguy hiểm.,,Không cần cảnh báo. Có thể tiếp tục trò chuyện bình thường.,none,none,general,NORTH,NONE,vietnamese_synthetic,self-created,true,no_pii,test
VN_000018,PHISHING_LINK_0018,Bác cần đăng nhập vào <LINK> để kiểm tra giao dịch bất thường. please check now,SCAM,PHISHING_LINK,HIGH,Dụ người dùng bấm link lạ để đánh cắp thông tin.,<LINK>; bấm link; đăng nhập,Không bấm link lạ. Chỉ truy cập website hoặc ứng dụng chính thức.,technical_confusion; urgency,credential_theft; malware_install,elderly,CENTRAL,CODE_SWITCHING,vietnamese_synthetic,self-created,true,no_pii,test
VN_000709,SAFE_0109,"Bác ơi, tối nay cả nhà gọi video nhé khi nào rảnh nha.",SAFE,NONE,LOW,Nội dung bình thường hoặc không có yêu cầu nguy hiểm.,,Không cần cảnh báo. Có thể tiếp tục trò chuyện bình thường.,none,none,general,NORTH,NONE,vietnamese_synthetic,self-created,true,no_pii,valid
VN_001130,SUSPICIOUS_0130,Chu gui thong tin de ben em cap nhat ho so.,SUSPICIOUS,UNKNOWN,MEDIUM,Nội dung có yêu cầu xác minh hoặc cung cấp thông tin nhưng chưa đủ bằng chứng kết luận lừa đảo.,xác minh; thông tin cá nhân; đường dẫn; phản hồi sớm,Cần kiểm tra nguồn gửi. Không cung cấp thông tin nhạy cảm nếu chưa xác minh.,uncertainty; possible_social_engineering,privacy_leak,general,SOUTH,NO_DIACRITICS,vietnamese_synthetic,self-created,true,no_pii,valid
VN_001103,SUSPICIOUS_0103,Bác gửi thông tin để bên em cập nhật hồ sơ nếu cần em sẽ hướng dẫn thêm.,SUSPICIOUS,UNKNOWN,MEDIUM,Nội dung có yêu cầu xác minh hoặc cung cấp thông tin nhưng chưa đủ bằng chứng kết luận lừa đảo.,xác minh; thông tin cá nhân; đường dẫn; phản hồi sớm,Cần kiểm tra nguồn gửi. Không cung cấp thông tin nhạy cảm nếu chưa xác minh.,uncertainty; possible_social_engineering,privacy_leak,general,STANDARD,NONE,vietnamese_synthetic,self-created,true,no_pii,valid
VN_000642,SAFE_0042,Cô kiểm tra giúp con lịch hẹn khám bệnh ngày mai nhé nha.,SAFE,NONE,LOW,Nội dung bình thường hoặc không có yêu cầu nguy hiểm.,,Không cần cảnh báo. Có thể tiếp tục trò chuyện bình thường.,none,none,general,STANDARD,NONE,vietnamese_synthetic,self-created,true,no_pii,valid
VN_000007,FAKE_POLICE_0007,"Bên viện kiểm sát yêu cầu mệ hợp tác ngay, nếu không sẽ bị phong tỏa tài sản.",SCAM,FAKE_POLICE,HIGH,"Giả danh cơ quan chức năng, đe dọa và yêu cầu chuyển tiền.",công an; viện kiểm sát; vụ án; chuyển tiền,Không chuyển tiền. Gọi người thân hoặc cơ quan công an địa phương để xác minh.,authority_impersonation; fear; secrecy,financial_loss,elderly,CENTRAL,OBFUSCATION,vietnamese_synthetic,self-created,true,no_pii,train
VN_000734,SAFE_0134,Con đã chuyển tiền mua thuốc cho mẹ rồi chiều nay cũng được nha.,SAFE,NONE,LOW,Nội dung bình thường hoặc không có yêu cầu nguy hiểm.,,Không cần cảnh báo. Có thể tiếp tục trò chuyện bình thường.,none,none,general,CENTRAL,NONE,vietnamese_synthetic,self-created,true,no_pii,valid
VN_000315,JOB_SCAM_0315,"Cô/chú cứ bình tĩnh, bên cháu hỗ trợ nhanh thôi. Việc nhẹ lương cao, bác đóng phí hồ sơ là có thể bắt đầu ngay. Làm ngay để tránh bị khóa dịch vụ.",SCAM,JOB_SCAM,MEDIUM,"Lừa việc làm online, yêu cầu đóng phí hoặc nạp tiền trước.",nạp trước; đóng phí; kích hoạt tài khoản,Không đóng phí để nhận việc. Kiểm tra công ty và hợp đồng rõ ràng.,financial_pressure; false_promise,financial_loss,elderly,CENTRAL,LONG_CONTEXT,vietnamese_synthetic,self-created,true,no_pii,train
VN_000656,SAFE_0056,Chu kiem tra giup con lich hen kham benh ngai mai nhe.,SAFE,NONE,LOW,Nội dung bình thường hoặc không có yêu cầu nguy hiểm.,,Không cần cảnh báo. Có thể tiếp tục trò chuyện bình thường.,none,none,general,SOUTH,TYPO,vietnamese_synthetic,self-created,true,no_pii,test
VN_000984,SAFE_0384,"Con đặt xe cho chú rồi, tài xế sẽ đến trong 10 phút để con yên tâm nha.",SAFE,NONE,LOW,Nội dung bình thường hoặc không có yêu cầu nguy hiểm.,,Không cần cảnh báo. Có thể tiếp tục trò chuyện bình thường.,none,none,general,SOUTH,NONE,vietnamese_synthetic,self-created,true,no_pii,test
VN_000005,PRIZE_GIFT_0005,"Cô trúng thưởng may mắn, chuyển phí vận chuyển để nhận quà ngay hôm nay.",SCAM,PRIZE_GIFT,HIGH,Dùng quà tặng hoặc trúng thưởng để dụ cung cấp thông tin hoặc chuyển phí.,trúng thưởng; nhận quà; đóng phí; chuyển phí,Không chuyển phí hoặc cung cấp thông tin cá nhân để nhận quà không rõ nguồn.,greed; urgency,financial_loss; privacy_leak,elderly,STANDARD,NONE,vietnamese_synthetic,self-created,true,no_pii,valid
VN_000733,SAFE_0133,"Mã đơn hàng của bác là 123456, hàng sẽ giao trong hôm nay chiều nay cũng được nha.",SAFE,NONE,LOW,Nội dung bình thường hoặc không có yêu cầu nguy hiểm.,,Không cần cảnh báo. Có thể tiếp tục trò chuyện bình thường.,none,none,general,STANDARD,NONE,vietnamese_synthetic,self-created,true,no_pii,valid
VN_000773,SAFE_0173,"Mã đơn hàng của chú là 123456, hàng sẽ giao trong hôm nay khi nào rảnh nha.",SAFE,NONE,LOW,Nội dung bình thường hoặc không có yêu cầu nguy hiểm.,,Không cần cảnh báo. Có thể tiếp tục trò chuyện bình thường.,none,none,general,STANDARD,NONE,vietnamese_synthetic,self-created,true,no_pii,test
VN_000283,JOB_SCAM_0283,"Việc nhẹ lương cao, bác đóng phí hồ sơ là có thể bắt đầu ngay. please check now",SCAM,JOB_SCAM,MEDIUM,"Lừa việc làm online, yêu cầu đóng phí hoặc nạp tiền trước.",nạp trước; đóng phí; kích hoạt tài khoản,Không đóng phí để nhận việc. Kiểm tra công ty và hợp đồng rõ ràng.,financial_pressure; false_promise,financial_loss,elderly,NORTH,CODE_SWITCHING,vietnamese_synthetic,self-created,true,no_pii,train
VN_000204,OTP_BANK_0204,"Ngân hàng cần kiểm tra bảo mật, chú cung cấp mã OTP ngay để tránh khóa tài khoản Làm ngay giúp bên cháu.",SCAM,OTP_BANK,HIGH,Yêu cầu cung cấp OTP hoặc mã xác nhận ngân hàng.,mã OTP; mã xác nhận; dãy 6 số,Không cung cấp OTP hoặc mã xác nhận. Gọi trực tiếp ngân hàng để kiểm tra.,urgency; technical_confusion,credential_theft,elderly,STANDARD,NONE,vietnamese_synthetic,self-created,true,no_pii,train
VN_000634,SAFE_0034,Bác kiểm tra giúp con lịch hẹn khám bệnh ngày mai nhé.,SAFE,NONE,LOW,Nội dung bình thường hoặc không có yêu cầu nguy hiểm.,,Không cần cảnh báo. Có thể tiếp tục trò chuyện bình thường.,none,none,general,STANDARD,NONE,vietnamese_synthetic,self-created,true,no_pii,valid
VN_000890,SAFE_0290,"Con đặt xe cho o rồi, tài xế sẽ đến trong 10 phút nhé.",SAFE,NONE,LOW,Nội dung bình thường hoặc không có yêu cầu nguy hiểm.,,Không cần cảnh báo. Có thể tiếp tục trò chuyện bình thường.,none,none,general,CENTRAL,NONE,vietnamese_synthetic,self-created,true,no_pii,test
VN_000105,OTP_BANK_0105,"Ngân hàng cần kiểm tra bảo mật, bác cung cấp mã OTP ngay để tránh khóa tài khoản.",SCAM,OTP_BANK,HIGH,Yêu cầu cung cấp OTP hoặc mã xác nhận ngân hàng.,mã OTP; mã xác nhận; dãy 6 số,Không cung cấp OTP hoặc mã xác nhận. Gọi trực tiếp ngân hàng để kiểm tra.,urgency; technical_confusion,credential_theft,elderly,STANDARD,NONE,vietnamese_synthetic,self-created,true,no_pii,train
VN_000168,PRIZE_GIFT_0168,"Bên em tặng má phần quà tri ân, cần cung cấp thông tin cá nhân để nhận.",SCAM,PRIZE_GIFT,HIGH,Dùng quà tặng hoặc trúng thưởng để dụ cung cấp thông tin hoặc chuyển phí.,trúng thưởng; nhận quà; đóng phí; chuyển phí,Không chuyển phí hoặc cung cấp thông tin cá nhân để nhận quà không rõ nguồn.,greed; urgency,financial_loss; privacy_leak,elderly,SOUTH,OBFUSCATION,vietnamese_synthetic,self-created,true,no_pii,test
VN_001158,SUSPICIOUS_0158,Bac xac minh tai khoan giup ben em trong hom nay nhe để bên em kiểm tra lại.,SUSPICIOUS,UNKNOWN,MEDIUM,Nội dung có yêu cầu xác minh hoặc cung cấp thông tin nhưng chưa đủ bằng chứng kết luận lừa đảo.,xác minh; thông tin cá nhân; đường dẫn; phản hồi sớm,Cần kiểm tra nguồn gửi. Không cung cấp thông tin nhạy cảm nếu chưa xác minh.,uncertainty; possible_social_engineering,privacy_leak,general,NORTH,TYPO,vietnamese_synthetic,self-created,true,no_pii,test
VN_000863,SAFE_0263,O nhớ uống thuốc đúng giờ nha nhé.,SAFE,NONE,LOW,Nội dung bình thường hoặc không có yêu cầu nguy hiểm.,,Không cần cảnh báo. Có thể tiếp tục trò chuyện bình thường.,none,none,general,CENTRAL,NONE,vietnamese_synthetic,self-created,true,no_pii,test
VN_000127,PHISHING_LINK_0127,Ba cần đăng nhập vào <LINK> để kiểm tra giao dịch bất thường Làm ngay giúp bên cháu.,SCAM,PHISHING_LINK,HIGH,Dụ người dùng bấm link lạ để đánh cắp thông tin.,<LINK>; bấm link; đăng nhập,Không bấm link lạ. Chỉ truy cập website hoặc ứng dụng chính thức.,technical_confusion; urgency,credential_theft; malware_install,elderly,SOUTH,OBFUSCATION,vietnamese_synthetic,self-created,true,no_pii,test
VN_000470,JOB_SCAM_0470,"Viec nhe luong cao, bac dong phi ho so la co the bat dau ngay.",SCAM,JOB_SCAM,MEDIUM,"Lừa việc làm online, yêu cầu đóng phí hoặc nạp tiền trước.",nạp trước; đóng phí; kích hoạt tài khoản,Không đóng phí để nhận việc. Kiểm tra công ty và hợp đồng rõ ràng.,financial_pressure; false_promise,financial_loss,elderly,STANDARD,NO_DIACRITICS,vietnamese_synthetic,self-created,true,no_pii,train
VN_000237,EMERGENCY_MONEY_0237,"Cô ơi con bị tai nạn, gửi tiền ngay vào stk này giúp con Làm ngay giúp bên cháu.",SCAM,EMERGENCY_MONEY,HIGH,"Giả danh người thân, tạo tình huống khẩn cấp và yêu cầu chuyển tiền.",cấp cứu; chuyển gấp; đừng gọi lại; khẩn cấp,Không chuyển tiền vội. Gọi trực tiếp cho người thân qua số quen thuộc để xác minh.,urgency; trust_abuse; secrecy,financial_loss,elderly,SOUTH,ABBREVIATION,vietnamese_synthetic,self-created,true,no_pii,train
VN_000760,SAFE_0160,Mai con về nhà ăn cơm với ba mẹ Mã tham chiếu 760.,SAFE,NONE,LOW,Nội dung bình thường hoặc không có yêu cầu nguy hiểm.,,Không cần cảnh báo. Có thể tiếp tục trò chuyện bình thường.,none,none,general,STANDARD,NONE,vietnamese_synthetic,self-created,true,no_pii,valid
VN_000771,SAFE_0171,"Con dat xe cho o roi, tai xe se den trong 10 phut.",SAFE,NONE,LOW,Nội dung bình thường hoặc không có yêu cầu nguy hiểm.,,Không cần cảnh báo. Có thể tiếp tục trò chuyện bình thường.,none,none,general,CENTRAL,NO_DIACRITICS,vietnamese_synthetic,self-created,true,no_pii,valid
VN_001070,SUSPICIOUS_0070,Bên em cần kiểm tra thông tin cá nhân của bác để hỗ trợ.,SUSPICIOUS,UNKNOWN,MEDIUM,Nội dung có yêu cầu xác minh hoặc cung cấp thông tin nhưng chưa đủ bằng chứng kết luận lừa đảo.,xác minh; thông tin cá nhân; đường dẫn; phản hồi sớm,Cần kiểm tra nguồn gửi. Không cung cấp thông tin nhạy cảm nếu chưa xác minh.,uncertainty; possible_social_engineering,privacy_leak,general,NORTH,NONE,vietnamese_synthetic,self-created,true,no_pii,test
VN_000737,SAFE_0137,Con đã chuyển tiền mua thuốc cho mẹ rồi tối con gọi lại nhé.,SAFE,NONE,LOW,Nội dung bình thường hoặc không có yêu cầu nguy hiểm.,,Không cần cảnh báo. Có thể tiếp tục trò chuyện bình thường.,none,none,general,CENTRAL,NONE,vietnamese_synthetic,self-created,true,no_pii,test
VN_000199,JOB_SCAM_0199,"O nhận job online, hoàn thành đơn đầu tiên sẽ được hoàn tiền và thưởng.",SCAM,JOB_SCAM,MEDIUM,"Lừa việc làm online, yêu cầu đóng phí hoặc nạp tiền trước.",nạp trước; đóng phí; kích hoạt tài khoản,Không đóng phí để nhận việc. Kiểm tra công ty và hợp đồng rõ ràng.,financial_pressure; false_promise,financial_loss,elderly,CENTRAL,NONE,vietnamese_synthetic,self-created,true,no_pii,train
VN_000750,SAFE_0150,"Chú ơi, tối nay cả nhà gọi video nhé ạ.",SAFE,NONE,LOW,Nội dung bình thường hoặc không có yêu cầu nguy hiểm.,,Không cần cảnh báo. Có thể tiếp tục trò chuyện bình thường.,none,none,general,SOUTH,NONE,vietnamese_synthetic,self-created,true,no_pii,valid
VN_000221,LOAN_SCAM_0221,Co muon vay nhanh khong can gap mat thi gui CCCD va phi ho so truoc Làm ngay giúp bên cháu.,SCAM,LOAN_SCAM,HIGH,"Lừa vay tiền, yêu cầu đóng phí trước hoặc gửi giấy tờ cá nhân.",đóng phí; giải ngân; gửi CCCD; phí hồ sơ,Không gửi giấy tờ cá nhân hoặc đóng phí trước cho dịch vụ vay không rõ nguồn.,financial_pressure; urgency,financial_loss; identity_theft,elderly,STANDARD,TYPO,vietnamese_synthetic,self-created,true,no_pii,valid
VN_000795,SAFE_0195,"Ba ơi, tối nay cả nhà gọi video nhé.",SAFE,NONE,LOW,Nội dung bình thường hoặc không có yêu cầu nguy hiểm.,,Không cần cảnh báo. Có thể tiếp tục trò chuyện bình thường.,none,none,general,SOUTH,ABBREVIATION,vietnamese_synthetic,self-created,true,no_pii,test
VN_000688,SAFE_0088,"Ma don hang cua co la 123456, hang se giao trong hom nay.",SAFE,NONE,LOW,Nội dung bình thường hoặc không có yêu cầu nguy hiểm.,,Không cần cảnh báo. Có thể tiếp tục trò chuyện bình thường.,none,none,general,STANDARD,TYPO,vietnamese_synthetic,self-created,true,no_pii,test
VN_000278,EMERGENCY_MONEY_0278,"Chú ơi con bị tai nạn, gửi tiền ngay vào số tài khoản này giúp con Làm ngay giúp bên cháu.",SCAM,EMERGENCY_MONEY,HIGH,"Giả danh người thân, tạo tình huống khẩn cấp và yêu cầu chuyển tiền.",cấp cứu; chuyển gấp; đừng gọi lại; khẩn cấp,Không chuyển tiền vội. Gọi trực tiếp cho người thân qua số quen thuộc để xác minh.,urgency; trust_abuse; secrecy,financial_loss,elderly,SOUTH,NONE,vietnamese_synthetic,self-created,true,no_pii,train
VN_000469,FAKE_POLICE_0469,"Chúng tôi là công an, mệ đang liên quan đến vụ án rửa tiền, cần chuyển tiền để điều tra Làm ngay giúp bên cháu.",SCAM,FAKE_POLICE,HIGH,"Giả danh cơ quan chức năng, đe dọa và yêu cầu chuyển tiền.",công an; viện kiểm sát; vụ án; chuyển tiền,Không chuyển tiền. Gọi người thân hoặc cơ quan công an địa phương để xác minh.,authority_impersonation; fear; secrecy,financial_loss,elderly,CENTRAL,NONE,vietnamese_synthetic,self-created,true,no_pii,train
VN_000147,PRIZE_GIFT_0147,"Cô/chú cứ bình tĩnh, bên cháu hỗ trợ nhanh thôi. Cô được chọn nhận phần thưởng 20 triệu, vui lòng đóng phí hồ sơ trước. Làm ngay để tránh bị khóa dịch vụ.",SCAM,PRIZE_GIFT,HIGH,Dùng quà tặng hoặc trúng thưởng để dụ cung cấp thông tin hoặc chuyển phí.,trúng thưởng; nhận quà; đóng phí; chuyển phí,Không chuyển phí hoặc cung cấp thông tin cá nhân để nhận quà không rõ nguồn.,greed; urgency,financial_loss; privacy_leak,elderly,SOUTH,LONG_CONTEXT,vietnamese_synthetic,self-created,true,no_pii,test
VN_000788,SAFE_0188,Bác kiểm tra giúp con lịch hẹn khám bệnh ngày mai nhé nha.,SAFE,NONE,LOW,Nội dung bình thường hoặc không có yêu cầu nguy hiểm.,,Không cần cảnh báo. Có thể tiếp tục trò chuyện bình thường.,none,none,general,NORTH,NONE,vietnamese_synthetic,self-created,true,no_pii,test
VN_000261,OTP_BANK_0261,Bác gửi mã OTP vừa nhận được để ngân hàng xác minh tài khoản ngay nhé.,SCAM,OTP_BANK,HIGH,Yêu cầu cung cấp OTP hoặc mã xác nhận ngân hàng.,mã OTP; mã xác nhận; dãy 6 số,Không cung cấp OTP hoặc mã xác nhận. Gọi trực tiếp ngân hàng để kiểm tra.,urgency; technical_confusion,credential_theft,elderly,CENTRAL,NONE,vietnamese_synthetic,self-created,true,no_pii,train
VN_000727,SAFE_0127,Con đã chuyển tiền mua thuốc cho mẹ rồi để con yên tâm nha.,SAFE,NONE,LOW,Nội dung bình thường hoặc không có yêu cầu nguy hiểm.,,Không cần cảnh báo. Có thể tiếp tục trò chuyện bình thường.,none,none,general,CENTRAL,NONE,vietnamese_synthetic,self-created,true,no_pii,valid
VN_000655,SAFE_0055,"Ngân hàng thông báo bảo trì hệ thống vào tối nay, không yêu cầu cung cấp thông tin cho con biết nhé.",SAFE,NONE,LOW,Nội dung bình thường hoặc không có yêu cầu nguy hiểm.,,Không cần cảnh báo. Có thể tiếp tục trò chuyện bình thường.,none,none,general,SOUTH,NONE,vietnamese_synthetic,self-created,true,no_pii,valid
VN_000978,SAFE_0378,Cô kiểm tra giúp con lịch hẹn khám bệnh ngày mai nhé ạ.,SAFE,NONE,LOW,Nội dung bình thường hoặc không có yêu cầu nguy hiểm.,,Không cần cảnh báo. Có thể tiếp tục trò chuyện bình thường.,none,none,general,NORTH,NONE,vietnamese_synthetic,self-created,true,no_pii,test
VN_000735,SAFE_0135,O nho uong thuoc dung gio nha.,SAFE,NONE,LOW,Nội dung bình thường hoặc không có yêu cầu nguy hiểm.,,Không cần cảnh báo. Có thể tiếp tục trò chuyện bình thường.,none,none,general,CENTRAL,NO_DIACRITICS,vietnamese_synthetic,self-created,true,no_pii,valid
VN_000568,EMERGENCY_MONEY_0568,"Bác đừng hỏi nhiều, con cần tiền xử lý việc khẩn cấp, chuyển ngay giúp con Xử lý trong hôm nay giúp cháu.",SCAM,EMERGENCY_MONEY,HIGH,"Giả danh người thân, tạo tình huống khẩn cấp và yêu cầu chuyển tiền.",cấp cứu; chuyển gấp; đừng gọi lại; khẩn cấp,Không chuyển tiền vội. Gọi trực tiếp cho người thân qua số quen thuộc để xác minh.,urgency; trust_abuse; secrecy,financial_loss,elderly,NORTH,NONE,vietnamese_synthetic,self-created,true,no_pii,train
VN_000535,PRIZE_GIFT_0535,"Chú được chọn nhận phần thưởng 20 triệu, vui lòng đóng phí hồ sơ trước Bên cháu đang chờ phản hồi.",SCAM,PRIZE_GIFT,HIGH,Dùng quà tặng hoặc trúng thưởng để dụ cung cấp thông tin hoặc chuyển phí.,trúng thưởng; nhận quà; đóng phí; chuyển phí,Không chuyển phí hoặc cung cấp thông tin cá nhân để nhận quà không rõ nguồn.,greed; urgency,financial_loss; privacy_leak,elderly,STANDARD,NONE,vietnamese_synthetic,self-created,true,no_pii,test
VN_000939,SAFE_0339,"Hôm nay trời mưa, chú nhớ mang áo mưa nhé.",SAFE,NONE,LOW,Nội dung bình thường hoặc không có yêu cầu nguy hiểm.,,Không cần cảnh báo. Có thể tiếp tục trò chuyện bình thường.,none,none,general,NORTH,NONE,vietnamese_synthetic,self-created,true,no_pii,test
VN_000699,SAFE_0099,Con đã chuyển tiền mua thuốc cho mẹ rồi cho con biết nhé.,SAFE,NONE,LOW,Nội dung bình thường hoặc không có yêu cầu nguy hiểm.,,Không cần cảnh báo. Có thể tiếp tục trò chuyện bình thường.,none,none,general,NORTH,NONE,vietnamese_synthetic,self-created,true,no_pii,test
VN_000195,FAKE_POLICE_0195,"Mệ đang bị nghi ngờ liên quan đường dây lừa đảo, cần làm theo hướng dẫn ngay.",SCAM,FAKE_POLICE,HIGH,"Giả danh cơ quan chức năng, đe dọa và yêu cầu chuyển tiền.",công an; viện kiểm sát; vụ án; chuyển tiền,Không chuyển tiền. Gọi người thân hoặc cơ quan công an địa phương để xác minh.,authority_impersonation; fear; secrecy,financial_loss,elderly,CENTRAL,NONE,vietnamese_synthetic,self-created,true,no_pii,train
VN_000617,SAFE_0017,Cô nhớ uống thuốc đúng giờ nha nha.,SAFE,NONE,LOW,Nội dung bình thường hoặc không có yêu cầu nguy hiểm.,,Không cần cảnh báo. Có thể tiếp tục trò chuyện bình thường.,none,none,general,SOUTH,NONE,vietnamese_synthetic,self-created,true,no_pii,valid
VN_000122,PHISHING_LINK_0122,Chú cần đăng nhập vào <LINK> để kiểm tra giao dịch bất thường.,SCAM,PHISHING_LINK,HIGH,Dụ người dùng bấm link lạ để đánh cắp thông tin.,<LINK>; bấm link; đăng nhập,Không bấm link lạ. Chỉ truy cập website hoặc ứng dụng chính thức.,technical_confusion; urgency,credential_theft; malware_install,elderly,STANDARD,NONE,vietnamese_synthetic,self-created,true,no_pii,test
VN_000817,SAFE_0217,Ba kiểm tra giúp con lịch hẹn khám bệnh ngày mai nhé.,SAFE,NONE,LOW,Nội dung bình thường hoặc không có yêu cầu nguy hiểm.,,Không cần cảnh báo. Có thể tiếp tục trò chuyện bình thường.,none,none,general,SOUTH,ABBREVIATION,vietnamese_synthetic,self-created,true,no_pii,valid
VN_000462,LOAN_SCAM_0462,Chu muon vay nhanh khong can gap mat thi gui CCCD va phi ho so truoc.,SCAM,LOAN_SCAM,HIGH,"Lừa vay tiền, yêu cầu đóng phí trước hoặc gửi giấy tờ cá nhân.",đóng phí; giải ngân; gửi CCCD; phí hồ sơ,Không gửi giấy tờ cá nhân hoặc đóng phí trước cho dịch vụ vay không rõ nguồn.,financial_pressure; urgency,financial_loss; identity_theft,elderly,SOUTH,NO_DIACRITICS,vietnamese_synthetic,self-created,true,no_pii,valid
VN_000126,PHISHING_LINK_0126,Co can dang nhap vao <LINK> de kiem tra giao dich bat thuong.,SCAM,PHISHING_LINK,HIGH,Dụ người dùng bấm link lạ để đánh cắp thông tin.,<LINK>; bấm link; đăng nhập,Không bấm link lạ. Chỉ truy cập website hoặc ứng dụng chính thức.,technical_confusion; urgency,credential_theft; malware_install,elderly,STANDARD,NO_DIACRITICS,vietnamese_synthetic,self-created,true,no_pii,test
VN_000552,EMERGENCY_MONEY_0552,"Me oi con dang cap cuu, chuyen gap cho con 5 trieu, dung goi lai Vui lòng làm ngay để tránh mất quyền lợi.",SCAM,EMERGENCY_MONEY,HIGH,"Giả danh người thân, tạo tình huống khẩn cấp và yêu cầu chuyển tiền.",cấp cứu; chuyển gấp; đừng gọi lại; khẩn cấp,Không chuyển tiền vội. Gọi trực tiếp cho người thân qua số quen thuộc để xác minh.,urgency; trust_abuse; secrecy,financial_loss,elderly,SOUTH,NO_DIACRITICS,vietnamese_synthetic,self-created,true,no_pii,train
VN_000227,INVESTMENT_0227,"Chú tham gia nhóm đầu tư nội bộ, lợi nhuận chắc chắn không rủi ro.",SCAM,INVESTMENT,HIGH,Hứa lợi nhuận cao bất thường và yêu cầu nạp/chuyển tiền.,lãi 30%; lợi nhuận cao; nạp tiền; chuyển tiền,Không chuyển tiền vào kênh đầu tư không rõ pháp lý. Hỏi người thân hoặc chuyên gia tài chính.,greed; false_promise,financial_loss,elderly,NORTH,NONE,vietnamese_synthetic,self-created,true,no_pii,valid
VN_001073,SUSPICIOUS_0073,O bấm vào đường dẫn này để xem chi tiết chương trình.,SUSPICIOUS,UNKNOWN,MEDIUM,Nội dung có yêu cầu xác minh hoặc cung cấp thông tin nhưng chưa đủ bằng chứng kết luận lừa đảo.,xác minh; thông tin cá nhân; đường dẫn; phản hồi sớm,Cần kiểm tra nguồn gửi. Không cung cấp thông tin nhạy cảm nếu chưa xác minh.,uncertainty; possible_social_engineering,privacy_leak,general,CENTRAL,NONE,vietnamese_synthetic,self-created,true,no_pii,test
VN_000301,FAKE_POLICE_0301,"Chúng tôi là công an, o đang liên quan đến vụ án rửa tiền, cần chuyển tiền để điều tra.",SCAM,FAKE_POLICE,HIGH,"Giả danh cơ quan chức năng, đe dọa và yêu cầu chuyển tiền.",công an; viện kiểm sát; vụ án; chuyển tiền,Không chuyển tiền. Gọi người thân hoặc cơ quan công an địa phương để xác minh.,authority_impersonation; fear; secrecy,financial_loss,elderly,CENTRAL,NONE,vietnamese_synthetic,self-created,true,no_pii,train
VN_000650,SAFE_0050,Mai con về nhà ăn cơm với ba mẹ nhé.,SAFE,NONE,LOW,Nội dung bình thường hoặc không có yêu cầu nguy hiểm.,,Không cần cảnh báo. Có thể tiếp tục trò chuyện bình thường.,none,none,general,SOUTH,NONE,vietnamese_synthetic,self-created,true,no_pii,valid
VN_000519,INVESTMENT_0519,"Bên em có sàn đầu tư lợi nhuận cao, chú nạp tiền sớm để giữ suất Làm ngay giúp bên cháu.",SCAM,INVESTMENT,HIGH,Hứa lợi nhuận cao bất thường và yêu cầu nạp/chuyển tiền.,lãi 30%; lợi nhuận cao; nạp tiền; chuyển tiền,Không chuyển tiền vào kênh đầu tư không rõ pháp lý. Hỏi người thân hoặc chuyên gia tài chính.,greed; false_promise,financial_loss,elderly,SOUTH,OBFUSCATION,vietnamese_synthetic,self-created,true,no_pii,valid
VN_000228,FAKE_POLICE_0228,"Chúng tôi là công an, chú đang liên quan đến vụ án rửa tiền, cần ck để điều tra.",SCAM,FAKE_POLICE,HIGH,"Giả danh cơ quan chức năng, đe dọa và yêu cầu chuyển tiền.",công an; viện kiểm sát; vụ án; chuyển tiền,Không chuyển tiền. Gọi người thân hoặc cơ quan công an địa phương để xác minh.,authority_impersonation; fear; secrecy,financial_loss,elderly,STANDARD,ABBREVIATION,vietnamese_synthetic,self-created,true,no_pii,train
VN_000308,JOB_SCAM_0308,"Ba nhận job online, hoàn thành đơn đầu tiên sẽ được hoàn tiền và thưởng.",SCAM,JOB_SCAM,MEDIUM,"Lừa việc làm online, yêu cầu đóng phí hoặc nạp tiền trước.",nạp trước; đóng phí; kích hoạt tài khoản,Không đóng phí để nhận việc. Kiểm tra công ty và hợp đồng rõ ràng.,financial_pressure; false_promise,financial_loss,elderly,SOUTH,NONE,vietnamese_synthetic,self-created,true,no_pii,train
VN_000164,FAKE_POLICE_0164,"Cô/chú cứ bình tĩnh, bên cháu hỗ trợ nhanh thôi. Bác đang bị nghi ngờ liên quan đường dây lừa đảo, cần làm theo hướng dẫn ngay. Làm ngay để tránh bị khóa dịch vụ.",SCAM,FAKE_POLICE,HIGH,"Giả danh cơ quan chức năng, đe dọa và yêu cầu chuyển tiền.",công an; viện kiểm sát; vụ án; chuyển tiền,Không chuyển tiền. Gọi người thân hoặc cơ quan công an địa phương để xác minh.,authority_impersonation; fear; secrecy,financial_loss,elderly,NORTH,LONG_CONTEXT,vietnamese_synthetic,self-created,true,no_pii,train
VN_000618,SAFE_0018,"Con đặt xe cho bác rồi, tài xế sẽ đến trong 10 phút.",SAFE,NONE,LOW,Nội dung bình thường hoặc không có yêu cầu nguy hiểm.,,Không cần cảnh báo. Có thể tiếp tục trò chuyện bình thường.,none,none,general,NORTH,NONE,vietnamese_synthetic,self-created,true,no_pii,valid
VN_000509,LOAN_SCAM_0509,"Hồ sơ vay của o đã được chấp nhận, chuyển phí xác minh để nhận tiền Bên cháu đang chờ phản hồi.",SCAM,LOAN_SCAM,HIGH,"Lừa vay tiền, yêu cầu đóng phí trước hoặc gửi giấy tờ cá nhân.",đóng phí; giải ngân; gửi CCCD; phí hồ sơ,Không gửi giấy tờ cá nhân hoặc đóng phí trước cho dịch vụ vay không rõ nguồn.,financial_pressure; urgency,financial_loss; identity_theft,elderly,CENTRAL,NONE,vietnamese_synthetic,self-created,true,no_pii,test
VN_000537,OTP_BANK_0537,Cô gửi mã OTP vừa nhận được để ngân hàng xác minh tài khoản ngay nhé Làm ngay giúp bên cháu.,SCAM,OTP_BANK,HIGH,Yêu cầu cung cấp OTP hoặc mã xác nhận ngân hàng.,mã OTP; mã xác nhận; dãy 6 số,Không cung cấp OTP hoặc mã xác nhận. Gọi trực tiếp ngân hàng để kiểm tra.,urgency; technical_confusion,credential_theft,elderly,NORTH,NONE,vietnamese_synthetic,self-created,true,no_pii,train
VN_000226,FAKE_POLICE_0226,"Ben vien kiem sat yeu cau me hop tac ngai, neu khong se bi phong toa tai san.",SCAM,FAKE_POLICE,HIGH,"Giả danh cơ quan chức năng, đe dọa và yêu cầu chuyển tiền.",công an; viện kiểm sát; vụ án; chuyển tiền,Không chuyển tiền. Gọi người thân hoặc cơ quan công an địa phương để xác minh.,authority_impersonation; fear; secrecy,financial_loss,elderly,CENTRAL,TYPO,vietnamese_synthetic,self-created,true,no_pii,train
VN_000361,INVESTMENT_0361,"Co hoi sinh loi bao dam, co chi can chuyen tien la co chuyen gia ho tro.",SCAM,INVESTMENT,HIGH,Hứa lợi nhuận cao bất thường và yêu cầu nạp/chuyển tiền.,lãi 30%; lợi nhuận cao; nạp tiền; chuyển tiền,Không chuyển tiền vào kênh đầu tư không rõ pháp lý. Hỏi người thân hoặc chuyên gia tài chính.,greed; false_promise,financial_loss,elderly,NORTH,NO_DIACRITICS,vietnamese_synthetic,self-created,true,no_pii,valid
VN_001152,SUSPICIOUS_0152,Bên em cần cô xác nhận giao dịch này ngay hôm nay nếu cần em sẽ hướng dẫn thêm.,SUSPICIOUS,UNKNOWN,MEDIUM,Nội dung có yêu cầu xác minh hoặc cung cấp thông tin nhưng chưa đủ bằng chứng kết luận lừa đảo.,xác minh; thông tin cá nhân; đường dẫn; phản hồi sớm,Cần kiểm tra nguồn gửi. Không cung cấp thông tin nhạy cảm nếu chưa xác minh.,uncertainty; possible_social_engineering,privacy_leak,general,NORTH,NONE,vietnamese_synthetic,self-created,true,no_pii,test
VN_000849,SAFE_0249,Ba kiểm tra giúp con lịch hẹn khám bệnh ngày mai nhé nha.,SAFE,NONE,LOW,Nội dung bình thường hoặc không có yêu cầu nguy hiểm.,,Không cần cảnh báo. Có thể tiếp tục trò chuyện bình thường.,none,none,general,SOUTH,NONE,vietnamese_synthetic,self-created,true,no_pii,test
VN_000396,OTP_BANK_0396,Chú đọc giúp cháu dãy 6 số vừa gửi về điện thoại để hoàn tất xác minh.,SCAM,OTP_BANK,HIGH,Yêu cầu cung cấp OTP hoặc mã xác nhận ngân hàng.,mã OTP; mã xác nhận; dãy 6 số,Không cung cấp OTP hoặc mã xác nhận. Gọi trực tiếp ngân hàng để kiểm tra.,urgency; technical_confusion,credential_theft,elderly,STANDARD,NONE,vietnamese_synthetic,self-created,true,no_pii,train
VN_001096,SUSPICIOUS_0096,"Tai khoan cua bac co dau hieu bat thuong, vui long phan hoi som.",SUSPICIOUS,UNKNOWN,MEDIUM,Nội dung có yêu cầu xác minh hoặc cung cấp thông tin nhưng chưa đủ bằng chứng kết luận lừa đảo.,xác minh; thông tin cá nhân; đường dẫn; phản hồi sớm,Cần kiểm tra nguồn gửi. Không cung cấp thông tin nhạy cảm nếu chưa xác minh.,uncertainty; possible_social_engineering,privacy_leak,general,CENTRAL,NO_DIACRITICS,vietnamese_synthetic,self-created,true,no_pii,test
VN_000281,PHISHING_LINK_0281,"Đơn hàng của mệ gặp lỗi, bấm vào <LINK> để cập nhật thông tin nhận hàng Xử lý trong hôm nay giúp cháu.",SCAM,PHISHING_LINK,HIGH,Dụ người dùng bấm link lạ để đánh cắp thông tin.,<LINK>; bấm link; đăng nhập,Không bấm link lạ. Chỉ truy cập website hoặc ứng dụng chính thức.,technical_confusion; urgency,credential_theft; malware_install,elderly,CENTRAL,NONE,vietnamese_synthetic,self-created,true,no_pii,test
VN_000209,INVESTMENT_0209,"O tham gia nhóm đầu tư nội bộ, lợi nhuận chắc chắn không rủi ro.",SCAM,INVESTMENT,HIGH,Hứa lợi nhuận cao bất thường và yêu cầu nạp/chuyển tiền.,lãi 30%; lợi nhuận cao; nạp tiền; chuyển tiền,Không chuyển tiền vào kênh đầu tư không rõ pháp lý. Hỏi người thân hoặc chuyên gia tài chính.,greed; false_promise,financial_loss,elderly,CENTRAL,NONE,vietnamese_synthetic,self-created,true,no_pii,valid
VN_000420,PHISHING_LINK_0420,Vui lòng truy cập <LINK> để nhận hỗ trợ hoàn tiền Đây là yêu cầu khẩn cấp.,SCAM,PHISHING_LINK,HIGH,Dụ người dùng bấm link lạ để đánh cắp thông tin.,<LINK>; bấm link; đăng nhập,Không bấm link lạ. Chỉ truy cập website hoặc ứng dụng chính thức.,technical_confusion; urgency,credential_theft; malware_install,elderly,SOUTH,NONE,vietnamese_synthetic,self-created,true,no_pii,test
VN_000016,FAKE_POLICE_0016,"Bên viện kiểm sát yêu cầu chú hợp tác ngay, nếu không sẽ bị phong tỏa tài sản.",SCAM,FAKE_POLICE,HIGH,"Giả danh cơ quan chức năng, đe dọa và yêu cầu chuyển tiền.",công an; viện kiểm sát; vụ án; chuyển tiền,Không chuyển tiền. Gọi người thân hoặc cơ quan công an địa phương để xác minh.,authority_impersonation; fear; secrecy,financial_loss,elderly,NORTH,NONE,vietnamese_synthetic,self-created,true,no_pii,train
VN_000988,SAFE_0388,Chú kiểm tra giúp con lịch hẹn khám bệnh ngày mai nhé Mã tham chiếu 988.,SAFE,NONE,LOW,Nội dung bình thường hoặc không có yêu cầu nguy hiểm.,,Không cần cảnh báo. Có thể tiếp tục trò chuyện bình thường.,none,none,general,STANDARD,NONE,vietnamese_synthetic,self-created,true,no_pii,test
VN_000775,SAFE_0175,Con đã chuyển tiền mua thuốc cho mẹ rồi Mã tham chiếu 775.,SAFE,NONE,LOW,Nội dung bình thường hoặc không có yêu cầu nguy hiểm.,,Không cần cảnh báo. Có thể tiếp tục trò chuyện bình thường.,none,none,general,STANDARD,NONE,vietnamese_synthetic,self-created,true,no_pii,test
VN_000375,JOB_SCAM_0375,"Bên em tuyển cộng tác viên tại nhà, cần chuyển tiền kích hoạt tài khoản Vui lòng làm ngay để tránh mất quyền lợi.",SCAM,JOB_SCAM,MEDIUM,"Lừa việc làm online, yêu cầu đóng phí hoặc nạp tiền trước.",nạp trước; đóng phí; kích hoạt tài khoản,Không đóng phí để nhận việc. Kiểm tra công ty và hợp đồng rõ ràng.,financial_pressure; false_promise,financial_loss,elderly,CENTRAL,NONE,vietnamese_synthetic,self-created,true,no_pii,train
VN_001057,SUSPICIOUS_0057,Chú gửi thông tin để bên em cập nhật hồ sơ.,SUSPICIOUS,UNKNOWN,MEDIUM,Nội dung có yêu cầu xác minh hoặc cung cấp thông tin nhưng chưa đủ bằng chứng kết luận lừa đảo.,xác minh; thông tin cá nhân; đường dẫn; phản hồi sớm,Cần kiểm tra nguồn gửi. Không cung cấp thông tin nhạy cảm nếu chưa xác minh.,uncertainty; possible_social_engineering,privacy_leak,general,STANDARD,NONE,vietnamese_synthetic,self-created,true,no_pii,test
VN_000086,INVESTMENT_0086,"Cơ hội sinh lời bảo đảm, cô chỉ cần chuyển tiền là có chuyên gia hỗ trợ Làm ngay giúp bên cháu.",SCAM,INVESTMENT,HIGH,Hứa lợi nhuận cao bất thường và yêu cầu nạp/chuyển tiền.,lãi 30%; lợi nhuận cao; nạp tiền; chuyển tiền,Không chuyển tiền vào kênh đầu tư không rõ pháp lý. Hỏi người thân hoặc chuyên gia tài chính.,greed; false_promise,financial_loss,elderly,STANDARD,NONE,vietnamese_synthetic,self-created,true,no_pii,valid
VN_000784,SAFE_0184,"Con đặt xe cho bác rồi, tài xế sẽ đến trong 10 phút nhé.",SAFE,NONE,LOW,Nội dung bình thường hoặc không có yêu cầu nguy hiểm.,,Không cần cảnh báo. Có thể tiếp tục trò chuyện bình thường.,none,none,general,CENTRAL,NONE,vietnamese_synthetic,self-created,true,no_pii,test
VN_000572,PRIZE_GIFT_0572,"O trúng thưởng may mắn, chuyển phí vận chuyển để nhận quà ngay hôm nay.",SCAM,PRIZE_GIFT,HIGH,Dùng quà tặng hoặc trúng thưởng để dụ cung cấp thông tin hoặc chuyển phí.,trúng thưởng; nhận quà; đóng phí; chuyển phí,Không chuyển phí hoặc cung cấp thông tin cá nhân để nhận quà không rõ nguồn.,greed; urgency,financial_loss; privacy_leak,elderly,CENTRAL,NONE,vietnamese_synthetic,self-created,true,no_pii,test
VN_001196,SUSPICIOUS_0196,Bên em cần kiểm tra thông tin cá nhân của bác để hỗ trợ giúp bên em nhé.,SUSPICIOUS,UNKNOWN,MEDIUM,Nội dung có yêu cầu xác minh hoặc cung cấp thông tin nhưng chưa đủ bằng chứng kết luận lừa đảo.,xác minh; thông tin cá nhân; đường dẫn; phản hồi sớm,Cần kiểm tra nguồn gửi. Không cung cấp thông tin nhạy cảm nếu chưa xác minh.,uncertainty; possible_social_engineering,privacy_leak,general,NORTH,NONE,vietnamese_synthetic,self-created,true,no_pii,test
VN_000162,EMERGENCY_MONEY_0162,"Mệ đừng hỏi nhiều, con cần tiền xử lý việc khẩn cấp, chuyển ngay giúp con.",SCAM,EMERGENCY_MONEY,HIGH,"Giả danh người thân, tạo tình huống khẩn cấp và yêu cầu chuyển tiền.",cấp cứu; chuyển gấp; đừng gọi lại; khẩn cấp,Không chuyển tiền vội. Gọi trực tiếp cho người thân qua số quen thuộc để xác minh.,urgency; trust_abuse; secrecy,financial_loss,elderly,CENTRAL,NONE,vietnamese_synthetic,self-created,true,no_pii,train
VN_000811,SAFE_0211,Con đã ck mua thuốc cho mẹ rồi.,SAFE,NONE,LOW,Nội dung bình thường hoặc không có yêu cầu nguy hiểm.,,Không cần cảnh báo. Có thể tiếp tục trò chuyện bình thường.,none,none,general,NORTH,ABBREVIATION,vietnamese_synthetic,self-created,true,no_pii,valid
VN_000246,EMERGENCY_MONEY_0246,"Con đang gặp chuyện gấp, mệ chuyển khoản liền cho con 10 triệu nha.",SCAM,EMERGENCY_MONEY,HIGH,"Giả danh người thân, tạo tình huống khẩn cấp và yêu cầu chuyển tiền.",cấp cứu; chuyển gấp; đừng gọi lại; khẩn cấp,Không chuyển tiền vội. Gọi trực tiếp cho người thân qua số quen thuộc để xác minh.,urgency; trust_abuse; secrecy,financial_loss,elderly,CENTRAL,NONE,vietnamese_synthetic,self-created,true,no_pii,train
VN_000924,SAFE_0324,Mệ kiểm tra giúp con lịch hẹn khám bệnh ngày mai nhé khi nào rảnh nha.,SAFE,NONE,LOW,Nội dung bình thường hoặc không có yêu cầu nguy hiểm.,,Không cần cảnh báo. Có thể tiếp tục trò chuyện bình thường.,none,none,general,CENTRAL,NONE,vietnamese_synthetic,self-created,true,no_pii,valid
VN_000724,SAFE_0124,Chu kiem tra giup con lich hen kham benh ngai mai nhe nha.,SAFE,NONE,LOW,Nội dung bình thường hoặc không có yêu cầu nguy hiểm.,,Không cần cảnh báo. Có thể tiếp tục trò chuyện bình thường.,none,none,general,SOUTH,TYPO,vietnamese_synthetic,self-created,true,no_pii,valid
VN_000967,SAFE_0367,Chú kiểm tra giúp con lịch hẹn khám bệnh ngày mai nhé Mã tham chiếu 967.,SAFE,NONE,LOW,Nội dung bình thường hoặc không có yêu cầu nguy hiểm.,,Không cần cảnh báo. Có thể tiếp tục trò chuyện bình thường.,none,none,general,STANDARD,NONE,vietnamese_synthetic,self-created,true,no_pii,test
VN_000388,EMERGENCY_MONEY_0388,"Má ơi con bị tai nạn, gửi tiền ngay vào số t.khoản này giúp con.",SCAM,EMERGENCY_MONEY,HIGH,"Giả danh người thân, tạo tình huống khẩn cấp và yêu cầu chuyển tiền.",cấp cứu; chuyển gấp; đừng gọi lại; khẩn cấp,Không chuyển tiền vội. Gọi trực tiếp cho người thân qua số quen thuộc để xác minh.,urgency; trust_abuse; secrecy,financial_loss,elderly,SOUTH,OBFUSCATION,vietnamese_synthetic,self-created,true,no_pii,train
VN_000844,SAFE_0244,Con gửi link bài báo này cho chú đọc thử ạ.,SAFE,NONE,LOW,Nội dung bình thường hoặc không có yêu cầu nguy hiểm.,,Không cần cảnh báo. Có thể tiếp tục trò chuyện bình thường.,none,none,general,NORTH,NONE,vietnamese_synthetic,self-created,true,no_pii,valid
VN_000117,FAKE_POLICE_0117,"Chu dang bi nghi ngo lien quan duong day lua dao, can lam theo huong dan ngai Làm ngay giúp bên cháu.",SCAM,FAKE_POLICE,HIGH,"Giả danh cơ quan chức năng, đe dọa và yêu cầu chuyển tiền.",công an; viện kiểm sát; vụ án; chuyển tiền,Không chuyển tiền. Gọi người thân hoặc cơ quan công an địa phương để xác minh.,authority_impersonation; fear; secrecy,financial_loss,elderly,STANDARD,TYPO,vietnamese_synthetic,self-created,true,no_pii,train
VN_000157,INVESTMENT_0157,"Co hoi sinh loi bao dam, ba chi can chuyen tien la co chuyen gia ho tro.",SCAM,INVESTMENT,HIGH,Hứa lợi nhuận cao bất thường và yêu cầu nạp/chuyển tiền.,lãi 30%; lợi nhuận cao; nạp tiền; chuyển tiền,Không chuyển tiền vào kênh đầu tư không rõ pháp lý. Hỏi người thân hoặc chuyên gia tài chính.,greed; false_promise,financial_loss,elderly,SOUTH,TYPO,vietnamese_synthetic,self-created,true,no_pii,valid
VN_001132,SUSPICIOUS_0132,Bên em cần kiểm tra thông tin cá nhân của chú để hỗ trợ nếu cần em sẽ hướng dẫn thêm.,SUSPICIOUS,UNKNOWN,MEDIUM,Nội dung có yêu cầu xác minh hoặc cung cấp thông tin nhưng chưa đủ bằng chứng kết luận lừa đảo.,xác minh; thông tin cá nhân; đường dẫn; phản hồi sớm,Cần kiểm tra nguồn gửi. Không cung cấp thông tin nhạy cảm nếu chưa xác minh.,uncertainty; possible_social_engineering,privacy_leak,general,STANDARD,NONE,vietnamese_synthetic,self-created,true,no_pii,valid
VN_000971,SAFE_0371,"Con đặt xe cho cô rồi, tài xế sẽ đến trong 10 phút chiều nay cũng được nha.",SAFE,NONE,LOW,Nội dung bình thường hoặc không có yêu cầu nguy hiểm.,,Không cần cảnh báo. Có thể tiếp tục trò chuyện bình thường.,none,none,general,SOUTH,NONE,vietnamese_synthetic,self-created,true,no_pii,test
VN_000520,PHISHING_LINK_0520,Vui long truy cap <LINK> de nhan ho tro hoan tien Nếu chậm trễ tài khoản có thể bị khóa.,SCAM,PHISHING_LINK,HIGH,Dụ người dùng bấm link lạ để đánh cắp thông tin.,<LINK>; bấm link; đăng nhập,Không bấm link lạ. Chỉ truy cập website hoặc ứng dụng chính thức.,technical_confusion; urgency,credential_theft; malware_install,elderly,STANDARD,NO_DIACRITICS,vietnamese_synthetic,self-created,true,no_pii,test
VN_000014,JOB_SCAM_0014,"Viec nhe luong cao, bac dong phi ho so la co the bat dau ngai.",SCAM,JOB_SCAM,MEDIUM,"Lừa việc làm online, yêu cầu đóng phí hoặc nạp tiền trước.",nạp trước; đóng phí; kích hoạt tài khoản,Không đóng phí để nhận việc. Kiểm tra công ty và hợp đồng rõ ràng.,financial_pressure; false_promise,financial_loss,elderly,CENTRAL,TYPO,vietnamese_synthetic,self-created,true,no_pii,test
VN_001148,SUSPICIOUS_0148,Ben em can kiem tra thong tin ca nhan cua co de ho tro trong hôm nay giúp em.,SUSPICIOUS,UNKNOWN,MEDIUM,Nội dung có yêu cầu xác minh hoặc cung cấp thông tin nhưng chưa đủ bằng chứng kết luận lừa đảo.,xác minh; thông tin cá nhân; đường dẫn; phản hồi sớm,Cần kiểm tra nguồn gửi. Không cung cấp thông tin nhạy cảm nếu chưa xác minh.,uncertainty; possible_social_engineering,privacy_leak,general,NORTH,NO_DIACRITICS,vietnamese_synthetic,self-created,true,no_pii,test
VN_000150,PRIZE_GIFT_0150,"Chuc mung me da trung xe may, bam <LINK> de nhan qua.",SCAM,PRIZE_GIFT,HIGH,Dùng quà tặng hoặc trúng thưởng để dụ cung cấp thông tin hoặc chuyển phí.,trúng thưởng; nhận quà; đóng phí; chuyển phí,Không chuyển phí hoặc cung cấp thông tin cá nhân để nhận quà không rõ nguồn.,greed; urgency,financial_loss; privacy_leak,elderly,CENTRAL,NO_DIACRITICS,vietnamese_synthetic,self-created,true,no_pii,valid
VN_000651,SAFE_0051,"Ngan hang thong bao bao tri he thong vao toi nay, khong yeu cau cung cap thong tin.",SAFE,NONE,LOW,Nội dung bình thường hoặc không có yêu cầu nguy hiểm.,,Không cần cảnh báo. Có thể tiếp tục trò chuyện bình thường.,none,none,general,SOUTH,NO_DIACRITICS,vietnamese_synthetic,self-created,true,no_pii,valid
VN_000249,OTP_BANK_0249,"Cô/chú cứ bình tĩnh, bên cháu hỗ trợ nhanh thôi. Ngân hàng cần kiểm tra bảo mật, cô cung cấp mã OTP ngay để tránh khóa tài khoản. Làm ngay để tránh bị khóa dịch vụ.",SCAM,OTP_BANK,HIGH,Yêu cầu cung cấp OTP hoặc mã xác nhận ngân hàng.,mã OTP; mã xác nhận; dãy 6 số,Không cung cấp OTP hoặc mã xác nhận. Gọi trực tiếp ngân hàng để kiểm tra.,urgency; technical_confusion,credential_theft,elderly,SOUTH,LONG_CONTEXT,vietnamese_synthetic,self-created,true,no_pii,train
VN_000057,FAKE_POLICE_0057,"Chúng tôi là công an, cô đang liên quan đến vụ án rửa tiền, cần chuyển tiền để điều tra. please check now",SCAM,FAKE_POLICE,HIGH,"Giả danh cơ quan chức năng, đe dọa và yêu cầu chuyển tiền.",công an; viện kiểm sát; vụ án; chuyển tiền,Không chuyển tiền. Gọi người thân hoặc cơ quan công an địa phương để xác minh.,authority_impersonation; fear; secrecy,financial_loss,elderly,NORTH,CODE_SWITCHING,vietnamese_synthetic,self-created,true,no_pii,train
VN_000097,FAKE_POLICE_0097,"Bác không được nói với ai, hãy chuyển tiền vào tài khoản tạm giữ để phục vụ xác minh Làm ngay giúp bên cháu.",SCAM,FAKE_POLICE,HIGH,"Giả danh cơ quan chức năng, đe dọa và yêu cầu chuyển tiền.",công an; viện kiểm sát; vụ án; chuyển tiền,Không chuyển tiền. Gọi người thân hoặc cơ quan công an địa phương để xác minh.,authority_impersonation; fear; secrecy,financial_loss,elderly,NORTH,NONE,vietnamese_synthetic,self-created,true,no_pii,train
VN_000576,OTP_BANK_0576,Chu doc giup chau day 6 so vua gui ve dien thoai de hoan tat xac minh Làm ngay giúp bên cháu.,SCAM,OTP_BANK,HIGH,Yêu cầu cung cấp OTP hoặc mã xác nhận ngân hàng.,mã OTP; mã xác nhận; dãy 6 số,Không cung cấp OTP hoặc mã xác nhận. Gọi trực tiếp ngân hàng để kiểm tra.,urgency; technical_confusion,credential_theft,elderly,NORTH,TYPO,vietnamese_synthetic,self-created,true,no_pii,train
VN_000263,FAKE_POLICE_0263,"Bac dang bi nghi ngo lien quan duong day lua dao, can lam theo huong dan ngay.",SCAM,FAKE_POLICE,HIGH,"Giả danh cơ quan chức năng, đe dọa và yêu cầu chuyển tiền.",công an; viện kiểm sát; vụ án; chuyển tiền,Không chuyển tiền. Gọi người thân hoặc cơ quan công an địa phương để xác minh.,authority_impersonation; fear; secrecy,financial_loss,elderly,STANDARD,NO_DIACRITICS,vietnamese_synthetic,self-created,true,no_pii,train
VN_000355,PHISHING_LINK_0355,Vui lòng truy cập <LINK> để nhận hỗ trợ hoàn tiền Không nên chia sẻ việc này với ai.,SCAM,PHISHING_LINK,HIGH,Dụ người dùng bấm link lạ để đánh cắp thông tin.,<LINK>; bấm link; đăng nhập,Không bấm link lạ. Chỉ truy cập website hoặc ứng dụng chính thức.,technical_confusion; urgency,credential_theft; malware_install,elderly,CENTRAL,NONE,vietnamese_synthetic,self-created,true,no_pii,test
VN_000689,SAFE_0089,"Mã đơn hàng của bác là 123456, hàng sẽ giao trong hôm nay khi nào rảnh nha.",SAFE,NONE,LOW,Nội dung bình thường hoặc không có yêu cầu nguy hiểm.,,Không cần cảnh báo. Có thể tiếp tục trò chuyện bình thường.,none,none,general,NORTH,NONE,vietnamese_synthetic,self-created,true,no_pii,test
VN_000489,JOB_SCAM_0489,"Mệ chỉ cần làm nhiệm vụ online, nạp trước 300 nghìn để nhận việc.",SCAM,JOB_SCAM,MEDIUM,"Lừa việc làm online, yêu cầu đóng phí hoặc nạp tiền trước.",nạp trước; đóng phí; kích hoạt tài khoản,Không đóng phí để nhận việc. Kiểm tra công ty và hợp đồng rõ ràng.,financial_pressure; false_promise,financial_loss,elderly,CENTRAL,NONE,vietnamese_synthetic,self-created,true,no_pii,train
VN_000366,FAKE_POLICE_0366,"Bác đang bị nghi ngờ liên quan đường dây lừa đảo, cần làm theo hướng dẫn ngay Làm ngay giúp bên cháu.",SCAM,FAKE_POLICE,HIGH,"Giả danh cơ quan chức năng, đe dọa và yêu cầu chuyển tiền.",công an; viện kiểm sát; vụ án; chuyển tiền,Không chuyển tiền. Gọi người thân hoặc cơ quan công an địa phương để xác minh.,authority_impersonation; fear; secrecy,financial_loss,elderly,NORTH,NONE,vietnamese_synthetic,self-created,true,no_pii,train
VN_000444,LOAN_SCAM_0444,"Co duoc duyet vay 50 trieu, can dong phi bao hiem truoc de giai ngan.",SCAM,LOAN_SCAM,HIGH,"Lừa vay tiền, yêu cầu đóng phí trước hoặc gửi giấy tờ cá nhân.",đóng phí; giải ngân; gửi CCCD; phí hồ sơ,Không gửi giấy tờ cá nhân hoặc đóng phí trước cho dịch vụ vay không rõ nguồn.,financial_pressure; urgency,financial_loss; identity_theft,elderly,SOUTH,NO_DIACRITICS,vietnamese_synthetic,self-created,true,no_pii,valid
VN_000445,JOB_SCAM_0445,"Ben em tuyen cong tac vien tai nha, can chuyen tien kich hoat tai khoan Xử lý trong hôm nay giúp cháu.",SCAM,JOB_SCAM,MEDIUM,"Lừa việc làm online, yêu cầu đóng phí hoặc nạp tiền trước.",nạp trước; đóng phí; kích hoạt tài khoản,Không đóng phí để nhận việc. Kiểm tra công ty và hợp đồng rõ ràng.,financial_pressure; false_promise,financial_loss,elderly,STANDARD,NO_DIACRITICS,vietnamese_synthetic,self-created,true,no_pii,train
VN_000715,SAFE_0115,"Con đặt xe cho chú rồi, tài xế sẽ đến trong 10 phút nha.",SAFE,NONE,LOW,Nội dung bình thường hoặc không có yêu cầu nguy hiểm.,,Không cần cảnh báo. Có thể tiếp tục trò chuyện bình thường.,none,none,general,NORTH,NONE,vietnamese_synthetic,self-created,true,no_pii,valid
VN_000412,PHISHING_LINK_0412,Vui long truy cap <LINK> de nhan ho tro hoan tien Xử lý trong hôm nay giúp cháu.,SCAM,PHISHING_LINK,HIGH,Dụ người dùng bấm link lạ để đánh cắp thông tin.,<LINK>; bấm link; đăng nhập,Không bấm link lạ. Chỉ truy cập website hoặc ứng dụng chính thức.,technical_confusion; urgency,credential_theft; malware_install,elderly,STANDARD,NO_DIACRITICS,vietnamese_synthetic,self-created,true,no_pii,test
VN_000681,SAFE_0081,"Ngan hang thong bao bao tri he thong vao toi nay, khong yeu cau cung cap thong tin nhé.",SAFE,NONE,LOW,Nội dung bình thường hoặc không có yêu cầu nguy hiểm.,,Không cần cảnh báo. Có thể tiếp tục trò chuyện bình thường.,none,none,general,CENTRAL,NO_DIACRITICS,vietnamese_synthetic,self-created,true,no_pii,valid
VN_000994,SAFE_0394,Con da chuyen tien mua thuoc cho me roi Mã tham chiếu 994.,SAFE,NONE,LOW,Nội dung bình thường hoặc không có yêu cầu nguy hiểm.,,Không cần cảnh báo. Có thể tiếp tục trò chuyện bình thường.,none,none,general,CENTRAL,TYPO,vietnamese_synthetic,self-created,true,no_pii,test
VN_000936,SAFE_0336,"O ơi, tối nay cả nhà gọi video nhé.",SAFE,NONE,LOW,Nội dung bình thường hoặc không có yêu cầu nguy hiểm.,,Không cần cảnh báo. Có thể tiếp tục trò chuyện bình thường.,none,none,general,CENTRAL,NONE,vietnamese_synthetic,self-created,true,no_pii,test
VN_000583,EMERGENCY_MONEY_0583,"Con đang gặp chuyện gấp, cô chuyển khoản liền cho con 10 triệu nha.",SCAM,EMERGENCY_MONEY,HIGH,"Giả danh người thân, tạo tình huống khẩn cấp và yêu cầu chuyển tiền.",cấp cứu; chuyển gấp; đừng gọi lại; khẩn cấp,Không chuyển tiền vội. Gọi trực tiếp cho người thân qua số quen thuộc để xác minh.,urgency; trust_abuse; secrecy,financial_loss,elderly,NORTH,OBFUSCATION,vietnamese_synthetic,self-created,true,no_pii,train
VN_000192,INVESTMENT_0192,"Ben em co san dau tu loi nhuan cao, chu nap tien som de giu suat.",SCAM,INVESTMENT,HIGH,Hứa lợi nhuận cao bất thường và yêu cầu nạp/chuyển tiền.,lãi 30%; lợi nhuận cao; nạp tiền; chuyển tiền,Không chuyển tiền vào kênh đầu tư không rõ pháp lý. Hỏi người thân hoặc chuyên gia tài chính.,greed; false_promise,financial_loss,elderly,NORTH,TYPO,vietnamese_synthetic,self-created,true,no_pii,valid
VN_000051,INVESTMENT_0051,"Cơ hội sinh lời bảo đảm, o chỉ cần chuyển tiền là có chuyên gia hỗ trợ.",SCAM,INVESTMENT,HIGH,Hứa lợi nhuận cao bất thường và yêu cầu nạp/chuyển tiền.,lãi 30%; lợi nhuận cao; nạp tiền; chuyển tiền,Không chuyển tiền vào kênh đầu tư không rõ pháp lý. Hỏi người thân hoặc chuyên gia tài chính.,greed; false_promise,financial_loss,elderly,CENTRAL,NONE,vietnamese_synthetic,self-created,true,no_pii,valid
VN_000669,SAFE_0069,Con gửi link bài báo này cho cô đọc thử nhé.,SAFE,NONE,LOW,Nội dung bình thường hoặc không có yêu cầu nguy hiểm.,,Không cần cảnh báo. Có thể tiếp tục trò chuyện bình thường.,none,none,general,STANDARD,NONE,vietnamese_synthetic,self-created,true,no_pii,test
VN_000084,INVESTMENT_0084,"Ba tham gia nhom dau tu noi bo, loi nhuan chac chan khong rui ro.",SCAM,INVESTMENT,HIGH,Hứa lợi nhuận cao bất thường và yêu cầu nạp/chuyển tiền.,lãi 30%; lợi nhuận cao; nạp tiền; chuyển tiền,Không chuyển tiền vào kênh đầu tư không rõ pháp lý. Hỏi người thân hoặc chuyên gia tài chính.,greed; false_promise,financial_loss,elderly,SOUTH,TYPO,vietnamese_synthetic,self-created,true,no_pii,valid
VN_000657,SAFE_0057,"Hôm nay trời mưa, o nhớ mang áo mưa.",SAFE,NONE,LOW,Nội dung bình thường hoặc không có yêu cầu nguy hiểm.,,Không cần cảnh báo. Có thể tiếp tục trò chuyện bình thường.,none,none,general,CENTRAL,NONE,vietnamese_synthetic,self-created,true,no_pii,test
VN_000152,OTP_BANK_0152,Má đọc giúp cháu dãy 6 số vừa gửi về điện thoại để hoàn tất xác minh.,SCAM,OTP_BANK,HIGH,Yêu cầu cung cấp OTP hoặc mã xác nhận ngân hàng.,mã OTP; mã xác nhận; dãy 6 số,Không cung cấp OTP hoặc mã xác nhận. Gọi trực tiếp ngân hàng để kiểm tra.,urgency; technical_confusion,credential_theft,elderly,SOUTH,NONE,vietnamese_synthetic,self-created,true,no_pii,train
VN_000549,PRIZE_GIFT_0549,"Cô trúng thưởng may mắn, chuyển phí vận chuyển để nhận quà ngay hôm nay Xử lý trong hôm nay giúp cháu.",SCAM,PRIZE_GIFT,HIGH,Dùng quà tặng hoặc trúng thưởng để dụ cung cấp thông tin hoặc chuyển phí.,trúng thưởng; nhận quà; đóng phí; chuyển phí,Không chuyển phí hoặc cung cấp thông tin cá nhân để nhận quà không rõ nguồn.,greed; urgency,financial_loss; privacy_leak,elderly,STANDARD,NONE,vietnamese_synthetic,self-created,true,no_pii,test
VN_001143,SUSPICIOUS_0143,Bác bấm vào đường dẫn này để xem chi tiết chương trình để bên em kiểm tra lại.,SUSPICIOUS,UNKNOWN,MEDIUM,Nội dung có yêu cầu xác minh hoặc cung cấp thông tin nhưng chưa đủ bằng chứng kết luận lừa đảo.,xác minh; thông tin cá nhân; đường dẫn; phản hồi sớm,Cần kiểm tra nguồn gửi. Không cung cấp thông tin nhạy cảm nếu chưa xác minh.,uncertainty; possible_social_engineering,privacy_leak,general,CENTRAL,NONE,vietnamese_synthetic,self-created,true,no_pii,test
VN_000792,SAFE_0192,Con gửi link bài báo này cho bác đọc thử nha.,SAFE,NONE,LOW,Nội dung bình thường hoặc không có yêu cầu nguy hiểm.,,Không cần cảnh báo. Có thể tiếp tục trò chuyện bình thường.,none,none,general,NORTH,NONE,vietnamese_synthetic,self-created,true,no_pii,test
VN_000951,SAFE_0351,"Ngân hàng thông báo bảo trì hệ thống vào tối nay, không yêu cầu cung cấp thông tin Mã tham chiếu 951.",SAFE,NONE,LOW,Nội dung bình thường hoặc không có yêu cầu nguy hiểm.,,Không cần cảnh báo. Có thể tiếp tục trò chuyện bình thường.,none,none,general,STANDARD,NONE,vietnamese_synthetic,self-created,true,no_pii,valid
VN_000382,PRIZE_GIFT_0382,"Chúc mừng mệ đã trúng xe máy, bấm <LINK> để nhận quà. please check now",SCAM,PRIZE_GIFT,HIGH,Dùng quà tặng hoặc trúng thưởng để dụ cung cấp thông tin hoặc chuyển phí.,trúng thưởng; nhận quà; đóng phí; chuyển phí,Không chuyển phí hoặc cung cấp thông tin cá nhân để nhận quà không rõ nguồn.,greed; urgency,financial_loss; privacy_leak,elderly,CENTRAL,CODE_SWITCHING,vietnamese_synthetic,self-created,true,no_pii,test
VN_001006,SUSPICIOUS_0006,Bác gửi thông tin để bên em cập nhật hồ sơ.,SUSPICIOUS,UNKNOWN,MEDIUM,Nội dung có yêu cầu xác minh hoặc cung cấp thông tin nhưng chưa đủ bằng chứng kết luận lừa đảo.,xác minh; thông tin cá nhân; đường dẫn; phản hồi sớm,Cần kiểm tra nguồn gửi. Không cung cấp thông tin nhạy cảm nếu chưa xác minh.,uncertainty; possible_social_engineering,privacy_leak,general,NORTH,OBFUSCATION,vietnamese_synthetic,self-created,true,no_pii,valid
VN_000132,EMERGENCY_MONEY_0132,"Bác đừng hỏi nhiều, con cần tiền xử lý việc khẩn cấp, chuyển ngay giúp con Làm ngay giúp bên cháu.",SCAM,EMERGENCY_MONEY,HIGH,"Giả danh người thân, tạo tình huống khẩn cấp và yêu cầu chuyển tiền.",cấp cứu; chuyển gấp; đừng gọi lại; khẩn cấp,Không chuyển tiền vội. Gọi trực tiếp cho người thân qua số quen thuộc để xác minh.,urgency; trust_abuse; secrecy,financial_loss,elderly,NORTH,NONE,vietnamese_synthetic,self-created,true,no_pii,train
VN_000818,SAFE_0218,"Ngân hàng thông báo bảo trì hệ thống vào tối nay, không yêu cầu cung cấp thông tin Mã tham chiếu 818.",SAFE,NONE,LOW,Nội dung bình thường hoặc không có yêu cầu nguy hiểm.,,Không cần cảnh báo. Có thể tiếp tục trò chuyện bình thường.,none,none,general,STANDARD,NONE,vietnamese_synthetic,self-created,true,no_pii,test
VN_000474,INVESTMENT_0474,"O tham gia nhom dau tu noi bo, loi nhuan chac chan khong rui ro.",SCAM,INVESTMENT,HIGH,Hứa lợi nhuận cao bất thường và yêu cầu nạp/chuyển tiền.,lãi 30%; lợi nhuận cao; nạp tiền; chuyển tiền,Không chuyển tiền vào kênh đầu tư không rõ pháp lý. Hỏi người thân hoặc chuyên gia tài chính.,greed; false_promise,financial_loss,elderly,CENTRAL,NO_DIACRITICS,vietnamese_synthetic,self-created,true,no_pii,valid
VN_001062,SUSPICIOUS_0062,"Tài khoản của mệ có dấu hiệu bất thường, vui lòng phản hồi sớm.",SUSPICIOUS,UNKNOWN,MEDIUM,Nội dung có yêu cầu xác minh hoặc cung cấp thông tin nhưng chưa đủ bằng chứng kết luận lừa đảo.,xác minh; thông tin cá nhân; đường dẫn; phản hồi sớm,Cần kiểm tra nguồn gửi. Không cung cấp thông tin nhạy cảm nếu chưa xác minh.,uncertainty; possible_social_engineering,privacy_leak,general,CENTRAL,NONE,vietnamese_synthetic,self-created,true,no_pii,test
VN_000041,LOAN_SCAM_0041,"Hồ sơ vay của cô đã được chấp nhận, chuyển phí xác minh để nhận tiền Làm ngay giúp bên cháu.",SCAM,LOAN_SCAM,HIGH,"Lừa vay tiền, yêu cầu đóng phí trước hoặc gửi giấy tờ cá nhân.",đóng phí; giải ngân; gửi CCCD; phí hồ sơ,Không gửi giấy tờ cá nhân hoặc đóng phí trước cho dịch vụ vay không rõ nguồn.,financial_pressure; urgency,financial_loss; identity_theft,elderly,NORTH,NONE,vietnamese_synthetic,self-created,true,no_pii,valid
VN_000270,JOB_SCAM_0270,"Việc nhẹ lương cao, mệ đóng phí hồ sơ là có thể bắt đầu ngay.",SCAM,JOB_SCAM,MEDIUM,"Lừa việc làm online, yêu cầu đóng phí hoặc nạp tiền trước.",nạp trước; đóng phí; kích hoạt tài khoản,Không đóng phí để nhận việc. Kiểm tra công ty và hợp đồng rõ ràng.,financial_pressure; false_promise,financial_loss,elderly,CENTRAL,NONE,vietnamese_synthetic,self-created,true,no_pii,train
VN_000027,OTP_BANK_0027,Mệ gửi mã OTP vừa nhận được để ngân hàng xác minh tài khoản ngay nhé.,SCAM,OTP_BANK,HIGH,Yêu cầu cung cấp OTP hoặc mã xác nhận ngân hàng.,mã OTP; mã xác nhận; dãy 6 số,Không cung cấp OTP hoặc mã xác nhận. Gọi trực tiếp ngân hàng để kiểm tra.,urgency; technical_confusion,credential_theft,elderly,CENTRAL,NONE,vietnamese_synthetic,self-created,true,no_pii,train
VN_000616,SAFE_0016,"Con đặt xe cho cô rồi, tài xế sẽ đến trong 10 phút.",SAFE,NONE,LOW,Nội dung bình thường hoặc không có yêu cầu nguy hiểm.,,Không cần cảnh báo. Có thể tiếp tục trò chuyện bình thường.,none,none,general,NORTH,NONE,vietnamese_synthetic,self-created,true,no_pii,valid
VN_000609,SAFE_0009,"Má ơi, tối nay cả nhà gọi video nhé nha.",SAFE,NONE,LOW,Nội dung bình thường hoặc không có yêu cầu nguy hiểm.,,Không cần cảnh báo. Có thể tiếp tục trò chuyện bình thường.,none,none,general,SOUTH,ABBREVIATION,vietnamese_synthetic,self-created,true,no_pii,valid
VN_000233,FAKE_POLICE_0233,"Bên viện kiểm sát yêu cầu bác hợp tác ngay, nếu không sẽ bị phong tỏa tài sản Xử lý trong hôm nay giúp cháu.",SCAM,FAKE_POLICE,HIGH,"Giả danh cơ quan chức năng, đe dọa và yêu cầu chuyển tiền.",công an; viện kiểm sát; vụ án; chuyển tiền,Không chuyển tiền. Gọi người thân hoặc cơ quan công an địa phương để xác minh.,authority_impersonation; fear; secrecy,financial_loss,elderly,CENTRAL,NONE,vietnamese_synthetic,self-created,true,no_pii,train
VN_000846,SAFE_0246,O nhớ uống thuốc đúng giờ nha nha.,SAFE,NONE,LOW,Nội dung bình thường hoặc không có yêu cầu nguy hiểm.,,Không cần cảnh báo. Có thể tiếp tục trò chuyện bình thường.,none,none,general,CENTRAL,NONE,vietnamese_synthetic,self-created,true,no_pii,test
VN_000845,SAFE_0245,Con đã chuyển tiền mua thuốc cho mẹ rồi Mã tham chiếu 845.,SAFE,NONE,LOW,Nội dung bình thường hoặc không có yêu cầu nguy hiểm.,,Không cần cảnh báo. Có thể tiếp tục trò chuyện bình thường.,none,none,general,STANDARD,NONE,vietnamese_synthetic,self-created,true,no_pii,test
VN_001024,SUSPICIOUS_0024,"Tai khoan cua chu co dau hieu bat thuong, vui long phan hoi som.",SUSPICIOUS,UNKNOWN,MEDIUM,Nội dung có yêu cầu xác minh hoặc cung cấp thông tin nhưng chưa đủ bằng chứng kết luận lừa đảo.,xác minh; thông tin cá nhân; đường dẫn; phản hồi sớm,Cần kiểm tra nguồn gửi. Không cung cấp thông tin nhạy cảm nếu chưa xác minh.,uncertainty; possible_social_engineering,privacy_leak,general,SOUTH,TYPO,vietnamese_synthetic,self-created,true,no_pii,valid
VN_000108,JOB_SCAM_0108,"Bên em tuyển cộng tác viên tại nhà, cần gửi tiền qua giúp kích hoạt t.khoản.",SCAM,JOB_SCAM,MEDIUM,"Lừa việc làm online, yêu cầu đóng phí hoặc nạp tiền trước.",nạp trước; đóng phí; kích hoạt tài khoản,Không đóng phí để nhận việc. Kiểm tra công ty và hợp đồng rõ ràng.,financial_pressure; false_promise,financial_loss,elderly,CENTRAL,OBFUSCATION,vietnamese_synthetic,self-created,true,no_pii,train
VN_001151,SUSPICIOUS_0151,Bac bam vao duong dan nay de xem chi tiet chuong trinh trong hôm nay giúp em.,SUSPICIOUS,UNKNOWN,MEDIUM,Nội dung có yêu cầu xác minh hoặc cung cấp thông tin nhưng chưa đủ bằng chứng kết luận lừa đảo.,xác minh; thông tin cá nhân; đường dẫn; phản hồi sớm,Cần kiểm tra nguồn gửi. Không cung cấp thông tin nhạy cảm nếu chưa xác minh.,uncertainty; possible_social_engineering,privacy_leak,general,NORTH,NO_DIACRITICS,vietnamese_synthetic,self-created,true,no_pii,test
VN_000187,INVESTMENT_0187,"Bac tham gia nhom dau tu noi bo, loi nhuan chac chan khong rui ro.",SCAM,INVESTMENT,HIGH,Hứa lợi nhuận cao bất thường và yêu cầu nạp/chuyển tiền.,lãi 30%; lợi nhuận cao; nạp tiền; chuyển tiền,Không chuyển tiền vào kênh đầu tư không rõ pháp lý. Hỏi người thân hoặc chuyên gia tài chính.,greed; false_promise,financial_loss,elderly,CENTRAL,TYPO,vietnamese_synthetic,self-created,true,no_pii,valid
VN_000726,SAFE_0126,Mai con về nhà ăn cơm với ba mẹ tối con gọi lại nhé.,SAFE,NONE,LOW,Nội dung bình thường hoặc không có yêu cầu nguy hiểm.,,Không cần cảnh báo. Có thể tiếp tục trò chuyện bình thường.,none,none,general,NORTH,NONE,vietnamese_synthetic,self-created,true,no_pii,valid
VN_000023,FAKE_POLICE_0023,"Bên viện kiểm sát yêu cầu bác hợp tác ngay, nếu không sẽ bị phong tỏa tài sản Làm ngay giúp bên cháu.",SCAM,FAKE_POLICE,HIGH,"Giả danh cơ quan chức năng, đe dọa và yêu cầu chuyển tiền.",công an; viện kiểm sát; vụ án; chuyển tiền,Không chuyển tiền. Gọi người thân hoặc cơ quan công an địa phương để xác minh.,authority_impersonation; fear; secrecy,financial_loss,elderly,CENTRAL,NONE,vietnamese_synthetic,self-created,true,no_pii,train
VN_000712,SAFE_0112,Mai con về nhà ăn cơm với ba mẹ chiều nay cũng được nha.,SAFE,NONE,LOW,Nội dung bình thường hoặc không có yêu cầu nguy hiểm.,,Không cần cảnh báo. Có thể tiếp tục trò chuyện bình thường.,none,none,general,SOUTH,NONE,vietnamese_synthetic,self-created,true,no_pii,valid
VN_000439,LOAN_SCAM_0439,"Hồ sơ vay của ba đã được chấp nhận, chuyển phí xm để nhận tiền.",SCAM,LOAN_SCAM,HIGH,"Lừa vay tiền, yêu cầu đóng phí trước hoặc gửi giấy tờ cá nhân.",đóng phí; giải ngân; gửi CCCD; phí hồ sơ,Không gửi giấy tờ cá nhân hoặc đóng phí trước cho dịch vụ vay không rõ nguồn.,financial_pressure; urgency,financial_loss; identity_theft,elderly,SOUTH,ABBREVIATION,vietnamese_synthetic,self-created,true,no_pii,test
VN_000356,LOAN_SCAM_0356,"Bác được duyệt vay 50 triệu, cần đóng phí bảo hiểm trước để giải ngân Nếu chậm trễ tài khoản có thể bị khóa.",SCAM,LOAN_SCAM,HIGH,"Lừa vay tiền, yêu cầu đóng phí trước hoặc gửi giấy tờ cá nhân.",đóng phí; giải ngân; gửi CCCD; phí hồ sơ,Không gửi giấy tờ cá nhân hoặc đóng phí trước cho dịch vụ vay không rõ nguồn.,financial_pressure; urgency,financial_loss; identity_theft,elderly,CENTRAL,NONE,vietnamese_synthetic,self-created,true,no_pii,test
VN_000956,SAFE_0356,"Ngân hàng thông báo bảo trì hệ thống vào tối nay, không yêu cầu cung cấp thông tin Mã tham chiếu 956.",SAFE,NONE,LOW,Nội dung bình thường hoặc không có yêu cầu nguy hiểm.,,Không cần cảnh báo. Có thể tiếp tục trò chuyện bình thường.,none,none,general,SOUTH,NONE,vietnamese_synthetic,self-created,true,no_pii,test
VN_000387,INVESTMENT_0387,"Mệ tham gia nhóm đầu tư nội bộ, lợi nhuận chắc chắn không rủi ro. please check now",SCAM,INVESTMENT,HIGH,Hứa lợi nhuận cao bất thường và yêu cầu nạp/chuyển tiền.,lãi 30%; lợi nhuận cao; nạp tiền; chuyển tiền,Không chuyển tiền vào kênh đầu tư không rõ pháp lý. Hỏi người thân hoặc chuyên gia tài chính.,greed; false_promise,financial_loss,elderly,CENTRAL,CODE_SWITCHING,vietnamese_synthetic,self-created,true,no_pii,test
VN_000058,EMERGENCY_MONEY_0058,"Mệ ơi con bị tai nạn, gửi tiền ngay vào stk này giúp con.",SCAM,EMERGENCY_MONEY,HIGH,"Giả danh người thân, tạo tình huống khẩn cấp và yêu cầu chuyển tiền.",cấp cứu; chuyển gấp; đừng gọi lại; khẩn cấp,Không chuyển tiền vội. Gọi trực tiếp cho người thân qua số quen thuộc để xác minh.,urgency; trust_abuse; secrecy,financial_loss,elderly,CENTRAL,ABBREVIATION,vietnamese_synthetic,self-created,true,no_pii,train
VN_000668,SAFE_0068,"Ngân hàng thông báo bảo trì hệ thống vào tối nay, không yêu cầu cung cấp thông tin chiều nay cũng được nha.",SAFE,NONE,LOW,Nội dung bình thường hoặc không có yêu cầu nguy hiểm.,,Không cần cảnh báo. Có thể tiếp tục trò chuyện bình thường.,none,none,general,NORTH,NONE,vietnamese_synthetic,self-created,true,no_pii,test
VN_001197,SUSPICIOUS_0197,Bên em cần kiểm tra thông tin cá nhân của o để hỗ trợ giúp bên em nhé.,SUSPICIOUS,UNKNOWN,MEDIUM,Nội dung có yêu cầu xác minh hoặc cung cấp thông tin nhưng chưa đủ bằng chứng kết luận lừa đảo.,xác minh; thông tin cá nhân; đường dẫn; phản hồi sớm,Cần kiểm tra nguồn gửi. Không cung cấp thông tin nhạy cảm nếu chưa xác minh.,uncertainty; possible_social_engineering,privacy_leak,general,CENTRAL,ABBREVIATION,vietnamese_synthetic,self-created,true,no_pii,test
VN_000142,JOB_SCAM_0142,"Bac chi can lam nhiem vu online, nap truoc 300 nghin de nhan viec.",SCAM,JOB_SCAM,MEDIUM,"Lừa việc làm online, yêu cầu đóng phí hoặc nạp tiền trước.",nạp trước; đóng phí; kích hoạt tài khoản,Không đóng phí để nhận việc. Kiểm tra công ty và hợp đồng rõ ràng.,financial_pressure; false_promise,financial_loss,elderly,CENTRAL,TYPO,vietnamese_synthetic,self-created,true,no_pii,train
VN_001138,SUSPICIOUS_0138,Em có cơ hội đầu tư muốn giới thiệu cho chú nếu cần em sẽ hướng dẫn thêm.,SUSPICIOUS,UNKNOWN,MEDIUM,Nội dung có yêu cầu xác minh hoặc cung cấp thông tin nhưng chưa đủ bằng chứng kết luận lừa đảo.,xác minh; thông tin cá nhân; đường dẫn; phản hồi sớm,Cần kiểm tra nguồn gửi. Không cung cấp thông tin nhạy cảm nếu chưa xác minh.,uncertainty; possible_social_engineering,privacy_leak,general,STANDARD,ABBREVIATION,vietnamese_synthetic,self-created,true,no_pii,test
VN_000952,SAFE_0352,"Ngan hang thong bao bao tri he thong vao toi nay, khong yeu cau cung cap thong tin Mã tham chiếu 952.",SAFE,NONE,LOW,Nội dung bình thường hoặc không có yêu cầu nguy hiểm.,,Không cần cảnh báo. Có thể tiếp tục trò chuyện bình thường.,none,none,general,STANDARD,TYPO,vietnamese_synthetic,self-created,true,no_pii,valid
VN_000768,SAFE_0168,Mai con ve nha an com voi ba me nhé.,SAFE,NONE,LOW,Nội dung bình thường hoặc không có yêu cầu nguy hiểm.,,Không cần cảnh báo. Có thể tiếp tục trò chuyện bình thường.,none,none,general,CENTRAL,TYPO,vietnamese_synthetic,self-created,true,no_pii,test
VN_000975,SAFE_0375,"Ngân hàng thông báo bảo trì hệ thống vào tối nay, không yêu cầu cung cấp thông tin Mã tham chiếu 975.",SAFE,NONE,LOW,Nội dung bình thường hoặc không có yêu cầu nguy hiểm.,,Không cần cảnh báo. Có thể tiếp tục trò chuyện bình thường.,none,none,general,CENTRAL,NONE,vietnamese_synthetic,self-created,true,no_pii,test
VN_000854,SAFE_0254,Con gui link bai bao nay cho ba doc thu.,SAFE,NONE,LOW,Nội dung bình thường hoặc không có yêu cầu nguy hiểm.,,Không cần cảnh báo. Có thể tiếp tục trò chuyện bình thường.,none,none,general,SOUTH,NO_DIACRITICS,vietnamese_synthetic,self-created,true,no_pii,test
VN_000897,SAFE_0297,"Con đặt xe cho bác rồi, tài xế sẽ đến trong 10 phút cho con biết nhé.",SAFE,NONE,LOW,Nội dung bình thường hoặc không có yêu cầu nguy hiểm.,,Không cần cảnh báo. Có thể tiếp tục trò chuyện bình thường.,none,none,general,NORTH,NONE,vietnamese_synthetic,self-created,true,no_pii,test
VN_000049,FAKE_POLICE_0049,"Bác không được nói với ai, hãy chuyển tiền vào tài khoản tạm giữ để phục vụ xác minh.",SCAM,FAKE_POLICE,HIGH,"Giả danh cơ quan chức năng, đe dọa và yêu cầu chuyển tiền.",công an; viện kiểm sát; vụ án; chuyển tiền,Không chuyển tiền. Gọi người thân hoặc cơ quan công an địa phương để xác minh.,authority_impersonation; fear; secrecy,financial_loss,elderly,STANDARD,NONE,vietnamese_synthetic,self-created,true,no_pii,train
VN_000529,JOB_SCAM_0529,"Viec nhe luong cao, co dong phi ho so la co the bat dau ngay Làm ngay giúp bên cháu.",SCAM,JOB_SCAM,MEDIUM,"Lừa việc làm online, yêu cầu đóng phí hoặc nạp tiền trước.",nạp trước; đóng phí; kích hoạt tài khoản,Không đóng phí để nhận việc. Kiểm tra công ty và hợp đồng rõ ràng.,financial_pressure; false_promise,financial_loss,elderly,NORTH,NO_DIACRITICS,vietnamese_synthetic,self-created,true,no_pii,train
VN_001005,SUSPICIOUS_0005,Cô xác minh tài khoản giúp bên em trong hôm nay nhé.,SUSPICIOUS,UNKNOWN,MEDIUM,Nội dung có yêu cầu xác minh hoặc cung cấp thông tin nhưng chưa đủ bằng chứng kết luận lừa đảo.,xác minh; thông tin cá nhân; đường dẫn; phản hồi sớm,Cần kiểm tra nguồn gửi. Không cung cấp thông tin nhạy cảm nếu chưa xác minh.,uncertainty; possible_social_engineering,privacy_leak,general,SOUTH,NONE,vietnamese_synthetic,self-created,true,no_pii,valid
VN_000418,OTP_BANK_0418,Chú đọc giúp cháu dãy 6 số vừa gửi về điện thoại để hoàn tất xác minh Làm ngay giúp bên cháu.,SCAM,OTP_BANK,HIGH,Yêu cầu cung cấp OTP hoặc mã xác nhận ngân hàng.,mã OTP; mã xác nhận; dãy 6 số,Không cung cấp OTP hoặc mã xác nhận. Gọi trực tiếp ngân hàng để kiểm tra.,urgency; technical_confusion,credential_theft,elderly,NORTH,NONE,vietnamese_synthetic,self-created,true,no_pii,train
VN_000121,LOAN_SCAM_0121,Ba muốn vay nhanh không cần gặp mặt thì gửi CCCD và phí hồ sơ trước.,SCAM,LOAN_SCAM,HIGH,"Lừa vay tiền, yêu cầu đóng phí trước hoặc gửi giấy tờ cá nhân.",đóng phí; giải ngân; gửi CCCD; phí hồ sơ,Không gửi giấy tờ cá nhân hoặc đóng phí trước cho dịch vụ vay không rõ nguồn.,financial_pressure; urgency,financial_loss; identity_theft,elderly,SOUTH,NONE,vietnamese_synthetic,self-created,true,no_pii,valid
VN_000286,EMERGENCY_MONEY_0286,"Cô ơi con bị tai nạn, gửi tiền ngay vào số t.khoản này giúp con.",SCAM,EMERGENCY_MONEY,HIGH,"Giả danh người thân, tạo tình huống khẩn cấp và yêu cầu chuyển tiền.",cấp cứu; chuyển gấp; đừng gọi lại; khẩn cấp,Không chuyển tiền vội. Gọi trực tiếp cho người thân qua số quen thuộc để xác minh.,urgency; trust_abuse; secrecy,financial_loss,elderly,SOUTH,OBFUSCATION,vietnamese_synthetic,self-created,true,no_pii,train
VN_000003,OTP_BANK_0003,"Tài khoản của cô đang bị khóa, gửi mã xác nhận để mở lại.",SCAM,OTP_BANK,HIGH,Yêu cầu cung cấp OTP hoặc mã xác nhận ngân hàng.,mã OTP; mã xác nhận; dãy 6 số,Không cung cấp OTP hoặc mã xác nhận. Gọi trực tiếp ngân hàng để kiểm tra.,urgency; technical_confusion,credential_theft,elderly,STANDARD,NONE,vietnamese_synthetic,self-created,true,no_pii,train
VN_000215,FAKE_POLICE_0215,"Chúng tôi là công an, cô đang liên quan đến vụ án rửa tiền, cần chuyển tiền để điều tra Làm ngay giúp bên cháu.",SCAM,FAKE_POLICE,HIGH,"Giả danh cơ quan chức năng, đe dọa và yêu cầu chuyển tiền.",công an; viện kiểm sát; vụ án; chuyển tiền,Không chuyển tiền. Gọi người thân hoặc cơ quan công an địa phương để xác minh.,authority_impersonation; fear; secrecy,financial_loss,elderly,STANDARD,NONE,vietnamese_synthetic,self-created,true,no_pii,train
VN_000670,SAFE_0070,"Con đặt xe cho mệ rồi, tài xế sẽ đến trong 10 phút.",SAFE,NONE,LOW,Nội dung bình thường hoặc không có yêu cầu nguy hiểm.,,Không cần cảnh báo. Có thể tiếp tục trò chuyện bình thường.,none,none,general,CENTRAL,NONE,vietnamese_synthetic,self-created,true,no_pii,valid
VN_000643,SAFE_0043,Chú nhớ uống thuốc đúng giờ nha.,SAFE,NONE,LOW,Nội dung bình thường hoặc không có yêu cầu nguy hiểm.,,Không cần cảnh báo. Có thể tiếp tục trò chuyện bình thường.,none,none,general,SOUTH,NONE,vietnamese_synthetic,self-created,true,no_pii,valid
VN_000311,EMERGENCY_MONEY_0311,"Mẹ ơi con đang cấp cứu, chuyển gấp cho con 5 triệu, đừng gọi lại Bên cháu đang chờ phản hồi.",SCAM,EMERGENCY_MONEY,HIGH,"Giả danh người thân, tạo tình huống khẩn cấp và yêu cầu chuyển tiền.",cấp cứu; chuyển gấp; đừng gọi lại; khẩn cấp,Không chuyển tiền vội. Gọi trực tiếp cho người thân qua số quen thuộc để xác minh.,urgency; trust_abuse; secrecy,financial_loss,elderly,CENTRAL,NONE,vietnamese_synthetic,self-created,true,no_pii,train
VN_000410,JOB_SCAM_0410,"Viec nhe luong cao, co dong phi ho so la co the bat dau ngai.",SCAM,JOB_SCAM,MEDIUM,"Lừa việc làm online, yêu cầu đóng phí hoặc nạp tiền trước.",nạp trước; đóng phí; kích hoạt tài khoản,Không đóng phí để nhận việc. Kiểm tra công ty và hợp đồng rõ ràng.,financial_pressure; false_promise,financial_loss,elderly,SOUTH,TYPO,vietnamese_synthetic,self-created,true,no_pii,test
VN_000841,SAFE_0241,Con đã ck mua thuốc cho mẹ rồi nha.,SAFE,NONE,LOW,Nội dung bình thường hoặc không có yêu cầu nguy hiểm.,,Không cần cảnh báo. Có thể tiếp tục trò chuyện bình thường.,none,none,general,STANDARD,ABBREVIATION,vietnamese_synthetic,self-created,true,no_pii,valid
VN_000496,OTP_BANK_0496,Co doc giup chau day 6 so vua gui ve dien thoai de hoan tat xac minh.,SCAM,OTP_BANK,HIGH,Yêu cầu cung cấp OTP hoặc mã xác nhận ngân hàng.,mã OTP; mã xác nhận; dãy 6 số,Không cung cấp OTP hoặc mã xác nhận. Gọi trực tiếp ngân hàng để kiểm tra.,urgency; technical_confusion,credential_theft,elderly,STANDARD,TYPO,vietnamese_synthetic,self-created,true,no_pii,train
VN_000090,OTP_BANK_0090,"Tài khoản của chú đang bị khóa, gửi mã xác nhận để mở lại Làm ngay giúp bên cháu.",SCAM,OTP_BANK,HIGH,Yêu cầu cung cấp OTP hoặc mã xác nhận ngân hàng.,mã OTP; mã xác nhận; dãy 6 số,Không cung cấp OTP hoặc mã xác nhận. Gọi trực tiếp ngân hàng để kiểm tra.,urgency; technical_confusion,credential_theft,elderly,STANDARD,NONE,vietnamese_synthetic,self-created,true,no_pii,train
VN_000884,SAFE_0284,Con đã chuyển tiền mua thuốc cho mẹ rồi Mã tham chiếu 884.,SAFE,NONE,LOW,Nội dung bình thường hoặc không có yêu cầu nguy hiểm.,,Không cần cảnh báo. Có thể tiếp tục trò chuyện bình thường.,none,none,general,NORTH,NONE,vietnamese_synthetic,self-created,true,no_pii,test
VN_000820,SAFE_0220,"Mã đơn hàng của chú là 123456, hàng sẽ giao trong hôm nay cho con biết nhé.",SAFE,NONE,LOW,Nội dung bình thường hoặc không có yêu cầu nguy hiểm.,,Không cần cảnh báo. Có thể tiếp tục trò chuyện bình thường.,none,none,general,NORTH,NONE,vietnamese_synthetic,self-created,true,no_pii,valid
VN_000786,SAFE_0186,Cô kiểm tra giúp con lịch hẹn khám bệnh ngày mai nhé nhé.,SAFE,NONE,LOW,Nội dung bình thường hoặc không có yêu cầu nguy hiểm.,,Không cần cảnh báo. Có thể tiếp tục trò chuyện bình thường.,none,none,general,NORTH,NONE,vietnamese_synthetic,self-created,true,no_pii,test
VN_000780,SAFE_0180,Ba nho uong thuoc dung gio nha.,SAFE,NONE,LOW,Nội dung bình thường hoặc không có yêu cầu nguy hiểm.,,Không cần cảnh báo. Có thể tiếp tục trò chuyện bình thường.,none,none,general,SOUTH,TYPO,vietnamese_synthetic,self-created,true,no_pii,valid
VN_001141,SUSPICIOUS_0141,Em có cơ hội đầu tư muốn giới thiệu cho mệ trong hôm nay giúp em.,SUSPICIOUS,UNKNOWN,MEDIUM,Nội dung có yêu cầu xác minh hoặc cung cấp thông tin nhưng chưa đủ bằng chứng kết luận lừa đảo.,xác minh; thông tin cá nhân; đường dẫn; phản hồi sớm,Cần kiểm tra nguồn gửi. Không cung cấp thông tin nhạy cảm nếu chưa xác minh.,uncertainty; possible_social_engineering,privacy_leak,general,CENTRAL,NONE,vietnamese_synthetic,self-created,true,no_pii,valid
VN_000761,SAFE_0161,Con đã chuyển tiền mua thuốc cho mẹ rồi Mã tham chiếu 761.,SAFE,NONE,LOW,Nội dung bình thường hoặc không có yêu cầu nguy hiểm.,,Không cần cảnh báo. Có thể tiếp tục trò chuyện bình thường.,none,none,general,NORTH,NONE,vietnamese_synthetic,self-created,true,no_pii,valid
VN_000513,OTP_BANK_0513,Cô gửi mã OTP vừa nhận được để ngân hàng xác minh tài khoản ngay nhé.,SCAM,OTP_BANK,HIGH,Yêu cầu cung cấp OTP hoặc mã xác nhận ngân hàng.,mã OTP; mã xác nhận; dãy 6 số,Không cung cấp OTP hoặc mã xác nhận. Gọi trực tiếp ngân hàng để kiểm tra.,urgency; technical_confusion,credential_theft,elderly,NORTH,NONE,vietnamese_synthetic,self-created,true,no_pii,train
VN_001092,SUSPICIOUS_0092,Cô gửi thông tin để bên em cập nhật hồ sơ để bên em kiểm tra lại.,SUSPICIOUS,UNKNOWN,MEDIUM,Nội dung có yêu cầu xác minh hoặc cung cấp thông tin nhưng chưa đủ bằng chứng kết luận lừa đảo.,xác minh; thông tin cá nhân; đường dẫn; phản hồi sớm,Cần kiểm tra nguồn gửi. Không cung cấp thông tin nhạy cảm nếu chưa xác minh.,uncertainty; possible_social_engineering,privacy_leak,general,SOUTH,NONE,vietnamese_synthetic,self-created,true,no_pii,test
VN_000704,SAFE_0104,Mai con về nhà ăn cơm với ba mẹ để con yên tâm nha.,SAFE,NONE,LOW,Nội dung bình thường hoặc không có yêu cầu nguy hiểm.,,Không cần cảnh báo. Có thể tiếp tục trò chuyện bình thường.,none,none,general,SOUTH,NONE,vietnamese_synthetic,self-created,true,no_pii,valid
VN_000889,SAFE_0289,Mai con về nhà ăn cơm với ba mẹ Mã tham chiếu 889.,SAFE,NONE,LOW,Nội dung bình thường hoặc không có yêu cầu nguy hiểm.,,Không cần cảnh báo. Có thể tiếp tục trò chuyện bình thường.,none,none,general,SOUTH,ABBREVIATION,vietnamese_synthetic,self-created,true,no_pii,test
VN_000878,SAFE_0278,Mai con ve nha an com voi ba me khi nào rảnh nha.,SAFE,NONE,LOW,Nội dung bình thường hoặc không có yêu cầu nguy hiểm.,,Không cần cảnh báo. Có thể tiếp tục trò chuyện bình thường.,none,none,general,STANDARD,NO_DIACRITICS,vietnamese_synthetic,self-created,true,no_pii,test
VN_000338,OTP_BANK_0338,"Cô/chú cứ bình tĩnh, bên cháu hỗ trợ nhanh thôi. Cô gửi mã OTP vừa nhận được để ngân hàng xác minh tài khoản ngay nhé. Làm ngay để tránh bị khóa dịch vụ.",SCAM,OTP_BANK,HIGH,Yêu cầu cung cấp OTP hoặc mã xác nhận ngân hàng.,mã OTP; mã xác nhận; dãy 6 số,Không cung cấp OTP hoặc mã xác nhận. Gọi trực tiếp ngân hàng để kiểm tra.,urgency; technical_confusion,credential_theft,elderly,STANDARD,LONG_CONTEXT,vietnamese_synthetic,self-created,true,no_pii,train
VN_000046,LOAN_SCAM_0046,Bác muốn vay nhanh không cần gặp mặt thì gửi CCCD và phí hồ sơ trước.,SCAM,LOAN_SCAM,HIGH,"Lừa vay tiền, yêu cầu đóng phí trước hoặc gửi giấy tờ cá nhân.",đóng phí; giải ngân; gửi CCCD; phí hồ sơ,Không gửi giấy tờ cá nhân hoặc đóng phí trước cho dịch vụ vay không rõ nguồn.,financial_pressure; urgency,financial_loss; identity_theft,elderly,NORTH,NONE,vietnamese_synthetic,self-created,true,no_pii,valid
VN_000809,SAFE_0209,"Con đặt xe cho cô rồi, tài xế sẽ đến trong 10 phút ạ.",SAFE,NONE,LOW,Nội dung bình thường hoặc không có yêu cầu nguy hiểm.,,Không cần cảnh báo. Có thể tiếp tục trò chuyện bình thường.,none,none,general,SOUTH,NONE,vietnamese_synthetic,self-created,true,no_pii,test
VN_001126,SUSPICIOUS_0126,Cô xác minh tài khoản giúp bên em trong hôm nay nhé giúp bên em nhé.,SUSPICIOUS,UNKNOWN,MEDIUM,Nội dung có yêu cầu xác minh hoặc cung cấp thông tin nhưng chưa đủ bằng chứng kết luận lừa đảo.,xác minh; thông tin cá nhân; đường dẫn; phản hồi sớm,Cần kiểm tra nguồn gửi. Không cung cấp thông tin nhạy cảm nếu chưa xác minh.,uncertainty; possible_social_engineering,privacy_leak,general,NORTH,NONE,vietnamese_synthetic,self-created,true,no_pii,test
VN_001157,SUSPICIOUS_0157,Bên em cần o xác nhận giao dịch này ngay hôm nay.,SUSPICIOUS,UNKNOWN,MEDIUM,Nội dung có yêu cầu xác minh hoặc cung cấp thông tin nhưng chưa đủ bằng chứng kết luận lừa đảo.,xác minh; thông tin cá nhân; đường dẫn; phản hồi sớm,Cần kiểm tra nguồn gửi. Không cung cấp thông tin nhạy cảm nếu chưa xác minh.,uncertainty; possible_social_engineering,privacy_leak,general,CENTRAL,NONE,vietnamese_synthetic,self-created,true,no_pii,test
VN_000447,EMERGENCY_MONEY_0447,"Cô ơi con bị tai nạn, gửi tiền ngay vào số tài khoản này giúp con Làm ngay giúp bên cháu.",SCAM,EMERGENCY_MONEY,HIGH,"Giả danh người thân, tạo tình huống khẩn cấp và yêu cầu chuyển tiền.",cấp cứu; chuyển gấp; đừng gọi lại; khẩn cấp,Không chuyển tiền vội. Gọi trực tiếp cho người thân qua số quen thuộc để xác minh.,urgency; trust_abuse; secrecy,financial_loss,elderly,STANDARD,NONE,vietnamese_synthetic,self-created,true,no_pii,train
VN_000749,SAFE_0149,Chu nho uong thuoc dung gio nha.,SAFE,NONE,LOW,Nội dung bình thường hoặc không có yêu cầu nguy hiểm.,,Không cần cảnh báo. Có thể tiếp tục trò chuyện bình thường.,none,none,general,STANDARD,NO_DIACRITICS,vietnamese_synthetic,self-created,true,no_pii,test
VN_000719,SAFE_0119,Mệ kiểm tra giúp con lịch hẹn khám bệnh ngày mai nhé nha.,SAFE,NONE,LOW,Nội dung bình thường hoặc không có yêu cầu nguy hiểm.,,Không cần cảnh báo. Có thể tiếp tục trò chuyện bình thường.,none,none,general,CENTRAL,NONE,vietnamese_synthetic,self-created,true,no_pii,test
VN_000706,SAFE_0106,Bác nhớ uống thuốc đúng giờ nha.,SAFE,NONE,LOW,Nội dung bình thường hoặc không có yêu cầu nguy hiểm.,,Không cần cảnh báo. Có thể tiếp tục trò chuyện bình thường.,none,none,general,CENTRAL,NONE,vietnamese_synthetic,self-created,true,no_pii,valid
VN_000772,SAFE_0172,Chú kiểm tra giúp con lịch hẹn khám bệnh ngày mai nhé nhé.,SAFE,NONE,LOW,Nội dung bình thường hoặc không có yêu cầu nguy hiểm.,,Không cần cảnh báo. Có thể tiếp tục trò chuyện bình thường.,none,none,general,NORTH,NONE,vietnamese_synthetic,self-created,true,no_pii,valid
VN_000314,INVESTMENT_0314,"Má đầu tư 3 triệu hôm nay, cam kết nhận lãi 30% sau một tuần.",SCAM,INVESTMENT,HIGH,Hứa lợi nhuận cao bất thường và yêu cầu nạp/chuyển tiền.,lãi 30%; lợi nhuận cao; nạp tiền; chuyển tiền,Không chuyển tiền vào kênh đầu tư không rõ pháp lý. Hỏi người thân hoặc chuyên gia tài chính.,greed; false_promise,financial_loss,elderly,SOUTH,NONE,vietnamese_synthetic,self-created,true,no_pii,valid
VN_001002,SUSPICIOUS_0002,Bac gui thong tin de ben em cap nhat ho so.,SUSPICIOUS,UNKNOWN,MEDIUM,Nội dung có yêu cầu xác minh hoặc cung cấp thông tin nhưng chưa đủ bằng chứng kết luận lừa đảo.,xác minh; thông tin cá nhân; đường dẫn; phản hồi sớm,Cần kiểm tra nguồn gửi. Không cung cấp thông tin nhạy cảm nếu chưa xác minh.,uncertainty; possible_social_engineering,privacy_leak,general,CENTRAL,TYPO,vietnamese_synthetic,self-created,true,no_pii,valid
VN_000069,INVESTMENT_0069,"Cơ hội sinh lời bảo đảm, chú chỉ cần chuyển tiền là có chuyên gia hỗ trợ.",SCAM,INVESTMENT,HIGH,Hứa lợi nhuận cao bất thường và yêu cầu nạp/chuyển tiền.,lãi 30%; lợi nhuận cao; nạp tiền; chuyển tiền,Không chuyển tiền vào kênh đầu tư không rõ pháp lý. Hỏi người thân hoặc chuyên gia tài chính.,greed; false_promise,financial_loss,elderly,SOUTH,NONE,vietnamese_synthetic,self-created,true,no_pii,valid
VN_000449,JOB_SCAM_0449,"Việc nhẹ lương cao, chú đóng phí hồ sơ là có thể bắt đầu ngay Vui lòng làm ngay để tránh mất quyền lợi.",SCAM,JOB_SCAM,MEDIUM,"Lừa việc làm online, yêu cầu đóng phí hoặc nạp tiền trước.",nạp trước; đóng phí; kích hoạt tài khoản,Không đóng phí để nhận việc. Kiểm tra công ty và hợp đồng rõ ràng.,financial_pressure; false_promise,financial_loss,elderly,SOUTH,NONE,vietnamese_synthetic,self-created,true,no_pii,train
VN_000298,INVESTMENT_0298,"Bác đầu tư 3 triệu hôm nay, cam kết nhận lãi 30% sau một tuần Xử lý trong hôm nay giúp cháu.",SCAM,INVESTMENT,HIGH,Hứa lợi nhuận cao bất thường và yêu cầu nạp/chuyển tiền.,lãi 30%; lợi nhuận cao; nạp tiền; chuyển tiền,Không chuyển tiền vào kênh đầu tư không rõ pháp lý. Hỏi người thân hoặc chuyên gia tài chính.,greed; false_promise,financial_loss,elderly,STANDARD,NONE,vietnamese_synthetic,self-created,true,no_pii,test
VN_001112,SUSPICIOUS_0112,Em có cơ hội đầu tư muốn giới thiệu cho cô.,SUSPICIOUS,UNKNOWN,MEDIUM,Nội dung có yêu cầu xác minh hoặc cung cấp thông tin nhưng chưa đủ bằng chứng kết luận lừa đảo.,xác minh; thông tin cá nhân; đường dẫn; phản hồi sớm,Cần kiểm tra nguồn gửi. Không cung cấp thông tin nhạy cảm nếu chưa xác minh.,uncertainty; possible_social_engineering,privacy_leak,general,STANDARD,NONE,vietnamese_synthetic,self-created,true,no_pii,valid
VN_000806,SAFE_0206,Con đã chuyển tiền mua thuốc cho mẹ rồi Mã tham chiếu 806.,SAFE,NONE,LOW,Nội dung bình thường hoặc không có yêu cầu nguy hiểm.,,Không cần cảnh báo. Có thể tiếp tục trò chuyện bình thường.,none,none,general,NORTH,NONE,vietnamese_synthetic,self-created,true,no_pii,valid
VN_000659,SAFE_0059,Mai con về nhà ăn cơm với ba mẹ ạ.,SAFE,NONE,LOW,Nội dung bình thường hoặc không có yêu cầu nguy hiểm.,,Không cần cảnh báo. Có thể tiếp tục trò chuyện bình thường.,none,none,general,CENTRAL,NONE,vietnamese_synthetic,self-created,true,no_pii,test
VN_000635,SAFE_0035,"Mã đơn hàng của o là 123456, hàng sẽ giao trong hôm nay.",SAFE,NONE,LOW,Nội dung bình thường hoặc không có yêu cầu nguy hiểm.,,Không cần cảnh báo. Có thể tiếp tục trò chuyện bình thường.,none,none,general,CENTRAL,NONE,vietnamese_synthetic,self-created,true,no_pii,valid
VN_000550,PHISHING_LINK_0550,Con hỏi thăm sức khỏe chút. Cô bấm link <LINK> để xác minh tài khoản trước khi bị khóa.,SCAM,PHISHING_LINK,HIGH,Dụ người dùng bấm link lạ để đánh cắp thông tin.,<LINK>; bấm link; đăng nhập,Không bấm link lạ. Chỉ truy cập website hoặc ứng dụng chính thức.,technical_confusion; urgency,credential_theft; malware_install,elderly,SOUTH,MIXED_INTENT,vietnamese_synthetic,self-created,true,no_pii,test
VN_000947,SAFE_0347,"Con dat xe cho bac roi, tai xe se den trong 10 phut nhé.",SAFE,NONE,LOW,Nội dung bình thường hoặc không có yêu cầu nguy hiểm.,,Không cần cảnh báo. Có thể tiếp tục trò chuyện bình thường.,none,none,general,CENTRAL,TYPO,vietnamese_synthetic,self-created,true,no_pii,test
VN_000213,PHISHING_LINK_0213,O bấm link <LINK> để xác minh tài khoản trước khi bị khóa.,SCAM,PHISHING_LINK,HIGH,Dụ người dùng bấm link lạ để đánh cắp thông tin.,<LINK>; bấm link; đăng nhập,Không bấm link lạ. Chỉ truy cập website hoặc ứng dụng chính thức.,technical_confusion; urgency,credential_theft; malware_install,elderly,CENTRAL,NONE,vietnamese_synthetic,self-created,true,no_pii,test
VN_000386,OTP_BANK_0386,"Cô/chú cứ bình tĩnh, bên cháu hỗ trợ nhanh thôi. Bác gửi mã OTP vừa nhận được để ngân hàng xác minh tài khoản ngay nhé. Làm ngay để tránh bị khóa dịch vụ.",SCAM,OTP_BANK,HIGH,Yêu cầu cung cấp OTP hoặc mã xác nhận ngân hàng.,mã OTP; mã xác nhận; dãy 6 số,Không cung cấp OTP hoặc mã xác nhận. Gọi trực tiếp ngân hàng để kiểm tra.,urgency; technical_confusion,credential_theft,elderly,CENTRAL,LONG_CONTEXT,vietnamese_synthetic,self-created,true,no_pii,train
VN_000751,SAFE_0151,"Mã đơn hàng của bác là 123456, hàng sẽ giao trong hôm nay tối con gọi lại nhé.",SAFE,NONE,LOW,Nội dung bình thường hoặc không có yêu cầu nguy hiểm.,,Không cần cảnh báo. Có thể tiếp tục trò chuyện bình thường.,none,none,general,CENTRAL,NONE,vietnamese_synthetic,self-created,true,no_pii,valid
VN_000345,FAKE_POLICE_0345,"O đang bị nghi ngờ liên quan đường dây lừa đảo, cần làm theo hướng dẫn ngay Làm ngay giúp bên cháu.",SCAM,FAKE_POLICE,HIGH,"Giả danh cơ quan chức năng, đe dọa và yêu cầu chuyển tiền.",công an; viện kiểm sát; vụ án; chuyển tiền,Không chuyển tiền. Gọi người thân hoặc cơ quan công an địa phương để xác minh.,authority_impersonation; fear; secrecy,financial_loss,elderly,CENTRAL,NONE,vietnamese_synthetic,self-created,true,no_pii,train
VN_000633,SAFE_0033,Cô kiểm tra giúp con lịch hẹn khám bệnh ngày mai nhé.,SAFE,NONE,LOW,Nội dung bình thường hoặc không có yêu cầu nguy hiểm.,,Không cần cảnh báo. Có thể tiếp tục trò chuyện bình thường.,none,none,general,NORTH,NONE,vietnamese_synthetic,self-created,true,no_pii,valid
VN_001139,SUSPICIOUS_0139,Bên em cần kiểm tra thông tin cá nhân của cô để hỗ trợ trong hôm nay giúp em.,SUSPICIOUS,UNKNOWN,MEDIUM,Nội dung có yêu cầu xác minh hoặc cung cấp thông tin nhưng chưa đủ bằng chứng kết luận lừa đảo.,xác minh; thông tin cá nhân; đường dẫn; phản hồi sớm,Cần kiểm tra nguồn gửi. Không cung cấp thông tin nhạy cảm nếu chưa xác minh.,uncertainty; possible_social_engineering,privacy_leak,general,STANDARD,NONE,vietnamese_synthetic,self-created,true,no_pii,test
VN_001056,SUSPICIOUS_0056,Má gửi thông tin để bên em cập nhật hồ sơ.,SUSPICIOUS,UNKNOWN,MEDIUM,Nội dung có yêu cầu xác minh hoặc cung cấp thông tin nhưng chưa đủ bằng chứng kết luận lừa đảo.,xác minh; thông tin cá nhân; đường dẫn; phản hồi sớm,Cần kiểm tra nguồn gửi. Không cung cấp thông tin nhạy cảm nếu chưa xác minh.,uncertainty; possible_social_engineering,privacy_leak,general,SOUTH,NONE,vietnamese_synthetic,self-created,true,no_pii,test
VN_000415,JOB_SCAM_0415,"Việc nhẹ lương cao, cô đóng phí hồ sơ là có thể bắt đầu ngay Làm ngay giúp bên cháu.",SCAM,JOB_SCAM,MEDIUM,"Lừa việc làm online, yêu cầu đóng phí hoặc nạp tiền trước.",nạp trước; đóng phí; kích hoạt tài khoản,Không đóng phí để nhận việc. Kiểm tra công ty và hợp đồng rõ ràng.,financial_pressure; false_promise,financial_loss,elderly,STANDARD,NONE,vietnamese_synthetic,self-created,true,no_pii,train
VN_000374,PRIZE_GIFT_0374,"O trúng thưởng may mắn, chuyển phí vận chuyển để nhận quà ngay hôm nay. please check now",SCAM,PRIZE_GIFT,HIGH,Dùng quà tặng hoặc trúng thưởng để dụ cung cấp thông tin hoặc chuyển phí.,trúng thưởng; nhận quà; đóng phí; chuyển phí,Không chuyển phí hoặc cung cấp thông tin cá nhân để nhận quà không rõ nguồn.,greed; urgency,financial_loss; privacy_leak,elderly,CENTRAL,CODE_SWITCHING,vietnamese_synthetic,self-created,true,no_pii,test
VN_000910,SAFE_0310,O kiem tra giup con lich hen kham benh ngai mai nhe.,SAFE,NONE,LOW,Nội dung bình thường hoặc không có yêu cầu nguy hiểm.,,Không cần cảnh báo. Có thể tiếp tục trò chuyện bình thường.,none,none,general,CENTRAL,TYPO,vietnamese_synthetic,self-created,true,no_pii,valid
VN_000165,EMERGENCY_MONEY_0165,"Con đang gặp chuyện gấp, má chuyển khoản liền cho con 10 triệu nha.",SCAM,EMERGENCY_MONEY,HIGH,"Giả danh người thân, tạo tình huống khẩn cấp và yêu cầu chuyển tiền.",cấp cứu; chuyển gấp; đừng gọi lại; khẩn cấp,Không chuyển tiền vội. Gọi trực tiếp cho người thân qua số quen thuộc để xác minh.,urgency; trust_abuse; secrecy,financial_loss,elderly,SOUTH,NONE,vietnamese_synthetic,self-created,true,no_pii,train
VN_000071,LOAN_SCAM_0071,"Hồ sơ vay của mệ đã được chấp nhận, chuyển phí xác minh để nhận tiền.",SCAM,LOAN_SCAM,HIGH,"Lừa vay tiền, yêu cầu đóng phí trước hoặc gửi giấy tờ cá nhân.",đóng phí; giải ngân; gửi CCCD; phí hồ sơ,Không gửi giấy tờ cá nhân hoặc đóng phí trước cho dịch vụ vay không rõ nguồn.,financial_pressure; urgency,financial_loss; identity_theft,elderly,CENTRAL,NONE,vietnamese_synthetic,self-created,true,no_pii,valid
VN_001116,SUSPICIOUS_0116,Em co co hoi dau tu muon gioi thieu cho bac trong hôm nay giúp em.,SUSPICIOUS,UNKNOWN,MEDIUM,Nội dung có yêu cầu xác minh hoặc cung cấp thông tin nhưng chưa đủ bằng chứng kết luận lừa đảo.,xác minh; thông tin cá nhân; đường dẫn; phản hồi sớm,Cần kiểm tra nguồn gửi. Không cung cấp thông tin nhạy cảm nếu chưa xác minh.,uncertainty; possible_social_engineering,privacy_leak,general,NORTH,NO_DIACRITICS,vietnamese_synthetic,self-created,true,no_pii,test
VN_000836,SAFE_0236,Bác kiểm tra giúp con lịch hẹn khám bệnh ngày mai nhé ạ.,SAFE,NONE,LOW,Nội dung bình thường hoặc không có yêu cầu nguy hiểm.,,Không cần cảnh báo. Có thể tiếp tục trò chuyện bình thường.,none,none,general,NORTH,NONE,vietnamese_synthetic,self-created,true,no_pii,test
VN_000531,LOAN_SCAM_0531,"Bác được duyệt vay 50 triệu, cần đóng phí bảo hiểm trước để giải ngân Không nên chia sẻ việc này với ai.",SCAM,LOAN_SCAM,HIGH,"Lừa vay tiền, yêu cầu đóng phí trước hoặc gửi giấy tờ cá nhân.",đóng phí; giải ngân; gửi CCCD; phí hồ sơ,Không gửi giấy tờ cá nhân hoặc đóng phí trước cho dịch vụ vay không rõ nguồn.,financial_pressure; urgency,financial_loss; identity_theft,elderly,CENTRAL,NONE,vietnamese_synthetic,self-created,true,no_pii,valid
VN_000167,JOB_SCAM_0167,"Việc nhẹ lương cao, chú đóng phí hồ sơ là có thể bắt đầu ngay. please check now",SCAM,JOB_SCAM,MEDIUM,"Lừa việc làm online, yêu cầu đóng phí hoặc nạp tiền trước.",nạp trước; đóng phí; kích hoạt tài khoản,Không đóng phí để nhận việc. Kiểm tra công ty và hợp đồng rõ ràng.,financial_pressure; false_promise,financial_loss,elderly,NORTH,CODE_SWITCHING,vietnamese_synthetic,self-created,true,no_pii,train
VN_000859,SAFE_0259,Mai con về nhà ăn cơm với ba mẹ Mã tham chiếu 859.,SAFE,NONE,LOW,Nội dung bình thường hoặc không có yêu cầu nguy hiểm.,,Không cần cảnh báo. Có thể tiếp tục trò chuyện bình thường.,none,none,general,NORTH,NONE,vietnamese_synthetic,self-created,true,no_pii,test
VN_000866,SAFE_0266,"Chú ơi, tối nay cả nhà gọi video nhé cho con biết nhé.",SAFE,NONE,LOW,Nội dung bình thường hoặc không có yêu cầu nguy hiểm.,,Không cần cảnh báo. Có thể tiếp tục trò chuyện bình thường.,none,none,general,NORTH,NONE,vietnamese_synthetic,self-created,true,no_pii,test
VN_000399,INVESTMENT_0399,"Bên em có sàn đầu tư lợi nhuận cao, ba nạp tiền sớm để giữ suất.",SCAM,INVESTMENT,HIGH,Hứa lợi nhuận cao bất thường và yêu cầu nạp/chuyển tiền.,lãi 30%; lợi nhuận cao; nạp tiền; chuyển tiền,Không chuyển tiền vào kênh đầu tư không rõ pháp lý. Hỏi người thân hoặc chuyên gia tài chính.,greed; false_promise,financial_loss,elderly,SOUTH,ABBREVIATION,vietnamese_synthetic,self-created,true,no_pii,test
VN_000219,OTP_BANK_0219,Mệ gửi mã OTP vừa nhận được để ngân hàng xác minh tài khoản ngay nhé Làm ngay giúp bên cháu.,SCAM,OTP_BANK,HIGH,Yêu cầu cung cấp OTP hoặc mã xác nhận ngân hàng.,mã OTP; mã xác nhận; dãy 6 số,Không cung cấp OTP hoặc mã xác nhận. Gọi trực tiếp ngân hàng để kiểm tra.,urgency; technical_confusion,credential_theft,elderly,CENTRAL,NONE,vietnamese_synthetic,self-created,true,no_pii,train
VN_000440,INVESTMENT_0440,"Bác tham gia nhóm đầu tư nội bộ, lợi nhuận chắc chắn không rủi ro Làm ngay giúp bên cháu.",SCAM,INVESTMENT,HIGH,Hứa lợi nhuận cao bất thường và yêu cầu nạp/chuyển tiền.,lãi 30%; lợi nhuận cao; nạp tiền; chuyển tiền,Không chuyển tiền vào kênh đầu tư không rõ pháp lý. Hỏi người thân hoặc chuyên gia tài chính.,greed; false_promise,financial_loss,elderly,NORTH,NONE,vietnamese_synthetic,self-created,true,no_pii,valid
VN_001085,SUSPICIOUS_0085,Ben em can kiem tra thong tin ca nhan cua co de ho tro giúp bên em nhé.,SUSPICIOUS,UNKNOWN,MEDIUM,Nội dung có yêu cầu xác minh hoặc cung cấp thông tin nhưng chưa đủ bằng chứng kết luận lừa đảo.,xác minh; thông tin cá nhân; đường dẫn; phản hồi sớm,Cần kiểm tra nguồn gửi. Không cung cấp thông tin nhạy cảm nếu chưa xác minh.,uncertainty; possible_social_engineering,privacy_leak,general,SOUTH,TYPO,vietnamese_synthetic,self-created,true,no_pii,test
VN_000793,SAFE_0193,Chú kiểm tra giúp con lịch hẹn khám bệnh ngày mai nhé ạ.,SAFE,NONE,LOW,Nội dung bình thường hoặc không có yêu cầu nguy hiểm.,,Không cần cảnh báo. Có thể tiếp tục trò chuyện bình thường.,none,none,general,NORTH,NONE,vietnamese_synthetic,self-created,true,no_pii,test
VN_000869,SAFE_0269,"Hôm nay trời mưa, cô nhớ mang áo mưa ạ.",SAFE,NONE,LOW,Nội dung bình thường hoặc không có yêu cầu nguy hiểm.,,Không cần cảnh báo. Có thể tiếp tục trò chuyện bình thường.,none,none,general,NORTH,NONE,vietnamese_synthetic,self-created,true,no_pii,test
VN_000305,PHISHING_LINK_0305,Vui long truy cap <LINK> de nhan ho tro hoan tien Làm ngay giúp bên cháu.,SCAM,PHISHING_LINK,HIGH,Dụ người dùng bấm link lạ để đánh cắp thông tin.,<LINK>; bấm link; đăng nhập,Không bấm link lạ. Chỉ truy cập website hoặc ứng dụng chính thức.,technical_confusion; urgency,credential_theft; malware_install,elderly,STANDARD,NO_DIACRITICS,vietnamese_synthetic,self-created,true,no_pii,test
VN_000502,EMERGENCY_MONEY_0502,"Me oi con bi tai nan, gui tien ngay vao so tai khoan nay giup con Làm ngay giúp bên cháu.",SCAM,EMERGENCY_MONEY,HIGH,"Giả danh người thân, tạo tình huống khẩn cấp và yêu cầu chuyển tiền.",cấp cứu; chuyển gấp; đừng gọi lại; khẩn cấp,Không chuyển tiền vội. Gọi trực tiếp cho người thân qua số quen thuộc để xác minh.,urgency; trust_abuse; secrecy,financial_loss,elderly,CENTRAL,NO_DIACRITICS,vietnamese_synthetic,self-created,true,no_pii,train
VN_001091,SUSPICIOUS_0091,Em có cơ hội đầu tư muốn giới thiệu cho mệ giúp bên em nhé.,SUSPICIOUS,UNKNOWN,MEDIUM,Nội dung có yêu cầu xác minh hoặc cung cấp thông tin nhưng chưa đủ bằng chứng kết luận lừa đảo.,xác minh; thông tin cá nhân; đường dẫn; phản hồi sớm,Cần kiểm tra nguồn gửi. Không cung cấp thông tin nhạy cảm nếu chưa xác minh.,uncertainty; possible_social_engineering,privacy_leak,general,CENTRAL,NONE,vietnamese_synthetic,self-created,true,no_pii,test
VN_001043,SUSPICIOUS_0043,O gui thong tin de ben em cap nhat ho so.,SUSPICIOUS,UNKNOWN,MEDIUM,Nội dung có yêu cầu xác minh hoặc cung cấp thông tin nhưng chưa đủ bằng chứng kết luận lừa đảo.,xác minh; thông tin cá nhân; đường dẫn; phản hồi sớm,Cần kiểm tra nguồn gửi. Không cung cấp thông tin nhạy cảm nếu chưa xác minh.,uncertainty; possible_social_engineering,privacy_leak,general,CENTRAL,TYPO,vietnamese_synthetic,self-created,true,no_pii,test
VN_000901,SAFE_0301,"Mã đơn hàng của ba là 123456, hàng sẽ giao trong hôm nay nha.",SAFE,NONE,LOW,Nội dung bình thường hoặc không có yêu cầu nguy hiểm.,,Không cần cảnh báo. Có thể tiếp tục trò chuyện bình thường.,none,none,general,SOUTH,NONE,vietnamese_synthetic,self-created,true,no_pii,valid
VN_000303,LOAN_SCAM_0303,"Bác được duyệt vay 50 triệu, cần đóng phí bảo hiểm trước để giải ngân Làm ngay giúp bên cháu.",SCAM,LOAN_SCAM,HIGH,"Lừa vay tiền, yêu cầu đóng phí trước hoặc gửi giấy tờ cá nhân.",đóng phí; giải ngân; gửi CCCD; phí hồ sơ,Không gửi giấy tờ cá nhân hoặc đóng phí trước cho dịch vụ vay không rõ nguồn.,financial_pressure; urgency,financial_loss; identity_theft,elderly,NORTH,ABBREVIATION,vietnamese_synthetic,self-created,true,no_pii,valid
VN_000088,LOAN_SCAM_0088,"Bên em hỗ trợ vay gấp, chú đóng phí mở hồ sơ là nhận tiền trong ngày. please check now",SCAM,LOAN_SCAM,HIGH,"Lừa vay tiền, yêu cầu đóng phí trước hoặc gửi giấy tờ cá nhân.",đóng phí; giải ngân; gửi CCCD; phí hồ sơ,Không gửi giấy tờ cá nhân hoặc đóng phí trước cho dịch vụ vay không rõ nguồn.,financial_pressure; urgency,financial_loss; identity_theft,elderly,STANDARD,CODE_SWITCHING,vietnamese_synthetic,self-created,true,no_pii,test
VN_000313,LOAN_SCAM_0313,"Mệ được duyệt vay 50 triệu, cần đóng phí bảo hiểm trước để giải ngân.",SCAM,LOAN_SCAM,HIGH,"Lừa vay tiền, yêu cầu đóng phí trước hoặc gửi giấy tờ cá nhân.",đóng phí; giải ngân; gửi CCCD; phí hồ sơ,Không gửi giấy tờ cá nhân hoặc đóng phí trước cho dịch vụ vay không rõ nguồn.,financial_pressure; urgency,financial_loss; identity_theft,elderly,CENTRAL,ABBREVIATION,vietnamese_synthetic,self-created,true,no_pii,valid
VN_001134,SUSPICIOUS_0134,Cô xác minh tài khoản giúp bên em trong hôm nay nhé trong hôm nay giúp em.,SUSPICIOUS,UNKNOWN,MEDIUM,Nội dung có yêu cầu xác minh hoặc cung cấp thông tin nhưng chưa đủ bằng chứng kết luận lừa đảo.,xác minh; thông tin cá nhân; đường dẫn; phản hồi sớm,Cần kiểm tra nguồn gửi. Không cung cấp thông tin nhạy cảm nếu chưa xác minh.,uncertainty; possible_social_engineering,privacy_leak,general,SOUTH,NONE,vietnamese_synthetic,self-created,true,no_pii,test
VN_001155,SUSPICIOUS_0155,Chu xac minh tai khoan giup ben em trong hom nay nhe giúp bên em nhé.,SUSPICIOUS,UNKNOWN,MEDIUM,Nội dung có yêu cầu xác minh hoặc cung cấp thông tin nhưng chưa đủ bằng chứng kết luận lừa đảo.,xác minh; thông tin cá nhân; đường dẫn; phản hồi sớm,Cần kiểm tra nguồn gửi. Không cung cấp thông tin nhạy cảm nếu chưa xác minh.,uncertainty; possible_social_engineering,privacy_leak,general,NORTH,TYPO,vietnamese_synthetic,self-created,true,no_pii,test
VN_000407,INVESTMENT_0407,"Cô/chú cứ bình tĩnh, bên cháu hỗ trợ nhanh thôi. Bác đầu tư 3 triệu hôm nay, cam kết nhận lãi 30% sau một tuần. Làm ngay để tránh bị khóa dịch vụ.",SCAM,INVESTMENT,HIGH,Hứa lợi nhuận cao bất thường và yêu cầu nạp/chuyển tiền.,lãi 30%; lợi nhuận cao; nạp tiền; chuyển tiền,Không chuyển tiền vào kênh đầu tư không rõ pháp lý. Hỏi người thân hoặc chuyên gia tài chính.,greed; false_promise,financial_loss,elderly,STANDARD,LONG_CONTEXT,vietnamese_synthetic,self-created,true,no_pii,valid
VN_000026,PRIZE_GIFT_0026,"Bên em tặng bác phần quà tri ân, cần cung cấp thông tin cá nhân để nhận.",SCAM,PRIZE_GIFT,HIGH,Dùng quà tặng hoặc trúng thưởng để dụ cung cấp thông tin hoặc chuyển phí.,trúng thưởng; nhận quà; đóng phí; chuyển phí,Không chuyển phí hoặc cung cấp thông tin cá nhân để nhận quà không rõ nguồn.,greed; urgency,financial_loss; privacy_leak,elderly,NORTH,ABBREVIATION,vietnamese_synthetic,self-created,true,no_pii,valid
VN_000899,SAFE_0299,"Mã đơn hàng của bác là 123456, hàng sẽ giao trong hôm nay Mã tham chiếu 899.",SAFE,NONE,LOW,Nội dung bình thường hoặc không có yêu cầu nguy hiểm.,,Không cần cảnh báo. Có thể tiếp tục trò chuyện bình thường.,none,none,general,STANDARD,NONE,vietnamese_synthetic,self-created,true,no_pii,test
VN_001101,SUSPICIOUS_0101,Chu xac minh tai khoan giup ben em trong hom nay nhe.,SUSPICIOUS,UNKNOWN,MEDIUM,Nội dung có yêu cầu xác minh hoặc cung cấp thông tin nhưng chưa đủ bằng chứng kết luận lừa đảo.,xác minh; thông tin cá nhân; đường dẫn; phản hồi sớm,Cần kiểm tra nguồn gửi. Không cung cấp thông tin nhạy cảm nếu chưa xác minh.,uncertainty; possible_social_engineering,privacy_leak,general,NORTH,TYPO,vietnamese_synthetic,self-created,true,no_pii,valid
VN_000979,SAFE_0379,"Hôm nay trời mưa, má nhớ mang áo mưa khi nào rảnh nha.",SAFE,NONE,LOW,Nội dung bình thường hoặc không có yêu cầu nguy hiểm.,,Không cần cảnh báo. Có thể tiếp tục trò chuyện bình thường.,none,none,general,SOUTH,NONE,vietnamese_synthetic,self-created,true,no_pii,test
VN_000930,SAFE_0330,Chu nho uong thuoc dung gio nha ạ.,SAFE,NONE,LOW,Nội dung bình thường hoặc không có yêu cầu nguy hiểm.,,Không cần cảnh báo. Có thể tiếp tục trò chuyện bình thường.,none,none,general,SOUTH,NO_DIACRITICS,vietnamese_synthetic,self-created,true,no_pii,valid
VN_000934,SAFE_0334,Con đã chuyển tiền mua thuốc cho mẹ rồi Mã tham chiếu 934.,SAFE,NONE,LOW,Nội dung bình thường hoặc không có yêu cầu nguy hiểm.,,Không cần cảnh báo. Có thể tiếp tục trò chuyện bình thường.,none,none,general,STANDARD,NONE,vietnamese_synthetic,self-created,true,no_pii,valid
VN_000565,OTP_BANK_0565,Chú đọc giúp cháu dãy 6 số vừa gửi về điện thoại để hoàn tất xác minh Xử lý trong hôm nay giúp cháu.,SCAM,OTP_BANK,HIGH,Yêu cầu cung cấp OTP hoặc mã xác nhận ngân hàng.,mã OTP; mã xác nhận; dãy 6 số,Không cung cấp OTP hoặc mã xác nhận. Gọi trực tiếp ngân hàng để kiểm tra.,urgency; technical_confusion,credential_theft,elderly,SOUTH,NONE,vietnamese_synthetic,self-created,true,no_pii,train
VN_000555,JOB_SCAM_0555,"Việc nhẹ lương cao, bác đóng phí hồ sơ là có thể bắt đầu ngay Làm ngay giúp bên cháu.",SCAM,JOB_SCAM,MEDIUM,"Lừa việc làm online, yêu cầu đóng phí hoặc nạp tiền trước.",nạp trước; đóng phí; kích hoạt tài khoản,Không đóng phí để nhận việc. Kiểm tra công ty và hợp đồng rõ ràng.,financial_pressure; false_promise,financial_loss,elderly,STANDARD,NONE,vietnamese_synthetic,self-created,true,no_pii,train
VN_001145,SUSPICIOUS_0145,"Tài khoản của cô có dấu hiệu bất thường, vui lòng phản hồi sớm giúp bên em nhé.",SUSPICIOUS,UNKNOWN,MEDIUM,Nội dung có yêu cầu xác minh hoặc cung cấp thông tin nhưng chưa đủ bằng chứng kết luận lừa đảo.,xác minh; thông tin cá nhân; đường dẫn; phản hồi sớm,Cần kiểm tra nguồn gửi. Không cung cấp thông tin nhạy cảm nếu chưa xác minh.,uncertainty; possible_social_engineering,privacy_leak,general,SOUTH,OBFUSCATION,vietnamese_synthetic,self-created,true,no_pii,test
VN_000317,INVESTMENT_0317,"Me dau tu 3 trieu hom nay, cam ket nhan lai 30% sau mot tuan.",SCAM,INVESTMENT,HIGH,Hứa lợi nhuận cao bất thường và yêu cầu nạp/chuyển tiền.,lãi 30%; lợi nhuận cao; nạp tiền; chuyển tiền,Không chuyển tiền vào kênh đầu tư không rõ pháp lý. Hỏi người thân hoặc chuyên gia tài chính.,greed; false_promise,financial_loss,elderly,CENTRAL,TYPO,vietnamese_synthetic,self-created,true,no_pii,valid
VN_000638,SAFE_0038,"Hom nay troi mua, co nho mang ao mua.",SAFE,NONE,LOW,Nội dung bình thường hoặc không có yêu cầu nguy hiểm.,,Không cần cảnh báo. Có thể tiếp tục trò chuyện bình thường.,none,none,general,NORTH,TYPO,vietnamese_synthetic,self-created,true,no_pii,test
VN_000916,SAFE_0316,Con gửi link bài báo này cho bác đọc thử khi nào rảnh nha.,SAFE,NONE,LOW,Nội dung bình thường hoặc không có yêu cầu nguy hiểm.,,Không cần cảnh báo. Có thể tiếp tục trò chuyện bình thường.,none,none,general,STANDARD,NONE,vietnamese_synthetic,self-created,true,no_pii,valid
VN_000590,PHISHING_LINK_0590,Me bam link <LINK> de xac minh tai khoan truoc khi bi khoa.,SCAM,PHISHING_LINK,HIGH,Dụ người dùng bấm link lạ để đánh cắp thông tin.,<LINK>; bấm link; đăng nhập,Không bấm link lạ. Chỉ truy cập website hoặc ứng dụng chính thức.,technical_confusion; urgency,credential_theft; malware_install,elderly,CENTRAL,TYPO,vietnamese_synthetic,self-created,true,no_pii,train
VN_001144,SUSPICIOUS_0144,O gửi thông tin để bên em cập nhật hồ sơ giúp bên em nhé.,SUSPICIOUS,UNKNOWN,MEDIUM,Nội dung có yêu cầu xác minh hoặc cung cấp thông tin nhưng chưa đủ bằng chứng kết luận lừa đảo.,xác minh; thông tin cá nhân; đường dẫn; phản hồi sớm,Cần kiểm tra nguồn gửi. Không cung cấp thông tin nhạy cảm nếu chưa xác minh.,uncertainty; possible_social_engineering,privacy_leak,general,CENTRAL,NONE,vietnamese_synthetic,self-created,true,no_pii,test
VN_000906,SAFE_0306,"Ngan hang thong bao bao tri he thong vao toi nay, khong yeu cau cung cap thong tin chiều nay cũng được nha.",SAFE,NONE,LOW,Nội dung bình thường hoặc không có yêu cầu nguy hiểm.,,Không cần cảnh báo. Có thể tiếp tục trò chuyện bình thường.,none,none,general,STANDARD,TYPO,vietnamese_synthetic,self-created,true,no_pii,valid
VN_000908,SAFE_0308,"Ma don hang cua chu la 123456, hang se giao trong hom nay nhé.",SAFE,NONE,LOW,Nội dung bình thường hoặc không có yêu cầu nguy hiểm.,,Không cần cảnh báo. Có thể tiếp tục trò chuyện bình thường.,none,none,general,SOUTH,NO_DIACRITICS,vietnamese_synthetic,self-created,true,no_pii,test
VN_000943,SAFE_0343,Mai con về nhà ăn cơm với ba mẹ Mã tham chiếu 943.,SAFE,NONE,LOW,Nội dung bình thường hoặc không có yêu cầu nguy hiểm.,,Không cần cảnh báo. Có thể tiếp tục trò chuyện bình thường.,none,none,general,CENTRAL,ABBREVIATION,vietnamese_synthetic,self-created,true,no_pii,valid
VN_000510,LOAN_SCAM_0510,"Chu duoc duyet vay 50 trieu, can dong phi bao hiem truoc de giai ngan Làm ngay giúp bên cháu.",SCAM,LOAN_SCAM,HIGH,"Lừa vay tiền, yêu cầu đóng phí trước hoặc gửi giấy tờ cá nhân.",đóng phí; giải ngân; gửi CCCD; phí hồ sơ,Không gửi giấy tờ cá nhân hoặc đóng phí trước cho dịch vụ vay không rõ nguồn.,financial_pressure; urgency,financial_loss; identity_theft,elderly,STANDARD,NO_DIACRITICS,vietnamese_synthetic,self-created,true,no_pii,valid
VN_001179,SUSPICIOUS_0179,Em có cơ hội đầu tư muốn giới thiệu cho cô giúp bên em nhé.,SUSPICIOUS,UNKNOWN,MEDIUM,Nội dung có yêu cầu xác minh hoặc cung cấp thông tin nhưng chưa đủ bằng chứng kết luận lừa đảo.,xác minh; thông tin cá nhân; đường dẫn; phản hồi sớm,Cần kiểm tra nguồn gửi. Không cung cấp thông tin nhạy cảm nếu chưa xác minh.,uncertainty; possible_social_engineering,privacy_leak,general,NORTH,NONE,vietnamese_synthetic,self-created,true,no_pii,test
VN_000678,SAFE_0078,Con gui link bai bao nay cho co doc thu nha.,SAFE,NONE,LOW,Nội dung bình thường hoặc không có yêu cầu nguy hiểm.,,Không cần cảnh báo. Có thể tiếp tục trò chuyện bình thường.,none,none,general,SOUTH,TYPO,vietnamese_synthetic,self-created,true,no_pii,test
VN_000380,LOAN_SCAM_0380,"Hồ sơ vay của bác đã được chấp nhận, chuyển phí xác minh để nhận tiền Làm ngay giúp bên cháu.",SCAM,LOAN_SCAM,HIGH,"Lừa vay tiền, yêu cầu đóng phí trước hoặc gửi giấy tờ cá nhân.",đóng phí; giải ngân; gửi CCCD; phí hồ sơ,Không gửi giấy tờ cá nhân hoặc đóng phí trước cho dịch vụ vay không rõ nguồn.,financial_pressure; urgency,financial_loss; identity_theft,elderly,STANDARD,NONE,vietnamese_synthetic,self-created,true,no_pii,valid
VN_000501,PHISHING_LINK_0501,Co bam link <LINK> de xac minh tai khoan truoc khi bi khoa Làm ngay giúp bên cháu.,SCAM,PHISHING_LINK,HIGH,Dụ người dùng bấm link lạ để đánh cắp thông tin.,<LINK>; bấm link; đăng nhập,Không bấm link lạ. Chỉ truy cập website hoặc ứng dụng chính thức.,technical_confusion; urgency,credential_theft; malware_install,elderly,NORTH,NO_DIACRITICS,vietnamese_synthetic,self-created,true,no_pii,test
VN_000738,SAFE_0138,"Mã đơn hàng của má là 123456, hàng sẽ giao trong hôm nay.",SAFE,NONE,LOW,Nội dung bình thường hoặc không có yêu cầu nguy hiểm.,,Không cần cảnh báo. Có thể tiếp tục trò chuyện bình thường.,none,none,general,SOUTH,NONE,vietnamese_synthetic,self-created,true,no_pii,test
VN_000348,INVESTMENT_0348,"Con hỏi thăm sức khỏe chút. Bác tham gia nhóm đầu tư nội bộ, lợi nhuận chắc chắn không rủi ro.",SCAM,INVESTMENT,HIGH,Hứa lợi nhuận cao bất thường và yêu cầu nạp/chuyển tiền.,lãi 30%; lợi nhuận cao; nạp tiền; chuyển tiền,Không chuyển tiền vào kênh đầu tư không rõ pháp lý. Hỏi người thân hoặc chuyên gia tài chính.,greed; false_promise,financial_loss,elderly,NORTH,MIXED_INTENT,vietnamese_synthetic,self-created,true,no_pii,valid
VN_001030,SUSPICIOUS_0030,Bác xác minh tài khoản giúp bên em trong hôm nay nhé.,SUSPICIOUS,UNKNOWN,MEDIUM,Nội dung có yêu cầu xác minh hoặc cung cấp thông tin nhưng chưa đủ bằng chứng kết luận lừa đảo.,xác minh; thông tin cá nhân; đường dẫn; phản hồi sớm,Cần kiểm tra nguồn gửi. Không cung cấp thông tin nhạy cảm nếu chưa xác minh.,uncertainty; possible_social_engineering,privacy_leak,general,STANDARD,NONE,vietnamese_synthetic,self-created,true,no_pii,valid
VN_000744,SAFE_0144,Cô nhớ uống thuốc đúng giờ nha ạ.,SAFE,NONE,LOW,Nội dung bình thường hoặc không có yêu cầu nguy hiểm.,,Không cần cảnh báo. Có thể tiếp tục trò chuyện bình thường.,none,none,general,STANDARD,NONE,vietnamese_synthetic,self-created,true,no_pii,valid
VN_000342,EMERGENCY_MONEY_0342,"Ba dung hoi nhieu, con can tien xu ly viec khan cap, chuyen ngay giup con.",SCAM,EMERGENCY_MONEY,HIGH,"Giả danh người thân, tạo tình huống khẩn cấp và yêu cầu chuyển tiền.",cấp cứu; chuyển gấp; đừng gọi lại; khẩn cấp,Không chuyển tiền vội. Gọi trực tiếp cho người thân qua số quen thuộc để xác minh.,urgency; trust_abuse; secrecy,financial_loss,elderly,SOUTH,NO_DIACRITICS,vietnamese_synthetic,self-created,true,no_pii,train
VN_000932,SAFE_0332,"Con đặt xe cho má rồi, tài xế sẽ đến trong 10 phút nha.",SAFE,NONE,LOW,Nội dung bình thường hoặc không có yêu cầu nguy hiểm.,,Không cần cảnh báo. Có thể tiếp tục trò chuyện bình thường.,none,none,general,SOUTH,NONE,vietnamese_synthetic,self-created,true,no_pii,valid
VN_000516,OTP_BANK_0516,"Ngân hàng cần kiểm tra bảo mật, chú cung cấp mã OTP ngay để tránh khóa tài khoản Xử lý trong hôm nay giúp cháu.",SCAM,OTP_BANK,HIGH,Yêu cầu cung cấp OTP hoặc mã xác nhận ngân hàng.,mã OTP; mã xác nhận; dãy 6 số,Không cung cấp OTP hoặc mã xác nhận. Gọi trực tiếp ngân hàng để kiểm tra.,urgency; technical_confusion,credential_theft,elderly,SOUTH,NONE,vietnamese_synthetic,self-created,true,no_pii,train
VN_000061,OTP_BANK_0061,"Tai khoan cua chu dang bi khoa, gui ma xac nhan de mo lai.",SCAM,OTP_BANK,HIGH,Yêu cầu cung cấp OTP hoặc mã xác nhận ngân hàng.,mã OTP; mã xác nhận; dãy 6 số,Không cung cấp OTP hoặc mã xác nhận. Gọi trực tiếp ngân hàng để kiểm tra.,urgency; technical_confusion,credential_theft,elderly,STANDARD,TYPO,vietnamese_synthetic,self-created,true,no_pii,train
VN_000208,LOAN_SCAM_0208,"Con hỏi thăm sức khỏe chút. Cô được duyệt vay 50 triệu, cần đóng phí bảo hiểm trước để giải ngân.",SCAM,LOAN_SCAM,HIGH,"Lừa vay tiền, yêu cầu đóng phí trước hoặc gửi giấy tờ cá nhân.",đóng phí; giải ngân; gửi CCCD; phí hồ sơ,Không gửi giấy tờ cá nhân hoặc đóng phí trước cho dịch vụ vay không rõ nguồn.,financial_pressure; urgency,financial_loss; identity_theft,elderly,NORTH,MIXED_INTENT,vietnamese_synthetic,self-created,true,no_pii,valid
VN_000022,LOAN_SCAM_0022,"Bac duoc duyet vay 50 trieu, can dong phi bao hiem truoc de giai ngan.",SCAM,LOAN_SCAM,HIGH,"Lừa vay tiền, yêu cầu đóng phí trước hoặc gửi giấy tờ cá nhân.",đóng phí; giải ngân; gửi CCCD; phí hồ sơ,Không gửi giấy tờ cá nhân hoặc đóng phí trước cho dịch vụ vay không rõ nguồn.,financial_pressure; urgency,financial_loss; identity_theft,elderly,CENTRAL,TYPO,vietnamese_synthetic,self-created,true,no_pii,valid
VN_000370,LOAN_SCAM_0370,Bac muon vay nhanh khong can gap mat thi gui CCCD va phi ho so truoc Làm ngay giúp bên cháu.,SCAM,LOAN_SCAM,HIGH,"Lừa vay tiền, yêu cầu đóng phí trước hoặc gửi giấy tờ cá nhân.",đóng phí; giải ngân; gửi CCCD; phí hồ sơ,Không gửi giấy tờ cá nhân hoặc đóng phí trước cho dịch vụ vay không rõ nguồn.,financial_pressure; urgency,financial_loss; identity_theft,elderly,CENTRAL,TYPO,vietnamese_synthetic,self-created,true,no_pii,valid
VN_000173,LOAN_SCAM_0173,"Ho so vay cua ba da duoc chap nhan, chuyen phi xac minh de nhan tien.",SCAM,LOAN_SCAM,HIGH,"Lừa vay tiền, yêu cầu đóng phí trước hoặc gửi giấy tờ cá nhân.",đóng phí; giải ngân; gửi CCCD; phí hồ sơ,Không gửi giấy tờ cá nhân hoặc đóng phí trước cho dịch vụ vay không rõ nguồn.,financial_pressure; urgency,financial_loss; identity_theft,elderly,SOUTH,NO_DIACRITICS,vietnamese_synthetic,self-created,true,no_pii,valid
VN_001162,SUSPICIOUS_0162,Bên em cần kiểm tra thông tin cá nhân của má để hỗ trợ trong hôm nay giúp em.,SUSPICIOUS,UNKNOWN,MEDIUM,Nội dung có yêu cầu xác minh hoặc cung cấp thông tin nhưng chưa đủ bằng chứng kết luận lừa đảo.,xác minh; thông tin cá nhân; đường dẫn; phản hồi sớm,Cần kiểm tra nguồn gửi. Không cung cấp thông tin nhạy cảm nếu chưa xác minh.,uncertainty; possible_social_engineering,privacy_leak,general,SOUTH,ABBREVIATION,vietnamese_synthetic,self-created,true,no_pii,test
VN_000667,SAFE_0067,Con gửi link bài báo này cho cô đọc thử nha.,SAFE,NONE,LOW,Nội dung bình thường hoặc không có yêu cầu nguy hiểm.,,Không cần cảnh báo. Có thể tiếp tục trò chuyện bình thường.,none,none,general,SOUTH,NONE,vietnamese_synthetic,self-created,true,no_pii,test
VN_000742,SAFE_0142,"Ngan hang thong bao bao tri he thong vao toi nay, khong yeu cau cung cap thong tin để con yên tâm nha.",SAFE,NONE,LOW,Nội dung bình thường hoặc không có yêu cầu nguy hiểm.,,Không cần cảnh báo. Có thể tiếp tục trò chuyện bình thường.,none,none,general,STANDARD,NO_DIACRITICS,vietnamese_synthetic,self-created,true,no_pii,valid
VN_000573,PHISHING_LINK_0573,Vui lòng truy cập <LINK> để nhận hỗ trợ hoàn tiền Mã tham chiếu 573.,SCAM,PHISHING_LINK,HIGH,Dụ người dùng bấm link lạ để đánh cắp thông tin.,<LINK>; bấm link; đăng nhập,Không bấm link lạ. Chỉ truy cập website hoặc ứng dụng chính thức.,technical_confusion; urgency,credential_theft; malware_install,elderly,CENTRAL,ABBREVIATION,vietnamese_synthetic,self-created,true,no_pii,train
VN_000231,JOB_SCAM_0231,"Bên em tuyển cộng tác viên tại nhà, cần chuyển tiền kích hoạt tài khoản Bên cháu đang chờ phản hồi.",SCAM,JOB_SCAM,MEDIUM,"Lừa việc làm online, yêu cầu đóng phí hoặc nạp tiền trước.",nạp trước; đóng phí; kích hoạt tài khoản,Không đóng phí để nhận việc. Kiểm tra công ty và hợp đồng rõ ràng.,financial_pressure; false_promise,financial_loss,elderly,STANDARD,NONE,vietnamese_synthetic,self-created,true,no_pii,test
VN_000450,FAKE_POLICE_0450,"Cô đang bị nghi ngờ liên quan đường dây lừa đảo, cần làm theo hướng dẫn ngay Xử lý trong hôm nay giúp cháu.",SCAM,FAKE_POLICE,HIGH,"Giả danh cơ quan chức năng, đe dọa và yêu cầu chuyển tiền.",công an; viện kiểm sát; vụ án; chuyển tiền,Không chuyển tiền. Gọi người thân hoặc cơ quan công an địa phương để xác minh.,authority_impersonation; fear; secrecy,financial_loss,elderly,STANDARD,NONE,vietnamese_synthetic,self-created,true,no_pii,train
VN_000256,INVESTMENT_0256,"Bên em có sàn đầu tư lợi nhuận cao, bác nạp tiền sớm để giữ suất.",SCAM,INVESTMENT,HIGH,Hứa lợi nhuận cao bất thường và yêu cầu nạp/chuyển tiền.,lãi 30%; lợi nhuận cao; nạp tiền; chuyển tiền,Không chuyển tiền vào kênh đầu tư không rõ pháp lý. Hỏi người thân hoặc chuyên gia tài chính.,greed; false_promise,financial_loss,elderly,CENTRAL,NONE,vietnamese_synthetic,self-created,true,no_pii,valid
VN_000629,SAFE_0029,"Bác ơi, tối nay cả nhà gọi video nhé nha.",SAFE,NONE,LOW,Nội dung bình thường hoặc không có yêu cầu nguy hiểm.,,Không cần cảnh báo. Có thể tiếp tục trò chuyện bình thường.,none,none,general,STANDARD,NONE,vietnamese_synthetic,self-created,true,no_pii,test
VN_000330,FAKE_POLICE_0330,"Chúng tôi là công an, cô đang liên quan đến vụ án rửa tiền, cần chuyển tiền để điều tra Xử lý trong hôm nay giúp cháu.",SCAM,FAKE_POLICE,HIGH,"Giả danh cơ quan chức năng, đe dọa và yêu cầu chuyển tiền.",công an; viện kiểm sát; vụ án; chuyển tiền,Không chuyển tiền. Gọi người thân hoặc cơ quan công an địa phương để xác minh.,authority_impersonation; fear; secrecy,financial_loss,elderly,NORTH,NONE,vietnamese_synthetic,self-created,true,no_pii,train
VN_000471,EMERGENCY_MONEY_0471,"Chú ơi con bị tai nạn, gửi tiền ngay vào số tài khoản này giúp con Bên cháu đang chờ phản hồi.",SCAM,EMERGENCY_MONEY,HIGH,"Giả danh người thân, tạo tình huống khẩn cấp và yêu cầu chuyển tiền.",cấp cứu; chuyển gấp; đừng gọi lại; khẩn cấp,Không chuyển tiền vội. Gọi trực tiếp cho người thân qua số quen thuộc để xác minh.,urgency; trust_abuse; secrecy,financial_loss,elderly,SOUTH,NONE,vietnamese_synthetic,self-created,true,no_pii,train
VN_000406,OTP_BANK_0406,Chú gửi mã OTP vừa nhận được để ngân hàng xác minh tài khoản ngay nhé.,SCAM,OTP_BANK,HIGH,Yêu cầu cung cấp OTP hoặc mã xác nhận ngân hàng.,mã OTP; mã xác nhận; dãy 6 số,Không cung cấp OTP hoặc mã xác nhận. Gọi trực tiếp ngân hàng để kiểm tra.,urgency; technical_confusion,credential_theft,elderly,NORTH,NONE,vietnamese_synthetic,self-created,true,no_pii,train
VN_000033,LOAN_SCAM_0033,"Hồ sơ vay của cô đã được chấp nhận, chuyển phí xác minh để nhận tiền.",SCAM,LOAN_SCAM,HIGH,"Lừa vay tiền, yêu cầu đóng phí trước hoặc gửi giấy tờ cá nhân.",đóng phí; giải ngân; gửi CCCD; phí hồ sơ,Không gửi giấy tờ cá nhân hoặc đóng phí trước cho dịch vụ vay không rõ nguồn.,financial_pressure; urgency,financial_loss; identity_theft,elderly,STANDARD,NONE,vietnamese_synthetic,self-created,true,no_pii,valid
VN_000601,SAFE_0001,"Ngân hàng thông báo bảo trì hệ thống vào tối nay, không yêu cầu cung cấp thông tin.",SAFE,NONE,LOW,Nội dung bình thường hoặc không có yêu cầu nguy hiểm.,,Không cần cảnh báo. Có thể tiếp tục trò chuyện bình thường.,none,none,general,NORTH,NONE,vietnamese_synthetic,self-created,true,no_pii,valid
VN_001165,SUSPICIOUS_0165,Em có cơ hội đầu tư muốn giới thiệu cho chú phản hồi sớm giúp em nha.,SUSPICIOUS,UNKNOWN,MEDIUM,Nội dung có yêu cầu xác minh hoặc cung cấp thông tin nhưng chưa đủ bằng chứng kết luận lừa đảo.,xác minh; thông tin cá nhân; đường dẫn; phản hồi sớm,Cần kiểm tra nguồn gửi. Không cung cấp thông tin nhạy cảm nếu chưa xác minh.,uncertainty; possible_social_engineering,privacy_leak,general,STANDARD,NONE,vietnamese_synthetic,self-created,true,no_pii,test
VN_001010,SUSPICIOUS_0010,Em có cơ hội đầu tư muốn giới thiệu cho mệ.,SUSPICIOUS,UNKNOWN,MEDIUM,Nội dung có yêu cầu xác minh hoặc cung cấp thông tin nhưng chưa đủ bằng chứng kết luận lừa đảo.,xác minh; thông tin cá nhân; đường dẫn; phản hồi sớm,Cần kiểm tra nguồn gửi. Không cung cấp thông tin nhạy cảm nếu chưa xác minh.,uncertainty; possible_social_engineering,privacy_leak,general,CENTRAL,OBFUSCATION,vietnamese_synthetic,self-created,true,no_pii,valid
VN_000304,LOAN_SCAM_0304,"Hồ sơ vay của chú đã được chấp nhận, chuyển phí xác minh để nhận tiền Làm ngay giúp bên cháu.",SCAM,LOAN_SCAM,HIGH,"Lừa vay tiền, yêu cầu đóng phí trước hoặc gửi giấy tờ cá nhân.",đóng phí; giải ngân; gửi CCCD; phí hồ sơ,Không gửi giấy tờ cá nhân hoặc đóng phí trước cho dịch vụ vay không rõ nguồn.,financial_pressure; urgency,financial_loss; identity_theft,elderly,STANDARD,NONE,vietnamese_synthetic,self-created,true,no_pii,valid
VN_001118,SUSPICIOUS_0118,Bác xác minh tài khoản giúp bên em trong hôm nay nhé nếu cần em sẽ hướng dẫn thêm.,SUSPICIOUS,UNKNOWN,MEDIUM,Nội dung có yêu cầu xác minh hoặc cung cấp thông tin nhưng chưa đủ bằng chứng kết luận lừa đảo.,xác minh; thông tin cá nhân; đường dẫn; phản hồi sớm,Cần kiểm tra nguồn gửi. Không cung cấp thông tin nhạy cảm nếu chưa xác minh.,uncertainty; possible_social_engineering,privacy_leak,general,NORTH,NONE,vietnamese_synthetic,self-created,true,no_pii,test
VN_000571,OTP_BANK_0571,"Ngân hàng cần kiểm tra bảo mật, cô cung cấp mã OTP ngay để tránh khóa account.",SCAM,OTP_BANK,HIGH,Yêu cầu cung cấp OTP hoặc mã xác nhận ngân hàng.,mã OTP; mã xác nhận; dãy 6 số,Không cung cấp OTP hoặc mã xác nhận. Gọi trực tiếp ngân hàng để kiểm tra.,urgency; technical_confusion,credential_theft,elderly,SOUTH,CODE_SWITCHING,vietnamese_synthetic,self-created,true,no_pii,train
VN_000099,LOAN_SCAM_0099,"Hồ sơ vay của cô đã được chấp nhận, chuyển phí xác minh để nhận tiền Xử lý trong hôm nay giúp cháu.",SCAM,LOAN_SCAM,HIGH,"Lừa vay tiền, yêu cầu đóng phí trước hoặc gửi giấy tờ cá nhân.",đóng phí; giải ngân; gửi CCCD; phí hồ sơ,Không gửi giấy tờ cá nhân hoặc đóng phí trước cho dịch vụ vay không rõ nguồn.,financial_pressure; urgency,financial_loss; identity_theft,elderly,SOUTH,OBFUSCATION,vietnamese_synthetic,self-created,true,no_pii,test
VN_000019,JOB_SCAM_0019,"Viec nhe luong cao, o dong phi ho so la co the bat dau ngay.",SCAM,JOB_SCAM,MEDIUM,"Lừa việc làm online, yêu cầu đóng phí hoặc nạp tiền trước.",nạp trước; đóng phí; kích hoạt tài khoản,Không đóng phí để nhận việc. Kiểm tra công ty và hợp đồng rõ ràng.,financial_pressure; false_promise,financial_loss,elderly,CENTRAL,NO_DIACRITICS,vietnamese_synthetic,self-created,true,no_pii,train
VN_000526,FAKE_POLICE_0526,"Ben vien kiem sat yeu cau ma hop tac ngay, neu khong se bi phong toa tai san Xử lý trong hôm nay giúp cháu.",SCAM,FAKE_POLICE,HIGH,"Giả danh cơ quan chức năng, đe dọa và yêu cầu chuyển tiền.",công an; viện kiểm sát; vụ án; chuyển tiền,Không chuyển tiền. Gọi người thân hoặc cơ quan công an địa phương để xác minh.,authority_impersonation; fear; secrecy,financial_loss,elderly,SOUTH,NO_DIACRITICS,vietnamese_synthetic,self-created,true,no_pii,train
VN_000434,LOAN_SCAM_0434,"Bên em hỗ trợ vay gấp, cô đóng phí mở hồ sơ là nhận tiền trong ngày.",SCAM,LOAN_SCAM,HIGH,"Lừa vay tiền, yêu cầu đóng phí trước hoặc gửi giấy tờ cá nhân.",đóng phí; giải ngân; gửi CCCD; phí hồ sơ,Không gửi giấy tờ cá nhân hoặc đóng phí trước cho dịch vụ vay không rõ nguồn.,financial_pressure; urgency,financial_loss; identity_theft,elderly,SOUTH,ABBREVIATION,vietnamese_synthetic,self-created,true,no_pii,valid
VN_000377,PHISHING_LINK_0377,"Cô/chú cứ bình tĩnh, bên cháu hỗ trợ nhanh thôi. Vui lòng truy cập <LINK> để nhận hỗ trợ hoàn tiền. Làm ngay để tránh bị khóa dịch vụ.",SCAM,PHISHING_LINK,HIGH,Dụ người dùng bấm link lạ để đánh cắp thông tin.,<LINK>; bấm link; đăng nhập,Không bấm link lạ. Chỉ truy cập website hoặc ứng dụng chính thức.,technical_confusion; urgency,credential_theft; malware_install,elderly,NORTH,LONG_CONTEXT,vietnamese_synthetic,self-created,true,no_pii,train
VN_000564,PRIZE_GIFT_0564,"Chu trung thuong may man, chuyen phi van chuyen de nhan qua ngay hom nay Làm ngay giúp bên cháu.",SCAM,PRIZE_GIFT,HIGH,Dùng quà tặng hoặc trúng thưởng để dụ cung cấp thông tin hoặc chuyển phí.,trúng thưởng; nhận quà; đóng phí; chuyển phí,Không chuyển phí hoặc cung cấp thông tin cá nhân để nhận quà không rõ nguồn.,greed; urgency,financial_loss; privacy_leak,elderly,STANDARD,NO_DIACRITICS,vietnamese_synthetic,self-created,true,no_pii,test
VN_000454,LOAN_SCAM_0454,"O duoc duyet vay 50 trieu, can dong phi bao hiem truoc de giai ngan.",SCAM,LOAN_SCAM,HIGH,"Lừa vay tiền, yêu cầu đóng phí trước hoặc gửi giấy tờ cá nhân.",đóng phí; giải ngân; gửi CCCD; phí hồ sơ,Không gửi giấy tờ cá nhân hoặc đóng phí trước cho dịch vụ vay không rõ nguồn.,financial_pressure; urgency,financial_loss; identity_theft,elderly,CENTRAL,TYPO,vietnamese_synthetic,self-created,true,no_pii,test
VN_000044,LOAN_SCAM_0044,"Cô được duyệt vay 50 triệu, cần đóng phí bảo hiểm trước để giải ngân.",SCAM,LOAN_SCAM,HIGH,"Lừa vay tiền, yêu cầu đóng phí trước hoặc gửi giấy tờ cá nhân.",đóng phí; giải ngân; gửi CCCD; phí hồ sơ,Không gửi giấy tờ cá nhân hoặc đóng phí trước cho dịch vụ vay không rõ nguồn.,financial_pressure; urgency,financial_loss; identity_theft,elderly,NORTH,NONE,vietnamese_synthetic,self-created,true,no_pii,valid
VN_000896,SAFE_0296,Con đã chuyển tiền mua thuốc cho mẹ rồi Mã tham chiếu 896.,SAFE,NONE,LOW,Nội dung bình thường hoặc không có yêu cầu nguy hiểm.,,Không cần cảnh báo. Có thể tiếp tục trò chuyện bình thường.,none,none,general,STANDARD,NONE,vietnamese_synthetic,self-created,true,no_pii,test
VN_000503,PRIZE_GIFT_0503,"Ma trung thuong may man, chuyen phi van chuyen de nhan qua ngai hom nay.",SCAM,PRIZE_GIFT,HIGH,Dùng quà tặng hoặc trúng thưởng để dụ cung cấp thông tin hoặc chuyển phí.,trúng thưởng; nhận quà; đóng phí; chuyển phí,Không chuyển phí hoặc cung cấp thông tin cá nhân để nhận quà không rõ nguồn.,greed; urgency,financial_loss; privacy_leak,elderly,SOUTH,TYPO,vietnamese_synthetic,self-created,true,no_pii,valid
VN_000748,SAFE_0148,Cô nhớ uống thuốc đúng giờ nha khi nào rảnh nha.,SAFE,NONE,LOW,Nội dung bình thường hoặc không có yêu cầu nguy hiểm.,,Không cần cảnh báo. Có thể tiếp tục trò chuyện bình thường.,none,none,general,NORTH,NONE,vietnamese_synthetic,self-created,true,no_pii,test
VN_001032,SUSPICIOUS_0032,Bên em cần kiểm tra thông tin cá nhân của cô để hỗ trợ.,SUSPICIOUS,UNKNOWN,MEDIUM,Nội dung có yêu cầu xác minh hoặc cung cấp thông tin nhưng chưa đủ bằng chứng kết luận lừa đảo.,xác minh; thông tin cá nhân; đường dẫn; phản hồi sớm,Cần kiểm tra nguồn gửi. Không cung cấp thông tin nhạy cảm nếu chưa xác minh.,uncertainty; possible_social_engineering,privacy_leak,general,SOUTH,NONE,vietnamese_synthetic,self-created,true,no_pii,valid
VN_000691,SAFE_0091,Ba nhớ uống thuốc đúng giờ nha.,SAFE,NONE,LOW,Nội dung bình thường hoặc không có yêu cầu nguy hiểm.,,Không cần cảnh báo. Có thể tiếp tục trò chuyện bình thường.,none,none,general,SOUTH,NONE,vietnamese_synthetic,self-created,true,no_pii,valid
VN_000714,SAFE_0114,"Con đặt xe cho má rồi, tài xế sẽ đến trong 10 phút.",SAFE,NONE,LOW,Nội dung bình thường hoặc không có yêu cầu nguy hiểm.,,Không cần cảnh báo. Có thể tiếp tục trò chuyện bình thường.,none,none,general,SOUTH,NONE,vietnamese_synthetic,self-created,true,no_pii,valid
VN_000920,SAFE_0320,"Ngân hàng thông báo bảo trì hệ thống vào tối nay, không yêu cầu cung cấp thông tin Mã tham chiếu 920.",SAFE,NONE,LOW,Nội dung bình thường hoặc không có yêu cầu nguy hiểm.,,Không cần cảnh báo. Có thể tiếp tục trò chuyện bình thường.,none,none,general,NORTH,NONE,vietnamese_synthetic,self-created,true,no_pii,valid
VN_000154,EMERGENCY_MONEY_0154,"Con đang gặp chuyện gấp, ba chuyển khoản liền cho con 10 triệu nha.",SCAM,EMERGENCY_MONEY,HIGH,"Giả danh người thân, tạo tình huống khẩn cấp và yêu cầu chuyển tiền.",cấp cứu; chuyển gấp; đừng gọi lại; khẩn cấp,Không chuyển tiền vội. Gọi trực tiếp cho người thân qua số quen thuộc để xác minh.,urgency; trust_abuse; secrecy,financial_loss,elderly,SOUTH,NONE,vietnamese_synthetic,self-created,true,no_pii,train
VN_000098,EMERGENCY_MONEY_0098,"Bác đừng hỏi nhiều, con cần tiền xử lý việc khẩn cấp, chuyển ngay giúp con.",SCAM,EMERGENCY_MONEY,HIGH,"Giả danh người thân, tạo tình huống khẩn cấp và yêu cầu chuyển tiền.",cấp cứu; chuyển gấp; đừng gọi lại; khẩn cấp,Không chuyển tiền vội. Gọi trực tiếp cho người thân qua số quen thuộc để xác minh.,urgency; trust_abuse; secrecy,financial_loss,elderly,NORTH,NONE,vietnamese_synthetic,self-created,true,no_pii,train
VN_000938,SAFE_0338,"Bác ơi, tối nay cả nhà gọi video nhé chiều nay cũng được nha.",SAFE,NONE,LOW,Nội dung bình thường hoặc không có yêu cầu nguy hiểm.,,Không cần cảnh báo. Có thể tiếp tục trò chuyện bình thường.,none,none,general,CENTRAL,NONE,vietnamese_synthetic,self-created,true,no_pii,test
VN_000468,LOAN_SCAM_0468,"Cô được duyệt vay 50 triệu, cần đóng phí bảo hiểm trước để giải ngân Làm ngay giúp bên cháu.",SCAM,LOAN_SCAM,HIGH,"Lừa vay tiền, yêu cầu đóng phí trước hoặc gửi giấy tờ cá nhân.",đóng phí; giải ngân; gửi CCCD; phí hồ sơ,Không gửi giấy tờ cá nhân hoặc đóng phí trước cho dịch vụ vay không rõ nguồn.,financial_pressure; urgency,financial_loss; identity_theft,elderly,SOUTH,NONE,vietnamese_synthetic,self-created,true,no_pii,test
VN_000021,JOB_SCAM_0021,"Chu nhan job online, hoan thanh don dau tien se duoc hoan tien va thuong.",SCAM,JOB_SCAM,MEDIUM,"Lừa việc làm online, yêu cầu đóng phí hoặc nạp tiền trước.",nạp trước; đóng phí; kích hoạt tài khoản,Không đóng phí để nhận việc. Kiểm tra công ty và hợp đồng rõ ràng.,financial_pressure; false_promise,financial_loss,elderly,STANDARD,NO_DIACRITICS,vietnamese_synthetic,self-created,true,no_pii,test
VN_000705,SAFE_0105,"Bác ơi, tối nay cả nhà gọi video nhé ạ.",SAFE,NONE,LOW,Nội dung bình thường hoặc không có yêu cầu nguy hiểm.,,Không cần cảnh báo. Có thể tiếp tục trò chuyện bình thường.,none,none,general,CENTRAL,NONE,vietnamese_synthetic,self-created,true,no_pii,valid
VN_000703,SAFE_0103,"Con dat xe cho ma roi, tai xe se den trong 10 phut.",SAFE,NONE,LOW,Nội dung bình thường hoặc không có yêu cầu nguy hiểm.,,Không cần cảnh báo. Có thể tiếp tục trò chuyện bình thường.,none,none,general,SOUTH,NO_DIACRITICS,vietnamese_synthetic,self-created,true,no_pii,valid
VN_000104,LOAN_SCAM_0104,"Chú được duyệt vay 50 triệu, cần đóng phí bảo hiểm trước để giải ngân. please check now",SCAM,LOAN_SCAM,HIGH,"Lừa vay tiền, yêu cầu đóng phí trước hoặc gửi giấy tờ cá nhân.",đóng phí; giải ngân; gửi CCCD; phí hồ sơ,Không gửi giấy tờ cá nhân hoặc đóng phí trước cho dịch vụ vay không rõ nguồn.,financial_pressure; urgency,financial_loss; identity_theft,elderly,NORTH,CODE_SWITCHING,vietnamese_synthetic,self-created,true,no_pii,valid
VN_000515,FAKE_POLICE_0515,"Ben vien kiem sat yeu cau chu hop tac ngay, neu khong se bi phong toa tai san.",SCAM,FAKE_POLICE,HIGH,"Giả danh cơ quan chức năng, đe dọa và yêu cầu chuyển tiền.",công an; viện kiểm sát; vụ án; chuyển tiền,Không chuyển tiền. Gọi người thân hoặc cơ quan công an địa phương để xác minh.,authority_impersonation; fear; secrecy,financial_loss,elderly,STANDARD,NO_DIACRITICS,vietnamese_synthetic,self-created,true,no_pii,train
VN_000603,SAFE_0003,"Mã đơn hàng của cô là 123456, hàng sẽ giao trong hôm nay.",SAFE,NONE,LOW,Nội dung bình thường hoặc không có yêu cầu nguy hiểm.,,Không cần cảnh báo. Có thể tiếp tục trò chuyện bình thường.,none,none,general,NORTH,NONE,vietnamese_synthetic,self-created,true,no_pii,valid
VN_000626,SAFE_0026,Con da chuyen tien mua thuoc cho me roi nha.,SAFE,NONE,LOW,Nội dung bình thường hoặc không có yêu cầu nguy hiểm.,,Không cần cảnh báo. Có thể tiếp tục trò chuyện bình thường.,none,none,general,SOUTH,NO_DIACRITICS,vietnamese_synthetic,self-created,true,no_pii,valid
VN_001113,SUSPICIOUS_0113,Bên em cần kiểm tra thông tin cá nhân của chú để hỗ trợ trong hôm nay giúp em.,SUSPICIOUS,UNKNOWN,MEDIUM,Nội dung có yêu cầu xác minh hoặc cung cấp thông tin nhưng chưa đủ bằng chứng kết luận lừa đảo.,xác minh; thông tin cá nhân; đường dẫn; phản hồi sớm,Cần kiểm tra nguồn gửi. Không cung cấp thông tin nhạy cảm nếu chưa xác minh.,uncertainty; possible_social_engineering,privacy_leak,general,SOUTH,NONE,vietnamese_synthetic,self-created,true,no_pii,valid
VN_000236,PRIZE_GIFT_0236,"Chúc mừng mệ đã trúng xe máy, bấm <LINK> để nhận quà.",SCAM,PRIZE_GIFT,HIGH,Dùng quà tặng hoặc trúng thưởng để dụ cung cấp thông tin hoặc chuyển phí.,trúng thưởng; nhận quà; đóng phí; chuyển phí,Không chuyển phí hoặc cung cấp thông tin cá nhân để nhận quà không rõ nguồn.,greed; urgency,financial_loss; privacy_leak,elderly,CENTRAL,NONE,vietnamese_synthetic,self-created,true,no_pii,test
VN_000431,LOAN_SCAM_0431,"Hồ sơ vay của chú đã được chấp nhận, chuyển phí xác minh để nhận tiền Bên cháu đang chờ phản hồi.",SCAM,LOAN_SCAM,HIGH,"Lừa vay tiền, yêu cầu đóng phí trước hoặc gửi giấy tờ cá nhân.",đóng phí; giải ngân; gửi CCCD; phí hồ sơ,Không gửi giấy tờ cá nhân hoặc đóng phí trước cho dịch vụ vay không rõ nguồn.,financial_pressure; urgency,financial_loss; identity_theft,elderly,NORTH,NONE,vietnamese_synthetic,self-created,true,no_pii,valid
VN_000042,PHISHING_LINK_0042,Chú bấm link <LINK> để xác minh tài khoản trước khi bị khóa.,SCAM,PHISHING_LINK,HIGH,Dụ người dùng bấm link lạ để đánh cắp thông tin.,<LINK>; bấm link; đăng nhập,Không bấm link lạ. Chỉ truy cập website hoặc ứng dụng chính thức.,technical_confusion; urgency,credential_theft; malware_install,elderly,STANDARD,NONE,vietnamese_synthetic,self-created,true,no_pii,test
VN_000923,SAFE_0323,"Mã đơn hàng của chú là 123456, hàng sẽ giao trong hôm nay chiều nay cũng được nha.",SAFE,NONE,LOW,Nội dung bình thường hoặc không có yêu cầu nguy hiểm.,,Không cần cảnh báo. Có thể tiếp tục trò chuyện bình thường.,none,none,general,STANDARD,NONE,vietnamese_synthetic,self-created,true,no_pii,valid
VN_000997,SAFE_0397,"Ngan hang thong bao bao tri he thong vao toi nay, khong yeu cau cung cap thong tin Mã tham chiếu 997.",SAFE,NONE,LOW,Nội dung bình thường hoặc không có yêu cầu nguy hiểm.,,Không cần cảnh báo. Có thể tiếp tục trò chuyện bình thường.,none,none,general,CENTRAL,NO_DIACRITICS,vietnamese_synthetic,self-created,true,no_pii,test
VN_000586,EMERGENCY_MONEY_0586,"Con đang gặp chuyện gấp, ba chuyển khoản liền cho con 10 triệu nha Làm ngay giúp bên cháu.",SCAM,EMERGENCY_MONEY,HIGH,"Giả danh người thân, tạo tình huống khẩn cấp và yêu cầu chuyển tiền.",cấp cứu; chuyển gấp; đừng gọi lại; khẩn cấp,Không chuyển tiền vội. Gọi trực tiếp cho người thân qua số quen thuộc để xác minh.,urgency; trust_abuse; secrecy,financial_loss,elderly,SOUTH,NONE,vietnamese_synthetic,self-created,true,no_pii,train
VN_000964,SAFE_0364,"Ma don hang cua bac la 123456, hang se giao trong hom nay nhé.",SAFE,NONE,LOW,Nội dung bình thường hoặc không có yêu cầu nguy hiểm.,,Không cần cảnh báo. Có thể tiếp tục trò chuyện bình thường.,none,none,general,NORTH,NO_DIACRITICS,vietnamese_synthetic,self-created,true,no_pii,test
VN_001045,SUSPICIOUS_0045,Cô xm tk giúp bên em trong hôm nay nhé.,SUSPICIOUS,UNKNOWN,MEDIUM,Nội dung có yêu cầu xác minh hoặc cung cấp thông tin nhưng chưa đủ bằng chứng kết luận lừa đảo.,xác minh; thông tin cá nhân; đường dẫn; phản hồi sớm,Cần kiểm tra nguồn gửi. Không cung cấp thông tin nhạy cảm nếu chưa xác minh.,uncertainty; possible_social_engineering,privacy_leak,general,NORTH,ABBREVIATION,vietnamese_synthetic,self-created,true,no_pii,test
VN_000710,SAFE_0110,Con da chuyen tien mua thuoc cho me roi nhé.,SAFE,NONE,LOW,Nội dung bình thường hoặc không có yêu cầu nguy hiểm.,,Không cần cảnh báo. Có thể tiếp tục trò chuyện bình thường.,none,none,general,CENTRAL,NO_DIACRITICS,vietnamese_synthetic,self-created,true,no_pii,valid
VN_000596,PHISHING_LINK_0596,Chú bấm link <LINK> để verify tài khoản trước khi bị khóa.,SCAM,PHISHING_LINK,HIGH,Dụ người dùng bấm link lạ để đánh cắp thông tin.,<LINK>; bấm link; đăng nhập,Không bấm link lạ. Chỉ truy cập website hoặc ứng dụng chính thức.,technical_confusion; urgency,credential_theft; malware_install,elderly,SOUTH,CODE_SWITCHING,vietnamese_synthetic,self-created,true,no_pii,train
VN_000029,FAKE_POLICE_0029,"Bác đang bị nghi ngờ liên quan đường dây lừa đảo, cần làm theo hướng dẫn ngay.",SCAM,FAKE_POLICE,HIGH,"Giả danh cơ quan chức năng, đe dọa và yêu cầu chuyển tiền.",công an; viện kiểm sát; vụ án; chuyển tiền,Không chuyển tiền. Gọi người thân hoặc cơ quan công an địa phương để xác minh.,authority_impersonation; fear; secrecy,financial_loss,elderly,STANDARD,OBFUSCATION,vietnamese_synthetic,self-created,true,no_pii,train
VN_000524,INVESTMENT_0524,"Chu tham gia nhom dau tu noi bo, loi nhuan chac chan khong rui ro Làm ngay giúp bên cháu.",SCAM,INVESTMENT,HIGH,Hứa lợi nhuận cao bất thường và yêu cầu nạp/chuyển tiền.,lãi 30%; lợi nhuận cao; nạp tiền; chuyển tiền,Không chuyển tiền vào kênh đầu tư không rõ pháp lý. Hỏi người thân hoặc chuyên gia tài chính.,greed; false_promise,financial_loss,elderly,NORTH,NO_DIACRITICS,vietnamese_synthetic,self-created,true,no_pii,valid
VN_000156,INVESTMENT_0156,"Bác đầu tư 3 triệu hôm nay, cam kết nhận lãi 30% sau một tuần Làm ngay giúp bên cháu.",SCAM,INVESTMENT,HIGH,Hứa lợi nhuận cao bất thường và yêu cầu nạp/chuyển tiền.,lãi 30%; lợi nhuận cao; nạp tiền; chuyển tiền,Không chuyển tiền vào kênh đầu tư không rõ pháp lý. Hỏi người thân hoặc chuyên gia tài chính.,greed; false_promise,financial_loss,elderly,CENTRAL,OBFUSCATION,vietnamese_synthetic,self-created,true,no_pii,valid
VN_000350,JOB_SCAM_0350,"Viec nhe luong cao, chu dong phi ho so la co the bat dau ngay.",SCAM,JOB_SCAM,MEDIUM,"Lừa việc làm online, yêu cầu đóng phí hoặc nạp tiền trước.",nạp trước; đóng phí; kích hoạt tài khoản,Không đóng phí để nhận việc. Kiểm tra công ty và hợp đồng rõ ràng.,financial_pressure; false_promise,financial_loss,elderly,SOUTH,NO_DIACRITICS,vietnamese_synthetic,self-created,true,no_pii,train
VN_000171,JOB_SCAM_0171,"Con hỏi thăm sức khỏe chút. Việc nhẹ lương cao, má đóng phí hồ sơ là có thể bắt đầu ngay.",SCAM,JOB_SCAM,MEDIUM,"Lừa việc làm online, yêu cầu đóng phí hoặc nạp tiền trước.",nạp trước; đóng phí; kích hoạt tài khoản,Không đóng phí để nhận việc. Kiểm tra công ty và hợp đồng rõ ràng.,financial_pressure; false_promise,financial_loss,elderly,SOUTH,MIXED_INTENT,vietnamese_synthetic,self-created,true,no_pii,train
VN_000995,SAFE_0395,"Mệ ơi, tối nay cả nhà gọi video nhé nha.",SAFE,NONE,LOW,Nội dung bình thường hoặc không có yêu cầu nguy hiểm.,,Không cần cảnh báo. Có thể tiếp tục trò chuyện bình thường.,none,none,general,CENTRAL,NONE,vietnamese_synthetic,self-created,true,no_pii,test
VN_000275,PHISHING_LINK_0275,"Đơn hàng của mệ gặp lỗi, bấm vào <LINK> để cập nhật thông tin nhận hàng Làm ngay giúp bên cháu.",SCAM,PHISHING_LINK,HIGH,Dụ người dùng bấm link lạ để đánh cắp thông tin.,<LINK>; bấm link; đăng nhập,Không bấm link lạ. Chỉ truy cập website hoặc ứng dụng chính thức.,technical_confusion; urgency,credential_theft; malware_install,elderly,CENTRAL,NONE,vietnamese_synthetic,self-created,true,no_pii,train
VN_000799,SAFE_0199,Con gửi link bài báo này cho bác đọc thử nhé.,SAFE,NONE,LOW,Nội dung bình thường hoặc không có yêu cầu nguy hiểm.,,Không cần cảnh báo. Có thể tiếp tục trò chuyện bình thường.,none,none,general,NORTH,NONE,vietnamese_synthetic,self-created,true,no_pii,test
VN_001064,SUSPICIOUS_0064,"Tài khoản của bác có dấu hiệu bất thường, vui lòng phản hồi sớm trong hôm nay giúp em.",SUSPICIOUS,UNKNOWN,MEDIUM,Nội dung có yêu cầu xác minh hoặc cung cấp thông tin nhưng chưa đủ bằng chứng kết luận lừa đảo.,xác minh; thông tin cá nhân; đường dẫn; phản hồi sớm,Cần kiểm tra nguồn gửi. Không cung cấp thông tin nhạy cảm nếu chưa xác minh.,uncertainty; possible_social_engineering,privacy_leak,general,NORTH,ABBREVIATION,vietnamese_synthetic,self-created,true,no_pii,test
VN_000247,LOAN_SCAM_0247,"Hồ sơ vay của chú đã được chấp nhận, chuyển phí xác minh để nhận tiền.",SCAM,LOAN_SCAM,HIGH,"Lừa vay tiền, yêu cầu đóng phí trước hoặc gửi giấy tờ cá nhân.",đóng phí; giải ngân; gửi CCCD; phí hồ sơ,Không gửi giấy tờ cá nhân hoặc đóng phí trước cho dịch vụ vay không rõ nguồn.,financial_pressure; urgency,financial_loss; identity_theft,elderly,SOUTH,NONE,vietnamese_synthetic,self-created,true,no_pii,test
VN_000864,SAFE_0264,"Hôm nay trời mưa, bác nhớ mang áo mưa nhé.",SAFE,NONE,LOW,Nội dung bình thường hoặc không có yêu cầu nguy hiểm.,,Không cần cảnh báo. Có thể tiếp tục trò chuyện bình thường.,none,none,general,STANDARD,NONE,vietnamese_synthetic,self-created,true,no_pii,test
VN_000419,INVESTMENT_0419,"Cơ hội sinh lời bảo đảm, o chỉ cần chuyển tiền là có chuyên gia hỗ trợ. please check now",SCAM,INVESTMENT,HIGH,Hứa lợi nhuận cao bất thường và yêu cầu nạp/chuyển tiền.,lãi 30%; lợi nhuận cao; nạp tiền; chuyển tiền,Không chuyển tiền vào kênh đầu tư không rõ pháp lý. Hỏi người thân hoặc chuyên gia tài chính.,greed; false_promise,financial_loss,elderly,CENTRAL,CODE_SWITCHING,vietnamese_synthetic,self-created,true,no_pii,valid
VN_000810,SAFE_0210,Mai con về nhà ăn cơm với ba mẹ Mã tham chiếu 810.,SAFE,NONE,LOW,Nội dung bình thường hoặc không có yêu cầu nguy hiểm.,,Không cần cảnh báo. Có thể tiếp tục trò chuyện bình thường.,none,none,general,SOUTH,NONE,vietnamese_synthetic,self-created,true,no_pii,valid
VN_000197,PRIZE_GIFT_0197,"Bên em tặng má phần quà tri ân, cần cung cấp thông tin cá nhân để nhận Làm ngay giúp bên cháu.",SCAM,PRIZE_GIFT,HIGH,Dùng quà tặng hoặc trúng thưởng để dụ cung cấp thông tin hoặc chuyển phí.,trúng thưởng; nhận quà; đóng phí; chuyển phí,Không chuyển phí hoặc cung cấp thông tin cá nhân để nhận quà không rõ nguồn.,greed; urgency,financial_loss; privacy_leak,elderly,SOUTH,OBFUSCATION,vietnamese_synthetic,self-created,true,no_pii,test
VN_000921,SAFE_0321,"Mã đơn hàng của má là 123456, hàng sẽ giao trong hôm nay nhé.",SAFE,NONE,LOW,Nội dung bình thường hoặc không có yêu cầu nguy hiểm.,,Không cần cảnh báo. Có thể tiếp tục trò chuyện bình thường.,none,none,general,SOUTH,NONE,vietnamese_synthetic,self-created,true,no_pii,valid
VN_000963,SAFE_0363,"Ma don hang cua bac la 123456, hang se giao trong hom nay nha.",SAFE,NONE,LOW,Nội dung bình thường hoặc không có yêu cầu nguy hiểm.,,Không cần cảnh báo. Có thể tiếp tục trò chuyện bình thường.,none,none,general,NORTH,TYPO,vietnamese_synthetic,self-created,true,no_pii,test
VN_000907,SAFE_0307,"Cô ơi, tối nay cả nhà gọi video nhé khi nào rảnh nha.",SAFE,NONE,LOW,Nội dung bình thường hoặc không có yêu cầu nguy hiểm.,,Không cần cảnh báo. Có thể tiếp tục trò chuyện bình thường.,none,none,general,NORTH,ABBREVIATION,vietnamese_synthetic,self-created,true,no_pii,valid
VN_000512,JOB_SCAM_0512,"Việc nhẹ lương cao, ba đóng phí hồ sơ là có thể bắt đầu ngay.",SCAM,JOB_SCAM,MEDIUM,"Lừa việc làm online, yêu cầu đóng phí hoặc nạp tiền trước.",nạp trước; đóng phí; kích hoạt tài khoản,Không đóng phí để nhận việc. Kiểm tra công ty và hợp đồng rõ ràng.,financial_pressure; false_promise,financial_loss,elderly,SOUTH,NONE,vietnamese_synthetic,self-created,true,no_pii,train
VN_000805,SAFE_0205,Bac kiem tra giup con lich hen kham benh ngai mai nhe nha.,SAFE,NONE,LOW,Nội dung bình thường hoặc không có yêu cầu nguy hiểm.,,Không cần cảnh báo. Có thể tiếp tục trò chuyện bình thường.,none,none,general,CENTRAL,TYPO,vietnamese_synthetic,self-created,true,no_pii,valid
VN_000781,SAFE_0181,Má nhớ uống thuốc đúng giờ nha nha.,SAFE,NONE,LOW,Nội dung bình thường hoặc không có yêu cầu nguy hiểm.,,Không cần cảnh báo. Có thể tiếp tục trò chuyện bình thường.,none,none,general,SOUTH,ABBREVIATION,vietnamese_synthetic,self-created,true,no_pii,valid
VN_000644,SAFE_0044,"Chú ơi, tối nay cả nhà gọi video nhé nha.",SAFE,NONE,LOW,Nội dung bình thường hoặc không có yêu cầu nguy hiểm.,,Không cần cảnh báo. Có thể tiếp tục trò chuyện bình thường.,none,none,general,STANDARD,ABBREVIATION,vietnamese_synthetic,self-created,true,no_pii,valid
VN_001003,SUSPICIOUS_0003,Em có cơ hội đầu tư muốn giới thiệu cho bác.,SUSPICIOUS,UNKNOWN,MEDIUM,Nội dung có yêu cầu xác minh hoặc cung cấp thông tin nhưng chưa đủ bằng chứng kết luận lừa đảo.,xác minh; thông tin cá nhân; đường dẫn; phản hồi sớm,Cần kiểm tra nguồn gửi. Không cung cấp thông tin nhạy cảm nếu chưa xác minh.,uncertainty; possible_social_engineering,privacy_leak,general,NORTH,NONE,vietnamese_synthetic,self-created,true,no_pii,valid
VN_000433,INVESTMENT_0433,"Co hoi sinh loi bao dam, me chi can chuyen tien la co chuyen gia ho tro.",SCAM,INVESTMENT,HIGH,Hứa lợi nhuận cao bất thường và yêu cầu nạp/chuyển tiền.,lãi 30%; lợi nhuận cao; nạp tiền; chuyển tiền,Không chuyển tiền vào kênh đầu tư không rõ pháp lý. Hỏi người thân hoặc chuyên gia tài chính.,greed; false_promise,financial_loss,elderly,CENTRAL,NO_DIACRITICS,vietnamese_synthetic,self-created,true,no_pii,valid
VN_000207,JOB_SCAM_0207,"Bên em tuyển cộng tác viên tại nhà, cần chuyển tiền kích hoạt tài khoản Xử lý trong hôm nay giúp cháu.",SCAM,JOB_SCAM,MEDIUM,"Lừa việc làm online, yêu cầu đóng phí hoặc nạp tiền trước.",nạp trước; đóng phí; kích hoạt tài khoản,Không đóng phí để nhận việc. Kiểm tra công ty và hợp đồng rõ ràng.,financial_pressure; false_promise,financial_loss,elderly,CENTRAL,NONE,vietnamese_synthetic,self-created,true,no_pii,train
VN_000517,PHISHING_LINK_0517,O cần đăng nhập vào <LINK> để kiểm tra giao dịch bất thường Làm ngay giúp bên cháu.,SCAM,PHISHING_LINK,HIGH,Dụ người dùng bấm link lạ để đánh cắp thông tin.,<LINK>; bấm link; đăng nhập,Không bấm link lạ. Chỉ truy cập website hoặc ứng dụng chính thức.,technical_confusion; urgency,credential_theft; malware_install,elderly,CENTRAL,NONE,vietnamese_synthetic,self-created,true,no_pii,test
VN_000898,SAFE_0298,Con đã chuyển tiền mua thuốc cho mẹ rồi Mã tham chiếu 898.,SAFE,NONE,LOW,Nội dung bình thường hoặc không có yêu cầu nguy hiểm.,,Không cần cảnh báo. Có thể tiếp tục trò chuyện bình thường.,none,none,general,NORTH,NONE,vietnamese_synthetic,self-created,true,no_pii,test
VN_000852,SAFE_0252,"Con đặt xe cho chú rồi, tài xế sẽ đến trong 10 phút khi nào rảnh nha.",SAFE,NONE,LOW,Nội dung bình thường hoặc không có yêu cầu nguy hiểm.,,Không cần cảnh báo. Có thể tiếp tục trò chuyện bình thường.,none,none,general,STANDARD,NONE,vietnamese_synthetic,self-created,true,no_pii,valid
VN_001040,SUSPICIOUS_0040,Chú xác minh tài khoản giúp bên em trong hôm nay nhé.,SUSPICIOUS,UNKNOWN,MEDIUM,Nội dung có yêu cầu xác minh hoặc cung cấp thông tin nhưng chưa đủ bằng chứng kết luận lừa đảo.,xác minh; thông tin cá nhân; đường dẫn; phản hồi sớm,Cần kiểm tra nguồn gửi. Không cung cấp thông tin nhạy cảm nếu chưa xác minh.,uncertainty; possible_social_engineering,privacy_leak,general,NORTH,NONE,vietnamese_synthetic,self-created,true,no_pii,valid
VN_001154,SUSPICIOUS_0154,Cô bấm vào đường dẫn này để xem chi tiết chương trình giúp bên em nhé.,SUSPICIOUS,UNKNOWN,MEDIUM,Nội dung có yêu cầu xác minh hoặc cung cấp thông tin nhưng chưa đủ bằng chứng kết luận lừa đảo.,xác minh; thông tin cá nhân; đường dẫn; phản hồi sớm,Cần kiểm tra nguồn gửi. Không cung cấp thông tin nhạy cảm nếu chưa xác minh.,uncertainty; possible_social_engineering,privacy_leak,general,STANDARD,ABBREVIATION,vietnamese_synthetic,self-created,true,no_pii,test
VN_000723,SAFE_0123,"Mã đơn hàng của bác là 123456, hàng sẽ giao trong hôm nay cho con biết nhé.",SAFE,NONE,LOW,Nội dung bình thường hoặc không có yêu cầu nguy hiểm.,,Không cần cảnh báo. Có thể tiếp tục trò chuyện bình thường.,none,none,general,NORTH,NONE,vietnamese_synthetic,self-created,true,no_pii,valid
VN_000539,FAKE_POLICE_0539,"Chú đang bị nghi ngờ liên quan đường dây lừa đảo, cần làm theo hướng dẫn ngay.",SCAM,FAKE_POLICE,HIGH,"Giả danh cơ quan chức năng, đe dọa và yêu cầu chuyển tiền.",công an; viện kiểm sát; vụ án; chuyển tiền,Không chuyển tiền. Gọi người thân hoặc cơ quan công an địa phương để xác minh.,authority_impersonation; fear; secrecy,financial_loss,elderly,SOUTH,NONE,vietnamese_synthetic,self-created,true,no_pii,train
VN_000002,EMERGENCY_MONEY_0002,"Me oi con dang cap cuu, chuyen gap cho con 5 trieu, dung goi lai.",SCAM,EMERGENCY_MONEY,HIGH,"Giả danh người thân, tạo tình huống khẩn cấp và yêu cầu chuyển tiền.",cấp cứu; chuyển gấp; đừng gọi lại; khẩn cấp,Không chuyển tiền vội. Gọi trực tiếp cho người thân qua số quen thuộc để xác minh.,urgency; trust_abuse; secrecy,financial_loss,elderly,STANDARD,NO_DIACRITICS,vietnamese_synthetic,self-created,true,no_pii,train
VN_000295,LOAN_SCAM_0295,"Hồ sơ vay của bác đã được chấp nhận, chuyển phí xm để nhận tiền.",SCAM,LOAN_SCAM,HIGH,"Lừa vay tiền, yêu cầu đóng phí trước hoặc gửi giấy tờ cá nhân.",đóng phí; giải ngân; gửi CCCD; phí hồ sơ,Không gửi giấy tờ cá nhân hoặc đóng phí trước cho dịch vụ vay không rõ nguồn.,financial_pressure; urgency,financial_loss; identity_theft,elderly,STANDARD,ABBREVIATION,vietnamese_synthetic,self-created,true,no_pii,test
VN_000821,SAFE_0221,Chú nhớ uống thuốc đúng giờ nha nhé.,SAFE,NONE,LOW,Nội dung bình thường hoặc không có yêu cầu nguy hiểm.,,Không cần cảnh báo. Có thể tiếp tục trò chuyện bình thường.,none,none,general,NORTH,NONE,vietnamese_synthetic,self-created,true,no_pii,valid
VN_000828,SAFE_0228,"Mệ ơi, tối nay cả nhà gọi video nhé.",SAFE,NONE,LOW,Nội dung bình thường hoặc không có yêu cầu nguy hiểm.,,Không cần cảnh báo. Có thể tiếp tục trò chuyện bình thường.,none,none,general,CENTRAL,NONE,vietnamese_synthetic,self-created,true,no_pii,test
VN_000169,PRIZE_GIFT_0169,"Bác trúng thưởng may mắn, chuyển phí vận chuyển để nhận quà ngay hôm nay. please check now",SCAM,PRIZE_GIFT,HIGH,Dùng quà tặng hoặc trúng thưởng để dụ cung cấp thông tin hoặc chuyển phí.,trúng thưởng; nhận quà; đóng phí; chuyển phí,Không chuyển phí hoặc cung cấp thông tin cá nhân để nhận quà không rõ nguồn.,greed; urgency,financial_loss; privacy_leak,elderly,CENTRAL,CODE_SWITCHING,vietnamese_synthetic,self-created,true,no_pii,test
VN_001184,SUSPICIOUS_0184,Bác gửi thông tin để bên em cập nhật hồ sơ Mã tham chiếu 1184.,SUSPICIOUS,UNKNOWN,MEDIUM,Nội dung có yêu cầu xác minh hoặc cung cấp thông tin nhưng chưa đủ bằng chứng kết luận lừa đảo.,xác minh; thông tin cá nhân; đường dẫn; phản hồi sớm,Cần kiểm tra nguồn gửi. Không cung cấp thông tin nhạy cảm nếu chưa xác minh.,uncertainty; possible_social_engineering,privacy_leak,general,STANDARD,NONE,vietnamese_synthetic,self-created,true,no_pii,test
VN_000602,SAFE_0002,Cô nhớ uống thuốc đúng giờ nha.,SAFE,NONE,LOW,Nội dung bình thường hoặc không có yêu cầu nguy hiểm.,,Không cần cảnh báo. Có thể tiếp tục trò chuyện bình thường.,none,none,general,SOUTH,NONE,vietnamese_synthetic,self-created,true,no_pii,valid
VN_000137,LOAN_SCAM_0137,"O được duyệt vay 50 triệu, cần đóng phí bảo hiểm trước để giải ngân.",SCAM,LOAN_SCAM,HIGH,"Lừa vay tiền, yêu cầu đóng phí trước hoặc gửi giấy tờ cá nhân.",đóng phí; giải ngân; gửi CCCD; phí hồ sơ,Không gửi giấy tờ cá nhân hoặc đóng phí trước cho dịch vụ vay không rõ nguồn.,financial_pressure; urgency,financial_loss; identity_theft,elderly,CENTRAL,NONE,vietnamese_synthetic,self-created,true,no_pii,valid
VN_000580,PHISHING_LINK_0580,Con hỏi thăm sức khỏe chút. Má cần đăng nhập vào <LINK> để kiểm tra giao dịch bất thường Làm ngay giúp bên cháu.,SCAM,PHISHING_LINK,HIGH,Dụ người dùng bấm link lạ để đánh cắp thông tin.,<LINK>; bấm link; đăng nhập,Không bấm link lạ. Chỉ truy cập website hoặc ứng dụng chính thức.,technical_confusion; urgency,credential_theft; malware_install,elderly,SOUTH,MIXED_INTENT,vietnamese_synthetic,self-created,true,no_pii,test
VN_001170,SUSPICIOUS_0170,"Tài khoản của mệ có dấu hiệu bất thường, vui lòng phản hồi sớm giúp bên em nhé.",SUSPICIOUS,UNKNOWN,MEDIUM,Nội dung có yêu cầu xác minh hoặc cung cấp thông tin nhưng chưa đủ bằng chứng kết luận lừa đảo.,xác minh; thông tin cá nhân; đường dẫn; phản hồi sớm,Cần kiểm tra nguồn gửi. Không cung cấp thông tin nhạy cảm nếu chưa xác minh.,uncertainty; possible_social_engineering,privacy_leak,general,CENTRAL,OBFUSCATION,vietnamese_synthetic,self-created,true,no_pii,test
VN_000020,FAKE_POLICE_0020,"Co khong duoc noi voi ai, hay chuyen tien vao tai khoan tam giu de phuc vu xac minh.",SCAM,FAKE_POLICE,HIGH,"Giả danh cơ quan chức năng, đe dọa và yêu cầu chuyển tiền.",công an; viện kiểm sát; vụ án; chuyển tiền,Không chuyển tiền. Gọi người thân hoặc cơ quan công an địa phương để xác minh.,authority_impersonation; fear; secrecy,financial_loss,elderly,STANDARD,TYPO,vietnamese_synthetic,self-created,true,no_pii,train
VN_000478,EMERGENCY_MONEY_0478,"Me oi con bi tai nan, gui tien ngay vao so tai khoan nay giup con.",SCAM,EMERGENCY_MONEY,HIGH,"Giả danh người thân, tạo tình huống khẩn cấp và yêu cầu chuyển tiền.",cấp cứu; chuyển gấp; đừng gọi lại; khẩn cấp,Không chuyển tiền vội. Gọi trực tiếp cho người thân qua số quen thuộc để xác minh.,urgency; trust_abuse; secrecy,financial_loss,elderly,CENTRAL,NO_DIACRITICS,vietnamese_synthetic,self-created,true,no_pii,train
VN_000797,SAFE_0197,Con gui link bai bao nay cho bac doc thu.,SAFE,NONE,LOW,Nội dung bình thường hoặc không có yêu cầu nguy hiểm.,,Không cần cảnh báo. Có thể tiếp tục trò chuyện bình thường.,none,none,general,STANDARD,NO_DIACRITICS,vietnamese_synthetic,self-created,true,no_pii,test
VN_000328,INVESTMENT_0328,"Chú đầu tư 3 triệu hôm nay, cam kết nhận lãi 30% sau một tuần Bên cháu đang chờ phản hồi.",SCAM,INVESTMENT,HIGH,Hứa lợi nhuận cao bất thường và yêu cầu nạp/chuyển tiền.,lãi 30%; lợi nhuận cao; nạp tiền; chuyển tiền,Không chuyển tiền vào kênh đầu tư không rõ pháp lý. Hỏi người thân hoặc chuyên gia tài chính.,greed; false_promise,financial_loss,elderly,SOUTH,NONE,vietnamese_synthetic,self-created,true,no_pii,valid
VN_000335,PRIZE_GIFT_0335,"Bên em tặng chú phần quà tri ân, cần cung cấp thông tin cá nhân để nhận Làm ngay giúp bên cháu.",SCAM,PRIZE_GIFT,HIGH,Dùng quà tặng hoặc trúng thưởng để dụ cung cấp thông tin hoặc chuyển phí.,trúng thưởng; nhận quà; đóng phí; chuyển phí,Không chuyển phí hoặc cung cấp thông tin cá nhân để nhận quà không rõ nguồn.,greed; urgency,financial_loss; privacy_leak,elderly,NORTH,NONE,vietnamese_synthetic,self-created,true,no_pii,test
VN_001169,SUSPICIOUS_0169,Bác gửi thông tin để bên em cập nhật hồ sơ Mã tham chiếu 1169.,SUSPICIOUS,UNKNOWN,MEDIUM,Nội dung có yêu cầu xác minh hoặc cung cấp thông tin nhưng chưa đủ bằng chứng kết luận lừa đảo.,xác minh; thông tin cá nhân; đường dẫn; phản hồi sớm,Cần kiểm tra nguồn gửi. Không cung cấp thông tin nhạy cảm nếu chưa xác minh.,uncertainty; possible_social_engineering,privacy_leak,general,STANDARD,ABBREVIATION,vietnamese_synthetic,self-created,true,no_pii,test
VN_000255,FAKE_POLICE_0255,"Bác không được nói với ai, hãy chuyển tiền vào tài khoản tạm giữ để phục vụ verify.",SCAM,FAKE_POLICE,HIGH,"Giả danh cơ quan chức năng, đe dọa và yêu cầu chuyển tiền.",công an; viện kiểm sát; vụ án; chuyển tiền,Không chuyển tiền. Gọi người thân hoặc cơ quan công an địa phương để xác minh.,authority_impersonation; fear; secrecy,financial_loss,elderly,STANDARD,CODE_SWITCHING,vietnamese_synthetic,self-created,true,no_pii,train
VN_000598,JOB_SCAM_0598,"Ba chỉ cần làm nhiệm vụ online, nạp trước 300 nghìn để nhận việc.",SCAM,JOB_SCAM,MEDIUM,"Lừa việc làm online, yêu cầu đóng phí hoặc nạp tiền trước.",nạp trước; đóng phí; kích hoạt tài khoản,Không đóng phí để nhận việc. Kiểm tra công ty và hợp đồng rõ ràng.,financial_pressure; false_promise,financial_loss,elderly,SOUTH,NONE,vietnamese_synthetic,self-created,true,no_pii,train
VN_000010,PHISHING_LINK_0010,"Đơn hàng của o gặp lỗi, bấm vào <LINK> để cập nhật thông tin nhận hàng. please check now",SCAM,PHISHING_LINK,HIGH,Dụ người dùng bấm link lạ để đánh cắp thông tin.,<LINK>; bấm link; đăng nhập,Không bấm link lạ. Chỉ truy cập website hoặc ứng dụng chính thức.,technical_confusion; urgency,credential_theft; malware_install,elderly,CENTRAL,CODE_SWITCHING,vietnamese_synthetic,self-created,true,no_pii,test
VN_000229,INVESTMENT_0229,"Chu dau tu 3 trieu hom nay, cam ket nhan lai 30% sau mot tuan Xử lý trong hôm nay giúp cháu.",SCAM,INVESTMENT,HIGH,Hứa lợi nhuận cao bất thường và yêu cầu nạp/chuyển tiền.,lãi 30%; lợi nhuận cao; nạp tiền; chuyển tiền,Không chuyển tiền vào kênh đầu tư không rõ pháp lý. Hỏi người thân hoặc chuyên gia tài chính.,greed; false_promise,financial_loss,elderly,NORTH,NO_DIACRITICS,vietnamese_synthetic,self-created,true,no_pii,valid
VN_000579,OTP_BANK_0579,Chú đọc giúp cháu dãy 6 số vừa gửi về điện thoại để hoàn tất xác minh Bên cháu đang chờ phản hồi.,SCAM,OTP_BANK,HIGH,Yêu cầu cung cấp OTP hoặc mã xác nhận ngân hàng.,mã OTP; mã xác nhận; dãy 6 số,Không cung cấp OTP hoặc mã xác nhận. Gọi trực tiếp ngân hàng để kiểm tra.,urgency; technical_confusion,credential_theft,elderly,NORTH,NONE,vietnamese_synthetic,self-created,true,no_pii,train
VN_000764,SAFE_0164,Con gửi link bài báo này cho má đọc thử nha.,SAFE,NONE,LOW,Nội dung bình thường hoặc không có yêu cầu nguy hiểm.,,Không cần cảnh báo. Có thể tiếp tục trò chuyện bình thường.,none,none,general,SOUTH,NONE,vietnamese_synthetic,self-created,true,no_pii,test
VN_001119,SUSPICIOUS_0119,Má gửi thông tin để bên em cập nhật hồ sơ trong hôm nay giúp em.,SUSPICIOUS,UNKNOWN,MEDIUM,Nội dung có yêu cầu xác minh hoặc cung cấp thông tin nhưng chưa đủ bằng chứng kết luận lừa đảo.,xác minh; thông tin cá nhân; đường dẫn; phản hồi sớm,Cần kiểm tra nguồn gửi. Không cung cấp thông tin nhạy cảm nếu chưa xác minh.,uncertainty; possible_social_engineering,privacy_leak,general,SOUTH,OBFUSCATION,vietnamese_synthetic,self-created,true,no_pii,test
VN_000293,JOB_SCAM_0293,"Việc nhẹ lương cao, chú đóng phí hồ sơ là có thể bắt đầu ngay Làm ngay giúp bên cháu.",SCAM,JOB_SCAM,MEDIUM,"Lừa việc làm online, yêu cầu đóng phí hoặc nạp tiền trước.",nạp trước; đóng phí; kích hoạt tài khoản,Không đóng phí để nhận việc. Kiểm tra công ty và hợp đồng rõ ràng.,financial_pressure; false_promise,financial_loss,elderly,STANDARD,NONE,vietnamese_synthetic,self-created,true,no_pii,train
VN_000676,SAFE_0076,Con đã chuyển tiền mua thuốc cho mẹ rồi nhé.,SAFE,NONE,LOW,Nội dung bình thường hoặc không có yêu cầu nguy hiểm.,,Không cần cảnh báo. Có thể tiếp tục trò chuyện bình thường.,none,none,general,SOUTH,NONE,vietnamese_synthetic,self-created,true,no_pii,test
VN_000038,PHISHING_LINK_0038,Cô cần đăng nhập vào <LINK> để kiểm tra giao dịch bất thường.,SCAM,PHISHING_LINK,HIGH,Dụ người dùng bấm link lạ để đánh cắp thông tin.,<LINK>; bấm link; đăng nhập,Không bấm link lạ. Chỉ truy cập website hoặc ứng dụng chính thức.,technical_confusion; urgency,credential_theft; malware_install,elderly,STANDARD,NONE,vietnamese_synthetic,self-created,true,no_pii,test
VN_000036,FAKE_POLICE_0036,"Cô đang bị nghi ngờ liên quan đường dây lừa đảo, cần làm theo hướng dẫn ngay.",SCAM,FAKE_POLICE,HIGH,"Giả danh cơ quan chức năng, đe dọa và yêu cầu chuyển tiền.",công an; viện kiểm sát; vụ án; chuyển tiền,Không chuyển tiền. Gọi người thân hoặc cơ quan công an địa phương để xác minh.,authority_impersonation; fear; secrecy,financial_loss,elderly,NORTH,NONE,vietnamese_synthetic,self-created,true,no_pii,train
VN_000915,SAFE_0315,"Hôm nay trời mưa, cô nhớ mang áo mưa cho con biết nhé.",SAFE,NONE,LOW,Nội dung bình thường hoặc không có yêu cầu nguy hiểm.,,Không cần cảnh báo. Có thể tiếp tục trò chuyện bình thường.,none,none,general,STANDARD,NONE,vietnamese_synthetic,self-created,true,no_pii,valid
VN_001167,SUSPICIOUS_0167,Ba gửi thông tin để bên em cập nhật hồ sơ giúp bên em nhé.,SUSPICIOUS,UNKNOWN,MEDIUM,Nội dung có yêu cầu xác minh hoặc cung cấp thông tin nhưng chưa đủ bằng chứng kết luận lừa đảo.,xác minh; thông tin cá nhân; đường dẫn; phản hồi sớm,Cần kiểm tra nguồn gửi. Không cung cấp thông tin nhạy cảm nếu chưa xác minh.,uncertainty; possible_social_engineering,privacy_leak,general,SOUTH,NONE,vietnamese_synthetic,self-created,true,no_pii,test
VN_000453,FAKE_POLICE_0453,"Cô không được nói với ai, hãy chuyển tiền vào tài khoản tạm giữ để phục vụ verify.",SCAM,FAKE_POLICE,HIGH,"Giả danh cơ quan chức năng, đe dọa và yêu cầu chuyển tiền.",công an; viện kiểm sát; vụ án; chuyển tiền,Không chuyển tiền. Gọi người thân hoặc cơ quan công an địa phương để xác minh.,authority_impersonation; fear; secrecy,financial_loss,elderly,STANDARD,CODE_SWITCHING,vietnamese_synthetic,self-created,true,no_pii,train
VN_001001,SUSPICIOUS_0001,Cô gửi thông tin để bên em cập nhật hồ sơ.,SUSPICIOUS,UNKNOWN,MEDIUM,Nội dung có yêu cầu xác minh hoặc cung cấp thông tin nhưng chưa đủ bằng chứng kết luận lừa đảo.,xác minh; thông tin cá nhân; đường dẫn; phản hồi sớm,Cần kiểm tra nguồn gửi. Không cung cấp thông tin nhạy cảm nếu chưa xác minh.,uncertainty; possible_social_engineering,privacy_leak,general,STANDARD,NONE,vietnamese_synthetic,self-created,true,no_pii,valid
VN_001178,SUSPICIOUS_0178,"Tài khoản của bác có dấu hiệu bất thường, vui lòng phản hồi sớm để bên em kiểm tra lại.",SUSPICIOUS,UNKNOWN,MEDIUM,Nội dung có yêu cầu xác minh hoặc cung cấp thông tin nhưng chưa đủ bằng chứng kết luận lừa đảo.,xác minh; thông tin cá nhân; đường dẫn; phản hồi sớm,Cần kiểm tra nguồn gửi. Không cung cấp thông tin nhạy cảm nếu chưa xác minh.,uncertainty; possible_social_engineering,privacy_leak,general,STANDARD,NONE,vietnamese_synthetic,self-created,true,no_pii,test
VN_000885,SAFE_0285,"Hom nay troi mua, chu nho mang ao mua nhé.",SAFE,NONE,LOW,Nội dung bình thường hoặc không có yêu cầu nguy hiểm.,,Không cần cảnh báo. Có thể tiếp tục trò chuyện bình thường.,none,none,general,NORTH,TYPO,vietnamese_synthetic,self-created,true,no_pii,test
VN_000872,SAFE_0272,"Ma don hang cua o la 123456, hang se giao trong hom nay.",SAFE,NONE,LOW,Nội dung bình thường hoặc không có yêu cầu nguy hiểm.,,Không cần cảnh báo. Có thể tiếp tục trò chuyện bình thường.,none,none,general,CENTRAL,NO_DIACRITICS,vietnamese_synthetic,self-created,true,no_pii,test
VN_000853,SAFE_0253,Bác nhớ uống thuốc đúng giờ nha nhé.,SAFE,NONE,LOW,Nội dung bình thường hoặc không có yêu cầu nguy hiểm.,,Không cần cảnh báo. Có thể tiếp tục trò chuyện bình thường.,none,none,general,CENTRAL,NONE,vietnamese_synthetic,self-created,true,no_pii,valid
VN_000819,SAFE_0219,Chu kiem tra giup con lich hen kham benh ngay mai nhe nha.,SAFE,NONE,LOW,Nội dung bình thường hoặc không có yêu cầu nguy hiểm.,,Không cần cảnh báo. Có thể tiếp tục trò chuyện bình thường.,none,none,general,SOUTH,NO_DIACRITICS,vietnamese_synthetic,self-created,true,no_pii,test
VN_000528,FAKE_POLICE_0528,"Chúng tôi là công an, má đang liên quan đến vụ án rửa tiền, cần gửi tiền qua giúp để điều tra.",SCAM,FAKE_POLICE,HIGH,"Giả danh cơ quan chức năng, đe dọa và yêu cầu chuyển tiền.",công an; viện kiểm sát; vụ án; chuyển tiền,Không chuyển tiền. Gọi người thân hoặc cơ quan công an địa phương để xác minh.,authority_impersonation; fear; secrecy,financial_loss,elderly,SOUTH,OBFUSCATION,vietnamese_synthetic,self-created,true,no_pii,train
VN_000403,PHISHING_LINK_0403,Cô cần đăng nhập vào <LINK> để kiểm tra giao dịch bất thường Xử lý trong hôm nay giúp cháu.,SCAM,PHISHING_LINK,HIGH,Dụ người dùng bấm link lạ để đánh cắp thông tin.,<LINK>; bấm link; đăng nhập,Không bấm link lạ. Chỉ truy cập website hoặc ứng dụng chính thức.,technical_confusion; urgency,credential_theft; malware_install,elderly,SOUTH,OBFUSCATION,vietnamese_synthetic,self-created,true,no_pii,test
VN_000206,JOB_SCAM_0206,"Cô chỉ cần làm nhiệm vụ online, nạp trước 300 nghìn để nhận việc Làm ngay giúp bên cháu.",SCAM,JOB_SCAM,MEDIUM,"Lừa việc làm online, yêu cầu đóng phí hoặc nạp tiền trước.",nạp trước; đóng phí; kích hoạt tài khoản,Không đóng phí để nhận việc. Kiểm tra công ty và hợp đồng rõ ràng.,financial_pressure; false_promise,financial_loss,elderly,NORTH,OBFUSCATION,vietnamese_synthetic,self-created,true,no_pii,train
VN_000504,FAKE_POLICE_0504,"Me dang bi nghi ngo lien quan duong day lua dao, can lam theo huong dan ngai.",SCAM,FAKE_POLICE,HIGH,"Giả danh cơ quan chức năng, đe dọa và yêu cầu chuyển tiền.",công an; viện kiểm sát; vụ án; chuyển tiền,Không chuyển tiền. Gọi người thân hoặc cơ quan công an địa phương để xác minh.,authority_impersonation; fear; secrecy,financial_loss,elderly,CENTRAL,TYPO,vietnamese_synthetic,self-created,true,no_pii,train
VN_000855,SAFE_0255,Con đã chuyển tiền mua thuốc cho mẹ rồi Mã tham chiếu 855.,SAFE,NONE,LOW,Nội dung bình thường hoặc không có yêu cầu nguy hiểm.,,Không cần cảnh báo. Có thể tiếp tục trò chuyện bình thường.,none,none,general,STANDARD,NONE,vietnamese_synthetic,self-created,true,no_pii,test
VN_000452,FAKE_POLICE_0452,"Ben vien kiem sat yeu cau ba hop tac ngay, neu khong se bi phong toa tai san.",SCAM,FAKE_POLICE,HIGH,"Giả danh cơ quan chức năng, đe dọa và yêu cầu chuyển tiền.",công an; viện kiểm sát; vụ án; chuyển tiền,Không chuyển tiền. Gọi người thân hoặc cơ quan công an địa phương để xác minh.,authority_impersonation; fear; secrecy,financial_loss,elderly,SOUTH,NO_DIACRITICS,vietnamese_synthetic,self-created,true,no_pii,train
VN_000183,JOB_SCAM_0183,"Việc nhẹ lương cao, bác đóng phí hồ sơ là có thể bắt đầu ngay.",SCAM,JOB_SCAM,MEDIUM,"Lừa việc làm online, yêu cầu đóng phí hoặc nạp tiền trước.",nạp trước; đóng phí; kích hoạt tài khoản,Không đóng phí để nhận việc. Kiểm tra công ty và hợp đồng rõ ràng.,financial_pressure; false_promise,financial_loss,elderly,NORTH,NONE,vietnamese_synthetic,self-created,true,no_pii,train
VN_001060,SUSPICIOUS_0060,Bên em cần má xác nhận giao dịch này ngay hôm nay.,SUSPICIOUS,UNKNOWN,MEDIUM,Nội dung có yêu cầu xác minh hoặc cung cấp thông tin nhưng chưa đủ bằng chứng kết luận lừa đảo.,xác minh; thông tin cá nhân; đường dẫn; phản hồi sớm,Cần kiểm tra nguồn gửi. Không cung cấp thông tin nhạy cảm nếu chưa xác minh.,uncertainty; possible_social_engineering,privacy_leak,general,SOUTH,ABBREVIATION,vietnamese_synthetic,self-created,true,no_pii,valid
VN_000946,SAFE_0346,Bac nho uong thuoc dung gio nha nhé.,SAFE,NONE,LOW,Nội dung bình thường hoặc không có yêu cầu nguy hiểm.,,Không cần cảnh báo. Có thể tiếp tục trò chuyện bình thường.,none,none,general,STANDARD,TYPO,vietnamese_synthetic,self-created,true,no_pii,test
VN_000062,PRIZE_GIFT_0062,"Chu trung thuong may man, chuyen phi van chuyen de nhan qua ngay hom nay.",SCAM,PRIZE_GIFT,HIGH,Dùng quà tặng hoặc trúng thưởng để dụ cung cấp thông tin hoặc chuyển phí.,trúng thưởng; nhận quà; đóng phí; chuyển phí,Không chuyển phí hoặc cung cấp thông tin cá nhân để nhận quà không rõ nguồn.,greed; urgency,financial_loss; privacy_leak,elderly,NORTH,NO_DIACRITICS,vietnamese_synthetic,self-created,true,no_pii,valid
VN_001125,SUSPICIOUS_0125,Cô gửi thông tin để bên em cập nhật hồ sơ phản hồi sớm giúp em nha.,SUSPICIOUS,UNKNOWN,MEDIUM,Nội dung có yêu cầu xác minh hoặc cung cấp thông tin nhưng chưa đủ bằng chứng kết luận lừa đảo.,xác minh; thông tin cá nhân; đường dẫn; phản hồi sớm,Cần kiểm tra nguồn gửi. Không cung cấp thông tin nhạy cảm nếu chưa xác minh.,uncertainty; possible_social_engineering,privacy_leak,general,STANDARD,NONE,vietnamese_synthetic,self-created,true,no_pii,test
VN_001192,SUSPICIOUS_0192,"Tài khoản của cô có dấu hiệu bất thường, vui lòng phản hồi sớm phản hồi sớm giúp em nha.",SUSPICIOUS,UNKNOWN,MEDIUM,Nội dung có yêu cầu xác minh hoặc cung cấp thông tin nhưng chưa đủ bằng chứng kết luận lừa đảo.,xác minh; thông tin cá nhân; đường dẫn; phản hồi sớm,Cần kiểm tra nguồn gửi. Không cung cấp thông tin nhạy cảm nếu chưa xác minh.,uncertainty; possible_social_engineering,privacy_leak,general,SOUTH,ABBREVIATION,vietnamese_synthetic,self-created,true,no_pii,test
VN_000937,SAFE_0337,"Ba ơi, tối nay cả nhà gọi video nhé nha.",SAFE,NONE,LOW,Nội dung bình thường hoặc không có yêu cầu nguy hiểm.,,Không cần cảnh báo. Có thể tiếp tục trò chuyện bình thường.,none,none,general,SOUTH,NONE,vietnamese_synthetic,self-created,true,no_pii,test
VN_000801,SAFE_0201,Con gửi link bài báo này cho cô đọc thử cho con biết nhé.,SAFE,NONE,LOW,Nội dung bình thường hoặc không có yêu cầu nguy hiểm.,,Không cần cảnh báo. Có thể tiếp tục trò chuyện bình thường.,none,none,general,NORTH,ABBREVIATION,vietnamese_synthetic,self-created,true,no_pii,valid
VN_000542,EMERGENCY_MONEY_0542,"Me oi con dang cap cuu, chuyen gap cho con 5 trieu, dung goi lai Nếu chậm trễ tài khoản có thể bị khóa.",SCAM,EMERGENCY_MONEY,HIGH,"Giả danh người thân, tạo tình huống khẩn cấp và yêu cầu chuyển tiền.",cấp cứu; chuyển gấp; đừng gọi lại; khẩn cấp,Không chuyển tiền vội. Gọi trực tiếp cho người thân qua số quen thuộc để xác minh.,urgency; trust_abuse; secrecy,financial_loss,elderly,NORTH,TYPO,vietnamese_synthetic,self-created,true,no_pii,train
VN_000076,INVESTMENT_0076,"Cô tham gia nhóm đầu tư nội bộ, lợi nhuận chắc chắn không rủi ro. please check now",SCAM,INVESTMENT,HIGH,Hứa lợi nhuận cao bất thường và yêu cầu nạp/chuyển tiền.,lãi 30%; lợi nhuận cao; nạp tiền; chuyển tiền,Không chuyển tiền vào kênh đầu tư không rõ pháp lý. Hỏi người thân hoặc chuyên gia tài chính.,greed; false_promise,financial_loss,elderly,SOUTH,CODE_SWITCHING,vietnamese_synthetic,self-created,true,no_pii,valid
VN_000166,LOAN_SCAM_0166,"Ben em ho tro vay gap, chu dong phi mo ho so la nhan tien trong ngay.",SCAM,LOAN_SCAM,HIGH,"Lừa vay tiền, yêu cầu đóng phí trước hoặc gửi giấy tờ cá nhân.",đóng phí; giải ngân; gửi CCCD; phí hồ sơ,Không gửi giấy tờ cá nhân hoặc đóng phí trước cho dịch vụ vay không rõ nguồn.,financial_pressure; urgency,financial_loss; identity_theft,elderly,SOUTH,NO_DIACRITICS,vietnamese_synthetic,self-created,true,no_pii,test
VN_000815,SAFE_0215,"Con đặt xe cho chú rồi, tài xế sẽ đến trong 10 phút nhé.",SAFE,NONE,LOW,Nội dung bình thường hoặc không có yêu cầu nguy hiểm.,,Không cần cảnh báo. Có thể tiếp tục trò chuyện bình thường.,none,none,general,NORTH,NONE,vietnamese_synthetic,self-created,true,no_pii,valid
VN_000332,EMERGENCY_MONEY_0332,"Me oi con dang cap cuu, chuyen gap cho con 5 trieu, dung goi lai Bên cháu đang chờ phản hồi.",SCAM,EMERGENCY_MONEY,HIGH,"Giả danh người thân, tạo tình huống khẩn cấp và yêu cầu chuyển tiền.",cấp cứu; chuyển gấp; đừng gọi lại; khẩn cấp,Không chuyển tiền vội. Gọi trực tiếp cho người thân qua số quen thuộc để xác minh.,urgency; trust_abuse; secrecy,financial_loss,elderly,SOUTH,NO_DIACRITICS,vietnamese_synthetic,self-created,true,no_pii,train
VN_000438,JOB_SCAM_0438,"Bên em tuyển cộng tác viên tại nhà, cần chuyển tiền kích hoạt tài khoản Không nên chia sẻ việc này với ai.",SCAM,JOB_SCAM,MEDIUM,"Lừa việc làm online, yêu cầu đóng phí hoặc nạp tiền trước.",nạp trước; đóng phí; kích hoạt tài khoản,Không đóng phí để nhận việc. Kiểm tra công ty và hợp đồng rõ ràng.,financial_pressure; false_promise,financial_loss,elderly,NORTH,NONE,vietnamese_synthetic,self-created,true,no_pii,train
VN_000284,OTP_BANK_0284,Má gửi mã OTP vừa nhận được để NH xm tk ngay nhé.,SCAM,OTP_BANK,HIGH,Yêu cầu cung cấp OTP hoặc mã xác nhận ngân hàng.,mã OTP; mã xác nhận; dãy 6 số,Không cung cấp OTP hoặc mã xác nhận. Gọi trực tiếp ngân hàng để kiểm tra.,urgency; technical_confusion,credential_theft,elderly,SOUTH,ABBREVIATION,vietnamese_synthetic,self-created,true,no_pii,train
VN_000874,SAFE_0274,"Hôm nay trời mưa, mệ nhớ mang áo mưa nha.",SAFE,NONE,LOW,Nội dung bình thường hoặc không có yêu cầu nguy hiểm.,,Không cần cảnh báo. Có thể tiếp tục trò chuyện bình thường.,none,none,general,CENTRAL,NONE,vietnamese_synthetic,self-created,true,no_pii,test
VN_000078,PHISHING_LINK_0078,"Cô/chú cứ bình tĩnh, bên cháu hỗ trợ nhanh thôi. Mệ bấm link <LINK> để xác minh tài khoản trước khi bị khóa. Làm ngay để tránh bị khóa dịch vụ.",SCAM,PHISHING_LINK,HIGH,Dụ người dùng bấm link lạ để đánh cắp thông tin.,<LINK>; bấm link; đăng nhập,Không bấm link lạ. Chỉ truy cập website hoặc ứng dụng chính thức.,technical_confusion; urgency,credential_theft; malware_install,elderly,CENTRAL,LONG_CONTEXT,vietnamese_synthetic,self-created,true,no_pii,train
VN_000479,EMERGENCY_MONEY_0479,"Con đang gặp chuyện gấp, má ck liền cho con 10tr nha.",SCAM,EMERGENCY_MONEY,HIGH,"Giả danh người thân, tạo tình huống khẩn cấp và yêu cầu chuyển tiền.",cấp cứu; chuyển gấp; đừng gọi lại; khẩn cấp,Không chuyển tiền vội. Gọi trực tiếp cho người thân qua số quen thuộc để xác minh.,urgency; trust_abuse; secrecy,financial_loss,elderly,SOUTH,ABBREVIATION,vietnamese_synthetic,self-created,true,no_pii,train
VN_000832,SAFE_0232,"Ma don hang cua chu la 123456, hang se giao trong hom nay nha.",SAFE,NONE,LOW,Nội dung bình thường hoặc không có yêu cầu nguy hiểm.,,Không cần cảnh báo. Có thể tiếp tục trò chuyện bình thường.,none,none,general,STANDARD,TYPO,vietnamese_synthetic,self-created,true,no_pii,valid
VN_000260,FAKE_POLICE_0260,"Bên viện kiểm sát yêu cầu ba hợp tác ngay, nếu không sẽ bị phong tỏa tài sản.",SCAM,FAKE_POLICE,HIGH,"Giả danh cơ quan chức năng, đe dọa và yêu cầu chuyển tiền.",công an; viện kiểm sát; vụ án; chuyển tiền,Không chuyển tiền. Gọi người thân hoặc cơ quan công an địa phương để xác minh.,authority_impersonation; fear; secrecy,financial_loss,elderly,SOUTH,OBFUSCATION,vietnamese_synthetic,self-created,true,no_pii,train
VN_000189,FAKE_POLICE_0189,"Ben vien kiem sat yeu cau co hop tac ngay, neu khong se bi phong toa tai san.",SCAM,FAKE_POLICE,HIGH,"Giả danh cơ quan chức năng, đe dọa và yêu cầu chuyển tiền.",công an; viện kiểm sát; vụ án; chuyển tiền,Không chuyển tiền. Gọi người thân hoặc cơ quan công an địa phương để xác minh.,authority_impersonation; fear; secrecy,financial_loss,elderly,NORTH,NO_DIACRITICS,vietnamese_synthetic,self-created,true,no_pii,train
VN_000114,FAKE_POLICE_0114,"Chung toi la cong an, co dang lien quan den vu an rua tien, can chuyen tien de dieu tra.",SCAM,FAKE_POLICE,HIGH,"Giả danh cơ quan chức năng, đe dọa và yêu cầu chuyển tiền.",công an; viện kiểm sát; vụ án; chuyển tiền,Không chuyển tiền. Gọi người thân hoặc cơ quan công an địa phương để xác minh.,authority_impersonation; fear; secrecy,financial_loss,elderly,NORTH,NO_DIACRITICS,vietnamese_synthetic,self-created,true,no_pii,train
VN_001182,SUSPICIOUS_0182,Chú gửi thông tin để bên em cập nhật hồ sơ trong hôm nay giúp em.,SUSPICIOUS,UNKNOWN,MEDIUM,Nội dung có yêu cầu xác minh hoặc cung cấp thông tin nhưng chưa đủ bằng chứng kết luận lừa đảo.,xác minh; thông tin cá nhân; đường dẫn; phản hồi sớm,Cần kiểm tra nguồn gửi. Không cung cấp thông tin nhạy cảm nếu chưa xác minh.,uncertainty; possible_social_engineering,privacy_leak,general,NORTH,NONE,vietnamese_synthetic,self-created,true,no_pii,test
VN_000385,JOB_SCAM_0385,"Bên em tuyển cộng tác viên tại nhà, cần chuyển tiền kích hoạt account.",SCAM,JOB_SCAM,MEDIUM,"Lừa việc làm online, yêu cầu đóng phí hoặc nạp tiền trước.",nạp trước; đóng phí; kích hoạt tài khoản,Không đóng phí để nhận việc. Kiểm tra công ty và hợp đồng rõ ràng.,financial_pressure; false_promise,financial_loss,elderly,SOUTH,CODE_SWITCHING,vietnamese_synthetic,self-created,true,no_pii,train
VN_001007,SUSPICIOUS_0007,Bên em cần kiểm tra thông tin cá nhân của má để hỗ trợ.,SUSPICIOUS,UNKNOWN,MEDIUM,Nội dung có yêu cầu xác minh hoặc cung cấp thông tin nhưng chưa đủ bằng chứng kết luận lừa đảo.,xác minh; thông tin cá nhân; đường dẫn; phản hồi sớm,Cần kiểm tra nguồn gửi. Không cung cấp thông tin nhạy cảm nếu chưa xác minh.,uncertainty; possible_social_engineering,privacy_leak,general,SOUTH,NONE,vietnamese_synthetic,self-created,true,no_pii,test
VN_000998,SAFE_0398,"Hom nay troi mua, ma nho mang ao mua.",SAFE,NONE,LOW,Nội dung bình thường hoặc không có yêu cầu nguy hiểm.,,Không cần cảnh báo. Có thể tiếp tục trò chuyện bình thường.,none,none,general,SOUTH,NO_DIACRITICS,vietnamese_synthetic,self-created,true,no_pii,test
VN_000123,LOAN_SCAM_0123,"Ma duoc duyet vay 50 trieu, can dong phi bao hiem truoc de giai ngan.",SCAM,LOAN_SCAM,HIGH,"Lừa vay tiền, yêu cầu đóng phí trước hoặc gửi giấy tờ cá nhân.",đóng phí; giải ngân; gửi CCCD; phí hồ sơ,Không gửi giấy tờ cá nhân hoặc đóng phí trước cho dịch vụ vay không rõ nguồn.,financial_pressure; urgency,financial_loss; identity_theft,elderly,SOUTH,NO_DIACRITICS,vietnamese_synthetic,self-created,true,no_pii,valid
VN_000125,PRIZE_GIFT_0125,"Ben em tang me phan qua tri an, can cung cap thong tin ca nhan de nhan.",SCAM,PRIZE_GIFT,HIGH,Dùng quà tặng hoặc trúng thưởng để dụ cung cấp thông tin hoặc chuyển phí.,trúng thưởng; nhận quà; đóng phí; chuyển phí,Không chuyển phí hoặc cung cấp thông tin cá nhân để nhận quà không rõ nguồn.,greed; urgency,financial_loss; privacy_leak,elderly,CENTRAL,NO_DIACRITICS,vietnamese_synthetic,self-created,true,no_pii,valid
VN_001090,SUSPICIOUS_0090,Ben em can co xac nhan giao dich nay ngay hom nay giúp bên em nhé.,SUSPICIOUS,UNKNOWN,MEDIUM,Nội dung có yêu cầu xác minh hoặc cung cấp thông tin nhưng chưa đủ bằng chứng kết luận lừa đảo.,xác minh; thông tin cá nhân; đường dẫn; phản hồi sớm,Cần kiểm tra nguồn gửi. Không cung cấp thông tin nhạy cảm nếu chưa xác minh.,uncertainty; possible_social_engineering,privacy_leak,general,NORTH,NO_DIACRITICS,vietnamese_synthetic,self-created,true,no_pii,test
VN_000059,PHISHING_LINK_0059,Bác cần đăng nhập vào <LINK> để kiểm tra giao dịch bất thường.,SCAM,PHISHING_LINK,HIGH,Dụ người dùng bấm link lạ để đánh cắp thông tin.,<LINK>; bấm link; đăng nhập,Không bấm link lạ. Chỉ truy cập website hoặc ứng dụng chính thức.,technical_confusion; urgency,credential_theft; malware_install,elderly,CENTRAL,NONE,vietnamese_synthetic,self-created,true,no_pii,train
VN_001048,SUSPICIOUS_0048,Bên em cần chú xác nhận giao dịch này ngay hôm nay.,SUSPICIOUS,UNKNOWN,MEDIUM,Nội dung có yêu cầu xác minh hoặc cung cấp thông tin nhưng chưa đủ bằng chứng kết luận lừa đảo.,xác minh; thông tin cá nhân; đường dẫn; phản hồi sớm,Cần kiểm tra nguồn gửi. Không cung cấp thông tin nhạy cảm nếu chưa xác minh.,uncertainty; possible_social_engineering,privacy_leak,general,STANDARD,NONE,vietnamese_synthetic,self-created,true,no_pii,test
VN_000025,PRIZE_GIFT_0025,"Chúc mừng chú đã trúng xe máy, bấm <LINK> để nhận quà. please check now",SCAM,PRIZE_GIFT,HIGH,Dùng quà tặng hoặc trúng thưởng để dụ cung cấp thông tin hoặc chuyển phí.,trúng thưởng; nhận quà; đóng phí; chuyển phí,Không chuyển phí hoặc cung cấp thông tin cá nhân để nhận quà không rõ nguồn.,greed; urgency,financial_loss; privacy_leak,elderly,NORTH,CODE_SWITCHING,vietnamese_synthetic,self-created,true,no_pii,valid
VN_000796,SAFE_0196,Mai con về nhà ăn cơm với ba mẹ Mã tham chiếu 796.,SAFE,NONE,LOW,Nội dung bình thường hoặc không có yêu cầu nguy hiểm.,,Không cần cảnh báo. Có thể tiếp tục trò chuyện bình thường.,none,none,general,NORTH,NONE,vietnamese_synthetic,self-created,true,no_pii,test
VN_000198,LOAN_SCAM_0198,"Hồ sơ vay của cô đã được chấp nhận, chuyển phí verify để nhận tiền.",SCAM,LOAN_SCAM,HIGH,"Lừa vay tiền, yêu cầu đóng phí trước hoặc gửi giấy tờ cá nhân.",đóng phí; giải ngân; gửi CCCD; phí hồ sơ,Không gửi giấy tờ cá nhân hoặc đóng phí trước cho dịch vụ vay không rõ nguồn.,financial_pressure; urgency,financial_loss; identity_theft,elderly,STANDARD,CODE_SWITCHING,vietnamese_synthetic,self-created,true,no_pii,test
VN_000258,FAKE_POLICE_0258,"Chu dang bi nghi ngo lien quan duong day lua dao, can lam theo huong dan ngay.",SCAM,FAKE_POLICE,HIGH,"Giả danh cơ quan chức năng, đe dọa và yêu cầu chuyển tiền.",công an; viện kiểm sát; vụ án; chuyển tiền,Không chuyển tiền. Gọi người thân hoặc cơ quan công an địa phương để xác minh.,authority_impersonation; fear; secrecy,financial_loss,elderly,NORTH,NO_DIACRITICS,vietnamese_synthetic,self-created,true,no_pii,train
VN_001019,SUSPICIOUS_0019,Ma xac minh tai khoan giup ben em trong hom nay nhe.,SUSPICIOUS,UNKNOWN,MEDIUM,Nội dung có yêu cầu xác minh hoặc cung cấp thông tin nhưng chưa đủ bằng chứng kết luận lừa đảo.,xác minh; thông tin cá nhân; đường dẫn; phản hồi sớm,Cần kiểm tra nguồn gửi. Không cung cấp thông tin nhạy cảm nếu chưa xác minh.,uncertainty; possible_social_engineering,privacy_leak,general,SOUTH,TYPO,vietnamese_synthetic,self-created,true,no_pii,test
VN_000225,JOB_SCAM_0225,"Mệ nhận job online, hoàn thành đơn đầu tiên sẽ được hoàn tiền và thưởng.",SCAM,JOB_SCAM,MEDIUM,"Lừa việc làm online, yêu cầu đóng phí hoặc nạp tiền trước.",nạp trước; đóng phí; kích hoạt tài khoản,Không đóng phí để nhận việc. Kiểm tra công ty và hợp đồng rõ ràng.,financial_pressure; false_promise,financial_loss,elderly,CENTRAL,NONE,vietnamese_synthetic,self-created,true,no_pii,train
VN_000927,SAFE_0327,Con gửi link bài báo này cho chú đọc thử để con yên tâm nha.,SAFE,NONE,LOW,Nội dung bình thường hoặc không có yêu cầu nguy hiểm.,,Không cần cảnh báo. Có thể tiếp tục trò chuyện bình thường.,none,none,general,SOUTH,NONE,vietnamese_synthetic,self-created,true,no_pii,test
VN_000986,SAFE_0386,Chú nhớ uống thuốc đúng giờ nha cho con biết nhé.,SAFE,NONE,LOW,Nội dung bình thường hoặc không có yêu cầu nguy hiểm.,,Không cần cảnh báo. Có thể tiếp tục trò chuyện bình thường.,none,none,general,STANDARD,NONE,vietnamese_synthetic,self-created,true,no_pii,test
VN_000107,PHISHING_LINK_0107,Vui lòng truy cập <LINK> để nhận hỗ trợ hoàn tiền Xử lý trong hôm nay giúp cháu.,SCAM,PHISHING_LINK,HIGH,Dụ người dùng bấm link lạ để đánh cắp thông tin.,<LINK>; bấm link; đăng nhập,Không bấm link lạ. Chỉ truy cập website hoặc ứng dụng chính thức.,technical_confusion; urgency,credential_theft; malware_install,elderly,SOUTH,ABBREVIATION,vietnamese_synthetic,self-created,true,no_pii,test
VN_000538,PHISHING_LINK_0538,Co bam link <LINK> de xac minh tai khoan truoc khi bi khoa Xử lý trong hôm nay giúp cháu.,SCAM,PHISHING_LINK,HIGH,Dụ người dùng bấm link lạ để đánh cắp thông tin.,<LINK>; bấm link; đăng nhập,Không bấm link lạ. Chỉ truy cập website hoặc ứng dụng chính thức.,technical_confusion; urgency,credential_theft; malware_install,elderly,SOUTH,TYPO,vietnamese_synthetic,self-created,true,no_pii,train
VN_000585,FAKE_POLICE_0585,"Chúng tôi là công an, bác đang liên quan đến vụ án rửa tiền, cần chuyển tiền để điều tra.",SCAM,FAKE_POLICE,HIGH,"Giả danh cơ quan chức năng, đe dọa và yêu cầu chuyển tiền.",công an; viện kiểm sát; vụ án; chuyển tiền,Không chuyển tiền. Gọi người thân hoặc cơ quan công an địa phương để xác minh.,authority_impersonation; fear; secrecy,financial_loss,elderly,NORTH,NONE,vietnamese_synthetic,self-created,true,no_pii,train
VN_000422,JOB_SCAM_0422,"Bác nhận job online, hoàn thành đơn đầu tiên sẽ được hoàn tiền và thưởng.",SCAM,JOB_SCAM,MEDIUM,"Lừa việc làm online, yêu cầu đóng phí hoặc nạp tiền trước.",nạp trước; đóng phí; kích hoạt tài khoản,Không đóng phí để nhận việc. Kiểm tra công ty và hợp đồng rõ ràng.,financial_pressure; false_promise,financial_loss,elderly,CENTRAL,NONE,vietnamese_synthetic,self-created,true,no_pii,train
VN_001190,SUSPICIOUS_0190,Bac xac minh tai khoan giup ben em trong hom nay nhe phản hồi sớm giúp em nha.,SUSPICIOUS,UNKNOWN,MEDIUM,Nội dung có yêu cầu xác minh hoặc cung cấp thông tin nhưng chưa đủ bằng chứng kết luận lừa đảo.,xác minh; thông tin cá nhân; đường dẫn; phản hồi sớm,Cần kiểm tra nguồn gửi. Không cung cấp thông tin nhạy cảm nếu chưa xác minh.,uncertainty; possible_social_engineering,privacy_leak,general,NORTH,NO_DIACRITICS,vietnamese_synthetic,self-created,true,no_pii,test
VN_000070,FAKE_POLICE_0070,"Cô đang bị nghi ngờ liên quan đường dây lừa đảo, cần làm theo hướng dẫn ngay Làm ngay giúp bên cháu.",SCAM,FAKE_POLICE,HIGH,"Giả danh cơ quan chức năng, đe dọa và yêu cầu chuyển tiền.",công an; viện kiểm sát; vụ án; chuyển tiền,Không chuyển tiền. Gọi người thân hoặc cơ quan công an địa phương để xác minh.,authority_impersonation; fear; secrecy,financial_loss,elderly,SOUTH,NONE,vietnamese_synthetic,self-created,true,no_pii,train
VN_000881,SAFE_0281,"Hôm nay trời mưa, o nhớ mang áo mưa nha.",SAFE,NONE,LOW,Nội dung bình thường hoặc không có yêu cầu nguy hiểm.,,Không cần cảnh báo. Có thể tiếp tục trò chuyện bình thường.,none,none,general,CENTRAL,NONE,vietnamese_synthetic,self-created,true,no_pii,test
VN_000011,JOB_SCAM_0011,"Bên em tuyển cộng tác viên tại nhà, cần chuyển tiền kích hoạt tài khoản.",SCAM,JOB_SCAM,MEDIUM,"Lừa việc làm online, yêu cầu đóng phí hoặc nạp tiền trước.",nạp trước; đóng phí; kích hoạt tài khoản,Không đóng phí để nhận việc. Kiểm tra công ty và hợp đồng rõ ràng.,financial_pressure; false_promise,financial_loss,elderly,CENTRAL,NONE,vietnamese_synthetic,self-created,true,no_pii,test
VN_001031,SUSPICIOUS_0031,Chú bấm vào đường dẫn này để xem chi tiết chương trình giúp bên em nhé.,SUSPICIOUS,UNKNOWN,MEDIUM,Nội dung có yêu cầu xác minh hoặc cung cấp thông tin nhưng chưa đủ bằng chứng kết luận lừa đảo.,xác minh; thông tin cá nhân; đường dẫn; phản hồi sớm,Cần kiểm tra nguồn gửi. Không cung cấp thông tin nhạy cảm nếu chưa xác minh.,uncertainty; possible_social_engineering,privacy_leak,general,STANDARD,NONE,vietnamese_synthetic,self-created,true,no_pii,valid
VN_000321,JOB_SCAM_0321,"Bên em tuyển cộng tác viên tại nhà, cần ck kích hoạt tk.",SCAM,JOB_SCAM,MEDIUM,"Lừa việc làm online, yêu cầu đóng phí hoặc nạp tiền trước.",nạp trước; đóng phí; kích hoạt tài khoản,Không đóng phí để nhận việc. Kiểm tra công ty và hợp đồng rõ ràng.,financial_pressure; false_promise,financial_loss,elderly,STANDARD,ABBREVIATION,vietnamese_synthetic,self-created,true,no_pii,test
VN_000743,SAFE_0143,Mai con về nhà ăn cơm với ba mẹ Mã tham chiếu 743.,SAFE,NONE,LOW,Nội dung bình thường hoặc không có yêu cầu nguy hiểm.,,Không cần cảnh báo. Có thể tiếp tục trò chuyện bình thường.,none,none,general,STANDARD,NONE,vietnamese_synthetic,self-created,true,no_pii,valid
VN_000346,LOAN_SCAM_0346,"Bác được duyệt vay 50 triệu, cần đóng phí bảo hiểm trước để giải ngân Xử lý trong hôm nay giúp cháu.",SCAM,LOAN_SCAM,HIGH,"Lừa vay tiền, yêu cầu đóng phí trước hoặc gửi giấy tờ cá nhân.",đóng phí; giải ngân; gửi CCCD; phí hồ sơ,Không gửi giấy tờ cá nhân hoặc đóng phí trước cho dịch vụ vay không rõ nguồn.,financial_pressure; urgency,financial_loss; identity_theft,elderly,NORTH,NONE,vietnamese_synthetic,self-created,true,no_pii,test
VN_000533,OTP_BANK_0533,"Tài khoản của chú đang bị khóa, gửi mã xác nhận để mở lại. please check now",SCAM,OTP_BANK,HIGH,Yêu cầu cung cấp OTP hoặc mã xác nhận ngân hàng.,mã OTP; mã xác nhận; dãy 6 số,Không cung cấp OTP hoặc mã xác nhận. Gọi trực tiếp ngân hàng để kiểm tra.,urgency; technical_confusion,credential_theft,elderly,SOUTH,CODE_SWITCHING,vietnamese_synthetic,self-created,true,no_pii,train
VN_000200,FAKE_POLICE_0200,"Ben vien kiem sat yeu cau ma hop tac ngay, neu khong se bi phong toa tai san.",SCAM,FAKE_POLICE,HIGH,"Giả danh cơ quan chức năng, đe dọa và yêu cầu chuyển tiền.",công an; viện kiểm sát; vụ án; chuyển tiền,Không chuyển tiền. Gọi người thân hoặc cơ quan công an địa phương để xác minh.,authority_impersonation; fear; secrecy,financial_loss,elderly,SOUTH,NO_DIACRITICS,vietnamese_synthetic,self-created,true,no_pii,train
VN_000248,PHISHING_LINK_0248,O cần đăng nhập vào <LINK> để kiểm tra giao dịch bất thường. please check now,SCAM,PHISHING_LINK,HIGH,Dụ người dùng bấm link lạ để đánh cắp thông tin.,<LINK>; bấm link; đăng nhập,Không bấm link lạ. Chỉ truy cập website hoặc ứng dụng chính thức.,technical_confusion; urgency,credential_theft; malware_install,elderly,CENTRAL,CODE_SWITCHING,vietnamese_synthetic,self-created,true,no_pii,train
VN_000902,SAFE_0302,"Mã đơn hàng của cô là 123456, hàng sẽ giao trong hôm nay ạ.",SAFE,NONE,LOW,Nội dung bình thường hoặc không có yêu cầu nguy hiểm.,,Không cần cảnh báo. Có thể tiếp tục trò chuyện bình thường.,none,none,general,SOUTH,NONE,vietnamese_synthetic,self-created,true,no_pii,valid
VN_000401,FAKE_POLICE_0401,"Bac khong duoc noi voi ai, hay chuyen tien vao tai khoan tam giu de phuc vu xac minh Làm ngay giúp bên cháu.",SCAM,FAKE_POLICE,HIGH,"Giả danh cơ quan chức năng, đe dọa và yêu cầu chuyển tiền.",công an; viện kiểm sát; vụ án; chuyển tiền,Không chuyển tiền. Gọi người thân hoặc cơ quan công an địa phương để xác minh.,authority_impersonation; fear; secrecy,financial_loss,elderly,STANDARD,NO_DIACRITICS,vietnamese_synthetic,self-created,true,no_pii,train
VN_000262,LOAN_SCAM_0262,Cô muốn vay nhanh không cần gặp mặt thì gửi CCCD và phí hồ sơ trước.,SCAM,LOAN_SCAM,HIGH,"Lừa vay tiền, yêu cầu đóng phí trước hoặc gửi giấy tờ cá nhân.",đóng phí; giải ngân; gửi CCCD; phí hồ sơ,Không gửi giấy tờ cá nhân hoặc đóng phí trước cho dịch vụ vay không rõ nguồn.,financial_pressure; urgency,financial_loss; identity_theft,elderly,STANDARD,OBFUSCATION,vietnamese_synthetic,self-created,true,no_pii,valid
VN_000101,INVESTMENT_0101,"Me tham gia nhom dau tu noi bo, loi nhuan chac chan khong rui ro.",SCAM,INVESTMENT,HIGH,Hứa lợi nhuận cao bất thường và yêu cầu nạp/chuyển tiền.,lãi 30%; lợi nhuận cao; nạp tiền; chuyển tiền,Không chuyển tiền vào kênh đầu tư không rõ pháp lý. Hỏi người thân hoặc chuyên gia tài chính.,greed; false_promise,financial_loss,elderly,CENTRAL,NO_DIACRITICS,vietnamese_synthetic,self-created,true,no_pii,valid
VN_000274,JOB_SCAM_0274,"Bên em tuyển cộng tác viên tại nhà, cần chuyển tiền kích hoạt tài khoản Nếu chậm trễ tài khoản có thể bị khóa.",SCAM,JOB_SCAM,MEDIUM,"Lừa việc làm online, yêu cầu đóng phí hoặc nạp tiền trước.",nạp trước; đóng phí; kích hoạt tài khoản,Không đóng phí để nhận việc. Kiểm tra công ty và hợp đồng rõ ràng.,financial_pressure; false_promise,financial_loss,elderly,CENTRAL,NONE,vietnamese_synthetic,self-created,true,no_pii,train
VN_000277,FAKE_POLICE_0277,"Bên viện kiểm sát yêu cầu bác hợp tác ngay, nếu không sẽ bị phong tỏa tài sản. please check now",SCAM,FAKE_POLICE,HIGH,"Giả danh cơ quan chức năng, đe dọa và yêu cầu chuyển tiền.",công an; viện kiểm sát; vụ án; chuyển tiền,Không chuyển tiền. Gọi người thân hoặc cơ quan công an địa phương để xác minh.,authority_impersonation; fear; secrecy,financial_loss,elderly,STANDARD,CODE_SWITCHING,vietnamese_synthetic,self-created,true,no_pii,train
VN_000344,INVESTMENT_0344,"Co hoi sinh loi bao dam, chu chi can chuyen tien la co chuyen gia ho tro.",SCAM,INVESTMENT,HIGH,Hứa lợi nhuận cao bất thường và yêu cầu nạp/chuyển tiền.,lãi 30%; lợi nhuận cao; nạp tiền; chuyển tiền,Không chuyển tiền vào kênh đầu tư không rõ pháp lý. Hỏi người thân hoặc chuyên gia tài chính.,greed; false_promise,financial_loss,elderly,SOUTH,NO_DIACRITICS,vietnamese_synthetic,self-created,true,no_pii,valid
VN_000280,PHISHING_LINK_0280,Má cần đăng nhập vào <LINK> để kiểm tra giao dịch bất thường.,SCAM,PHISHING_LINK,HIGH,Dụ người dùng bấm link lạ để đánh cắp thông tin.,<LINK>; bấm link; đăng nhập,Không bấm link lạ. Chỉ truy cập website hoặc ứng dụng chính thức.,technical_confusion; urgency,credential_theft; malware_install,elderly,SOUTH,NONE,vietnamese_synthetic,self-created,true,no_pii,test
VN_000789,SAFE_0189,"Con đặt xe cho bác rồi, tài xế sẽ đến trong 10 phút ạ.",SAFE,NONE,LOW,Nội dung bình thường hoặc không có yêu cầu nguy hiểm.,,Không cần cảnh báo. Có thể tiếp tục trò chuyện bình thường.,none,none,general,CENTRAL,NONE,vietnamese_synthetic,self-created,true,no_pii,test
VN_000363,FAKE_POLICE_0363,"Chung toi la cong an, ma dang lien quan den vu an rua tien, can chuyen tien de dieu tra.",SCAM,FAKE_POLICE,HIGH,"Giả danh cơ quan chức năng, đe dọa và yêu cầu chuyển tiền.",công an; viện kiểm sát; vụ án; chuyển tiền,Không chuyển tiền. Gọi người thân hoặc cơ quan công an địa phương để xác minh.,authority_impersonation; fear; secrecy,financial_loss,elderly,SOUTH,NO_DIACRITICS,vietnamese_synthetic,self-created,true,no_pii,train
VN_000827,SAFE_0227,"Bac oi, toi nay ca nha goi video nhe nha.",SAFE,NONE,LOW,Nội dung bình thường hoặc không có yêu cầu nguy hiểm.,,Không cần cảnh báo. Có thể tiếp tục trò chuyện bình thường.,none,none,general,STANDARD,NO_DIACRITICS,vietnamese_synthetic,self-created,true,no_pii,test
VN_000861,SAFE_0261,Con gui link bai bao nay cho o doc thu.,SAFE,NONE,LOW,Nội dung bình thường hoặc không có yêu cầu nguy hiểm.,,Không cần cảnh báo. Có thể tiếp tục trò chuyện bình thường.,none,none,general,CENTRAL,TYPO,vietnamese_synthetic,self-created,true,no_pii,valid
VN_000043,OTP_BANK_0043,"Tài khoản của cô đang bị khóa, gửi mã xác nhận để mở lại Làm ngay giúp bên cháu.",SCAM,OTP_BANK,HIGH,Yêu cầu cung cấp OTP hoặc mã xác nhận ngân hàng.,mã OTP; mã xác nhận; dãy 6 số,Không cung cấp OTP hoặc mã xác nhận. Gọi trực tiếp ngân hàng để kiểm tra.,urgency; technical_confusion,credential_theft,elderly,STANDARD,NONE,vietnamese_synthetic,self-created,true,no_pii,train
VN_000543,EMERGENCY_MONEY_0543,"Ma oi con bi tai nan, gui tien ngai vao so tai khoan nay giup con.",SCAM,EMERGENCY_MONEY,HIGH,"Giả danh người thân, tạo tình huống khẩn cấp và yêu cầu chuyển tiền.",cấp cứu; chuyển gấp; đừng gọi lại; khẩn cấp,Không chuyển tiền vội. Gọi trực tiếp cho người thân qua số quen thuộc để xác minh.,urgency; trust_abuse; secrecy,financial_loss,elderly,SOUTH,TYPO,vietnamese_synthetic,self-created,true,no_pii,train
VN_000324,LOAN_SCAM_0324,Bac muon vay nhanh khong can gap mat thi gui CCCD va phi ho so truoc.,SCAM,LOAN_SCAM,HIGH,"Lừa vay tiền, yêu cầu đóng phí trước hoặc gửi giấy tờ cá nhân.",đóng phí; giải ngân; gửi CCCD; phí hồ sơ,Không gửi giấy tờ cá nhân hoặc đóng phí trước cho dịch vụ vay không rõ nguồn.,financial_pressure; urgency,financial_loss; identity_theft,elderly,STANDARD,TYPO,vietnamese_synthetic,self-created,true,no_pii,valid
VN_000782,SAFE_0182,Con gửi link bài báo này cho cô đọc thử khi nào rảnh nha.,SAFE,NONE,LOW,Nội dung bình thường hoặc không có yêu cầu nguy hiểm.,,Không cần cảnh báo. Có thể tiếp tục trò chuyện bình thường.,none,none,general,STANDARD,NONE,vietnamese_synthetic,self-created,true,no_pii,test
VN_000460,FAKE_POLICE_0460,"Con hỏi thăm sức khỏe chút. Bác đang bị nghi ngờ liên quan đường dây lừa đảo, cần làm theo hướng dẫn ngay.",SCAM,FAKE_POLICE,HIGH,"Giả danh cơ quan chức năng, đe dọa và yêu cầu chuyển tiền.",công an; viện kiểm sát; vụ án; chuyển tiền,Không chuyển tiền. Gọi người thân hoặc cơ quan công an địa phương để xác minh.,authority_impersonation; fear; secrecy,financial_loss,elderly,CENTRAL,MIXED_INTENT,vietnamese_synthetic,self-created,true,no_pii,train
VN_000766,SAFE_0166,Cô nhớ uống thuốc đúng giờ nha cho con biết nhé.,SAFE,NONE,LOW,Nội dung bình thường hoặc không có yêu cầu nguy hiểm.,,Không cần cảnh báo. Có thể tiếp tục trò chuyện bình thường.,none,none,general,STANDARD,NONE,vietnamese_synthetic,self-created,true,no_pii,test
VN_001135,SUSPICIOUS_0135,Bên em cần bác xác nhận giao dịch này ngay hôm nay.,SUSPICIOUS,UNKNOWN,MEDIUM,Nội dung có yêu cầu xác minh hoặc cung cấp thông tin nhưng chưa đủ bằng chứng kết luận lừa đảo.,xác minh; thông tin cá nhân; đường dẫn; phản hồi sớm,Cần kiểm tra nguồn gửi. Không cung cấp thông tin nhạy cảm nếu chưa xác minh.,uncertainty; possible_social_engineering,privacy_leak,general,CENTRAL,OBFUSCATION,vietnamese_synthetic,self-created,true,no_pii,test
VN_000779,SAFE_0179,"Mã đơn hàng của ba là 123456, hàng sẽ giao trong hôm nay.",SAFE,NONE,LOW,Nội dung bình thường hoặc không có yêu cầu nguy hiểm.,,Không cần cảnh báo. Có thể tiếp tục trò chuyện bình thường.,none,none,general,SOUTH,NONE,vietnamese_synthetic,self-created,true,no_pii,test
VN_000544,EMERGENCY_MONEY_0544,"Ba ơi con bị tai nạn, gửi tiền ngay vào số tài khoản này giúp con.",SCAM,EMERGENCY_MONEY,HIGH,"Giả danh người thân, tạo tình huống khẩn cấp và yêu cầu chuyển tiền.",cấp cứu; chuyển gấp; đừng gọi lại; khẩn cấp,Không chuyển tiền vội. Gọi trực tiếp cho người thân qua số quen thuộc để xác minh.,urgency; trust_abuse; secrecy,financial_loss,elderly,SOUTH,NONE,vietnamese_synthetic,self-created,true,no_pii,train
VN_000835,SAFE_0235,"Chu oi, toi nay ca nha goi video nhe.",SAFE,NONE,LOW,Nội dung bình thường hoặc không có yêu cầu nguy hiểm.,,Không cần cảnh báo. Có thể tiếp tục trò chuyện bình thường.,none,none,general,SOUTH,TYPO,vietnamese_synthetic,self-created,true,no_pii,valid
VN_000269,OTP_BANK_0269,O đọc giúp cháu dãy 6 số vừa gửi về điện thoại để hoàn tất xác minh.,SCAM,OTP_BANK,HIGH,Yêu cầu cung cấp OTP hoặc mã xác nhận ngân hàng.,mã OTP; mã xác nhận; dãy 6 số,Không cung cấp OTP hoặc mã xác nhận. Gọi trực tiếp ngân hàng để kiểm tra.,urgency; technical_confusion,credential_theft,elderly,CENTRAL,NONE,vietnamese_synthetic,self-created,true,no_pii,train
VN_000486,LOAN_SCAM_0486,"Ba được duyệt vay 50 triệu, cần đóng phí bảo hiểm trước để giải ngân.",SCAM,LOAN_SCAM,HIGH,"Lừa vay tiền, yêu cầu đóng phí trước hoặc gửi giấy tờ cá nhân.",đóng phí; giải ngân; gửi CCCD; phí hồ sơ,Không gửi giấy tờ cá nhân hoặc đóng phí trước cho dịch vụ vay không rõ nguồn.,financial_pressure; urgency,financial_loss; identity_theft,elderly,SOUTH,OBFUSCATION,vietnamese_synthetic,self-created,true,no_pii,test
VN_000825,SAFE_0225,"Hom nay troi mua, chu nho mang ao mua nha.",SAFE,NONE,LOW,Nội dung bình thường hoặc không có yêu cầu nguy hiểm.,,Không cần cảnh báo. Có thể tiếp tục trò chuyện bình thường.,none,none,general,STANDARD,NO_DIACRITICS,vietnamese_synthetic,self-created,true,no_pii,valid
VN_000847,SAFE_0247,"Con đặt xe cho cô rồi, tài xế sẽ đến trong 10 phút cho con biết nhé.",SAFE,NONE,LOW,Nội dung bình thường hoặc không có yêu cầu nguy hiểm.,,Không cần cảnh báo. Có thể tiếp tục trò chuyện bình thường.,none,none,general,NORTH,NONE,vietnamese_synthetic,self-created,true,no_pii,test
VN_001099,SUSPICIOUS_0099,Bác bấm vào đường dẫn này để xem chi tiết chương trình trong hôm nay giúp em.,SUSPICIOUS,UNKNOWN,MEDIUM,Nội dung có yêu cầu xác minh hoặc cung cấp thông tin nhưng chưa đủ bằng chứng kết luận lừa đảo.,xác minh; thông tin cá nhân; đường dẫn; phản hồi sớm,Cần kiểm tra nguồn gửi. Không cung cấp thông tin nhạy cảm nếu chưa xác minh.,uncertainty; possible_social_engineering,privacy_leak,general,NORTH,ABBREVIATION,vietnamese_synthetic,self-created,true,no_pii,test
VN_000903,SAFE_0303,"Con đặt xe cho bác rồi, tài xế sẽ đến trong 10 phút để con yên tâm nha.",SAFE,NONE,LOW,Nội dung bình thường hoặc không có yêu cầu nguy hiểm.,,Không cần cảnh báo. Có thể tiếp tục trò chuyện bình thường.,none,none,general,NORTH,NONE,vietnamese_synthetic,self-created,true,no_pii,valid
VN_001185,SUSPICIOUS_0185,"Tài khoản của cô có dấu hiệu bất thường, vui lòng phản hồi sớm để bên em kiểm tra lại.",SUSPICIOUS,UNKNOWN,MEDIUM,Nội dung có yêu cầu xác minh hoặc cung cấp thông tin nhưng chưa đủ bằng chứng kết luận lừa đảo.,xác minh; thông tin cá nhân; đường dẫn; phản hồi sớm,Cần kiểm tra nguồn gửi. Không cung cấp thông tin nhạy cảm nếu chưa xác minh.,uncertainty; possible_social_engineering,privacy_leak,general,NORTH,NONE,vietnamese_synthetic,self-created,true,no_pii,test
VN_000309,EMERGENCY_MONEY_0309,"Cô/chú cứ bình tĩnh, bên cháu hỗ trợ nhanh thôi. Con đang gặp chuyện gấp, ba chuyển khoản liền cho con 10 triệu nha. Làm ngay để tránh bị khóa dịch vụ.",SCAM,EMERGENCY_MONEY,HIGH,"Giả danh người thân, tạo tình huống khẩn cấp và yêu cầu chuyển tiền.",cấp cứu; chuyển gấp; đừng gọi lại; khẩn cấp,Không chuyển tiền vội. Gọi trực tiếp cho người thân qua số quen thuộc để xác minh.,urgency; trust_abuse; secrecy,financial_loss,elderly,SOUTH,LONG_CONTEXT,vietnamese_synthetic,self-created,true,no_pii,train
VN_000488,INVESTMENT_0488,"Chu dau tu 3 trieu hom nay, cam ket nhan lai 30% sau mot tuan Vui lòng làm ngay để tránh mất quyền lợi.",SCAM,INVESTMENT,HIGH,Hứa lợi nhuận cao bất thường và yêu cầu nạp/chuyển tiền.,lãi 30%; lợi nhuận cao; nạp tiền; chuyển tiền,Không chuyển tiền vào kênh đầu tư không rõ pháp lý. Hỏi người thân hoặc chuyên gia tài chính.,greed; false_promise,financial_loss,elderly,NORTH,NO_DIACRITICS,vietnamese_synthetic,self-created,true,no_pii,test
VN_000409,EMERGENCY_MONEY_0409,"Má đừng hỏi nhiều, con cần tiền xử lý việc khẩn cấp, chuyển ngay giúp con.",SCAM,EMERGENCY_MONEY,HIGH,"Giả danh người thân, tạo tình huống khẩn cấp và yêu cầu chuyển tiền.",cấp cứu; chuyển gấp; đừng gọi lại; khẩn cấp,Không chuyển tiền vội. Gọi trực tiếp cho người thân qua số quen thuộc để xác minh.,urgency; trust_abuse; secrecy,financial_loss,elderly,SOUTH,NONE,vietnamese_synthetic,self-created,true,no_pii,train
VN_000476,JOB_SCAM_0476,"Bác nhận job online, hoàn thành đơn đầu tiên sẽ được hoàn tiền và thưởng Làm ngay giúp bên cháu.",SCAM,JOB_SCAM,MEDIUM,"Lừa việc làm online, yêu cầu đóng phí hoặc nạp tiền trước.",nạp trước; đóng phí; kích hoạt tài khoản,Không đóng phí để nhận việc. Kiểm tra công ty và hợp đồng rõ ràng.,financial_pressure; false_promise,financial_loss,elderly,CENTRAL,OBFUSCATION,vietnamese_synthetic,self-created,true,no_pii,train
VN_000623,SAFE_0023,Con gửi link bài báo này cho chú đọc thử nha.,SAFE,NONE,LOW,Nội dung bình thường hoặc không có yêu cầu nguy hiểm.,,Không cần cảnh báo. Có thể tiếp tục trò chuyện bình thường.,none,none,general,STANDARD,NONE,vietnamese_synthetic,self-created,true,no_pii,valid
VN_000054,PHISHING_LINK_0054,Vui lòng truy cập <LINK> để nhận hỗ trợ hoàn tiền. please check now,SCAM,PHISHING_LINK,HIGH,Dụ người dùng bấm link lạ để đánh cắp thông tin.,<LINK>; bấm link; đăng nhập,Không bấm link lạ. Chỉ truy cập website hoặc ứng dụng chính thức.,technical_confusion; urgency,credential_theft; malware_install,elderly,CENTRAL,CODE_SWITCHING,vietnamese_synthetic,self-created,true,no_pii,test
VN_000119,FAKE_POLICE_0119,"Má đang bị nghi ngờ liên quan đường dây lừa đảo, cần làm theo hướng dẫn ngay.",SCAM,FAKE_POLICE,HIGH,"Giả danh cơ quan chức năng, đe dọa và yêu cầu chuyển tiền.",công an; viện kiểm sát; vụ án; chuyển tiền,Không chuyển tiền. Gọi người thân hoặc cơ quan công an địa phương để xác minh.,authority_impersonation; fear; secrecy,financial_loss,elderly,SOUTH,ABBREVIATION,vietnamese_synthetic,self-created,true,no_pii,train
VN_000271,EMERGENCY_MONEY_0271,"Mệ đừng hỏi nhiều, con cần tiền xử lý việc khẩn cấp, chuyển ngay giúp con Làm ngay giúp bên cháu.",SCAM,EMERGENCY_MONEY,HIGH,"Giả danh người thân, tạo tình huống khẩn cấp và yêu cầu chuyển tiền.",cấp cứu; chuyển gấp; đừng gọi lại; khẩn cấp,Không chuyển tiền vội. Gọi trực tiếp cho người thân qua số quen thuộc để xác minh.,urgency; trust_abuse; secrecy,financial_loss,elderly,CENTRAL,NONE,vietnamese_synthetic,self-created,true,no_pii,train
VN_000999,SAFE_0399,"Bác ơi, tối nay cả nhà gọi video nhé Mã tham chiếu 999.",SAFE,NONE,LOW,Nội dung bình thường hoặc không có yêu cầu nguy hiểm.,,Không cần cảnh báo. Có thể tiếp tục trò chuyện bình thường.,none,none,general,CENTRAL,NONE,vietnamese_synthetic,self-created,true,no_pii,test
VN_000354,INVESTMENT_0354,"Chu dau tu 3 trieu hom nay, cam ket nhan lai 30% sau mot tuan Nếu chậm trễ tài khoản có thể bị khóa.",SCAM,INVESTMENT,HIGH,Hứa lợi nhuận cao bất thường và yêu cầu nạp/chuyển tiền.,lãi 30%; lợi nhuận cao; nạp tiền; chuyển tiền,Không chuyển tiền vào kênh đầu tư không rõ pháp lý. Hỏi người thân hoặc chuyên gia tài chính.,greed; false_promise,financial_loss,elderly,STANDARD,NO_DIACRITICS,vietnamese_synthetic,self-created,true,no_pii,valid
VN_000730,SAFE_0130,Mai con về nhà ăn cơm với ba mẹ Mã tham chiếu 730.,SAFE,NONE,LOW,Nội dung bình thường hoặc không có yêu cầu nguy hiểm.,,Không cần cảnh báo. Có thể tiếp tục trò chuyện bình thường.,none,none,general,SOUTH,NONE,vietnamese_synthetic,self-created,true,no_pii,valid
VN_000216,PHISHING_LINK_0216,"Đơn hàng của o gặp lỗi, bấm vào <LINK> để cập nhật thông tin nhận hàng.",SCAM,PHISHING_LINK,HIGH,Dụ người dùng bấm link lạ để đánh cắp thông tin.,<LINK>; bấm link; đăng nhập,Không bấm link lạ. Chỉ truy cập website hoặc ứng dụng chính thức.,technical_confusion; urgency,credential_theft; malware_install,elderly,CENTRAL,NONE,vietnamese_synthetic,self-created,true,no_pii,test
VN_000851,SAFE_0251,"Bác ơi, tối nay cả nhà gọi video nhé cho con biết nhé.",SAFE,NONE,LOW,Nội dung bình thường hoặc không có yêu cầu nguy hiểm.,,Không cần cảnh báo. Có thể tiếp tục trò chuyện bình thường.,none,none,general,STANDARD,NONE,vietnamese_synthetic,self-created,true,no_pii,valid
VN_000451,LOAN_SCAM_0451,"Bác được duyệt vay 50 triệu, cần đóng phí bảo hiểm trước để giải ngân Vui lòng làm ngay để tránh mất quyền lợi.",SCAM,LOAN_SCAM,HIGH,"Lừa vay tiền, yêu cầu đóng phí trước hoặc gửi giấy tờ cá nhân.",đóng phí; giải ngân; gửi CCCD; phí hồ sơ,Không gửi giấy tờ cá nhân hoặc đóng phí trước cho dịch vụ vay không rõ nguồn.,financial_pressure; urgency,financial_loss; identity_theft,elderly,STANDARD,ABBREVIATION,vietnamese_synthetic,self-created,true,no_pii,valid
VN_000244,LOAN_SCAM_0244,"Hồ sơ vay của o đã được chấp nhận, chuyển phí xác minh để nhận tiền Làm ngay giúp bên cháu.",SCAM,LOAN_SCAM,HIGH,"Lừa vay tiền, yêu cầu đóng phí trước hoặc gửi giấy tờ cá nhân.",đóng phí; giải ngân; gửi CCCD; phí hồ sơ,Không gửi giấy tờ cá nhân hoặc đóng phí trước cho dịch vụ vay không rõ nguồn.,financial_pressure; urgency,financial_loss; identity_theft,elderly,CENTRAL,NONE,vietnamese_synthetic,self-created,true,no_pii,valid
VN_001000,SAFE_0400,Con đã chuyển tiền mua thuốc cho mẹ rồi Mã tham chiếu 1000.,SAFE,NONE,LOW,Nội dung bình thường hoặc không có yêu cầu nguy hiểm.,,Không cần cảnh báo. Có thể tiếp tục trò chuyện bình thường.,none,none,general,SOUTH,NONE,vietnamese_synthetic,self-created,true,no_pii,valid
VN_000423,PRIZE_GIFT_0423,"Chú trúng thưởng may mắn, chuyển phí vận chuyển để nhận quà ngay hôm nay.",SCAM,PRIZE_GIFT,HIGH,Dùng quà tặng hoặc trúng thưởng để dụ cung cấp thông tin hoặc chuyển phí.,trúng thưởng; nhận quà; đóng phí; chuyển phí,Không chuyển phí hoặc cung cấp thông tin cá nhân để nhận quà không rõ nguồn.,greed; urgency,financial_loss; privacy_leak,elderly,SOUTH,NONE,vietnamese_synthetic,self-created,true,no_pii,valid
VN_000508,JOB_SCAM_0508,"Viec nhe luong cao, co dong phi ho so la co the bat dau ngay.",SCAM,JOB_SCAM,MEDIUM,"Lừa việc làm online, yêu cầu đóng phí hoặc nạp tiền trước.",nạp trước; đóng phí; kích hoạt tài khoản,Không đóng phí để nhận việc. Kiểm tra công ty và hợp đồng rõ ràng.,financial_pressure; false_promise,financial_loss,elderly,NORTH,NO_DIACRITICS,vietnamese_synthetic,self-created,true,no_pii,train
VN_001078,SUSPICIOUS_0078,Bac xac minh tai khoan giup ben em trong hom nay nhe trong hôm nay giúp em.,SUSPICIOUS,UNKNOWN,MEDIUM,Nội dung có yêu cầu xác minh hoặc cung cấp thông tin nhưng chưa đủ bằng chứng kết luận lừa đảo.,xác minh; thông tin cá nhân; đường dẫn; phản hồi sớm,Cần kiểm tra nguồn gửi. Không cung cấp thông tin nhạy cảm nếu chưa xác minh.,uncertainty; possible_social_engineering,privacy_leak,general,CENTRAL,TYPO,vietnamese_synthetic,self-created,true,no_pii,test
VN_000610,SAFE_0010,"Mã đơn hàng của bác là 123456, hàng sẽ giao trong hôm nay.",SAFE,NONE,LOW,Nội dung bình thường hoặc không có yêu cầu nguy hiểm.,,Không cần cảnh báo. Có thể tiếp tục trò chuyện bình thường.,none,none,general,NORTH,NONE,vietnamese_synthetic,self-created,true,no_pii,valid
VN_000149,PRIZE_GIFT_0149,"Chúc mừng bác đã trúng xe máy, bấm <LINK> để nhận quà.",SCAM,PRIZE_GIFT,HIGH,Dùng quà tặng hoặc trúng thưởng để dụ cung cấp thông tin hoặc chuyển phí.,trúng thưởng; nhận quà; đóng phí; chuyển phí,Không chuyển phí hoặc cung cấp thông tin cá nhân để nhận quà không rõ nguồn.,greed; urgency,financial_loss; privacy_leak,elderly,NORTH,NONE,vietnamese_synthetic,self-created,true,no_pii,test
VN_000752,SAFE_0152,Con đã chuyển tiền mua thuốc cho mẹ rồi Mã tham chiếu 752.,SAFE,NONE,LOW,Nội dung bình thường hoặc không có yêu cầu nguy hiểm.,,Không cần cảnh báo. Có thể tiếp tục trò chuyện bình thường.,none,none,general,SOUTH,NONE,vietnamese_synthetic,self-created,true,no_pii,valid
VN_000690,SAFE_0090,"Mã đơn hàng của chú là 123456, hàng sẽ giao trong hôm nay nha.",SAFE,NONE,LOW,Nội dung bình thường hoặc không có yêu cầu nguy hiểm.,,Không cần cảnh báo. Có thể tiếp tục trò chuyện bình thường.,none,none,general,STANDARD,NONE,vietnamese_synthetic,self-created,true,no_pii,valid
VN_000034,OTP_BANK_0034,"Tài khoản của chú đang bị khóa, gửi mã xác nhận để mở lại.",SCAM,OTP_BANK,HIGH,Yêu cầu cung cấp OTP hoặc mã xác nhận ngân hàng.,mã OTP; mã xác nhận; dãy 6 số,Không cung cấp OTP hoặc mã xác nhận. Gọi trực tiếp ngân hàng để kiểm tra.,urgency; technical_confusion,credential_theft,elderly,NORTH,NONE,vietnamese_synthetic,self-created,true,no_pii,train
VN_000541,INVESTMENT_0541,"O tham gia nhóm đầu tư nội bộ, lợi nhuận chắc chắn không rủi ro Làm ngay giúp bên cháu.",SCAM,INVESTMENT,HIGH,Hứa lợi nhuận cao bất thường và yêu cầu nạp/chuyển tiền.,lãi 30%; lợi nhuận cao; nạp tiền; chuyển tiền,Không chuyển tiền vào kênh đầu tư không rõ pháp lý. Hỏi người thân hoặc chuyên gia tài chính.,greed; false_promise,financial_loss,elderly,CENTRAL,ABBREVIATION,vietnamese_synthetic,self-created,true,no_pii,valid
VN_000186,LOAN_SCAM_0186,"Hồ sơ vay của bác đã được chấp nhận, chuyển phí xác minh để nhận tiền.",SCAM,LOAN_SCAM,HIGH,"Lừa vay tiền, yêu cầu đóng phí trước hoặc gửi giấy tờ cá nhân.",đóng phí; giải ngân; gửi CCCD; phí hồ sơ,Không gửi giấy tờ cá nhân hoặc đóng phí trước cho dịch vụ vay không rõ nguồn.,financial_pressure; urgency,financial_loss; identity_theft,elderly,CENTRAL,NONE,vietnamese_synthetic,self-created,true,no_pii,test
VN_001049,SUSPICIOUS_0049,Ben em can bac xac nhan giao dich nay ngay hom nay.,SUSPICIOUS,UNKNOWN,MEDIUM,Nội dung có yêu cầu xác minh hoặc cung cấp thông tin nhưng chưa đủ bằng chứng kết luận lừa đảo.,xác minh; thông tin cá nhân; đường dẫn; phản hồi sớm,Cần kiểm tra nguồn gửi. Không cung cấp thông tin nhạy cảm nếu chưa xác minh.,uncertainty; possible_social_engineering,privacy_leak,general,STANDARD,NO_DIACRITICS,vietnamese_synthetic,self-created,true,no_pii,test
VN_000877,SAFE_0277,Co nho uong thuoc dung gio nha nha.,SAFE,NONE,LOW,Nội dung bình thường hoặc không có yêu cầu nguy hiểm.,,Không cần cảnh báo. Có thể tiếp tục trò chuyện bình thường.,none,none,general,NORTH,NO_DIACRITICS,vietnamese_synthetic,self-created,true,no_pii,test
VN_000268,PRIZE_GIFT_0268,"Ben em tang ba phan qua tri an, can cung cap thong tin ca nhan de nhan.",SCAM,PRIZE_GIFT,HIGH,Dùng quà tặng hoặc trúng thưởng để dụ cung cấp thông tin hoặc chuyển phí.,trúng thưởng; nhận quà; đóng phí; chuyển phí,Không chuyển phí hoặc cung cấp thông tin cá nhân để nhận quà không rõ nguồn.,greed; urgency,financial_loss; privacy_leak,elderly,SOUTH,TYPO,vietnamese_synthetic,self-created,true,no_pii,test
VN_001175,SUSPICIOUS_0175,Em có cơ hội đầu tư muốn giới thiệu cho mệ để bên em kiểm tra lại.,SUSPICIOUS,UNKNOWN,MEDIUM,Nội dung có yêu cầu xác minh hoặc cung cấp thông tin nhưng chưa đủ bằng chứng kết luận lừa đảo.,xác minh; thông tin cá nhân; đường dẫn; phản hồi sớm,Cần kiểm tra nguồn gửi. Không cung cấp thông tin nhạy cảm nếu chưa xác minh.,uncertainty; possible_social_engineering,privacy_leak,general,CENTRAL,NONE,vietnamese_synthetic,self-created,true,no_pii,test
VN_000800,SAFE_0200,Con gửi link bài báo này cho bác đọc thử ạ.,SAFE,NONE,LOW,Nội dung bình thường hoặc không có yêu cầu nguy hiểm.,,Không cần cảnh báo. Có thể tiếp tục trò chuyện bình thường.,none,none,general,CENTRAL,NONE,vietnamese_synthetic,self-created,true,no_pii,valid
VN_001189,SUSPICIOUS_0189,Má gửi thông tin để bên em cập nhật hồ sơ để bên em kiểm tra lại.,SUSPICIOUS,UNKNOWN,MEDIUM,Nội dung có yêu cầu xác minh hoặc cung cấp thông tin nhưng chưa đủ bằng chứng kết luận lừa đảo.,xác minh; thông tin cá nhân; đường dẫn; phản hồi sớm,Cần kiểm tra nguồn gửi. Không cung cấp thông tin nhạy cảm nếu chưa xác minh.,uncertainty; possible_social_engineering,privacy_leak,general,SOUTH,NONE,vietnamese_synthetic,self-created,true,no_pii,test
VN_000155,JOB_SCAM_0155,"Cô nhận job online, hoàn thành đơn đầu tiên sẽ được hoàn tiền và thưởng.",SCAM,JOB_SCAM,MEDIUM,"Lừa việc làm online, yêu cầu đóng phí hoặc nạp tiền trước.",nạp trước; đóng phí; kích hoạt tài khoản,Không đóng phí để nhận việc. Kiểm tra công ty và hợp đồng rõ ràng.,financial_pressure; false_promise,financial_loss,elderly,SOUTH,NONE,vietnamese_synthetic,self-created,true,no_pii,train
VN_000886,SAFE_0286,"Hôm nay trời mưa, cô nhớ mang áo mưa khi nào rảnh nha.",SAFE,NONE,LOW,Nội dung bình thường hoặc không có yêu cầu nguy hiểm.,,Không cần cảnh báo. Có thể tiếp tục trò chuyện bình thường.,none,none,general,STANDARD,NONE,vietnamese_synthetic,self-created,true,no_pii,test
VN_001051,SUSPICIOUS_0051,Co xac minh tai khoan giup ben em trong hom nay nhe.,SUSPICIOUS,UNKNOWN,MEDIUM,Nội dung có yêu cầu xác minh hoặc cung cấp thông tin nhưng chưa đủ bằng chứng kết luận lừa đảo.,xác minh; thông tin cá nhân; đường dẫn; phản hồi sớm,Cần kiểm tra nguồn gửi. Không cung cấp thông tin nhạy cảm nếu chưa xác minh.,uncertainty; possible_social_engineering,privacy_leak,general,NORTH,NO_DIACRITICS,vietnamese_synthetic,self-created,true,no_pii,valid
VN_000746,SAFE_0146,Mai con về nhà ăn cơm với ba mẹ Mã tham chiếu 746.,SAFE,NONE,LOW,Nội dung bình thường hoặc không có yêu cầu nguy hiểm.,,Không cần cảnh báo. Có thể tiếp tục trò chuyện bình thường.,none,none,general,NORTH,NONE,vietnamese_synthetic,self-created,true,no_pii,test
VN_001114,SUSPICIOUS_0114,"Tài khoản của cô có dấu hiệu bất thường, vui lòng phản hồi sớm.",SUSPICIOUS,UNKNOWN,MEDIUM,Nội dung có yêu cầu xác minh hoặc cung cấp thông tin nhưng chưa đủ bằng chứng kết luận lừa đảo.,xác minh; thông tin cá nhân; đường dẫn; phản hồi sớm,Cần kiểm tra nguồn gửi. Không cung cấp thông tin nhạy cảm nếu chưa xác minh.,uncertainty; possible_social_engineering,privacy_leak,general,SOUTH,NONE,vietnamese_synthetic,self-created,true,no_pii,valid
VN_000015,OTP_BANK_0015,Bác đọc giúp cháu dãy 6 số vừa gửi về điện thoại để hoàn tất xác minh.,SCAM,OTP_BANK,HIGH,Yêu cầu cung cấp OTP hoặc mã xác nhận ngân hàng.,mã OTP; mã xác nhận; dãy 6 số,Không cung cấp OTP hoặc mã xác nhận. Gọi trực tiếp ngân hàng để kiểm tra.,urgency; technical_confusion,credential_theft,elderly,NORTH,NONE,vietnamese_synthetic,self-created,true,no_pii,train
VN_000264,OTP_BANK_0264,Chu doc giup chau day 6 so vua gui ve dien thoai de hoan tat xac minh.,SCAM,OTP_BANK,HIGH,Yêu cầu cung cấp OTP hoặc mã xác nhận ngân hàng.,mã OTP; mã xác nhận; dãy 6 số,Không cung cấp OTP hoặc mã xác nhận. Gọi trực tiếp ngân hàng để kiểm tra.,urgency; technical_confusion,credential_theft,elderly,SOUTH,TYPO,vietnamese_synthetic,self-created,true,no_pii,train
VN_000282,LOAN_SCAM_0282,"Ben em ho tro vay gap, ma dong phi mo ho so la nhan tien trong ngay.",SCAM,LOAN_SCAM,HIGH,"Lừa vay tiền, yêu cầu đóng phí trước hoặc gửi giấy tờ cá nhân.",đóng phí; giải ngân; gửi CCCD; phí hồ sơ,Không gửi giấy tờ cá nhân hoặc đóng phí trước cho dịch vụ vay không rõ nguồn.,financial_pressure; urgency,financial_loss; identity_theft,elderly,SOUTH,NO_DIACRITICS,vietnamese_synthetic,self-created,true,no_pii,valid
VN_000288,INVESTMENT_0288,"Cô đầu tư 3 triệu hôm nay, cam kết nhận lãi 30% sau một tuần.",SCAM,INVESTMENT,HIGH,Hứa lợi nhuận cao bất thường và yêu cầu nạp/chuyển tiền.,lãi 30%; lợi nhuận cao; nạp tiền; chuyển tiền,Không chuyển tiền vào kênh đầu tư không rõ pháp lý. Hỏi người thân hoặc chuyên gia tài chính.,greed; false_promise,financial_loss,elderly,NORTH,NONE,vietnamese_synthetic,self-created,true,no_pii,test
VN_001163,SUSPICIOUS_0163,Bên em cần kiểm tra thông tin cá nhân của ba để hỗ trợ trong hôm nay giúp em.,SUSPICIOUS,UNKNOWN,MEDIUM,Nội dung có yêu cầu xác minh hoặc cung cấp thông tin nhưng chưa đủ bằng chứng kết luận lừa đảo.,xác minh; thông tin cá nhân; đường dẫn; phản hồi sớm,Cần kiểm tra nguồn gửi. Không cung cấp thông tin nhạy cảm nếu chưa xác minh.,uncertainty; possible_social_engineering,privacy_leak,general,SOUTH,NONE,vietnamese_synthetic,self-created,true,no_pii,test
VN_001105,SUSPICIOUS_0105,Bên em cần mệ xác nhận giao dịch này ngay hôm nay giúp bên em nhé.,SUSPICIOUS,UNKNOWN,MEDIUM,Nội dung có yêu cầu xác minh hoặc cung cấp thông tin nhưng chưa đủ bằng chứng kết luận lừa đảo.,xác minh; thông tin cá nhân; đường dẫn; phản hồi sớm,Cần kiểm tra nguồn gửi. Không cung cấp thông tin nhạy cảm nếu chưa xác minh.,uncertainty; possible_social_engineering,privacy_leak,general,CENTRAL,NONE,vietnamese_synthetic,self-created,true,no_pii,valid
VN_000259,LOAN_SCAM_0259,Bác muốn vay nhanh không cần gặp mặt thì gửi CCCD và phí hồ sơ trước Bên cháu đang chờ phản hồi.,SCAM,LOAN_SCAM,HIGH,"Lừa vay tiền, yêu cầu đóng phí trước hoặc gửi giấy tờ cá nhân.",đóng phí; giải ngân; gửi CCCD; phí hồ sơ,Không gửi giấy tờ cá nhân hoặc đóng phí trước cho dịch vụ vay không rõ nguồn.,financial_pressure; urgency,financial_loss; identity_theft,elderly,CENTRAL,NONE,vietnamese_synthetic,self-created,true,no_pii,test
VN_000285,FAKE_POLICE_0285,"O không được nói với ai, hãy chuyển tiền vào tài khoản tạm giữ để phục vụ xác minh.",SCAM,FAKE_POLICE,HIGH,"Giả danh cơ quan chức năng, đe dọa và yêu cầu chuyển tiền.",công an; viện kiểm sát; vụ án; chuyển tiền,Không chuyển tiền. Gọi người thân hoặc cơ quan công an địa phương để xác minh.,authority_impersonation; fear; secrecy,financial_loss,elderly,CENTRAL,NONE,vietnamese_synthetic,self-created,true,no_pii,train
VN_000079,INVESTMENT_0079,"Bác đầu tư 3 triệu hôm nay, cam kết nhận lãi 30% sau một tuần.",SCAM,INVESTMENT,HIGH,Hứa lợi nhuận cao bất thường và yêu cầu nạp/chuyển tiền.,lãi 30%; lợi nhuận cao; nạp tiền; chuyển tiền,Không chuyển tiền vào kênh đầu tư không rõ pháp lý. Hỏi người thân hoặc chuyên gia tài chính.,greed; false_promise,financial_loss,elderly,CENTRAL,ABBREVIATION,vietnamese_synthetic,self-created,true,no_pii,valid
VN_000518,FAKE_POLICE_0518,"Cô không được nói với ai, hãy chuyển tiền vào tài khoản tạm giữ để phục vụ xác minh.",SCAM,FAKE_POLICE,HIGH,"Giả danh cơ quan chức năng, đe dọa và yêu cầu chuyển tiền.",công an; viện kiểm sát; vụ án; chuyển tiền,Không chuyển tiền. Gọi người thân hoặc cơ quan công an địa phương để xác minh.,authority_impersonation; fear; secrecy,financial_loss,elderly,SOUTH,NONE,vietnamese_synthetic,self-created,true,no_pii,train
VN_000130,INVESTMENT_0130,"Bác tham gia nhóm đầu tư nội bộ, lợi nhuận chắc chắn không rủi ro.",SCAM,INVESTMENT,HIGH,Hứa lợi nhuận cao bất thường và yêu cầu nạp/chuyển tiền.,lãi 30%; lợi nhuận cao; nạp tiền; chuyển tiền,Không chuyển tiền vào kênh đầu tư không rõ pháp lý. Hỏi người thân hoặc chuyên gia tài chính.,greed; false_promise,financial_loss,elderly,CENTRAL,NONE,vietnamese_synthetic,self-created,true,no_pii,valid
VN_000085,LOAN_SCAM_0085,"Chú được duyệt vay 50 triệu, cần đóng phí bảo hiểm trước để giải ngân.",SCAM,LOAN_SCAM,HIGH,"Lừa vay tiền, yêu cầu đóng phí trước hoặc gửi giấy tờ cá nhân.",đóng phí; giải ngân; gửi CCCD; phí hồ sơ,Không gửi giấy tờ cá nhân hoặc đóng phí trước cho dịch vụ vay không rõ nguồn.,financial_pressure; urgency,financial_loss; identity_theft,elderly,NORTH,NONE,vietnamese_synthetic,self-created,true,no_pii,test
VN_000497,EMERGENCY_MONEY_0497,"Chu oi con bi tai nan, gui tien ngay vao so tai khoan nay giup con.",SCAM,EMERGENCY_MONEY,HIGH,"Giả danh người thân, tạo tình huống khẩn cấp và yêu cầu chuyển tiền.",cấp cứu; chuyển gấp; đừng gọi lại; khẩn cấp,Không chuyển tiền vội. Gọi trực tiếp cho người thân qua số quen thuộc để xác minh.,urgency; trust_abuse; secrecy,financial_loss,elderly,NORTH,NO_DIACRITICS,vietnamese_synthetic,self-created,true,no_pii,train
VN_001063,SUSPICIOUS_0063,"Tài khoản của bác có dấu hiệu bất thường, vui lòng phản hồi sớm giúp bên em nhé.",SUSPICIOUS,UNKNOWN,MEDIUM,Nội dung có yêu cầu xác minh hoặc cung cấp thông tin nhưng chưa đủ bằng chứng kết luận lừa đảo.,xác minh; thông tin cá nhân; đường dẫn; phản hồi sớm,Cần kiểm tra nguồn gửi. Không cung cấp thông tin nhạy cảm nếu chưa xác minh.,uncertainty; possible_social_engineering,privacy_leak,general,STANDARD,NONE,vietnamese_synthetic,self-created,true,no_pii,test
VN_000028,INVESTMENT_0028,"O đầu tư 3 triệu hôm nay, cam kết nhận lãi 30% sau một tuần.",SCAM,INVESTMENT,HIGH,Hứa lợi nhuận cao bất thường và yêu cầu nạp/chuyển tiền.,lãi 30%; lợi nhuận cao; nạp tiền; chuyển tiền,Không chuyển tiền vào kênh đầu tư không rõ pháp lý. Hỏi người thân hoặc chuyên gia tài chính.,greed; false_promise,financial_loss,elderly,CENTRAL,NONE,vietnamese_synthetic,self-created,true,no_pii,valid
VN_001044,SUSPICIOUS_0044,Em co co hoi dau tu muon gioi thieu cho chu.,SUSPICIOUS,UNKNOWN,MEDIUM,Nội dung có yêu cầu xác minh hoặc cung cấp thông tin nhưng chưa đủ bằng chứng kết luận lừa đảo.,xác minh; thông tin cá nhân; đường dẫn; phản hồi sớm,Cần kiểm tra nguồn gửi. Không cung cấp thông tin nhạy cảm nếu chưa xác minh.,uncertainty; possible_social_engineering,privacy_leak,general,STANDARD,NO_DIACRITICS,vietnamese_synthetic,self-created,true,no_pii,test
VN_000826,SAFE_0226,Con da chuyen tien mua thuoc cho me roi cho con biết nhé.,SAFE,NONE,LOW,Nội dung bình thường hoặc không có yêu cầu nguy hiểm.,,Không cần cảnh báo. Có thể tiếp tục trò chuyện bình thường.,none,none,general,NORTH,TYPO,vietnamese_synthetic,self-created,true,no_pii,valid
VN_000053,FAKE_POLICE_0053,"Chúng tôi là công an, chú đang liên quan đến vụ án rửa tiền, cần chuyển tiền để điều tra.",SCAM,FAKE_POLICE,HIGH,"Giả danh cơ quan chức năng, đe dọa và yêu cầu chuyển tiền.",công an; viện kiểm sát; vụ án; chuyển tiền,Không chuyển tiền. Gọi người thân hoặc cơ quan công an địa phương để xác minh.,authority_impersonation; fear; secrecy,financial_loss,elderly,STANDARD,NONE,vietnamese_synthetic,self-created,true,no_pii,train
VN_001039,SUSPICIOUS_0039,Bên em cần cô xác nhận giao dịch này ngay hôm nay.,SUSPICIOUS,UNKNOWN,MEDIUM,Nội dung có yêu cầu xác minh hoặc cung cấp thông tin nhưng chưa đủ bằng chứng kết luận lừa đảo.,xác minh; thông tin cá nhân; đường dẫn; phản hồi sớm,Cần kiểm tra nguồn gửi. Không cung cấp thông tin nhạy cảm nếu chưa xác minh.,uncertainty; possible_social_engineering,privacy_leak,general,NORTH,OBFUSCATION,vietnamese_synthetic,self-created,true,no_pii,test
VN_000174,OTP_BANK_0174,Chú đọc giúp cháu dãy 6 số vừa gửi về điện thoại để hoàn tất verify.,SCAM,OTP_BANK,HIGH,Yêu cầu cung cấp OTP hoặc mã xác nhận ngân hàng.,mã OTP; mã xác nhận; dãy 6 số,Không cung cấp OTP hoặc mã xác nhận. Gọi trực tiếp ngân hàng để kiểm tra.,urgency; technical_confusion,credential_theft,elderly,NORTH,CODE_SWITCHING,vietnamese_synthetic,self-created,true,no_pii,train
VN_000593,EMERGENCY_MONEY_0593,"Mẹ ơi con đang cấp cứu, chuyển gấp cho con 5 triệu, đừng gọi lại Đây là yêu cầu khẩn cấp.",SCAM,EMERGENCY_MONEY,HIGH,"Giả danh người thân, tạo tình huống khẩn cấp và yêu cầu chuyển tiền.",cấp cứu; chuyển gấp; đừng gọi lại; khẩn cấp,Không chuyển tiền vội. Gọi trực tiếp cho người thân qua số quen thuộc để xác minh.,urgency; trust_abuse; secrecy,financial_loss,elderly,STANDARD,OBFUSCATION,vietnamese_synthetic,self-created,true,no_pii,train
VN_000485,EMERGENCY_MONEY_0485,"Mẹ ơi con đang cấp cứu, chuyển gấp cho con 5 triệu, đừng gọi lại Vui lòng làm ngay để tránh mất quyền lợi.",SCAM,EMERGENCY_MONEY,HIGH,"Giả danh người thân, tạo tình huống khẩn cấp và yêu cầu chuyển tiền.",cấp cứu; chuyển gấp; đừng gọi lại; khẩn cấp,Không chuyển tiền vội. Gọi trực tiếp cho người thân qua số quen thuộc để xác minh.,urgency; trust_abuse; secrecy,financial_loss,elderly,SOUTH,NONE,vietnamese_synthetic,self-created,true,no_pii,train
VN_000990,SAFE_0390,Mai con về nhà ăn cơm với ba mẹ Mã tham chiếu 990.,SAFE,NONE,LOW,Nội dung bình thường hoặc không có yêu cầu nguy hiểm.,,Không cần cảnh báo. Có thể tiếp tục trò chuyện bình thường.,none,none,general,CENTRAL,NONE,vietnamese_synthetic,self-created,true,no_pii,test
VN_000860,SAFE_0260,"Ngân hàng thông báo bảo trì hệ thống vào tối nay, không yêu cầu cung cấp thông tin Mã tham chiếu 860.",SAFE,NONE,LOW,Nội dung bình thường hoặc không có yêu cầu nguy hiểm.,,Không cần cảnh báo. Có thể tiếp tục trò chuyện bình thường.,none,none,general,SOUTH,NONE,vietnamese_synthetic,self-created,true,no_pii,valid
VN_000267,LOAN_SCAM_0267,Chú muốn vay nhanh không cần gặp mặt thì gửi CCCD và phí hồ sơ trước.,SCAM,LOAN_SCAM,HIGH,"Lừa vay tiền, yêu cầu đóng phí trước hoặc gửi giấy tờ cá nhân.",đóng phí; giải ngân; gửi CCCD; phí hồ sơ,Không gửi giấy tờ cá nhân hoặc đóng phí trước cho dịch vụ vay không rõ nguồn.,financial_pressure; urgency,financial_loss; identity_theft,elderly,SOUTH,NONE,vietnamese_synthetic,self-created,true,no_pii,test
VN_000578,PRIZE_GIFT_0578,"Cô được chọn nhận phần thưởng 20 triệu, vui lòng đóng phí hồ sơ trước.",SCAM,PRIZE_GIFT,HIGH,Dùng quà tặng hoặc trúng thưởng để dụ cung cấp thông tin hoặc chuyển phí.,trúng thưởng; nhận quà; đóng phí; chuyển phí,Không chuyển phí hoặc cung cấp thông tin cá nhân để nhận quà không rõ nguồn.,greed; urgency,financial_loss; privacy_leak,elderly,STANDARD,NONE,vietnamese_synthetic,self-created,true,no_pii,test
VN_000813,SAFE_0213,"Con đặt xe cho o rồi, tài xế sẽ đến trong 10 phút nha.",SAFE,NONE,LOW,Nội dung bình thường hoặc không có yêu cầu nguy hiểm.,,Không cần cảnh báo. Có thể tiếp tục trò chuyện bình thường.,none,none,general,CENTRAL,NONE,vietnamese_synthetic,self-created,true,no_pii,valid
VN_000612,SAFE_0012,Con gửi link bài báo này cho chú đọc thử.,SAFE,NONE,LOW,Nội dung bình thường hoặc không có yêu cầu nguy hiểm.,,Không cần cảnh báo. Có thể tiếp tục trò chuyện bình thường.,none,none,general,NORTH,NONE,vietnamese_synthetic,self-created,true,no_pii,valid
VN_000037,EMERGENCY_MONEY_0037,"Chú đừng hỏi nhiều, con cần tiền xử lý việc khẩn cấp, chuyển ngay giúp con.",SCAM,EMERGENCY_MONEY,HIGH,"Giả danh người thân, tạo tình huống khẩn cấp và yêu cầu chuyển tiền.",cấp cứu; chuyển gấp; đừng gọi lại; khẩn cấp,Không chuyển tiền vội. Gọi trực tiếp cho người thân qua số quen thuộc để xác minh.,urgency; trust_abuse; secrecy,financial_loss,elderly,SOUTH,OBFUSCATION,vietnamese_synthetic,self-created,true,no_pii,train
VN_000172,PHISHING_LINK_0172,Chú cần đăng nhập vào <LINK> để kiểm tra giao dịch bất thường Làm ngay giúp bên cháu.,SCAM,PHISHING_LINK,HIGH,Dụ người dùng bấm link lạ để đánh cắp thông tin.,<LINK>; bấm link; đăng nhập,Không bấm link lạ. Chỉ truy cập website hoặc ứng dụng chính thức.,technical_confusion; urgency,credential_theft; malware_install,elderly,SOUTH,NONE,vietnamese_synthetic,self-created,true,no_pii,test
VN_000297,JOB_SCAM_0297,"Chu chi can lam nhiem vu online, nap truoc 300 nghin de nhan viec.",SCAM,JOB_SCAM,MEDIUM,"Lừa việc làm online, yêu cầu đóng phí hoặc nạp tiền trước.",nạp trước; đóng phí; kích hoạt tài khoản,Không đóng phí để nhận việc. Kiểm tra công ty và hợp đồng rõ ràng.,financial_pressure; false_promise,financial_loss,elderly,NORTH,NO_DIACRITICS,vietnamese_synthetic,self-created,true,no_pii,train
VN_000802,SAFE_0202,Con đã chuyển tiền mua thuốc cho mẹ rồi Mã tham chiếu 802.,SAFE,NONE,LOW,Nội dung bình thường hoặc không có yêu cầu nguy hiểm.,,Không cần cảnh báo. Có thể tiếp tục trò chuyện bình thường.,none,none,general,CENTRAL,NONE,vietnamese_synthetic,self-created,true,no_pii,valid
VN_000362,LOAN_SCAM_0362,"Mệ được duyệt vay 50 triệu, cần đóng phí bảo hiểm trước để giải ngân Làm ngay giúp bên cháu.",SCAM,LOAN_SCAM,HIGH,"Lừa vay tiền, yêu cầu đóng phí trước hoặc gửi giấy tờ cá nhân.",đóng phí; giải ngân; gửi CCCD; phí hồ sơ,Không gửi giấy tờ cá nhân hoặc đóng phí trước cho dịch vụ vay không rõ nguồn.,financial_pressure; urgency,financial_loss; identity_theft,elderly,CENTRAL,NONE,vietnamese_synthetic,self-created,true,no_pii,valid
VN_000432,PHISHING_LINK_0432,Me can dang nhap vao <LINK> de kiem tra giao dich bat thuong.,SCAM,PHISHING_LINK,HIGH,Dụ người dùng bấm link lạ để đánh cắp thông tin.,<LINK>; bấm link; đăng nhập,Không bấm link lạ. Chỉ truy cập website hoặc ứng dụng chính thức.,technical_confusion; urgency,credential_theft; malware_install,elderly,CENTRAL,NO_DIACRITICS,vietnamese_synthetic,self-created,true,no_pii,test
VN_001110,SUSPICIOUS_0110,Bac gui thong tin de ben em cap nhat ho so giúp bên em nhé.,SUSPICIOUS,UNKNOWN,MEDIUM,Nội dung có yêu cầu xác minh hoặc cung cấp thông tin nhưng chưa đủ bằng chứng kết luận lừa đảo.,xác minh; thông tin cá nhân; đường dẫn; phản hồi sớm,Cần kiểm tra nguồn gửi. Không cung cấp thông tin nhạy cảm nếu chưa xác minh.,uncertainty; possible_social_engineering,privacy_leak,general,NORTH,TYPO,vietnamese_synthetic,self-created,true,no_pii,valid
VN_000870,SAFE_0270,"Bác ơi, tối nay cả nhà gọi video nhé để con yên tâm nha.",SAFE,NONE,LOW,Nội dung bình thường hoặc không có yêu cầu nguy hiểm.,,Không cần cảnh báo. Có thể tiếp tục trò chuyện bình thường.,none,none,general,CENTRAL,NONE,vietnamese_synthetic,self-created,true,no_pii,valid
VN_000765,SAFE_0165,Con đã chuyển tiền mua thuốc cho mẹ rồi Mã tham chiếu 765.,SAFE,NONE,LOW,Nội dung bình thường hoặc không có yêu cầu nguy hiểm.,,Không cần cảnh báo. Có thể tiếp tục trò chuyện bình thường.,none,none,general,SOUTH,NONE,vietnamese_synthetic,self-created,true,no_pii,test
VN_000525,PRIZE_GIFT_0525,"Ba trúng thưởng may mắn, chuyển phí vận chuyển để nhận quà ngay hôm nay.",SCAM,PRIZE_GIFT,HIGH,Dùng quà tặng hoặc trúng thưởng để dụ cung cấp thông tin hoặc chuyển phí.,trúng thưởng; nhận quà; đóng phí; chuyển phí,Không chuyển phí hoặc cung cấp thông tin cá nhân để nhận quà không rõ nguồn.,greed; urgency,financial_loss; privacy_leak,elderly,SOUTH,NONE,vietnamese_synthetic,self-created,true,no_pii,test
VN_000933,SAFE_0333,Con gửi link bài báo này cho cô đọc thử Mã tham chiếu 933.,SAFE,NONE,LOW,Nội dung bình thường hoặc không có yêu cầu nguy hiểm.,,Không cần cảnh báo. Có thể tiếp tục trò chuyện bình thường.,none,none,general,STANDARD,ABBREVIATION,vietnamese_synthetic,self-created,true,no_pii,valid
VN_000481,JOB_SCAM_0481,"Viec nhe luong cao, o dong phi ho so la co the bat dau ngay Làm ngay giúp bên cháu.",SCAM,JOB_SCAM,MEDIUM,"Lừa việc làm online, yêu cầu đóng phí hoặc nạp tiền trước.",nạp trước; đóng phí; kích hoạt tài khoản,Không đóng phí để nhận việc. Kiểm tra công ty và hợp đồng rõ ràng.,financial_pressure; false_promise,financial_loss,elderly,CENTRAL,NO_DIACRITICS,vietnamese_synthetic,self-created,true,no_pii,train
VN_001086,SUSPICIOUS_0086,Má gửi thông tin để bên em cập nhật hồ sơ giúp bên em nhé.,SUSPICIOUS,UNKNOWN,MEDIUM,Nội dung có yêu cầu xác minh hoặc cung cấp thông tin nhưng chưa đủ bằng chứng kết luận lừa đảo.,xác minh; thông tin cá nhân; đường dẫn; phản hồi sớm,Cần kiểm tra nguồn gửi. Không cung cấp thông tin nhạy cảm nếu chưa xác minh.,uncertainty; possible_social_engineering,privacy_leak,general,SOUTH,NONE,vietnamese_synthetic,self-created,true,no_pii,test
VN_000548,OTP_BANK_0548,"Tài khoản của o đang bị khóa, gửi mã xác nhận để mở lại.",SCAM,OTP_BANK,HIGH,Yêu cầu cung cấp OTP hoặc mã xác nhận ngân hàng.,mã OTP; mã xác nhận; dãy 6 số,Không cung cấp OTP hoặc mã xác nhận. Gọi trực tiếp ngân hàng để kiểm tra.,urgency; technical_confusion,credential_theft,elderly,CENTRAL,ABBREVIATION,vietnamese_synthetic,self-created,true,no_pii,train
VN_000352,LOAN_SCAM_0352,"Bác được duyệt vay 50 triệu, cần đóng phí bảo hiểm trước để giải ngân Bên cháu đang chờ phản hồi.",SCAM,LOAN_SCAM,HIGH,"Lừa vay tiền, yêu cầu đóng phí trước hoặc gửi giấy tờ cá nhân.",đóng phí; giải ngân; gửi CCCD; phí hồ sơ,Không gửi giấy tờ cá nhân hoặc đóng phí trước cho dịch vụ vay không rõ nguồn.,financial_pressure; urgency,financial_loss; identity_theft,elderly,CENTRAL,OBFUSCATION,vietnamese_synthetic,self-created,true,no_pii,valid
VN_001097,SUSPICIOUS_0097,Bác xác minh tài khoản giúp bên em trong hôm nay nhé để bên em kiểm tra lại.,SUSPICIOUS,UNKNOWN,MEDIUM,Nội dung có yêu cầu xác minh hoặc cung cấp thông tin nhưng chưa đủ bằng chứng kết luận lừa đảo.,xác minh; thông tin cá nhân; đường dẫn; phản hồi sớm,Cần kiểm tra nguồn gửi. Không cung cấp thông tin nhạy cảm nếu chưa xác minh.,uncertainty; possible_social_engineering,privacy_leak,general,NORTH,NONE,vietnamese_synthetic,self-created,true,no_pii,test
VN_001013,SUSPICIOUS_0013,Má bấm vào đường dẫn này để xem chi tiết chương trình.,SUSPICIOUS,UNKNOWN,MEDIUM,Nội dung có yêu cầu xác minh hoặc cung cấp thông tin nhưng chưa đủ bằng chứng kết luận lừa đảo.,xác minh; thông tin cá nhân; đường dẫn; phản hồi sớm,Cần kiểm tra nguồn gửi. Không cung cấp thông tin nhạy cảm nếu chưa xác minh.,uncertainty; possible_social_engineering,privacy_leak,general,SOUTH,NONE,vietnamese_synthetic,self-created,true,no_pii,valid
VN_000983,SAFE_0383,Mai con về nhà ăn cơm với ba mẹ Mã tham chiếu 983.,SAFE,NONE,LOW,Nội dung bình thường hoặc không có yêu cầu nguy hiểm.,,Không cần cảnh báo. Có thể tiếp tục trò chuyện bình thường.,none,none,general,NORTH,NONE,vietnamese_synthetic,self-created,true,no_pii,test
VN_000594,PHISHING_LINK_0594,Bác cần đăng nhập vào <LINK> để kiểm tra giao dịch bất thường Nếu chậm trễ tài khoản có thể bị khóa.,SCAM,PHISHING_LINK,HIGH,Dụ người dùng bấm link lạ để đánh cắp thông tin.,<LINK>; bấm link; đăng nhập,Không bấm link lạ. Chỉ truy cập website hoặc ứng dụng chính thức.,technical_confusion; urgency,credential_theft; malware_install,elderly,NORTH,NONE,vietnamese_synthetic,self-created,true,no_pii,train
VN_000553,OTP_BANK_0553,"Cô/chú cứ bình tĩnh, bên cháu hỗ trợ nhanh thôi. O gửi mã OTP vừa nhận được để ngân hàng xác minh tài khoản ngay nhé. Làm ngay để tránh bị khóa dịch vụ.",SCAM,OTP_BANK,HIGH,Yêu cầu cung cấp OTP hoặc mã xác nhận ngân hàng.,mã OTP; mã xác nhận; dãy 6 số,Không cung cấp OTP hoặc mã xác nhận. Gọi trực tiếp ngân hàng để kiểm tra.,urgency; technical_confusion,credential_theft,elderly,CENTRAL,LONG_CONTEXT,vietnamese_synthetic,self-created,true,no_pii,train
VN_001177,SUSPICIOUS_0177,Ben em can co xac nhan giao dich nay ngay hom nay trong hôm nay giúp em.,SUSPICIOUS,UNKNOWN,MEDIUM,Nội dung có yêu cầu xác minh hoặc cung cấp thông tin nhưng chưa đủ bằng chứng kết luận lừa đảo.,xác minh; thông tin cá nhân; đường dẫn; phản hồi sớm,Cần kiểm tra nguồn gửi. Không cung cấp thông tin nhạy cảm nếu chưa xác minh.,uncertainty; possible_social_engineering,privacy_leak,general,NORTH,NO_DIACRITICS,vietnamese_synthetic,self-created,true,no_pii,test
VN_000873,SAFE_0273,Má kiểm tra giúp con lịch hẹn khám bệnh ngày mai nhé nha.,SAFE,NONE,LOW,Nội dung bình thường hoặc không có yêu cầu nguy hiểm.,,Không cần cảnh báo. Có thể tiếp tục trò chuyện bình thường.,none,none,general,SOUTH,NONE,vietnamese_synthetic,self-created,true,no_pii,test
VN_000685,SAFE_0085,"Con dat xe cho ba roi, tai xe se den trong 10 phut.",SAFE,NONE,LOW,Nội dung bình thường hoặc không có yêu cầu nguy hiểm.,,Không cần cảnh báo. Có thể tiếp tục trò chuyện bình thường.,none,none,general,SOUTH,TYPO,vietnamese_synthetic,self-created,true,no_pii,test
VN_001107,SUSPICIOUS_0107,Ben em can bac xac nhan giao dich nay ngay hom nay giúp bên em nhé.,SUSPICIOUS,UNKNOWN,MEDIUM,Nội dung có yêu cầu xác minh hoặc cung cấp thông tin nhưng chưa đủ bằng chứng kết luận lừa đảo.,xác minh; thông tin cá nhân; đường dẫn; phản hồi sớm,Cần kiểm tra nguồn gửi. Không cung cấp thông tin nhạy cảm nếu chưa xác minh.,uncertainty; possible_social_engineering,privacy_leak,general,STANDARD,NO_DIACRITICS,vietnamese_synthetic,self-created,true,no_pii,test
VN_000646,SAFE_0046,Con gửi link bài báo này cho chú đọc thử nhé.,SAFE,NONE,LOW,Nội dung bình thường hoặc không có yêu cầu nguy hiểm.,,Không cần cảnh báo. Có thể tiếp tục trò chuyện bình thường.,none,none,general,NORTH,NONE,vietnamese_synthetic,self-created,true,no_pii,valid
VN_000484,JOB_SCAM_0484,"Bên em tuyển cộng tác viên tại nhà, cần chuyển tiền kích hoạt tài khoản Đây là yêu cầu khẩn cấp.",SCAM,JOB_SCAM,MEDIUM,"Lừa việc làm online, yêu cầu đóng phí hoặc nạp tiền trước.",nạp trước; đóng phí; kích hoạt tài khoản,Không đóng phí để nhận việc. Kiểm tra công ty và hợp đồng rõ ràng.,financial_pressure; false_promise,financial_loss,elderly,SOUTH,NONE,vietnamese_synthetic,self-created,true,no_pii,train
VN_000252,LOAN_SCAM_0252,"Bên em hỗ trợ vay gấp, o đóng phí mở hồ sơ là nhận tiền trong ngày Làm ngay giúp bên cháu.",SCAM,LOAN_SCAM,HIGH,"Lừa vay tiền, yêu cầu đóng phí trước hoặc gửi giấy tờ cá nhân.",đóng phí; giải ngân; gửi CCCD; phí hồ sơ,Không gửi giấy tờ cá nhân hoặc đóng phí trước cho dịch vụ vay không rõ nguồn.,financial_pressure; urgency,financial_loss; identity_theft,elderly,CENTRAL,OBFUSCATION,vietnamese_synthetic,self-created,true,no_pii,valid
VN_001052,SUSPICIOUS_0052,Bác xác minh tài khoản giúp bên em trong hôm nay nhé giúp bên em nhé.,SUSPICIOUS,UNKNOWN,MEDIUM,Nội dung có yêu cầu xác minh hoặc cung cấp thông tin nhưng chưa đủ bằng chứng kết luận lừa đảo.,xác minh; thông tin cá nhân; đường dẫn; phản hồi sớm,Cần kiểm tra nguồn gửi. Không cung cấp thông tin nhạy cảm nếu chưa xác minh.,uncertainty; possible_social_engineering,privacy_leak,general,CENTRAL,NONE,vietnamese_synthetic,self-created,true,no_pii,test
VN_000625,SAFE_0025,Con gui link bai bao nay cho chu doc thu.,SAFE,NONE,LOW,Nội dung bình thường hoặc không có yêu cầu nguy hiểm.,,Không cần cảnh báo. Có thể tiếp tục trò chuyện bình thường.,none,none,general,NORTH,NO_DIACRITICS,vietnamese_synthetic,self-created,true,no_pii,valid
VN_000536,PRIZE_GIFT_0536,"Chúc mừng cô đã trúng xe máy, bấm <LINK> để nhận quà Làm ngay giúp bên cháu.",SCAM,PRIZE_GIFT,HIGH,Dùng quà tặng hoặc trúng thưởng để dụ cung cấp thông tin hoặc chuyển phí.,trúng thưởng; nhận quà; đóng phí; chuyển phí,Không chuyển phí hoặc cung cấp thông tin cá nhân để nhận quà không rõ nguồn.,greed; urgency,financial_loss; privacy_leak,elderly,NORTH,ABBREVIATION,vietnamese_synthetic,self-created,true,no_pii,test
VN_000974,SAFE_0374,"Cô ơi, tối nay cả nhà gọi video nhé cho con biết nhé.",SAFE,NONE,LOW,Nội dung bình thường hoặc không có yêu cầu nguy hiểm.,,Không cần cảnh báo. Có thể tiếp tục trò chuyện bình thường.,none,none,general,NORTH,NONE,vietnamese_synthetic,self-created,true,no_pii,test
VN_000530,INVESTMENT_0530,"Ben em co san dau tu loi nhuan cao, me nap tien som de giu suat.",SCAM,INVESTMENT,HIGH,Hứa lợi nhuận cao bất thường và yêu cầu nạp/chuyển tiền.,lãi 30%; lợi nhuận cao; nạp tiền; chuyển tiền,Không chuyển tiền vào kênh đầu tư không rõ pháp lý. Hỏi người thân hoặc chuyên gia tài chính.,greed; false_promise,financial_loss,elderly,CENTRAL,NO_DIACRITICS,vietnamese_synthetic,self-created,true,no_pii,valid
VN_000954,SAFE_0354,Chú kiểm tra giúp con lịch hẹn khám bệnh ngày mai nhé tối con gọi lại nhé.,SAFE,NONE,LOW,Nội dung bình thường hoặc không có yêu cầu nguy hiểm.,,Không cần cảnh báo. Có thể tiếp tục trò chuyện bình thường.,none,none,general,SOUTH,ABBREVIATION,vietnamese_synthetic,self-created,true,no_pii,test
VN_000287,INVESTMENT_0287,"Chú đầu tư 3 triệu hôm nay, cam kết nhận lãi 30% sau một tuần Xử lý trong hôm nay giúp cháu.",SCAM,INVESTMENT,HIGH,Hứa lợi nhuận cao bất thường và yêu cầu nạp/chuyển tiền.,lãi 30%; lợi nhuận cao; nạp tiền; chuyển tiền,Không chuyển tiền vào kênh đầu tư không rõ pháp lý. Hỏi người thân hoặc chuyên gia tài chính.,greed; false_promise,financial_loss,elderly,STANDARD,NONE,vietnamese_synthetic,self-created,true,no_pii,test
VN_000540,JOB_SCAM_0540,"Bác chỉ cần làm nhiệm vụ online, nạp trước 300 nghìn để nhận việc.",SCAM,JOB_SCAM,MEDIUM,"Lừa việc làm online, yêu cầu đóng phí hoặc nạp tiền trước.",nạp trước; đóng phí; kích hoạt tài khoản,Không đóng phí để nhận việc. Kiểm tra công ty và hợp đồng rõ ràng.,financial_pressure; false_promise,financial_loss,elderly,STANDARD,NONE,vietnamese_synthetic,self-created,true,no_pii,train
VN_000146,LOAN_SCAM_0146,"Hồ sơ vay của o đã được chấp nhận, chuyển phí xác minh để nhận tiền.",SCAM,LOAN_SCAM,HIGH,"Lừa vay tiền, yêu cầu đóng phí trước hoặc gửi giấy tờ cá nhân.",đóng phí; giải ngân; gửi CCCD; phí hồ sơ,Không gửi giấy tờ cá nhân hoặc đóng phí trước cho dịch vụ vay không rõ nguồn.,financial_pressure; urgency,financial_loss; identity_theft,elderly,CENTRAL,NONE,vietnamese_synthetic,self-created,true,no_pii,valid
VN_000082,JOB_SCAM_0082,"Bên em tuyển cộng tác viên tại nhà, cần chuyển tiền kích hoạt tài khoản Làm ngay giúp bên cháu.",SCAM,JOB_SCAM,MEDIUM,"Lừa việc làm online, yêu cầu đóng phí hoặc nạp tiền trước.",nạp trước; đóng phí; kích hoạt tài khoản,Không đóng phí để nhận việc. Kiểm tra công ty và hợp đồng rõ ràng.,financial_pressure; false_promise,financial_loss,elderly,NORTH,NONE,vietnamese_synthetic,self-created,true,no_pii,train
VN_000708,SAFE_0108,"Ngân hàng thông báo bảo trì hệ thống vào tối nay, không yêu cầu cung cấp thông tin Mã tham chiếu 708.",SAFE,NONE,LOW,Nội dung bình thường hoặc không có yêu cầu nguy hiểm.,,Không cần cảnh báo. Có thể tiếp tục trò chuyện bình thường.,none,none,general,CENTRAL,NONE,vietnamese_synthetic,self-created,true,no_pii,valid
VN_000893,SAFE_0293,"Ngân hàng thông báo bảo trì hệ thống vào tối nay, không yêu cầu cung cấp thông tin Mã tham chiếu 893.",SAFE,NONE,LOW,Nội dung bình thường hoặc không có yêu cầu nguy hiểm.,,Không cần cảnh báo. Có thể tiếp tục trò chuyện bình thường.,none,none,general,STANDARD,NONE,vietnamese_synthetic,self-created,true,no_pii,test
VN_000839,SAFE_0239,"Con đặt xe cho bác rồi, tài xế sẽ đến trong 10 phút khi nào rảnh nha.",SAFE,NONE,LOW,Nội dung bình thường hoặc không có yêu cầu nguy hiểm.,,Không cần cảnh báo. Có thể tiếp tục trò chuyện bình thường.,none,none,general,CENTRAL,NONE,vietnamese_synthetic,self-created,true,no_pii,test
VN_000928,SAFE_0328,Chú kiểm tra giúp con lịch hẹn khám bệnh ngày mai nhé chiều nay cũng được nha.,SAFE,NONE,LOW,Nội dung bình thường hoặc không có yêu cầu nguy hiểm.,,Không cần cảnh báo. Có thể tiếp tục trò chuyện bình thường.,none,none,general,SOUTH,NONE,vietnamese_synthetic,self-created,true,no_pii,test
VN_000378,PRIZE_GIFT_0378,"Bác được chọn nhận phần thưởng 20 triệu, vui lòng đóng phí hồ sơ trước Làm ngay giúp bên cháu.",SCAM,PRIZE_GIFT,HIGH,Dùng quà tặng hoặc trúng thưởng để dụ cung cấp thông tin hoặc chuyển phí.,trúng thưởng; nhận quà; đóng phí; chuyển phí,Không chuyển phí hoặc cung cấp thông tin cá nhân để nhận quà không rõ nguồn.,greed; urgency,financial_loss; privacy_leak,elderly,NORTH,NONE,vietnamese_synthetic,self-created,true,no_pii,test
VN_000495,FAKE_POLICE_0495,"Bên viện kiểm sát yêu cầu ba hợp tác ngay, nếu không sẽ bị phong tỏa tài sản Làm ngay giúp bên cháu.",SCAM,FAKE_POLICE,HIGH,"Giả danh cơ quan chức năng, đe dọa và yêu cầu chuyển tiền.",công an; viện kiểm sát; vụ án; chuyển tiền,Không chuyển tiền. Gọi người thân hoặc cơ quan công an địa phương để xác minh.,authority_impersonation; fear; secrecy,financial_loss,elderly,SOUTH,NONE,vietnamese_synthetic,self-created,true,no_pii,train
VN_000969,SAFE_0369,"Ma don hang cua me la 123456, hang se giao trong hom nay.",SAFE,NONE,LOW,Nội dung bình thường hoặc không có yêu cầu nguy hiểm.,,Không cần cảnh báo. Có thể tiếp tục trò chuyện bình thường.,none,none,general,CENTRAL,NO_DIACRITICS,vietnamese_synthetic,self-created,true,no_pii,test
VN_001109,SUSPICIOUS_0109,"Tai khoan cua co co dau hieu bat thuong, vui long phan hoi som.",SUSPICIOUS,UNKNOWN,MEDIUM,Nội dung có yêu cầu xác minh hoặc cung cấp thông tin nhưng chưa đủ bằng chứng kết luận lừa đảo.,xác minh; thông tin cá nhân; đường dẫn; phản hồi sớm,Cần kiểm tra nguồn gửi. Không cung cấp thông tin nhạy cảm nếu chưa xác minh.,uncertainty; possible_social_engineering,privacy_leak,general,NORTH,NO_DIACRITICS,vietnamese_synthetic,self-created,true,no_pii,test
VN_000035,OTP_BANK_0035,Bác gửi mã OT P vừa nhận được để ngân hàng xác minh t.khoản ngay nhé.,SCAM,OTP_BANK,HIGH,Yêu cầu cung cấp OTP hoặc mã xác nhận ngân hàng.,mã OTP; mã xác nhận; dãy 6 số,Không cung cấp OTP hoặc mã xác nhận. Gọi trực tiếp ngân hàng để kiểm tra.,urgency; technical_confusion,credential_theft,elderly,NORTH,OBFUSCATION,vietnamese_synthetic,self-created,true,no_pii,train
VN_000376,FAKE_POLICE_0376,"Bên viện kiểm sát yêu cầu mệ hợp tác ngay, nếu không sẽ bị phong tỏa tài sản Làm ngay giúp bên cháu.",SCAM,FAKE_POLICE,HIGH,"Giả danh cơ quan chức năng, đe dọa và yêu cầu chuyển tiền.",công an; viện kiểm sát; vụ án; chuyển tiền,Không chuyển tiền. Gọi người thân hoặc cơ quan công an địa phương để xác minh.,authority_impersonation; fear; secrecy,financial_loss,elderly,CENTRAL,ABBREVIATION,vietnamese_synthetic,self-created,true,no_pii,train
VN_000591,PRIZE_GIFT_0591,"Bác trúng thưởng may mắn, chuyển phí vận chuyển để nhận quà ngay hôm nay Nếu chậm trễ tài khoản có thể bị khóa.",SCAM,PRIZE_GIFT,HIGH,Dùng quà tặng hoặc trúng thưởng để dụ cung cấp thông tin hoặc chuyển phí.,trúng thưởng; nhận quà; đóng phí; chuyển phí,Không chuyển phí hoặc cung cấp thông tin cá nhân để nhận quà không rõ nguồn.,greed; urgency,financial_loss; privacy_leak,elderly,NORTH,OBFUSCATION,vietnamese_synthetic,self-created,true,no_pii,test
VN_000560,EMERGENCY_MONEY_0560,"Cô ơi con bị tai nạn, gửi tiền ngay vào stk này giúp con Xử lý trong hôm nay giúp cháu.",SCAM,EMERGENCY_MONEY,HIGH,"Giả danh người thân, tạo tình huống khẩn cấp và yêu cầu chuyển tiền.",cấp cứu; chuyển gấp; đừng gọi lại; khẩn cấp,Không chuyển tiền vội. Gọi trực tiếp cho người thân qua số quen thuộc để xác minh.,urgency; trust_abuse; secrecy,financial_loss,elderly,STANDARD,ABBREVIATION,vietnamese_synthetic,self-created,true,no_pii,train
VN_001059,SUSPICIOUS_0059,Chú bấm vào đường dẫn này để xem chi tiết chương trình trong hôm nay giúp em.,SUSPICIOUS,UNKNOWN,MEDIUM,Nội dung có yêu cầu xác minh hoặc cung cấp thông tin nhưng chưa đủ bằng chứng kết luận lừa đảo.,xác minh; thông tin cá nhân; đường dẫn; phản hồi sớm,Cần kiểm tra nguồn gửi. Không cung cấp thông tin nhạy cảm nếu chưa xác minh.,uncertainty; possible_social_engineering,privacy_leak,general,NORTH,NONE,vietnamese_synthetic,self-created,true,no_pii,test
VN_001188,SUSPICIOUS_0188,Chú bấm vào đường dẫn này để xem chi tiết chương trình nếu cần em sẽ hướng dẫn thêm.,SUSPICIOUS,UNKNOWN,MEDIUM,Nội dung có yêu cầu xác minh hoặc cung cấp thông tin nhưng chưa đủ bằng chứng kết luận lừa đảo.,xác minh; thông tin cá nhân; đường dẫn; phản hồi sớm,Cần kiểm tra nguồn gửi. Không cung cấp thông tin nhạy cảm nếu chưa xác minh.,uncertainty; possible_social_engineering,privacy_leak,general,STANDARD,NONE,vietnamese_synthetic,self-created,true,no_pii,test
VN_000514,PRIZE_GIFT_0514,"Co trung thuong may man, chuyen phi van chuyen de nhan qua ngay hom nay.",SCAM,PRIZE_GIFT,HIGH,Dùng quà tặng hoặc trúng thưởng để dụ cung cấp thông tin hoặc chuyển phí.,trúng thưởng; nhận quà; đóng phí; chuyển phí,Không chuyển phí hoặc cung cấp thông tin cá nhân để nhận quà không rõ nguồn.,greed; urgency,financial_loss; privacy_leak,elderly,NORTH,NO_DIACRITICS,vietnamese_synthetic,self-created,true,no_pii,valid
VN_001156,SUSPICIOUS_0156,Ba bấm vào đường dẫn này để xem chi tiết chương trình.,SUSPICIOUS,UNKNOWN,MEDIUM,Nội dung có yêu cầu xác minh hoặc cung cấp thông tin nhưng chưa đủ bằng chứng kết luận lừa đảo.,xác minh; thông tin cá nhân; đường dẫn; phản hồi sớm,Cần kiểm tra nguồn gửi. Không cung cấp thông tin nhạy cảm nếu chưa xác minh.,uncertainty; possible_social_engineering,privacy_leak,general,SOUTH,NONE,vietnamese_synthetic,self-created,true,no_pii,test
VN_000511,PHISHING_LINK_0511,Ba can dang nhap vao <LINK> de kiem tra giao dich bat thuong.,SCAM,PHISHING_LINK,HIGH,Dụ người dùng bấm link lạ để đánh cắp thông tin.,<LINK>; bấm link; đăng nhập,Không bấm link lạ. Chỉ truy cập website hoặc ứng dụng chính thức.,technical_confusion; urgency,credential_theft; malware_install,elderly,SOUTH,TYPO,vietnamese_synthetic,self-created,true,no_pii,test
VN_000823,SAFE_0223,"Ngân hàng thông báo bảo trì hệ thống vào tối nay, không yêu cầu cung cấp thông tin Mã tham chiếu 823.",SAFE,NONE,LOW,Nội dung bình thường hoặc không có yêu cầu nguy hiểm.,,Không cần cảnh báo. Có thể tiếp tục trò chuyện bình thường.,none,none,general,STANDARD,NONE,vietnamese_synthetic,self-created,true,no_pii,valid
VN_000008,LOAN_SCAM_0008,"Chu duoc duyet vay 50 trieu, can dong phi bao hiem truoc de giai ngan.",SCAM,LOAN_SCAM,HIGH,"Lừa vay tiền, yêu cầu đóng phí trước hoặc gửi giấy tờ cá nhân.",đóng phí; giải ngân; gửi CCCD; phí hồ sơ,Không gửi giấy tờ cá nhân hoặc đóng phí trước cho dịch vụ vay không rõ nguồn.,financial_pressure; urgency,financial_loss; identity_theft,elderly,STANDARD,NO_DIACRITICS,vietnamese_synthetic,self-created,true,no_pii,valid
VN_001081,SUSPICIOUS_0081,Bên em cần kiểm tra thông tin cá nhân của chú để hỗ trợ giúp bên em nhé.,SUSPICIOUS,UNKNOWN,MEDIUM,Nội dung có yêu cầu xác minh hoặc cung cấp thông tin nhưng chưa đủ bằng chứng kết luận lừa đảo.,xác minh; thông tin cá nhân; đường dẫn; phản hồi sớm,Cần kiểm tra nguồn gửi. Không cung cấp thông tin nhạy cảm nếu chưa xác minh.,uncertainty; possible_social_engineering,privacy_leak,general,SOUTH,NONE,vietnamese_synthetic,self-created,true,no_pii,test
VN_000740,SAFE_0140,Mai con về nhà ăn cơm với ba mẹ Mã tham chiếu 740.,SAFE,NONE,LOW,Nội dung bình thường hoặc không có yêu cầu nguy hiểm.,,Không cần cảnh báo. Có thể tiếp tục trò chuyện bình thường.,none,none,general,NORTH,NONE,vietnamese_synthetic,self-created,true,no_pii,valid
VN_001199,SUSPICIOUS_0199,Ben em can kiem tra thong tin ca nhan cua chu de ho tro.,SUSPICIOUS,UNKNOWN,MEDIUM,Nội dung có yêu cầu xác minh hoặc cung cấp thông tin nhưng chưa đủ bằng chứng kết luận lừa đảo.,xác minh; thông tin cá nhân; đường dẫn; phản hồi sớm,Cần kiểm tra nguồn gửi. Không cung cấp thông tin nhạy cảm nếu chưa xác minh.,uncertainty; possible_social_engineering,privacy_leak,general,SOUTH,NO_DIACRITICS,vietnamese_synthetic,self-created,true,no_pii,test
VN_000232,PHISHING_LINK_0232,Chú cần đăng nhập vào <LINK> để kiểm tra giao dịch bất thường Xử lý trong hôm nay giúp cháu.,SCAM,PHISHING_LINK,HIGH,Dụ người dùng bấm link lạ để đánh cắp thông tin.,<LINK>; bấm link; đăng nhập,Không bấm link lạ. Chỉ truy cập website hoặc ứng dụng chính thức.,technical_confusion; urgency,credential_theft; malware_install,elderly,NORTH,NONE,vietnamese_synthetic,self-created,true,no_pii,test
VN_000364,PRIZE_GIFT_0364,"Chuc mung chu da trung xe may, bam <LINK> de nhan qua.",SCAM,PRIZE_GIFT,HIGH,Dùng quà tặng hoặc trúng thưởng để dụ cung cấp thông tin hoặc chuyển phí.,trúng thưởng; nhận quà; đóng phí; chuyển phí,Không chuyển phí hoặc cung cấp thông tin cá nhân để nhận quà không rõ nguồn.,greed; urgency,financial_loss; privacy_leak,elderly,NORTH,NO_DIACRITICS,vietnamese_synthetic,self-created,true,no_pii,test
VN_000770,SAFE_0170,Mai con về nhà ăn cơm với ba mẹ Mã tham chiếu 770.,SAFE,NONE,LOW,Nội dung bình thường hoặc không có yêu cầu nguy hiểm.,,Không cần cảnh báo. Có thể tiếp tục trò chuyện bình thường.,none,none,general,SOUTH,NONE,vietnamese_synthetic,self-created,true,no_pii,valid
VN_000461,INVESTMENT_0461,"Cơ hội sinh lời bảo đảm, bác chỉ cần gửi tiền qua giúp là có chuyên gia hỗ trợ.",SCAM,INVESTMENT,HIGH,Hứa lợi nhuận cao bất thường và yêu cầu nạp/chuyển tiền.,lãi 30%; lợi nhuận cao; nạp tiền; chuyển tiền,Không chuyển tiền vào kênh đầu tư không rõ pháp lý. Hỏi người thân hoặc chuyên gia tài chính.,greed; false_promise,financial_loss,elderly,STANDARD,OBFUSCATION,vietnamese_synthetic,self-created,true,no_pii,valid
VN_000566,FAKE_POLICE_0566,"Chúng tôi là công an, cô đang liên quan đến vụ án rửa tiền, cần chuyển tiền để điều tra Bên cháu đang chờ phản hồi.",SCAM,FAKE_POLICE,HIGH,"Giả danh cơ quan chức năng, đe dọa và yêu cầu chuyển tiền.",công an; viện kiểm sát; vụ án; chuyển tiền,Không chuyển tiền. Gọi người thân hoặc cơ quan công an địa phương để xác minh.,authority_impersonation; fear; secrecy,financial_loss,elderly,STANDARD,NONE,vietnamese_synthetic,self-created,true,no_pii,train
VN_001146,SUSPICIOUS_0146,Bác bấm vào đường dẫn này để xem chi tiết chương trình nếu cần em sẽ hướng dẫn thêm.,SUSPICIOUS,UNKNOWN,MEDIUM,Nội dung có yêu cầu xác minh hoặc cung cấp thông tin nhưng chưa đủ bằng chứng kết luận lừa đảo.,xác minh; thông tin cá nhân; đường dẫn; phản hồi sớm,Cần kiểm tra nguồn gửi. Không cung cấp thông tin nhạy cảm nếu chưa xác minh.,uncertainty; possible_social_engineering,privacy_leak,general,NORTH,ABBREVIATION,vietnamese_synthetic,self-created,true,no_pii,test
VN_001142,SUSPICIOUS_0142,Bac bam vao duong dan nay de xem chi tiet chuong trinh giúp bên em nhé.,SUSPICIOUS,UNKNOWN,MEDIUM,Nội dung có yêu cầu xác minh hoặc cung cấp thông tin nhưng chưa đủ bằng chứng kết luận lừa đảo.,xác minh; thông tin cá nhân; đường dẫn; phản hồi sớm,Cần kiểm tra nguồn gửi. Không cung cấp thông tin nhạy cảm nếu chưa xác minh.,uncertainty; possible_social_engineering,privacy_leak,general,NORTH,NO_DIACRITICS,vietnamese_synthetic,self-created,true,no_pii,test
VN_000466,FAKE_POLICE_0466,"Bên viện kiểm sát yêu cầu cô hợp tác ngay, nếu không sẽ bị phong tỏa tài sản Xử lý trong hôm nay giúp cháu.",SCAM,FAKE_POLICE,HIGH,"Giả danh cơ quan chức năng, đe dọa và yêu cầu chuyển tiền.",công an; viện kiểm sát; vụ án; chuyển tiền,Không chuyển tiền. Gọi người thân hoặc cơ quan công an địa phương để xác minh.,authority_impersonation; fear; secrecy,financial_loss,elderly,STANDARD,NONE,vietnamese_synthetic,self-created,true,no_pii,train
VN_000185,PRIZE_GIFT_0185,"Chúc mừng má đã trúng xe máy, bấm <LINK> để nhận quà. please check now",SCAM,PRIZE_GIFT,HIGH,Dùng quà tặng hoặc trúng thưởng để dụ cung cấp thông tin hoặc chuyển phí.,trúng thưởng; nhận quà; đóng phí; chuyển phí,Không chuyển phí hoặc cung cấp thông tin cá nhân để nhận quà không rõ nguồn.,greed; urgency,financial_loss; privacy_leak,elderly,SOUTH,CODE_SWITCHING,vietnamese_synthetic,self-created,true,no_pii,test
VN_000639,SAFE_0039,Con gửi link bài báo này cho bác đọc thử.,SAFE,NONE,LOW,Nội dung bình thường hoặc không có yêu cầu nguy hiểm.,,Không cần cảnh báo. Có thể tiếp tục trò chuyện bình thường.,none,none,general,CENTRAL,NONE,vietnamese_synthetic,self-created,true,no_pii,test
VN_000436,PHISHING_LINK_0436,Vui long truy cap <LINK> de nhan ho tro hoan tien Bên cháu đang chờ phản hồi.,SCAM,PHISHING_LINK,HIGH,Dụ người dùng bấm link lạ để đánh cắp thông tin.,<LINK>; bấm link; đăng nhập,Không bấm link lạ. Chỉ truy cập website hoặc ứng dụng chính thức.,technical_confusion; urgency,credential_theft; malware_install,elderly,NORTH,NO_DIACRITICS,vietnamese_synthetic,self-created,true,no_pii,test
VN_000919,SAFE_0319,Con đã chuyển tiền mua thuốc cho mẹ rồi Mã tham chiếu 919.,SAFE,NONE,LOW,Nội dung bình thường hoặc không có yêu cầu nguy hiểm.,,Không cần cảnh báo. Có thể tiếp tục trò chuyện bình thường.,none,none,general,STANDARD,NONE,vietnamese_synthetic,self-created,true,no_pii,test
VN_000713,SAFE_0113,"Mã đơn hàng của cô là 123456, hàng sẽ giao trong hôm nay nha.",SAFE,NONE,LOW,Nội dung bình thường hoặc không có yêu cầu nguy hiểm.,,Không cần cảnh báo. Có thể tiếp tục trò chuyện bình thường.,none,none,general,NORTH,NONE,vietnamese_synthetic,self-created,true,no_pii,valid
VN_000960,SAFE_0360,"Con dat xe cho o roi, tai xe se den trong 10 phut ạ.",SAFE,NONE,LOW,Nội dung bình thường hoặc không có yêu cầu nguy hiểm.,,Không cần cảnh báo. Có thể tiếp tục trò chuyện bình thường.,none,none,general,CENTRAL,TYPO,vietnamese_synthetic,self-created,true,no_pii,valid
VN_000426,PRIZE_GIFT_0426,"Cô/chú cứ bình tĩnh, bên cháu hỗ trợ nhanh thôi. Chúc mừng cô đã trúng xe máy, bấm <LINK> để nhận quà. Làm ngay để tránh bị khóa dịch vụ.",SCAM,PRIZE_GIFT,HIGH,Dùng quà tặng hoặc trúng thưởng để dụ cung cấp thông tin hoặc chuyển phí.,trúng thưởng; nhận quà; đóng phí; chuyển phí,Không chuyển phí hoặc cung cấp thông tin cá nhân để nhận quà không rõ nguồn.,greed; urgency,financial_loss; privacy_leak,elderly,NORTH,LONG_CONTEXT,vietnamese_synthetic,self-created,true,no_pii,test
VN_001042,SUSPICIOUS_0042,Ba gửi thông tin để bên em cập nhật hồ sơ.,SUSPICIOUS,UNKNOWN,MEDIUM,Nội dung có yêu cầu xác minh hoặc cung cấp thông tin nhưng chưa đủ bằng chứng kết luận lừa đảo.,xác minh; thông tin cá nhân; đường dẫn; phản hồi sớm,Cần kiểm tra nguồn gửi. Không cung cấp thông tin nhạy cảm nếu chưa xác minh.,uncertainty; possible_social_engineering,privacy_leak,general,SOUTH,OBFUSCATION,vietnamese_synthetic,self-created,true,no_pii,valid
VN_000141,PHISHING_LINK_0141,Ba cần đăng nhập vào <LINK> để kiểm tra giao dịch bất thường Xử lý trong hôm nay giúp cháu.,SCAM,PHISHING_LINK,HIGH,Dụ người dùng bấm link lạ để đánh cắp thông tin.,<LINK>; bấm link; đăng nhập,Không bấm link lạ. Chỉ truy cập website hoặc ứng dụng chính thức.,technical_confusion; urgency,credential_theft; malware_install,elderly,SOUTH,NONE,vietnamese_synthetic,self-created,true,no_pii,test
VN_000087,PHISHING_LINK_0087,Bác bấm link <LINK> để xác minh tài khoản trước khi bị khóa Làm ngay giúp bên cháu.,SCAM,PHISHING_LINK,HIGH,Dụ người dùng bấm link lạ để đánh cắp thông tin.,<LINK>; bấm link; đăng nhập,Không bấm link lạ. Chỉ truy cập website hoặc ứng dụng chính thức.,technical_confusion; urgency,credential_theft; malware_install,elderly,NORTH,NONE,vietnamese_synthetic,self-created,true,no_pii,train
VN_000140,PHISHING_LINK_0140,Bac can dang nhap vao <LINK> de kiem tra giao dich bat thuong.,SCAM,PHISHING_LINK,HIGH,Dụ người dùng bấm link lạ để đánh cắp thông tin.,<LINK>; bấm link; đăng nhập,Không bấm link lạ. Chỉ truy cập website hoặc ứng dụng chính thức.,technical_confusion; urgency,credential_theft; malware_install,elderly,STANDARD,TYPO,vietnamese_synthetic,self-created,true,no_pii,test
VN_000448,PRIZE_GIFT_0448,"Mệ trúng thưởng may mắn, chuyển phí vận chuyển để nhận quà ngay hôm nay Xử lý trong hôm nay giúp cháu.",SCAM,PRIZE_GIFT,HIGH,Dùng quà tặng hoặc trúng thưởng để dụ cung cấp thông tin hoặc chuyển phí.,trúng thưởng; nhận quà; đóng phí; chuyển phí,Không chuyển phí hoặc cung cấp thông tin cá nhân để nhận quà không rõ nguồn.,greed; urgency,financial_loss; privacy_leak,elderly,CENTRAL,NONE,vietnamese_synthetic,self-created,true,no_pii,test
VN_000674,SAFE_0074,Bac kiem tra giup con lich hen kham benh ngai mai nhe.,SAFE,NONE,LOW,Nội dung bình thường hoặc không có yêu cầu nguy hiểm.,,Không cần cảnh báo. Có thể tiếp tục trò chuyện bình thường.,none,none,general,CENTRAL,TYPO,vietnamese_synthetic,self-created,true,no_pii,test
VN_000868,SAFE_0268,"Ngân hàng thông báo bảo trì hệ thống vào tối nay, không yêu cầu cung cấp thông tin Mã tham chiếu 868.",SAFE,NONE,LOW,Nội dung bình thường hoặc không có yêu cầu nguy hiểm.,,Không cần cảnh báo. Có thể tiếp tục trò chuyện bình thường.,none,none,general,NORTH,NONE,vietnamese_synthetic,self-created,true,no_pii,test
VN_000739,SAFE_0139,"Mã đơn hàng của cô là 123456, hàng sẽ giao trong hôm nay nhé.",SAFE,NONE,LOW,Nội dung bình thường hoặc không có yêu cầu nguy hiểm.,,Không cần cảnh báo. Có thể tiếp tục trò chuyện bình thường.,none,none,general,SOUTH,NONE,vietnamese_synthetic,self-created,true,no_pii,test
VN_000950,SAFE_0350,Con gửi link bài báo này cho o đọc thử.,SAFE,NONE,LOW,Nội dung bình thường hoặc không có yêu cầu nguy hiểm.,,Không cần cảnh báo. Có thể tiếp tục trò chuyện bình thường.,none,none,general,CENTRAL,NONE,vietnamese_synthetic,self-created,true,no_pii,valid
VN_000017,LOAN_SCAM_0017,"Hồ sơ vay của ba đã được chấp nhận, chuyển phí xác minh để nhận tiền.",SCAM,LOAN_SCAM,HIGH,"Lừa vay tiền, yêu cầu đóng phí trước hoặc gửi giấy tờ cá nhân.",đóng phí; giải ngân; gửi CCCD; phí hồ sơ,Không gửi giấy tờ cá nhân hoặc đóng phí trước cho dịch vụ vay không rõ nguồn.,financial_pressure; urgency,financial_loss; identity_theft,elderly,SOUTH,NONE,vietnamese_synthetic,self-created,true,no_pii,valid
VN_001136,SUSPICIOUS_0136,O xác minh tài khoản giúp bên em trong hôm nay nhé giúp bên em nhé.,SUSPICIOUS,UNKNOWN,MEDIUM,Nội dung có yêu cầu xác minh hoặc cung cấp thông tin nhưng chưa đủ bằng chứng kết luận lừa đảo.,xác minh; thông tin cá nhân; đường dẫn; phản hồi sớm,Cần kiểm tra nguồn gửi. Không cung cấp thông tin nhạy cảm nếu chưa xác minh.,uncertainty; possible_social_engineering,privacy_leak,general,CENTRAL,NONE,vietnamese_synthetic,self-created,true,no_pii,test
VN_001200,SUSPICIOUS_0200,Co gui thong tin de ben em cap nhat ho so giúp bên em nhé.,SUSPICIOUS,UNKNOWN,MEDIUM,Nội dung có yêu cầu xác minh hoặc cung cấp thông tin nhưng chưa đủ bằng chứng kết luận lừa đảo.,xác minh; thông tin cá nhân; đường dẫn; phản hồi sớm,Cần kiểm tra nguồn gửi. Không cung cấp thông tin nhạy cảm nếu chưa xác minh.,uncertainty; possible_social_engineering,privacy_leak,general,NORTH,NO_DIACRITICS,vietnamese_synthetic,self-created,true,no_pii,valid
VN_000012,INVESTMENT_0012,"Cơ hội sinh lời bảo đảm, chú chỉ cần ck là có chuyên gia hỗ trợ.",SCAM,INVESTMENT,HIGH,Hứa lợi nhuận cao bất thường và yêu cầu nạp/chuyển tiền.,lãi 30%; lợi nhuận cao; nạp tiền; chuyển tiền,Không chuyển tiền vào kênh đầu tư không rõ pháp lý. Hỏi người thân hoặc chuyên gia tài chính.,greed; false_promise,financial_loss,elderly,NORTH,ABBREVIATION,vietnamese_synthetic,self-created,true,no_pii,valid
VN_000138,LOAN_SCAM_0138,"Ben em ho tro vay gap, co dong phi mo ho so la nhan tien trong ngay.",SCAM,LOAN_SCAM,HIGH,"Lừa vay tiền, yêu cầu đóng phí trước hoặc gửi giấy tờ cá nhân.",đóng phí; giải ngân; gửi CCCD; phí hồ sơ,Không gửi giấy tờ cá nhân hoặc đóng phí trước cho dịch vụ vay không rõ nguồn.,financial_pressure; urgency,financial_loss; identity_theft,elderly,STANDARD,NO_DIACRITICS,vietnamese_synthetic,self-created,true,no_pii,valid
VN_000129,PRIZE_GIFT_0129,"Bên em tặng mệ phần quà tri ân, cần cung cấp thông tin cá nhân để nhận.",SCAM,PRIZE_GIFT,HIGH,Dùng quà tặng hoặc trúng thưởng để dụ cung cấp thông tin hoặc chuyển phí.,trúng thưởng; nhận quà; đóng phí; chuyển phí,Không chuyển phí hoặc cung cấp thông tin cá nhân để nhận quà không rõ nguồn.,greed; urgency,financial_loss; privacy_leak,elderly,CENTRAL,NONE,vietnamese_synthetic,self-created,true,no_pii,test
VN_000977,SAFE_0377,Con đã chuyển tiền mua thuốc cho mẹ rồi Mã tham chiếu 977.,SAFE,NONE,LOW,Nội dung bình thường hoặc không có yêu cầu nguy hiểm.,,Không cần cảnh báo. Có thể tiếp tục trò chuyện bình thường.,none,none,general,CENTRAL,NONE,vietnamese_synthetic,self-created,true,no_pii,test
VN_000296,PRIZE_GIFT_0296,"Bên em tặng cô phần quà tri ân, cần cung cấp thông tin cá nhân để nhận Nếu chậm trễ tài khoản có thể bị khóa.",SCAM,PRIZE_GIFT,HIGH,Dùng quà tặng hoặc trúng thưởng để dụ cung cấp thông tin hoặc chuyển phí.,trúng thưởng; nhận quà; đóng phí; chuyển phí,Không chuyển phí hoặc cung cấp thông tin cá nhân để nhận quà không rõ nguồn.,greed; urgency,financial_loss; privacy_leak,elderly,SOUTH,NONE,vietnamese_synthetic,self-created,true,no_pii,test
VN_000158,JOB_SCAM_0158,"Chú chỉ cần làm nhiệm vụ online, nạp trước 300 nghìn để nhận việc.",SCAM,JOB_SCAM,MEDIUM,"Lừa việc làm online, yêu cầu đóng phí hoặc nạp tiền trước.",nạp trước; đóng phí; kích hoạt tài khoản,Không đóng phí để nhận việc. Kiểm tra công ty và hợp đồng rõ ràng.,financial_pressure; false_promise,financial_loss,elderly,STANDARD,NONE,vietnamese_synthetic,self-created,true,no_pii,train
VN_000428,JOB_SCAM_0428,"Việc nhẹ lương cao, cô đóng phí hồ sơ là có thể bắt đầu ngay Xử lý trong hôm nay giúp cháu.",SCAM,JOB_SCAM,MEDIUM,"Lừa việc làm online, yêu cầu đóng phí hoặc nạp tiền trước.",nạp trước; đóng phí; kích hoạt tài khoản,Không đóng phí để nhận việc. Kiểm tra công ty và hợp đồng rõ ràng.,financial_pressure; false_promise,financial_loss,elderly,STANDARD,OBFUSCATION,vietnamese_synthetic,self-created,true,no_pii,train
VN_001161,SUSPICIOUS_0161,Bên em cần bác xác nhận giao dịch này ngay hôm nay giúp bên em nhé.,SUSPICIOUS,UNKNOWN,MEDIUM,Nội dung có yêu cầu xác minh hoặc cung cấp thông tin nhưng chưa đủ bằng chứng kết luận lừa đảo.,xác minh; thông tin cá nhân; đường dẫn; phản hồi sớm,Cần kiểm tra nguồn gửi. Không cung cấp thông tin nhạy cảm nếu chưa xác minh.,uncertainty; possible_social_engineering,privacy_leak,general,STANDARD,NONE,vietnamese_synthetic,self-created,true,no_pii,test
VN_000892,SAFE_0292,Con gửi link bài báo này cho cô đọc thử chiều nay cũng được nha.,SAFE,NONE,LOW,Nội dung bình thường hoặc không có yêu cầu nguy hiểm.,,Không cần cảnh báo. Có thể tiếp tục trò chuyện bình thường.,none,none,general,NORTH,NONE,vietnamese_synthetic,self-created,true,no_pii,test
VN_000862,SAFE_0262,Con đã chuyển tiền mua thuốc cho mẹ rồi Mã tham chiếu 862.,SAFE,NONE,LOW,Nội dung bình thường hoặc không có yêu cầu nguy hiểm.,,Không cần cảnh báo. Có thể tiếp tục trò chuyện bình thường.,none,none,general,NORTH,NONE,vietnamese_synthetic,self-created,true,no_pii,valid
VN_000193,EMERGENCY_MONEY_0193,"Mẹ ơi con đang cấp cứu, chuyển gấp cho con 5 triệu, đừng gọi lại Làm ngay giúp bên cháu.",SCAM,EMERGENCY_MONEY,HIGH,"Giả danh người thân, tạo tình huống khẩn cấp và yêu cầu chuyển tiền.",cấp cứu; chuyển gấp; đừng gọi lại; khẩn cấp,Không chuyển tiền vội. Gọi trực tiếp cho người thân qua số quen thuộc để xác minh.,urgency; trust_abuse; secrecy,financial_loss,elderly,STANDARD,NONE,vietnamese_synthetic,self-created,true,no_pii,train
VN_000992,SAFE_0392,Cô kiểm tra giúp con lịch hẹn khám bệnh ngày mai nhé khi nào rảnh nha.,SAFE,NONE,LOW,Nội dung bình thường hoặc không có yêu cầu nguy hiểm.,,Không cần cảnh báo. Có thể tiếp tục trò chuyện bình thường.,none,none,general,NORTH,NONE,vietnamese_synthetic,self-created,true,no_pii,test
VN_000929,SAFE_0329,"Ngân hàng thông báo bảo trì hệ thống vào tối nay, không yêu cầu cung cấp thông tin Mã tham chiếu 929.",SAFE,NONE,LOW,Nội dung bình thường hoặc không có yêu cầu nguy hiểm.,,Không cần cảnh báo. Có thể tiếp tục trò chuyện bình thường.,none,none,general,SOUTH,NONE,vietnamese_synthetic,self-created,true,no_pii,test
VN_001193,SUSPICIOUS_0193,"Tai khoan cua bac co dau hieu bat thuong, vui long phan hoi som trong hôm nay giúp em.",SUSPICIOUS,UNKNOWN,MEDIUM,Nội dung có yêu cầu xác minh hoặc cung cấp thông tin nhưng chưa đủ bằng chứng kết luận lừa đảo.,xác minh; thông tin cá nhân; đường dẫn; phản hồi sớm,Cần kiểm tra nguồn gửi. Không cung cấp thông tin nhạy cảm nếu chưa xác minh.,uncertainty; possible_social_engineering,privacy_leak,general,NORTH,NO_DIACRITICS,vietnamese_synthetic,self-created,true,no_pii,test
VN_001172,SUSPICIOUS_0172,"Tài khoản của cô có dấu hiệu bất thường, vui lòng phản hồi sớm trong hôm nay giúp em.",SUSPICIOUS,UNKNOWN,MEDIUM,Nội dung có yêu cầu xác minh hoặc cung cấp thông tin nhưng chưa đủ bằng chứng kết luận lừa đảo.,xác minh; thông tin cá nhân; đường dẫn; phản hồi sớm,Cần kiểm tra nguồn gửi. Không cung cấp thông tin nhạy cảm nếu chưa xác minh.,uncertainty; possible_social_engineering,privacy_leak,general,STANDARD,NONE,vietnamese_synthetic,self-created,true,no_pii,test
VN_000217,EMERGENCY_MONEY_0217,"Me oi con dang cap cuu, chuyen gap cho con 5 trieu, dung goi lai Xử lý trong hôm nay giúp cháu.",SCAM,EMERGENCY_MONEY,HIGH,"Giả danh người thân, tạo tình huống khẩn cấp và yêu cầu chuyển tiền.",cấp cứu; chuyển gấp; đừng gọi lại; khẩn cấp,Không chuyển tiền vội. Gọi trực tiếp cho người thân qua số quen thuộc để xác minh.,urgency; trust_abuse; secrecy,financial_loss,elderly,SOUTH,NO_DIACRITICS,vietnamese_synthetic,self-created,true,no_pii,train
VN_001034,SUSPICIOUS_0034,Mệ bấm vào đường dẫn này để xem chi tiết chương trình.,SUSPICIOUS,UNKNOWN,MEDIUM,Nội dung có yêu cầu xác minh hoặc cung cấp thông tin nhưng chưa đủ bằng chứng kết luận lừa đảo.,xác minh; thông tin cá nhân; đường dẫn; phản hồi sớm,Cần kiểm tra nguồn gửi. Không cung cấp thông tin nhạy cảm nếu chưa xác minh.,uncertainty; possible_social_engineering,privacy_leak,general,CENTRAL,NONE,vietnamese_synthetic,self-created,true,no_pii,test
VN_000905,SAFE_0305,Con gửi link bài báo này cho chú đọc thử cho con biết nhé.,SAFE,NONE,LOW,Nội dung bình thường hoặc không có yêu cầu nguy hiểm.,,Không cần cảnh báo. Có thể tiếp tục trò chuyện bình thường.,none,none,general,NORTH,NONE,vietnamese_synthetic,self-created,true,no_pii,valid
VN_000391,PHISHING_LINK_0391,Chú cần đăng nhập vào <LINK> để kiểm tra giao dịch bất thường Bên cháu đang chờ phản hồi.,SCAM,PHISHING_LINK,HIGH,Dụ người dùng bấm link lạ để đánh cắp thông tin.,<LINK>; bấm link; đăng nhập,Không bấm link lạ. Chỉ truy cập website hoặc ứng dụng chính thức.,technical_confusion; urgency,credential_theft; malware_install,elderly,NORTH,OBFUSCATION,vietnamese_synthetic,self-created,true,no_pii,test
VN_000856,SAFE_0256,Con gui link bai bao nay cho chu doc thu nhé.,SAFE,NONE,LOW,Nội dung bình thường hoặc không có yêu cầu nguy hiểm.,,Không cần cảnh báo. Có thể tiếp tục trò chuyện bình thường.,none,none,general,NORTH,NO_DIACRITICS,vietnamese_synthetic,self-created,true,no_pii,test
VN_000392,INVESTMENT_0392,"Chú đầu tư 3 triệu hôm nay, cam kết nhận lãi 30% sau một tuần Nếu chậm trễ tài khoản có thể bị khóa.",SCAM,INVESTMENT,HIGH,Hứa lợi nhuận cao bất thường và yêu cầu nạp/chuyển tiền.,lãi 30%; lợi nhuận cao; nạp tiền; chuyển tiền,Không chuyển tiền vào kênh đầu tư không rõ pháp lý. Hỏi người thân hoặc chuyên gia tài chính.,greed; false_promise,financial_loss,elderly,STANDARD,NONE,vietnamese_synthetic,self-created,true,no_pii,valid
VN_000871,SAFE_0271,Con gửi link bài báo này cho mệ đọc thử.,SAFE,NONE,LOW,Nội dung bình thường hoặc không có yêu cầu nguy hiểm.,,Không cần cảnh báo. Có thể tiếp tục trò chuyện bình thường.,none,none,general,CENTRAL,NONE,vietnamese_synthetic,self-created,true,no_pii,valid
VN_000326,EMERGENCY_MONEY_0326,"Bác ơi con bị tai nạn, gửi tiền ngay vào số tài khoản này giúp con.",SCAM,EMERGENCY_MONEY,HIGH,"Giả danh người thân, tạo tình huống khẩn cấp và yêu cầu chuyển tiền.",cấp cứu; chuyển gấp; đừng gọi lại; khẩn cấp,Không chuyển tiền vội. Gọi trực tiếp cho người thân qua số quen thuộc để xác minh.,urgency; trust_abuse; secrecy,financial_loss,elderly,CENTRAL,NONE,vietnamese_synthetic,self-created,true,no_pii,train
VN_000641,SAFE_0041,Mai con về nhà ăn cơm với ba mẹ nha.,SAFE,NONE,LOW,Nội dung bình thường hoặc không có yêu cầu nguy hiểm.,,Không cần cảnh báo. Có thể tiếp tục trò chuyện bình thường.,none,none,general,STANDARD,NONE,vietnamese_synthetic,self-created,true,no_pii,valid
VN_000404,LOAN_SCAM_0404,"Ben em ho tro vay gap, chu dong phi mo ho so la nhan tien trong ngay Làm ngay giúp bên cháu.",SCAM,LOAN_SCAM,HIGH,"Lừa vay tiền, yêu cầu đóng phí trước hoặc gửi giấy tờ cá nhân.",đóng phí; giải ngân; gửi CCCD; phí hồ sơ,Không gửi giấy tờ cá nhân hoặc đóng phí trước cho dịch vụ vay không rõ nguồn.,financial_pressure; urgency,financial_loss; identity_theft,elderly,NORTH,NO_DIACRITICS,vietnamese_synthetic,self-created,true,no_pii,valid
VN_000900,SAFE_0300,Bác nhớ uống thuốc đúng giờ nha ạ.,SAFE,NONE,LOW,Nội dung bình thường hoặc không có yêu cầu nguy hiểm.,,Không cần cảnh báo. Có thể tiếp tục trò chuyện bình thường.,none,none,general,CENTRAL,NONE,vietnamese_synthetic,self-created,true,no_pii,valid
VN_000720,SAFE_0120,Mệ nhớ uống thuốc đúng giờ nha.,SAFE,NONE,LOW,Nội dung bình thường hoặc không có yêu cầu nguy hiểm.,,Không cần cảnh báo. Có thể tiếp tục trò chuyện bình thường.,none,none,general,CENTRAL,NONE,vietnamese_synthetic,self-created,true,no_pii,valid
VN_001083,SUSPICIOUS_0083,Ben em can co xac nhan giao dich nay ngay hom nay.,SUSPICIOUS,UNKNOWN,MEDIUM,Nội dung có yêu cầu xác minh hoặc cung cấp thông tin nhưng chưa đủ bằng chứng kết luận lừa đảo.,xác minh; thông tin cá nhân; đường dẫn; phản hồi sớm,Cần kiểm tra nguồn gửi. Không cung cấp thông tin nhạy cảm nếu chưa xác minh.,uncertainty; possible_social_engineering,privacy_leak,general,SOUTH,NO_DIACRITICS,vietnamese_synthetic,self-created,true,no_pii,test
VN_001035,SUSPICIOUS_0035,Chú xm tk giúp bên em trong hôm nay nhé.,SUSPICIOUS,UNKNOWN,MEDIUM,Nội dung có yêu cầu xác minh hoặc cung cấp thông tin nhưng chưa đủ bằng chứng kết luận lừa đảo.,xác minh; thông tin cá nhân; đường dẫn; phản hồi sớm,Cần kiểm tra nguồn gửi. Không cung cấp thông tin nhạy cảm nếu chưa xác minh.,uncertainty; possible_social_engineering,privacy_leak,general,STANDARD,ABBREVIATION,vietnamese_synthetic,self-created,true,no_pii,test
VN_001029,SUSPICIOUS_0029,Chú bấm vào đường dẫn này để xem chi tiết chương trình.,SUSPICIOUS,UNKNOWN,MEDIUM,Nội dung có yêu cầu xác minh hoặc cung cấp thông tin nhưng chưa đủ bằng chứng kết luận lừa đảo.,xác minh; thông tin cá nhân; đường dẫn; phản hồi sớm,Cần kiểm tra nguồn gửi. Không cung cấp thông tin nhạy cảm nếu chưa xác minh.,uncertainty; possible_social_engineering,privacy_leak,general,SOUTH,NONE,vietnamese_synthetic,self-created,true,no_pii,test
VN_000289,OTP_BANK_0289,O đọc giúp cháu dãy 6 số vừa gửi về điện thoại để hoàn tất xác minh Làm ngay giúp bên cháu.,SCAM,OTP_BANK,HIGH,Yêu cầu cung cấp OTP hoặc mã xác nhận ngân hàng.,mã OTP; mã xác nhận; dãy 6 số,Không cung cấp OTP hoặc mã xác nhận. Gọi trực tiếp ngân hàng để kiểm tra.,urgency; technical_confusion,credential_theft,elderly,CENTRAL,OBFUSCATION,vietnamese_synthetic,self-created,true,no_pii,train
VN_000113,PHISHING_LINK_0113,Vui lòng truy cập <LINK> để nhận hỗ trợ hoàn tiền Bên cháu đang chờ phản hồi.,SCAM,PHISHING_LINK,HIGH,Dụ người dùng bấm link lạ để đánh cắp thông tin.,<LINK>; bấm link; đăng nhập,Không bấm link lạ. Chỉ truy cập website hoặc ứng dụng chính thức.,technical_confusion; urgency,credential_theft; malware_install,elderly,SOUTH,NONE,vietnamese_synthetic,self-created,true,no_pii,test
VN_000368,LOAN_SCAM_0368,"Ho so vay cua bac da duoc chap nhan, chuyen phi xac minh de nhan tien.",SCAM,LOAN_SCAM,HIGH,"Lừa vay tiền, yêu cầu đóng phí trước hoặc gửi giấy tờ cá nhân.",đóng phí; giải ngân; gửi CCCD; phí hồ sơ,Không gửi giấy tờ cá nhân hoặc đóng phí trước cho dịch vụ vay không rõ nguồn.,financial_pressure; urgency,financial_loss; identity_theft,elderly,STANDARD,NO_DIACRITICS,vietnamese_synthetic,self-created,true,no_pii,test
VN_000574,PHISHING_LINK_0574,Con hỏi thăm sức khỏe chút. Má cần đăng nhập vào <LINK> để kiểm tra giao dịch bất thường.,SCAM,PHISHING_LINK,HIGH,Dụ người dùng bấm link lạ để đánh cắp thông tin.,<LINK>; bấm link; đăng nhập,Không bấm link lạ. Chỉ truy cập website hoặc ứng dụng chính thức.,technical_confusion; urgency,credential_theft; malware_install,elderly,SOUTH,MIXED_INTENT,vietnamese_synthetic,self-created,true,no_pii,train
VN_000721,SAFE_0121,"Mã đơn hàng của chú là 123456, hàng sẽ giao trong hôm nay ạ.",SAFE,NONE,LOW,Nội dung bình thường hoặc không có yêu cầu nguy hiểm.,,Không cần cảnh báo. Có thể tiếp tục trò chuyện bình thường.,none,none,general,STANDARD,NONE,vietnamese_synthetic,self-created,true,no_pii,valid
VN_001022,SUSPICIOUS_0022,Bên em cần kiểm tra thông tin cá nhân của ba để hỗ trợ.,SUSPICIOUS,UNKNOWN,MEDIUM,Nội dung có yêu cầu xác minh hoặc cung cấp thông tin nhưng chưa đủ bằng chứng kết luận lừa đảo.,xác minh; thông tin cá nhân; đường dẫn; phản hồi sớm,Cần kiểm tra nguồn gửi. Không cung cấp thông tin nhạy cảm nếu chưa xác minh.,uncertainty; possible_social_engineering,privacy_leak,general,SOUTH,NONE,vietnamese_synthetic,self-created,true,no_pii,valid
VN_000055,PHISHING_LINK_0055,"Đơn hàng của mệ gặp lỗi, bấm vào <LINK> để cập nhật thông tin nhận hàng.",SCAM,PHISHING_LINK,HIGH,Dụ người dùng bấm link lạ để đánh cắp thông tin.,<LINK>; bấm link; đăng nhập,Không bấm link lạ. Chỉ truy cập website hoặc ứng dụng chính thức.,technical_confusion; urgency,credential_theft; malware_install,elderly,CENTRAL,NONE,vietnamese_synthetic,self-created,true,no_pii,test
VN_001186,SUSPICIOUS_0186,"Tài khoản của cô có dấu hiệu bất thường, vui lòng phản hồi sớm nếu cần em sẽ hướng dẫn thêm.",SUSPICIOUS,UNKNOWN,MEDIUM,Nội dung có yêu cầu xác minh hoặc cung cấp thông tin nhưng chưa đủ bằng chứng kết luận lừa đảo.,xác minh; thông tin cá nhân; đường dẫn; phản hồi sớm,Cần kiểm tra nguồn gửi. Không cung cấp thông tin nhạy cảm nếu chưa xác minh.,uncertainty; possible_social_engineering,privacy_leak,general,NORTH,ABBREVIATION,vietnamese_synthetic,self-created,true,no_pii,test
VN_000379,PHISHING_LINK_0379,Bác bấm link <LINK> để xác minh tài khoản trước khi bị khóa Xử lý trong hôm nay giúp cháu.,SCAM,PHISHING_LINK,HIGH,Dụ người dùng bấm link lạ để đánh cắp thông tin.,<LINK>; bấm link; đăng nhập,Không bấm link lạ. Chỉ truy cập website hoặc ứng dụng chính thức.,technical_confusion; urgency,credential_theft; malware_install,elderly,NORTH,NONE,vietnamese_synthetic,self-created,true,no_pii,train
VN_001102,SUSPICIOUS_0102,Em có cơ hội đầu tư muốn giới thiệu cho chú.,SUSPICIOUS,UNKNOWN,MEDIUM,Nội dung có yêu cầu xác minh hoặc cung cấp thông tin nhưng chưa đủ bằng chứng kết luận lừa đảo.,xác minh; thông tin cá nhân; đường dẫn; phản hồi sớm,Cần kiểm tra nguồn gửi. Không cung cấp thông tin nhạy cảm nếu chưa xác minh.,uncertainty; possible_social_engineering,privacy_leak,general,SOUTH,ABBREVIATION,vietnamese_synthetic,self-created,true,no_pii,valid
VN_000302,INVESTMENT_0302,"Con hỏi thăm sức khỏe chút. Chú tham gia nhóm đầu tư nội bộ, lợi nhuận chắc chắn không rủi ro.",SCAM,INVESTMENT,HIGH,Hứa lợi nhuận cao bất thường và yêu cầu nạp/chuyển tiền.,lãi 30%; lợi nhuận cao; nạp tiền; chuyển tiền,Không chuyển tiền vào kênh đầu tư không rõ pháp lý. Hỏi người thân hoặc chuyên gia tài chính.,greed; false_promise,financial_loss,elderly,NORTH,MIXED_INTENT,vietnamese_synthetic,self-created,true,no_pii,valid
VN_000917,SAFE_0317,"Con đặt xe cho o rồi, tài xế sẽ đến trong 10 phút ạ.",SAFE,NONE,LOW,Nội dung bình thường hoặc không có yêu cầu nguy hiểm.,,Không cần cảnh báo. Có thể tiếp tục trò chuyện bình thường.,none,none,general,CENTRAL,NONE,vietnamese_synthetic,self-created,true,no_pii,test
VN_001082,SUSPICIOUS_0082,Chú gửi thông tin để bên em cập nhật hồ sơ giúp bên em nhé.,SUSPICIOUS,UNKNOWN,MEDIUM,Nội dung có yêu cầu xác minh hoặc cung cấp thông tin nhưng chưa đủ bằng chứng kết luận lừa đảo.,xác minh; thông tin cá nhân; đường dẫn; phản hồi sớm,Cần kiểm tra nguồn gửi. Không cung cấp thông tin nhạy cảm nếu chưa xác minh.,uncertainty; possible_social_engineering,privacy_leak,general,NORTH,OBFUSCATION,vietnamese_synthetic,self-created,true,no_pii,test
VN_000523,PRIZE_GIFT_0523,"Chú được chọn nhận phần thưởng 20 triệu, vui lòng đóng phí hồ sơ trước Xử lý trong hôm nay giúp cháu.",SCAM,PRIZE_GIFT,HIGH,Dùng quà tặng hoặc trúng thưởng để dụ cung cấp thông tin hoặc chuyển phí.,trúng thưởng; nhận quà; đóng phí; chuyển phí,Không chuyển phí hoặc cung cấp thông tin cá nhân để nhận quà không rõ nguồn.,greed; urgency,financial_loss; privacy_leak,elderly,NORTH,NONE,vietnamese_synthetic,self-created,true,no_pii,valid
VN_000627,SAFE_0027,"O oi, toi nay ca nha goi video nhe.",SAFE,NONE,LOW,Nội dung bình thường hoặc không có yêu cầu nguy hiểm.,,Không cần cảnh báo. Có thể tiếp tục trò chuyện bình thường.,none,none,general,CENTRAL,NO_DIACRITICS,vietnamese_synthetic,self-created,true,no_pii,valid
VN_001054,SUSPICIOUS_0054,Bên em cần kiểm tra thông tin cá nhân của cô để hỗ trợ giúp bên em nhé.,SUSPICIOUS,UNKNOWN,MEDIUM,Nội dung có yêu cầu xác minh hoặc cung cấp thông tin nhưng chưa đủ bằng chứng kết luận lừa đảo.,xác minh; thông tin cá nhân; đường dẫn; phản hồi sớm,Cần kiểm tra nguồn gửi. Không cung cấp thông tin nhạy cảm nếu chưa xác minh.,uncertainty; possible_social_engineering,privacy_leak,general,NORTH,NONE,vietnamese_synthetic,self-created,true,no_pii,test
VN_000597,INVESTMENT_0597,"Cô tham gia nhóm đầu tư nội bộ, lợi nhuận chắc chắn không rủi ro Làm ngay giúp bên cháu.",SCAM,INVESTMENT,HIGH,Hứa lợi nhuận cao bất thường và yêu cầu nạp/chuyển tiền.,lãi 30%; lợi nhuận cao; nạp tiền; chuyển tiền,Không chuyển tiền vào kênh đầu tư không rõ pháp lý. Hỏi người thân hoặc chuyên gia tài chính.,greed; false_promise,financial_loss,elderly,STANDARD,NONE,vietnamese_synthetic,self-created,true,no_pii,test
VN_000092,FAKE_POLICE_0092,"Chu dang bi nghi ngo lien quan duong day lua dao, can lam theo huong dan ngai.",SCAM,FAKE_POLICE,HIGH,"Giả danh cơ quan chức năng, đe dọa và yêu cầu chuyển tiền.",công an; viện kiểm sát; vụ án; chuyển tiền,Không chuyển tiền. Gọi người thân hoặc cơ quan công an địa phương để xác minh.,authority_impersonation; fear; secrecy,financial_loss,elderly,SOUTH,TYPO,vietnamese_synthetic,self-created,true,no_pii,train
VN_000353,JOB_SCAM_0353,"Bên em tuyển cộng tác viên tại nhà, cần ck kích hoạt tk Làm ngay giúp bên cháu.",SCAM,JOB_SCAM,MEDIUM,"Lừa việc làm online, yêu cầu đóng phí hoặc nạp tiền trước.",nạp trước; đóng phí; kích hoạt tài khoản,Không đóng phí để nhận việc. Kiểm tra công ty và hợp đồng rõ ràng.,financial_pressure; false_promise,financial_loss,elderly,NORTH,ABBREVIATION,vietnamese_synthetic,self-created,true,no_pii,train
VN_000736,SAFE_0136,"Hom nay troi mua, me nho mang ao mua.",SAFE,NONE,LOW,Nội dung bình thường hoặc không có yêu cầu nguy hiểm.,,Không cần cảnh báo. Có thể tiếp tục trò chuyện bình thường.,none,none,general,CENTRAL,NO_DIACRITICS,vietnamese_synthetic,self-created,true,no_pii,valid
VN_000883,SAFE_0283,Con da chuyen tien mua thuoc cho me roi chiều nay cũng được nha.,SAFE,NONE,LOW,Nội dung bình thường hoặc không có yêu cầu nguy hiểm.,,Không cần cảnh báo. Có thể tiếp tục trò chuyện bình thường.,none,none,general,NORTH,NO_DIACRITICS,vietnamese_synthetic,self-created,true,no_pii,test
VN_000312,PRIZE_GIFT_0312,"Mệ trúng thưởng may mắn, chuyển phí vận chuyển để nhận quà ngay hôm nay Làm ngay giúp bên cháu.",SCAM,PRIZE_GIFT,HIGH,Dùng quà tặng hoặc trúng thưởng để dụ cung cấp thông tin hoặc chuyển phí.,trúng thưởng; nhận quà; đóng phí; chuyển phí,Không chuyển phí hoặc cung cấp thông tin cá nhân để nhận quà không rõ nguồn.,greed; urgency,financial_loss; privacy_leak,elderly,CENTRAL,NONE,vietnamese_synthetic,self-created,true,no_pii,valid
VN_000696,SAFE_0096,"Ma don hang cua chu la 123456, hang se giao trong hom nay.",SAFE,NONE,LOW,Nội dung bình thường hoặc không có yêu cầu nguy hiểm.,,Không cần cảnh báo. Có thể tiếp tục trò chuyện bình thường.,none,none,general,NORTH,TYPO,vietnamese_synthetic,self-created,true,no_pii,test
VN_000814,SAFE_0214,"Co oi, toi nay ca nha goi video nhe nha.",SAFE,NONE,LOW,Nội dung bình thường hoặc không có yêu cầu nguy hiểm.,,Không cần cảnh báo. Có thể tiếp tục trò chuyện bình thường.,none,none,general,SOUTH,TYPO,vietnamese_synthetic,self-created,true,no_pii,valid
VN_000584,JOB_SCAM_0584,"Mệ nhận job online, hoàn thành đơn đầu tiên sẽ được hoàn tiền và thưởng Làm ngay giúp bên cháu.",SCAM,JOB_SCAM,MEDIUM,"Lừa việc làm online, yêu cầu đóng phí hoặc nạp tiền trước.",nạp trước; đóng phí; kích hoạt tài khoản,Không đóng phí để nhận việc. Kiểm tra công ty và hợp đồng rõ ràng.,financial_pressure; false_promise,financial_loss,elderly,CENTRAL,NONE,vietnamese_synthetic,self-created,true,no_pii,train
VN_000307,OTP_BANK_0307,Mệ gửi mã OT P vừa nhận được để ngân hàng xác minh t.khoản ngay nhé.,SCAM,OTP_BANK,HIGH,Yêu cầu cung cấp OTP hoặc mã xác nhận ngân hàng.,mã OTP; mã xác nhận; dãy 6 số,Không cung cấp OTP hoặc mã xác nhận. Gọi trực tiếp ngân hàng để kiểm tra.,urgency; technical_confusion,credential_theft,elderly,CENTRAL,OBFUSCATION,vietnamese_synthetic,self-created,true,no_pii,train
VN_000325,FAKE_POLICE_0325,"Mệ không được nói với ai, hãy ck vào tk tạm giữ để phục vụ xm.",SCAM,FAKE_POLICE,HIGH,"Giả danh cơ quan chức năng, đe dọa và yêu cầu chuyển tiền.",công an; viện kiểm sát; vụ án; chuyển tiền,Không chuyển tiền. Gọi người thân hoặc cơ quan công an địa phương để xác minh.,authority_impersonation; fear; secrecy,financial_loss,elderly,CENTRAL,ABBREVIATION,vietnamese_synthetic,self-created,true,no_pii,train
VN_000698,SAFE_0098,Mai con về nhà ăn cơm với ba mẹ cho con biết nhé.,SAFE,NONE,LOW,Nội dung bình thường hoặc không có yêu cầu nguy hiểm.,,Không cần cảnh báo. Có thể tiếp tục trò chuyện bình thường.,none,none,general,SOUTH,NONE,vietnamese_synthetic,self-created,true,no_pii,test
VN_000211,OTP_BANK_0211,"Con hỏi thăm sức khỏe chút. Tài khoản của chú đang bị khóa, gửi mã xác nhận để mở lại.",SCAM,OTP_BANK,HIGH,Yêu cầu cung cấp OTP hoặc mã xác nhận ngân hàng.,mã OTP; mã xác nhận; dãy 6 số,Không cung cấp OTP hoặc mã xác nhận. Gọi trực tiếp ngân hàng để kiểm tra.,urgency; technical_confusion,credential_theft,elderly,STANDARD,MIXED_INTENT,vietnamese_synthetic,self-created,true,no_pii,train
VN_000201,INVESTMENT_0201,"Ben em co san dau tu loi nhuan cao, bac nap tien som de giu suat.",SCAM,INVESTMENT,HIGH,Hứa lợi nhuận cao bất thường và yêu cầu nạp/chuyển tiền.,lãi 30%; lợi nhuận cao; nạp tiền; chuyển tiền,Không chuyển tiền vào kênh đầu tư không rõ pháp lý. Hỏi người thân hoặc chuyên gia tài chính.,greed; false_promise,financial_loss,elderly,STANDARD,NO_DIACRITICS,vietnamese_synthetic,self-created,true,no_pii,valid
VN_000458,JOB_SCAM_0458,"Việc nhẹ lương cao, mệ đóng phí hồ sơ là có thể bắt đầu ngay Làm ngay giúp bên cháu.",SCAM,JOB_SCAM,MEDIUM,"Lừa việc làm online, yêu cầu đóng phí hoặc nạp tiền trước.",nạp trước; đóng phí; kích hoạt tài khoản,Không đóng phí để nhận việc. Kiểm tra công ty và hợp đồng rõ ràng.,financial_pressure; false_promise,financial_loss,elderly,CENTRAL,OBFUSCATION,vietnamese_synthetic,self-created,true,no_pii,train
VN_000592,PHISHING_LINK_0592,Chú mở đường dẫn <LINK> để xác minh t.khoản trước khi bị khóa.,SCAM,PHISHING_LINK,HIGH,Dụ người dùng bấm link lạ để đánh cắp thông tin.,<LINK>; bấm link; đăng nhập,Không bấm link lạ. Chỉ truy cập website hoặc ứng dụng chính thức.,technical_confusion; urgency,credential_theft; malware_install,elderly,STANDARD,OBFUSCATION,vietnamese_synthetic,self-created,true,no_pii,train
VN_001140,SUSPICIOUS_0140,Cô xác minh tài khoản giúp bên em trong hôm nay nhé để bên em kiểm tra lại.,SUSPICIOUS,UNKNOWN,MEDIUM,Nội dung có yêu cầu xác minh hoặc cung cấp thông tin nhưng chưa đủ bằng chứng kết luận lừa đảo.,xác minh; thông tin cá nhân; đường dẫn; phản hồi sớm,Cần kiểm tra nguồn gửi. Không cung cấp thông tin nhạy cảm nếu chưa xác minh.,uncertainty; possible_social_engineering,privacy_leak,general,SOUTH,NONE,vietnamese_synthetic,self-created,true,no_pii,valid
VN_000400,FAKE_POLICE_0400,"Cô/chú cứ bình tĩnh, bên cháu hỗ trợ nhanh thôi. Chúng tôi là công an, má đang liên quan đến vụ án rửa tiền, cần chuyển tiền để điều tra. Làm ngay để tránh bị khóa dịch vụ.",SCAM,FAKE_POLICE,HIGH,"Giả danh cơ quan chức năng, đe dọa và yêu cầu chuyển tiền.",công an; viện kiểm sát; vụ án; chuyển tiền,Không chuyển tiền. Gọi người thân hoặc cơ quan công an địa phương để xác minh.,authority_impersonation; fear; secrecy,financial_loss,elderly,SOUTH,LONG_CONTEXT,vietnamese_synthetic,self-created,true,no_pii,train
VN_000299,LOAN_SCAM_0299,"Con hỏi thăm sức khỏe chút. Bên em hỗ trợ vay gấp, bác đóng phí mở hồ sơ là nhận tiền trong ngày.",SCAM,LOAN_SCAM,HIGH,"Lừa vay tiền, yêu cầu đóng phí trước hoặc gửi giấy tờ cá nhân.",đóng phí; giải ngân; gửi CCCD; phí hồ sơ,Không gửi giấy tờ cá nhân hoặc đóng phí trước cho dịch vụ vay không rõ nguồn.,financial_pressure; urgency,financial_loss; identity_theft,elderly,STANDARD,MIXED_INTENT,vietnamese_synthetic,self-created,true,no_pii,test
VN_000545,FAKE_POLICE_0545,"Bác đang bị nghi ngờ liên quan đường dây lừa đảo, cần làm theo hướng dẫn ngay Xử lý trong hôm nay giúp cháu.",SCAM,FAKE_POLICE,HIGH,"Giả danh cơ quan chức năng, đe dọa và yêu cầu chuyển tiền.",công an; viện kiểm sát; vụ án; chuyển tiền,Không chuyển tiền. Gọi người thân hoặc cơ quan công an địa phương để xác minh.,authority_impersonation; fear; secrecy,financial_loss,elderly,NORTH,NONE,vietnamese_synthetic,self-created,true,no_pii,train
VN_000464,PRIZE_GIFT_0464,"Chúc mừng chú đã trúng xe máy, bấm <LINK> để nhận quà Làm ngay giúp bên cháu.",SCAM,PRIZE_GIFT,HIGH,Dùng quà tặng hoặc trúng thưởng để dụ cung cấp thông tin hoặc chuyển phí.,trúng thưởng; nhận quà; đóng phí; chuyển phí,Không chuyển phí hoặc cung cấp thông tin cá nhân để nhận quà không rõ nguồn.,greed; urgency,financial_loss; privacy_leak,elderly,NORTH,NONE,vietnamese_synthetic,self-created,true,no_pii,test
VN_000153,PHISHING_LINK_0153,Vui long truy cap <LINK> de nhan ho tro hoan tien.,SCAM,PHISHING_LINK,HIGH,Dụ người dùng bấm link lạ để đánh cắp thông tin.,<LINK>; bấm link; đăng nhập,Không bấm link lạ. Chỉ truy cập website hoặc ứng dụng chính thức.,technical_confusion; urgency,credential_theft; malware_install,elderly,STANDARD,NO_DIACRITICS,vietnamese_synthetic,self-created,true,no_pii,test
VN_000843,SAFE_0243,Con gui link bai bao nay cho chu doc thu nha.,SAFE,NONE,LOW,Nội dung bình thường hoặc không có yêu cầu nguy hiểm.,,Không cần cảnh báo. Có thể tiếp tục trò chuyện bình thường.,none,none,general,NORTH,NO_DIACRITICS,vietnamese_synthetic,self-created,true,no_pii,valid
VN_000151,PRIZE_GIFT_0151,"Má trúng thưởng may mắn, chuyển phí vận chuyển để nhận quà ngay hôm nay.",SCAM,PRIZE_GIFT,HIGH,Dùng quà tặng hoặc trúng thưởng để dụ cung cấp thông tin hoặc chuyển phí.,trúng thưởng; nhận quà; đóng phí; chuyển phí,Không chuyển phí hoặc cung cấp thông tin cá nhân để nhận quà không rõ nguồn.,greed; urgency,financial_loss; privacy_leak,elderly,SOUTH,NONE,vietnamese_synthetic,self-created,true,no_pii,valid
VN_000776,SAFE_0176,Con đã chuyển tiền mua thuốc cho mẹ rồi Mã tham chiếu 776.,SAFE,NONE,LOW,Nội dung bình thường hoặc không có yêu cầu nguy hiểm.,,Không cần cảnh báo. Có thể tiếp tục trò chuyện bình thường.,none,none,general,SOUTH,NONE,vietnamese_synthetic,self-created,true,no_pii,test
VN_000001,FAKE_POLICE_0001,"Bên viện kiểm sát yêu cầu bác hợp tác ngay, nếu không sẽ bị phong tỏa tài sản.",SCAM,FAKE_POLICE,HIGH,"Giả danh cơ quan chức năng, đe dọa và yêu cầu chuyển tiền.",công an; viện kiểm sát; vụ án; chuyển tiền,Không chuyển tiền. Gọi người thân hoặc cơ quan công an địa phương để xác minh.,authority_impersonation; fear; secrecy,financial_loss,elderly,STANDARD,NONE,vietnamese_synthetic,self-created,true,no_pii,train
VN_000830,SAFE_0230,Chu nho uong thuoc dung gio nha nhé.,SAFE,NONE,LOW,Nội dung bình thường hoặc không có yêu cầu nguy hiểm.,,Không cần cảnh báo. Có thể tiếp tục trò chuyện bình thường.,none,none,general,NORTH,NO_DIACRITICS,vietnamese_synthetic,self-created,true,no_pii,valid
VN_000652,SAFE_0052,Chú nhớ uống thuốc đúng giờ nha nha.,SAFE,NONE,LOW,Nội dung bình thường hoặc không có yêu cầu nguy hiểm.,,Không cần cảnh báo. Có thể tiếp tục trò chuyện bình thường.,none,none,general,SOUTH,NONE,vietnamese_synthetic,self-created,true,no_pii,valid
VN_001124,SUSPICIOUS_0124,Bác gửi thông tin để bên em cập nhật hồ sơ phản hồi sớm giúp em nha.,SUSPICIOUS,UNKNOWN,MEDIUM,Nội dung có yêu cầu xác minh hoặc cung cấp thông tin nhưng chưa đủ bằng chứng kết luận lừa đảo.,xác minh; thông tin cá nhân; đường dẫn; phản hồi sớm,Cần kiểm tra nguồn gửi. Không cung cấp thông tin nhạy cảm nếu chưa xác minh.,uncertainty; possible_social_engineering,privacy_leak,general,NORTH,NONE,vietnamese_synthetic,self-created,true,no_pii,test
VN_001159,SUSPICIOUS_0159,"Tai khoan cua bac co dau hieu bat thuong, vui long phan hoi som giúp bên em nhé.",SUSPICIOUS,UNKNOWN,MEDIUM,Nội dung có yêu cầu xác minh hoặc cung cấp thông tin nhưng chưa đủ bằng chứng kết luận lừa đảo.,xác minh; thông tin cá nhân; đường dẫn; phản hồi sớm,Cần kiểm tra nguồn gửi. Không cung cấp thông tin nhạy cảm nếu chưa xác minh.,uncertainty; possible_social_engineering,privacy_leak,general,CENTRAL,NO_DIACRITICS,vietnamese_synthetic,self-created,true,no_pii,test
VN_000143,FAKE_POLICE_0143,"Chú không được nói với ai, hãy chuyển tiền vào tài khoản tạm giữ để phục vụ xác minh Làm ngay giúp bên cháu.",SCAM,FAKE_POLICE,HIGH,"Giả danh cơ quan chức năng, đe dọa và yêu cầu chuyển tiền.",công an; viện kiểm sát; vụ án; chuyển tiền,Không chuyển tiền. Gọi người thân hoặc cơ quan công an địa phương để xác minh.,authority_impersonation; fear; secrecy,financial_loss,elderly,NORTH,NONE,vietnamese_synthetic,self-created,true,no_pii,train
VN_000837,SAFE_0237,"Ngân hàng thông báo bảo trì hệ thống vào tối nay, không yêu cầu cung cấp thông tin Mã tham chiếu 837.",SAFE,NONE,LOW,Nội dung bình thường hoặc không có yêu cầu nguy hiểm.,,Không cần cảnh báo. Có thể tiếp tục trò chuyện bình thường.,none,none,general,STANDARD,NONE,vietnamese_synthetic,self-created,true,no_pii,test
VN_000223,PRIZE_GIFT_0223,"Chúc mừng ba đã trúng xe máy, bấm <LINK> để nhận quà.",SCAM,PRIZE_GIFT,HIGH,Dùng quà tặng hoặc trúng thưởng để dụ cung cấp thông tin hoặc chuyển phí.,trúng thưởng; nhận quà; đóng phí; chuyển phí,Không chuyển phí hoặc cung cấp thông tin cá nhân để nhận quà không rõ nguồn.,greed; urgency,financial_loss; privacy_leak,elderly,SOUTH,OBFUSCATION,vietnamese_synthetic,self-created,true,no_pii,valid
VN_000093,INVESTMENT_0093,"Ba tham gia nhóm đầu tư nội bộ, lợi nhuận chắc chắn không rủi ro. please check now",SCAM,INVESTMENT,HIGH,Hứa lợi nhuận cao bất thường và yêu cầu nạp/chuyển tiền.,lãi 30%; lợi nhuận cao; nạp tiền; chuyển tiền,Không chuyển tiền vào kênh đầu tư không rõ pháp lý. Hỏi người thân hoặc chuyên gia tài chính.,greed; false_promise,financial_loss,elderly,SOUTH,CODE_SWITCHING,vietnamese_synthetic,self-created,true,no_pii,valid
VN_000063,JOB_SCAM_0063,"Cô/chú cứ bình tĩnh, bên cháu hỗ trợ nhanh thôi. Cô chỉ cần làm nhiệm vụ online, nạp trước 300 nghìn để nhận việc. Làm ngay để tránh bị khóa dịch vụ Làm ngay giúp bên cháu.",SCAM,JOB_SCAM,MEDIUM,"Lừa việc làm online, yêu cầu đóng phí hoặc nạp tiền trước.",nạp trước; đóng phí; kích hoạt tài khoản,Không đóng phí để nhận việc. Kiểm tra công ty và hợp đồng rõ ràng.,financial_pressure; false_promise,financial_loss,elderly,STANDARD,LONG_CONTEXT,vietnamese_synthetic,self-created,true,no_pii,train
VN_001137,SUSPICIOUS_0137,Em có cơ hội đầu tư muốn giới thiệu cho chú để bên em kiểm tra lại.,SUSPICIOUS,UNKNOWN,MEDIUM,Nội dung có yêu cầu xác minh hoặc cung cấp thông tin nhưng chưa đủ bằng chứng kết luận lừa đảo.,xác minh; thông tin cá nhân; đường dẫn; phản hồi sớm,Cần kiểm tra nguồn gửi. Không cung cấp thông tin nhạy cảm nếu chưa xác minh.,uncertainty; possible_social_engineering,privacy_leak,general,SOUTH,NONE,vietnamese_synthetic,self-created,true,no_pii,test
VN_000661,SAFE_0061,"Con đặt xe cho chú rồi, tài xế sẽ đến trong 10 phút.",SAFE,NONE,LOW,Nội dung bình thường hoặc không có yêu cầu nguy hiểm.,,Không cần cảnh báo. Có thể tiếp tục trò chuyện bình thường.,none,none,general,SOUTH,NONE,vietnamese_synthetic,self-created,true,no_pii,valid
VN_000507,EMERGENCY_MONEY_0507,"Ba oi con bi tai nan, gui tien ngay vao so tai khoan nay giup con.",SCAM,EMERGENCY_MONEY,HIGH,"Giả danh người thân, tạo tình huống khẩn cấp và yêu cầu chuyển tiền.",cấp cứu; chuyển gấp; đừng gọi lại; khẩn cấp,Không chuyển tiền vội. Gọi trực tiếp cho người thân qua số quen thuộc để xác minh.,urgency; trust_abuse; secrecy,financial_loss,elderly,SOUTH,NO_DIACRITICS,vietnamese_synthetic,self-created,true,no_pii,train
VN_000336,PRIZE_GIFT_0336,"Bac duoc chon nhan phan thuong 20 trieu, vui long dong phi ho so truoc.",SCAM,PRIZE_GIFT,HIGH,Dùng quà tặng hoặc trúng thưởng để dụ cung cấp thông tin hoặc chuyển phí.,trúng thưởng; nhận quà; đóng phí; chuyển phí,Không chuyển phí hoặc cung cấp thông tin cá nhân để nhận quà không rõ nguồn.,greed; urgency,financial_loss; privacy_leak,elderly,STANDARD,NO_DIACRITICS,vietnamese_synthetic,self-created,true,no_pii,test
VN_000389,INVESTMENT_0389,"Chu tham gia nhom dau tu noi bo, loi nhuan chac chan khong rui ro.",SCAM,INVESTMENT,HIGH,Hứa lợi nhuận cao bất thường và yêu cầu nạp/chuyển tiền.,lãi 30%; lợi nhuận cao; nạp tiền; chuyển tiền,Không chuyển tiền vào kênh đầu tư không rõ pháp lý. Hỏi người thân hoặc chuyên gia tài chính.,greed; false_promise,financial_loss,elderly,NORTH,TYPO,vietnamese_synthetic,self-created,true,no_pii,test
VN_000840,SAFE_0240,"Mã đơn hàng của chú là 123456, hàng sẽ giao trong hôm nay để con yên tâm nha.",SAFE,NONE,LOW,Nội dung bình thường hoặc không có yêu cầu nguy hiểm.,,Không cần cảnh báo. Có thể tiếp tục trò chuyện bình thường.,none,none,general,STANDARD,NONE,vietnamese_synthetic,self-created,true,no_pii,valid
VN_000790,SAFE_0190,Con đã chuyển tiền mua thuốc cho mẹ rồi Mã tham chiếu 790.,SAFE,NONE,LOW,Nội dung bình thường hoặc không có yêu cầu nguy hiểm.,,Không cần cảnh báo. Có thể tiếp tục trò chuyện bình thường.,none,none,general,STANDARD,NONE,vietnamese_synthetic,self-created,true,no_pii,valid
VN_000865,SAFE_0265,Chú nhớ uống thuốc đúng giờ nha ạ.,SAFE,NONE,LOW,Nội dung bình thường hoặc không có yêu cầu nguy hiểm.,,Không cần cảnh báo. Có thể tiếp tục trò chuyện bình thường.,none,none,general,STANDARD,NONE,vietnamese_synthetic,self-created,true,no_pii,test
VN_000888,SAFE_0288,Chú kiểm tra giúp con lịch hẹn khám bệnh ngày mai nhé để con yên tâm nha.,SAFE,NONE,LOW,Nội dung bình thường hoặc không có yêu cầu nguy hiểm.,,Không cần cảnh báo. Có thể tiếp tục trò chuyện bình thường.,none,none,general,NORTH,NONE,vietnamese_synthetic,self-created,true,no_pii,test
VN_000702,SAFE_0102,"Hôm nay trời mưa, má nhớ mang áo mưa nha.",SAFE,NONE,LOW,Nội dung bình thường hoặc không có yêu cầu nguy hiểm.,,Không cần cảnh báo. Có thể tiếp tục trò chuyện bình thường.,none,none,general,SOUTH,NONE,vietnamese_synthetic,self-created,true,no_pii,valid
VN_000112,EMERGENCY_MONEY_0112,"Bac dung hoi nhieu, con can tien xu ly viec khan cap, chuyen ngai giup con.",SCAM,EMERGENCY_MONEY,HIGH,"Giả danh người thân, tạo tình huống khẩn cấp và yêu cầu chuyển tiền.",cấp cứu; chuyển gấp; đừng gọi lại; khẩn cấp,Không chuyển tiền vội. Gọi trực tiếp cho người thân qua số quen thuộc để xác minh.,urgency; trust_abuse; secrecy,financial_loss,elderly,NORTH,TYPO,vietnamese_synthetic,self-created,true,no_pii,train
VN_001198,SUSPICIOUS_0198,Mệ xác minh tài khoản giúp bên em trong hôm nay nhé.,SUSPICIOUS,UNKNOWN,MEDIUM,Nội dung có yêu cầu xác minh hoặc cung cấp thông tin nhưng chưa đủ bằng chứng kết luận lừa đảo.,xác minh; thông tin cá nhân; đường dẫn; phản hồi sớm,Cần kiểm tra nguồn gửi. Không cung cấp thông tin nhạy cảm nếu chưa xác minh.,uncertainty; possible_social_engineering,privacy_leak,general,CENTRAL,NONE,vietnamese_synthetic,self-created,true,no_pii,test
VN_000072,PHISHING_LINK_0072,Vui lòng truy cập <LINK> để nhận hỗ trợ hoàn tiền. please check now Làm ngay giúp bên cháu.,SCAM,PHISHING_LINK,HIGH,Dụ người dùng bấm link lạ để đánh cắp thông tin.,<LINK>; bấm link; đăng nhập,Không bấm link lạ. Chỉ truy cập website hoặc ứng dụng chính thức.,technical_confusion; urgency,credential_theft; malware_install,elderly,SOUTH,CODE_SWITCHING,vietnamese_synthetic,self-created,true,no_pii,test
VN_001012,SUSPICIOUS_0012,"Tài khoản của chú có dấu hiệu bất thường, vui lòng phản hồi sớm giúp bên em nhé.",SUSPICIOUS,UNKNOWN,MEDIUM,Nội dung có yêu cầu xác minh hoặc cung cấp thông tin nhưng chưa đủ bằng chứng kết luận lừa đảo.,xác minh; thông tin cá nhân; đường dẫn; phản hồi sớm,Cần kiểm tra nguồn gửi. Không cung cấp thông tin nhạy cảm nếu chưa xác minh.,uncertainty; possible_social_engineering,privacy_leak,general,NORTH,NONE,vietnamese_synthetic,self-created,true,no_pii,valid
VN_001069,SUSPICIOUS_0069,Bên em cần cô xác nhận giao dịch này ngay hôm nay trong hôm nay giúp em.,SUSPICIOUS,UNKNOWN,MEDIUM,Nội dung có yêu cầu xác minh hoặc cung cấp thông tin nhưng chưa đủ bằng chứng kết luận lừa đảo.,xác minh; thông tin cá nhân; đường dẫn; phản hồi sớm,Cần kiểm tra nguồn gửi. Không cung cấp thông tin nhạy cảm nếu chưa xác minh.,uncertainty; possible_social_engineering,privacy_leak,general,STANDARD,OBFUSCATION,vietnamese_synthetic,self-created,true,no_pii,test
VN_000181,PRIZE_GIFT_0181,"Bên em tặng cô phần quà tri ân, cần cung cấp thông tin cá nhân để nhận Xử lý trong hôm nay giúp cháu.",SCAM,PRIZE_GIFT,HIGH,Dùng quà tặng hoặc trúng thưởng để dụ cung cấp thông tin hoặc chuyển phí.,trúng thưởng; nhận quà; đóng phí; chuyển phí,Không chuyển phí hoặc cung cấp thông tin cá nhân để nhận quà không rõ nguồn.,greed; urgency,financial_loss; privacy_leak,elderly,STANDARD,OBFUSCATION,vietnamese_synthetic,self-created,true,no_pii,valid
VN_000456,PHISHING_LINK_0456,"Cô/chú cứ bình tĩnh, bên cháu hỗ trợ nhanh thôi. Chú cần đăng nhập vào <LINK> để kiểm tra giao dịch bất thường. Làm ngay để tránh bị khóa dịch vụ.",SCAM,PHISHING_LINK,HIGH,Dụ người dùng bấm link lạ để đánh cắp thông tin.,<LINK>; bấm link; đăng nhập,Không bấm link lạ. Chỉ truy cập website hoặc ứng dụng chính thức.,technical_confusion; urgency,credential_theft; malware_install,elderly,NORTH,LONG_CONTEXT,vietnamese_synthetic,self-created,true,no_pii,train
VN_000842,SAFE_0242,Bác nhớ uống thuốc đúng giờ nha nha.,SAFE,NONE,LOW,Nội dung bình thường hoặc không có yêu cầu nguy hiểm.,,Không cần cảnh báo. Có thể tiếp tục trò chuyện bình thường.,none,none,general,STANDARD,NONE,vietnamese_synthetic,self-created,true,no_pii,valid
VN_000961,SAFE_0361,Má kiểm tra giúp con lịch hẹn khám bệnh ngày mai nhé nhé.,SAFE,NONE,LOW,Nội dung bình thường hoặc không có yêu cầu nguy hiểm.,,Không cần cảnh báo. Có thể tiếp tục trò chuyện bình thường.,none,none,general,SOUTH,NONE,vietnamese_synthetic,self-created,true,no_pii,valid
VN_000569,PHISHING_LINK_0569,Vui lòng truy cập <LINK> để nhận hỗ trợ hoàn tiền Mã tham chiếu 569.,SCAM,PHISHING_LINK,HIGH,Dụ người dùng bấm link lạ để đánh cắp thông tin.,<LINK>; bấm link; đăng nhập,Không bấm link lạ. Chỉ truy cập website hoặc ứng dụng chính thức.,technical_confusion; urgency,credential_theft; malware_install,elderly,SOUTH,OBFUSCATION,vietnamese_synthetic,self-created,true,no_pii,train
VN_001074,SUSPICIOUS_0074,Ben em can kiem tra thong tin ca nhan cua co de ho tro.,SUSPICIOUS,UNKNOWN,MEDIUM,Nội dung có yêu cầu xác minh hoặc cung cấp thông tin nhưng chưa đủ bằng chứng kết luận lừa đảo.,xác minh; thông tin cá nhân; đường dẫn; phản hồi sớm,Cần kiểm tra nguồn gửi. Không cung cấp thông tin nhạy cảm nếu chưa xác minh.,uncertainty; possible_social_engineering,privacy_leak,general,STANDARD,NO_DIACRITICS,vietnamese_synthetic,self-created,true,no_pii,test
VN_000475,PHISHING_LINK_0475,"Đơn hàng của cô gặp lỗi, bấm vào <LINK> để cập nhật thông tin nhận hàng.",SCAM,PHISHING_LINK,HIGH,Dụ người dùng bấm link lạ để đánh cắp thông tin.,<LINK>; bấm link; đăng nhập,Không bấm link lạ. Chỉ truy cập website hoặc ứng dụng chính thức.,technical_confusion; urgency,credential_theft; malware_install,elderly,SOUTH,NONE,vietnamese_synthetic,self-created,true,no_pii,train
VN_000993,SAFE_0393,Ba nhớ uống thuốc đúng giờ nha nha.,SAFE,NONE,LOW,Nội dung bình thường hoặc không có yêu cầu nguy hiểm.,,Không cần cảnh báo. Có thể tiếp tục trò chuyện bình thường.,none,none,general,SOUTH,NONE,vietnamese_synthetic,self-created,true,no_pii,test
VN_001066,SUSPICIOUS_0066,"Tai khoan cua chu co dau hieu bat thuong, vui long phan hoi som trong hôm nay giúp em.",SUSPICIOUS,UNKNOWN,MEDIUM,Nội dung có yêu cầu xác minh hoặc cung cấp thông tin nhưng chưa đủ bằng chứng kết luận lừa đảo.,xác minh; thông tin cá nhân; đường dẫn; phản hồi sớm,Cần kiểm tra nguồn gửi. Không cung cấp thông tin nhạy cảm nếu chưa xác minh.,uncertainty; possible_social_engineering,privacy_leak,general,SOUTH,NO_DIACRITICS,vietnamese_synthetic,self-created,true,no_pii,test
VN_000118,FAKE_POLICE_0118,"O đang bị nghi ngờ liên quan đường dây lừa đảo, cần làm theo hướng dẫn ngay.",SCAM,FAKE_POLICE,HIGH,"Giả danh cơ quan chức năng, đe dọa và yêu cầu chuyển tiền.",công an; viện kiểm sát; vụ án; chuyển tiền,Không chuyển tiền. Gọi người thân hoặc cơ quan công an địa phương để xác minh.,authority_impersonation; fear; secrecy,financial_loss,elderly,CENTRAL,OBFUSCATION,vietnamese_synthetic,self-created,true,no_pii,train
VN_000499,EMERGENCY_MONEY_0499,"Chú đừng hỏi nhiều, con cần tiền xử lý việc khẩn cấp, chuyển ngay giúp con Xử lý trong hôm nay giúp cháu.",SCAM,EMERGENCY_MONEY,HIGH,"Giả danh người thân, tạo tình huống khẩn cấp và yêu cầu chuyển tiền.",cấp cứu; chuyển gấp; đừng gọi lại; khẩn cấp,Không chuyển tiền vội. Gọi trực tiếp cho người thân qua số quen thuộc để xác minh.,urgency; trust_abuse; secrecy,financial_loss,elderly,NORTH,NONE,vietnamese_synthetic,self-created,true,no_pii,train
VN_001071,SUSPICIOUS_0071,Bac xac minh tai khoan giup ben em trong hom nay nhe giúp bên em nhé.,SUSPICIOUS,UNKNOWN,MEDIUM,Nội dung có yêu cầu xác minh hoặc cung cấp thông tin nhưng chưa đủ bằng chứng kết luận lừa đảo.,xác minh; thông tin cá nhân; đường dẫn; phản hồi sớm,Cần kiểm tra nguồn gửi. Không cung cấp thông tin nhạy cảm nếu chưa xác minh.,uncertainty; possible_social_engineering,privacy_leak,general,NORTH,NO_DIACRITICS,vietnamese_synthetic,self-created,true,no_pii,test
VN_001088,SUSPICIOUS_0088,Em co co hoi dau tu muon gioi thieu cho me.,SUSPICIOUS,UNKNOWN,MEDIUM,Nội dung có yêu cầu xác minh hoặc cung cấp thông tin nhưng chưa đủ bằng chứng kết luận lừa đảo.,xác minh; thông tin cá nhân; đường dẫn; phản hồi sớm,Cần kiểm tra nguồn gửi. Không cung cấp thông tin nhạy cảm nếu chưa xác minh.,uncertainty; possible_social_engineering,privacy_leak,general,CENTRAL,TYPO,vietnamese_synthetic,self-created,true,no_pii,test
VN_000729,SAFE_0129,Con gửi link bài báo này cho ba đọc thử.,SAFE,NONE,LOW,Nội dung bình thường hoặc không có yêu cầu nguy hiểm.,,Không cần cảnh báo. Có thể tiếp tục trò chuyện bình thường.,none,none,general,SOUTH,NONE,vietnamese_synthetic,self-created,true,no_pii,test
VN_000758,SAFE_0158,Con da chuyen tien mua thuoc cho me roi khi nào rảnh nha.,SAFE,NONE,LOW,Nội dung bình thường hoặc không có yêu cầu nguy hiểm.,,Không cần cảnh báo. Có thể tiếp tục trò chuyện bình thường.,none,none,general,STANDARD,TYPO,vietnamese_synthetic,self-created,true,no_pii,test
VN_000080,PRIZE_GIFT_0080,"Bác trúng thưởng may mắn, chuyển phí vận chuyển để nhận quà ngay hôm nay.",SCAM,PRIZE_GIFT,HIGH,Dùng quà tặng hoặc trúng thưởng để dụ cung cấp thông tin hoặc chuyển phí.,trúng thưởng; nhận quà; đóng phí; chuyển phí,Không chuyển phí hoặc cung cấp thông tin cá nhân để nhận quà không rõ nguồn.,greed; urgency,financial_loss; privacy_leak,elderly,CENTRAL,NONE,vietnamese_synthetic,self-created,true,no_pii,valid
VN_000686,SAFE_0086,Con đã chuyển tiền mua thuốc cho mẹ rồi khi nào rảnh nha.,SAFE,NONE,LOW,Nội dung bình thường hoặc không có yêu cầu nguy hiểm.,,Không cần cảnh báo. Có thể tiếp tục trò chuyện bình thường.,none,none,general,STANDARD,NONE,vietnamese_synthetic,self-created,true,no_pii,test
VN_000679,SAFE_0079,"Mã đơn hàng của bác là 123456, hàng sẽ giao trong hôm nay ạ.",SAFE,NONE,LOW,Nội dung bình thường hoặc không có yêu cầu nguy hiểm.,,Không cần cảnh báo. Có thể tiếp tục trò chuyện bình thường.,none,none,general,CENTRAL,NONE,vietnamese_synthetic,self-created,true,no_pii,test
VN_001089,SUSPICIOUS_0089,"Tài khoản của má có dấu hiệu bất thường, vui lòng phản hồi sớm.",SUSPICIOUS,UNKNOWN,MEDIUM,Nội dung có yêu cầu xác minh hoặc cung cấp thông tin nhưng chưa đủ bằng chứng kết luận lừa đảo.,xác minh; thông tin cá nhân; đường dẫn; phản hồi sớm,Cần kiểm tra nguồn gửi. Không cung cấp thông tin nhạy cảm nếu chưa xác minh.,uncertainty; possible_social_engineering,privacy_leak,general,SOUTH,NONE,vietnamese_synthetic,self-created,true,no_pii,test
VN_001166,SUSPICIOUS_0166,Bác xác minh tài khoản giúp bên em trong hôm nay nhé phản hồi sớm giúp em nha.,SUSPICIOUS,UNKNOWN,MEDIUM,Nội dung có yêu cầu xác minh hoặc cung cấp thông tin nhưng chưa đủ bằng chứng kết luận lừa đảo.,xác minh; thông tin cá nhân; đường dẫn; phản hồi sớm,Cần kiểm tra nguồn gửi. Không cung cấp thông tin nhạy cảm nếu chưa xác minh.,uncertainty; possible_social_engineering,privacy_leak,general,NORTH,NONE,vietnamese_synthetic,self-created,true,no_pii,test
VN_000887,SAFE_0287,"Mã đơn hàng của mệ là 123456, hàng sẽ giao trong hôm nay.",SAFE,NONE,LOW,Nội dung bình thường hoặc không có yêu cầu nguy hiểm.,,Không cần cảnh báo. Có thể tiếp tục trò chuyện bình thường.,none,none,general,CENTRAL,NONE,vietnamese_synthetic,self-created,true,no_pii,test
VN_000558,JOB_SCAM_0558,"Việc nhẹ lương cao, bác đóng phí hồ sơ là có thể bắt đầu ngay Xử lý trong hôm nay giúp cháu.",SCAM,JOB_SCAM,MEDIUM,"Lừa việc làm online, yêu cầu đóng phí hoặc nạp tiền trước.",nạp trước; đóng phí; kích hoạt tài khoản,Không đóng phí để nhận việc. Kiểm tra công ty và hợp đồng rõ ràng.,financial_pressure; false_promise,financial_loss,elderly,NORTH,NONE,vietnamese_synthetic,self-created,true,no_pii,train
VN_000351,OTP_BANK_0351,"Ngan hang can kiem tra bao mat, chu cung cap ma OTP ngay de tranh khoa tai khoan.",SCAM,OTP_BANK,HIGH,Yêu cầu cung cấp OTP hoặc mã xác nhận ngân hàng.,mã OTP; mã xác nhận; dãy 6 số,Không cung cấp OTP hoặc mã xác nhận. Gọi trực tiếp ngân hàng để kiểm tra.,urgency; technical_confusion,credential_theft,elderly,STANDARD,NO_DIACRITICS,vietnamese_synthetic,self-created,true,no_pii,train
VN_000807,SAFE_0207,Bac nho uong thuoc dung gio nha nha.,SAFE,NONE,LOW,Nội dung bình thường hoặc không có yêu cầu nguy hiểm.,,Không cần cảnh báo. Có thể tiếp tục trò chuyện bình thường.,none,none,general,CENTRAL,NO_DIACRITICS,vietnamese_synthetic,self-created,true,no_pii,valid
VN_000581,FAKE_POLICE_0581,"Bac khong duoc noi voi ai, hay chuyen tien vao tai khoan tam giu de phuc vu xac minh Xử lý trong hôm nay giúp cháu.",SCAM,FAKE_POLICE,HIGH,"Giả danh cơ quan chức năng, đe dọa và yêu cầu chuyển tiền.",công an; viện kiểm sát; vụ án; chuyển tiền,Không chuyển tiền. Gọi người thân hoặc cơ quan công an địa phương để xác minh.,authority_impersonation; fear; secrecy,financial_loss,elderly,STANDARD,TYPO,vietnamese_synthetic,self-created,true,no_pii,train
VN_000446,PRIZE_GIFT_0446,"Bác trúng thưởng may mắn, chuyển phí vận chuyển để nhận quà ngay hôm nay Bên cháu đang chờ phản hồi.",SCAM,PRIZE_GIFT,HIGH,Dùng quà tặng hoặc trúng thưởng để dụ cung cấp thông tin hoặc chuyển phí.,trúng thưởng; nhận quà; đóng phí; chuyển phí,Không chuyển phí hoặc cung cấp thông tin cá nhân để nhận quà không rõ nguồn.,greed; urgency,financial_loss; privacy_leak,elderly,STANDARD,OBFUSCATION,vietnamese_synthetic,self-created,true,no_pii,test
VN_000804,SAFE_0204,"Mã đơn hàng của bác là 123456, hàng sẽ giao trong hôm nay Mã tham chiếu 804.",SAFE,NONE,LOW,Nội dung bình thường hoặc không có yêu cầu nguy hiểm.,,Không cần cảnh báo. Có thể tiếp tục trò chuyện bình thường.,none,none,general,NORTH,NONE,vietnamese_synthetic,self-created,true,no_pii,valid
VN_000442,JOB_SCAM_0442,"Việc nhẹ lương cao, chú đóng phí hồ sơ là có thể bắt đầu ngay Nếu chậm trễ tài khoản có thể bị khóa.",SCAM,JOB_SCAM,MEDIUM,"Lừa việc làm online, yêu cầu đóng phí hoặc nạp tiền trước.",nạp trước; đóng phí; kích hoạt tài khoản,Không đóng phí để nhận việc. Kiểm tra công ty và hợp đồng rõ ràng.,financial_pressure; false_promise,financial_loss,elderly,NORTH,NONE,vietnamese_synthetic,self-created,true,no_pii,train
VN_000606,SAFE_0006,"Má ơi, tối nay cả nhà gọi video nhé.",SAFE,NONE,LOW,Nội dung bình thường hoặc không có yêu cầu nguy hiểm.,,Không cần cảnh báo. Có thể tiếp tục trò chuyện bình thường.,none,none,general,SOUTH,NONE,vietnamese_synthetic,self-created,true,no_pii,valid
VN_000711,SAFE_0111,"Ngan hang thong bao bao tri he thong vao toi nay, khong yeu cau cung cap thong tin cho con biết nhé.",SAFE,NONE,LOW,Nội dung bình thường hoặc không có yêu cầu nguy hiểm.,,Không cần cảnh báo. Có thể tiếp tục trò chuyện bình thường.,none,none,general,SOUTH,TYPO,vietnamese_synthetic,self-created,true,no_pii,valid
VN_000834,SAFE_0234,Cô nhớ uống thuốc đúng giờ nha để con yên tâm nha.,SAFE,NONE,LOW,Nội dung bình thường hoặc không có yêu cầu nguy hiểm.,,Không cần cảnh báo. Có thể tiếp tục trò chuyện bình thường.,none,none,general,SOUTH,NONE,vietnamese_synthetic,self-created,true,no_pii,valid
VN_000214,EMERGENCY_MONEY_0214,"Con đang gặp chuyện gấp, chú chuyển khoản liền cho con 10 triệu nha.",SCAM,EMERGENCY_MONEY,HIGH,"Giả danh người thân, tạo tình huống khẩn cấp và yêu cầu chuyển tiền.",cấp cứu; chuyển gấp; đừng gọi lại; khẩn cấp,Không chuyển tiền vội. Gọi trực tiếp cho người thân qua số quen thuộc để xác minh.,urgency; trust_abuse; secrecy,financial_loss,elderly,NORTH,OBFUSCATION,vietnamese_synthetic,self-created,true,no_pii,train
VN_000349,LOAN_SCAM_0349,"Bên em hỗ trợ vay gấp, má đóng phí mở hồ sơ là nhận tiền trong ngày.",SCAM,LOAN_SCAM,HIGH,"Lừa vay tiền, yêu cầu đóng phí trước hoặc gửi giấy tờ cá nhân.",đóng phí; giải ngân; gửi CCCD; phí hồ sơ,Không gửi giấy tờ cá nhân hoặc đóng phí trước cho dịch vụ vay không rõ nguồn.,financial_pressure; urgency,financial_loss; identity_theft,elderly,SOUTH,NONE,vietnamese_synthetic,self-created,true,no_pii,test
VN_000068,EMERGENCY_MONEY_0068,"Cô ơi con bị tai nạn, gửi tiền ngay vào stk này giúp con.",SCAM,EMERGENCY_MONEY,HIGH,"Giả danh người thân, tạo tình huống khẩn cấp và yêu cầu chuyển tiền.",cấp cứu; chuyển gấp; đừng gọi lại; khẩn cấp,Không chuyển tiền vội. Gọi trực tiếp cho người thân qua số quen thuộc để xác minh.,urgency; trust_abuse; secrecy,financial_loss,elderly,SOUTH,ABBREVIATION,vietnamese_synthetic,self-created,true,no_pii,train
VN_000394,JOB_SCAM_0394,"Cô/chú cứ bình tĩnh, bên cháu hỗ trợ nhanh thôi. Bên em tuyển cộng tác viên tại nhà, cần chuyển tiền kích hoạt tài khoản. Làm ngay để tránh bị khóa dịch vụ.",SCAM,JOB_SCAM,MEDIUM,"Lừa việc làm online, yêu cầu đóng phí hoặc nạp tiền trước.",nạp trước; đóng phí; kích hoạt tài khoản,Không đóng phí để nhận việc. Kiểm tra công ty và hợp đồng rõ ràng.,financial_pressure; false_promise,financial_loss,elderly,NORTH,LONG_CONTEXT,vietnamese_synthetic,self-created,true,no_pii,train
VN_000494,INVESTMENT_0494,"Chú tham gia nhóm đầu tư nội bộ, lợi nhuận chắc chắn không rủi ro Làm ngay giúp bên cháu.",SCAM,INVESTMENT,HIGH,Hứa lợi nhuận cao bất thường và yêu cầu nạp/chuyển tiền.,lãi 30%; lợi nhuận cao; nạp tiền; chuyển tiền,Không chuyển tiền vào kênh đầu tư không rõ pháp lý. Hỏi người thân hoặc chuyên gia tài chính.,greed; false_promise,financial_loss,elderly,SOUTH,NONE,vietnamese_synthetic,self-created,true,no_pii,test
VN_000163,PHISHING_LINK_0163,Co bam link <LINK> de xac minh tai khoan truoc khi bi khoa.,SCAM,PHISHING_LINK,HIGH,Dụ người dùng bấm link lạ để đánh cắp thông tin.,<LINK>; bấm link; đăng nhập,Không bấm link lạ. Chỉ truy cập website hoặc ứng dụng chính thức.,technical_confusion; urgency,credential_theft; malware_install,elderly,NORTH,NO_DIACRITICS,vietnamese_synthetic,self-created,true,no_pii,test
VN_000562,EMERGENCY_MONEY_0562,"Mẹ ơi con đang cấp cứu, chuyển gấp cho con 5tr, đừng gọi lại.",SCAM,EMERGENCY_MONEY,HIGH,"Giả danh người thân, tạo tình huống khẩn cấp và yêu cầu chuyển tiền.",cấp cứu; chuyển gấp; đừng gọi lại; khẩn cấp,Không chuyển tiền vội. Gọi trực tiếp cho người thân qua số quen thuộc để xác minh.,urgency; trust_abuse; secrecy,financial_loss,elderly,CENTRAL,ABBREVIATION,vietnamese_synthetic,self-created,true,no_pii,train
VN_001187,SUSPICIOUS_0187,Bên em cần bác xác nhận giao dịch này ngay hôm nay trong hôm nay giúp em.,SUSPICIOUS,UNKNOWN,MEDIUM,Nội dung có yêu cầu xác minh hoặc cung cấp thông tin nhưng chưa đủ bằng chứng kết luận lừa đảo.,xác minh; thông tin cá nhân; đường dẫn; phản hồi sớm,Cần kiểm tra nguồn gửi. Không cung cấp thông tin nhạy cảm nếu chưa xác minh.,uncertainty; possible_social_engineering,privacy_leak,general,NORTH,NONE,vietnamese_synthetic,self-created,true,no_pii,test
VN_001164,SUSPICIOUS_0164,Em co co hoi dau tu muon gioi thieu cho bac để bên em kiểm tra lại.,SUSPICIOUS,UNKNOWN,MEDIUM,Nội dung có yêu cầu xác minh hoặc cung cấp thông tin nhưng chưa đủ bằng chứng kết luận lừa đảo.,xác minh; thông tin cá nhân; đường dẫn; phản hồi sớm,Cần kiểm tra nguồn gửi. Không cung cấp thông tin nhạy cảm nếu chưa xác minh.,uncertainty; possible_social_engineering,privacy_leak,general,NORTH,TYPO,vietnamese_synthetic,self-created,true,no_pii,test
VN_000245,OTP_BANK_0245,"Cô/chú cứ bình tĩnh, bên cháu hỗ trợ nhanh thôi. Cô đọc giúp cháu dãy 6 số vừa gửi về điện thoại để hoàn tất xác minh. Làm ngay để tránh bị khóa dịch vụ.",SCAM,OTP_BANK,HIGH,Yêu cầu cung cấp OTP hoặc mã xác nhận ngân hàng.,mã OTP; mã xác nhận; dãy 6 số,Không cung cấp OTP hoặc mã xác nhận. Gọi trực tiếp ngân hàng để kiểm tra.,urgency; technical_confusion,credential_theft,elderly,STANDARD,LONG_CONTEXT,vietnamese_synthetic,self-created,true,no_pii,train
VN_001027,SUSPICIOUS_0027,Bác bấm vào đường dẫn này để xem chi tiết chương trình.,SUSPICIOUS,UNKNOWN,MEDIUM,Nội dung có yêu cầu xác minh hoặc cung cấp thông tin nhưng chưa đủ bằng chứng kết luận lừa đảo.,xác minh; thông tin cá nhân; đường dẫn; phản hồi sớm,Cần kiểm tra nguồn gửi. Không cung cấp thông tin nhạy cảm nếu chưa xác minh.,uncertainty; possible_social_engineering,privacy_leak,general,NORTH,NONE,vietnamese_synthetic,self-created,true,no_pii,test
VN_000605,SAFE_0005,"Hôm nay trời mưa, má nhớ mang áo mưa.",SAFE,NONE,LOW,Nội dung bình thường hoặc không có yêu cầu nguy hiểm.,,Không cần cảnh báo. Có thể tiếp tục trò chuyện bình thường.,none,none,general,SOUTH,NONE,vietnamese_synthetic,self-created,true,no_pii,valid
VN_001041,SUSPICIOUS_0041,Bác gửi thông tin để bên em cập nhật hồ sơ giúp bên em nhé.,SUSPICIOUS,UNKNOWN,MEDIUM,Nội dung có yêu cầu xác minh hoặc cung cấp thông tin nhưng chưa đủ bằng chứng kết luận lừa đảo.,xác minh; thông tin cá nhân; đường dẫn; phản hồi sớm,Cần kiểm tra nguồn gửi. Không cung cấp thông tin nhạy cảm nếu chưa xác minh.,uncertainty; possible_social_engineering,privacy_leak,general,STANDARD,OBFUSCATION,vietnamese_synthetic,self-created,true,no_pii,valid
VN_001004,SUSPICIOUS_0004,"Tài khoản của chú có dấu hiệu bất thường, vui lòng phản hồi sớm.",SUSPICIOUS,UNKNOWN,MEDIUM,Nội dung có yêu cầu xác minh hoặc cung cấp thông tin nhưng chưa đủ bằng chứng kết luận lừa đảo.,xác minh; thông tin cá nhân; đường dẫn; phản hồi sớm,Cần kiểm tra nguồn gửi. Không cung cấp thông tin nhạy cảm nếu chưa xác minh.,uncertainty; possible_social_engineering,privacy_leak,general,STANDARD,NONE,vietnamese_synthetic,self-created,true,no_pii,valid
VN_000546,JOB_SCAM_0546,"Việc nhẹ lương cao, o đóng phí hồ sơ là có thể bắt đầu ngay Làm ngay giúp bên cháu.",SCAM,JOB_SCAM,MEDIUM,"Lừa việc làm online, yêu cầu đóng phí hoặc nạp tiền trước.",nạp trước; đóng phí; kích hoạt tài khoản,Không đóng phí để nhận việc. Kiểm tra công ty và hợp đồng rõ ràng.,financial_pressure; false_promise,financial_loss,elderly,CENTRAL,NONE,vietnamese_synthetic,self-created,true,no_pii,train
VN_000310,PRIZE_GIFT_0310,"Bác trúng thưởng may mắn, chuyển phí vận chuyển để nhận quà ngay hôm nay Xử lý trong hôm nay giúp cháu.",SCAM,PRIZE_GIFT,HIGH,Dùng quà tặng hoặc trúng thưởng để dụ cung cấp thông tin hoặc chuyển phí.,trúng thưởng; nhận quà; đóng phí; chuyển phí,Không chuyển phí hoặc cung cấp thông tin cá nhân để nhận quà không rõ nguồn.,greed; urgency,financial_loss; privacy_leak,elderly,STANDARD,NONE,vietnamese_synthetic,self-created,true,no_pii,valid
VN_001131,SUSPICIOUS_0131,"Tài khoản của chú có dấu hiệu bất thường, vui lòng phản hồi sớm nếu cần em sẽ hướng dẫn thêm.",SUSPICIOUS,UNKNOWN,MEDIUM,Nội dung có yêu cầu xác minh hoặc cung cấp thông tin nhưng chưa đủ bằng chứng kết luận lừa đảo.,xác minh; thông tin cá nhân; đường dẫn; phản hồi sớm,Cần kiểm tra nguồn gửi. Không cung cấp thông tin nhạy cảm nếu chưa xác minh.,uncertainty; possible_social_engineering,privacy_leak,general,STANDARD,OBFUSCATION,vietnamese_synthetic,self-created,true,no_pii,valid
VN_001015,SUSPICIOUS_0015,Bên em cần kiểm tra thông tin cá nhân của má để hỗ trợ giúp bên em nhé.,SUSPICIOUS,UNKNOWN,MEDIUM,Nội dung có yêu cầu xác minh hoặc cung cấp thông tin nhưng chưa đủ bằng chứng kết luận lừa đảo.,xác minh; thông tin cá nhân; đường dẫn; phản hồi sớm,Cần kiểm tra nguồn gửi. Không cung cấp thông tin nhạy cảm nếu chưa xác minh.,uncertainty; possible_social_engineering,privacy_leak,general,SOUTH,NONE,vietnamese_synthetic,self-created,true,no_pii,valid
VN_000666,SAFE_0066,"Mã đơn hàng của bác là 123456, hàng sẽ giao trong hôm nay nhé.",SAFE,NONE,LOW,Nội dung bình thường hoặc không có yêu cầu nguy hiểm.,,Không cần cảnh báo. Có thể tiếp tục trò chuyện bình thường.,none,none,general,NORTH,NONE,vietnamese_synthetic,self-created,true,no_pii,test
VN_000570,INVESTMENT_0570,"Bác đầu tư 3 triệu hôm nay, cam kết nhận lãi 30% sau một tuần Bên cháu đang chờ phản hồi.",SCAM,INVESTMENT,HIGH,Hứa lợi nhuận cao bất thường và yêu cầu nạp/chuyển tiền.,lãi 30%; lợi nhuận cao; nạp tiền; chuyển tiền,Không chuyển tiền vào kênh đầu tư không rõ pháp lý. Hỏi người thân hoặc chuyên gia tài chính.,greed; false_promise,financial_loss,elderly,STANDARD,NONE,vietnamese_synthetic,self-created,true,no_pii,valid
VN_000334,PHISHING_LINK_0334,Vui lòng truy cập <LINK> để nhận hỗ trợ hoàn tiền Vui lòng làm ngay để tránh mất quyền lợi.,SCAM,PHISHING_LINK,HIGH,Dụ người dùng bấm link lạ để đánh cắp thông tin.,<LINK>; bấm link; đăng nhập,Không bấm link lạ. Chỉ truy cập website hoặc ứng dụng chính thức.,technical_confusion; urgency,credential_theft; malware_install,elderly,CENTRAL,OBFUSCATION,vietnamese_synthetic,self-created,true,no_pii,test
VN_000110,INVESTMENT_0110,"Chú đầu tư 3 triệu hôm nay, cam kết nhận lãi 30% sau một tuần Làm ngay giúp bên cháu.",SCAM,INVESTMENT,HIGH,Hứa lợi nhuận cao bất thường và yêu cầu nạp/chuyển tiền.,lãi 30%; lợi nhuận cao; nạp tiền; chuyển tiền,Không chuyển tiền vào kênh đầu tư không rõ pháp lý. Hỏi người thân hoặc chuyên gia tài chính.,greed; false_promise,financial_loss,elderly,NORTH,OBFUSCATION,vietnamese_synthetic,self-created,true,no_pii,valid
VN_000816,SAFE_0216,Mai con ve nha an com voi ba me ạ.,SAFE,NONE,LOW,Nội dung bình thường hoặc không có yêu cầu nguy hiểm.,,Không cần cảnh báo. Có thể tiếp tục trò chuyện bình thường.,none,none,general,CENTRAL,TYPO,vietnamese_synthetic,self-created,true,no_pii,valid
VN_000732,SAFE_0132,"Mã đơn hàng của bác là 123456, hàng sẽ giao trong hôm nay để con yên tâm nha.",SAFE,NONE,LOW,Nội dung bình thường hoặc không có yêu cầu nguy hiểm.,,Không cần cảnh báo. Có thể tiếp tục trò chuyện bình thường.,none,none,general,CENTRAL,NONE,vietnamese_synthetic,self-created,true,no_pii,valid
VN_000981,SAFE_0381,"Con đặt xe cho o rồi, tài xế sẽ đến trong 10 phút khi nào rảnh nha.",SAFE,NONE,LOW,Nội dung bình thường hoặc không có yêu cầu nguy hiểm.,,Không cần cảnh báo. Có thể tiếp tục trò chuyện bình thường.,none,none,general,CENTRAL,NONE,vietnamese_synthetic,self-created,true,no_pii,test
VN_000416,OTP_BANK_0416,"Tài khoản của cô đang bị khóa, gửi mã xác nhận để mở lại Xử lý trong hôm nay giúp cháu.",SCAM,OTP_BANK,HIGH,Yêu cầu cung cấp OTP hoặc mã xác nhận ngân hàng.,mã OTP; mã xác nhận; dãy 6 số,Không cung cấp OTP hoặc mã xác nhận. Gọi trực tiếp ngân hàng để kiểm tra.,urgency; technical_confusion,credential_theft,elderly,SOUTH,ABBREVIATION,vietnamese_synthetic,self-created,true,no_pii,train
VN_000106,LOAN_SCAM_0106,Bác muốn vay nhanh không cần gặp mặt thì gửi CCCD và phí hồ sơ trước Làm ngay giúp bên cháu.,SCAM,LOAN_SCAM,HIGH,"Lừa vay tiền, yêu cầu đóng phí trước hoặc gửi giấy tờ cá nhân.",đóng phí; giải ngân; gửi CCCD; phí hồ sơ,Không gửi giấy tờ cá nhân hoặc đóng phí trước cho dịch vụ vay không rõ nguồn.,financial_pressure; urgency,financial_loss; identity_theft,elderly,NORTH,NONE,vietnamese_synthetic,self-created,true,no_pii,valid
VN_000521,EMERGENCY_MONEY_0521,"Con đang gặp chuyện gấp, bác chuyển khoản liền cho con 10 triệu nha Bên cháu đang chờ phản hồi.",SCAM,EMERGENCY_MONEY,HIGH,"Giả danh người thân, tạo tình huống khẩn cấp và yêu cầu chuyển tiền.",cấp cứu; chuyển gấp; đừng gọi lại; khẩn cấp,Không chuyển tiền vội. Gọi trực tiếp cho người thân qua số quen thuộc để xác minh.,urgency; trust_abuse; secrecy,financial_loss,elderly,CENTRAL,NONE,vietnamese_synthetic,self-created,true,no_pii,train
VN_000131,PRIZE_GIFT_0131,"Bác được chọn nhận phần thưởng 20 triệu, vui lòng đóng phí hồ sơ trước.",SCAM,PRIZE_GIFT,HIGH,Dùng quà tặng hoặc trúng thưởng để dụ cung cấp thông tin hoặc chuyển phí.,trúng thưởng; nhận quà; đóng phí; chuyển phí,Không chuyển phí hoặc cung cấp thông tin cá nhân để nhận quà không rõ nguồn.,greed; urgency,financial_loss; privacy_leak,elderly,NORTH,NONE,vietnamese_synthetic,self-created,true,no_pii,valid
VN_001173,SUSPICIOUS_0173,Em có cơ hội đầu tư muốn giới thiệu cho bác phản hồi sớm giúp em nha.,SUSPICIOUS,UNKNOWN,MEDIUM,Nội dung có yêu cầu xác minh hoặc cung cấp thông tin nhưng chưa đủ bằng chứng kết luận lừa đảo.,xác minh; thông tin cá nhân; đường dẫn; phản hồi sớm,Cần kiểm tra nguồn gửi. Không cung cấp thông tin nhạy cảm nếu chưa xác minh.,uncertainty; possible_social_engineering,privacy_leak,general,STANDARD,NONE,vietnamese_synthetic,self-created,true,no_pii,test
VN_000619,SAFE_0019,"Ma don hang cua bac la 123456, hang se giao trong hom nay.",SAFE,NONE,LOW,Nội dung bình thường hoặc không có yêu cầu nguy hiểm.,,Không cần cảnh báo. Có thể tiếp tục trò chuyện bình thường.,none,none,general,CENTRAL,NO_DIACRITICS,vietnamese_synthetic,self-created,true,no_pii,valid
VN_000357,FAKE_POLICE_0357,"Ben vien kiem sat yeu cau ma hop tac ngay, neu khong se bi phong toa tai san Làm ngay giúp bên cháu.",SCAM,FAKE_POLICE,HIGH,"Giả danh cơ quan chức năng, đe dọa và yêu cầu chuyển tiền.",công an; viện kiểm sát; vụ án; chuyển tiền,Không chuyển tiền. Gọi người thân hoặc cơ quan công an địa phương để xác minh.,authority_impersonation; fear; secrecy,financial_loss,elderly,SOUTH,NO_DIACRITICS,vietnamese_synthetic,self-created,true,no_pii,train
VN_000787,SAFE_0187,"Hôm nay trời mưa, má nhớ mang áo mưa nhé.",SAFE,NONE,LOW,Nội dung bình thường hoặc không có yêu cầu nguy hiểm.,,Không cần cảnh báo. Có thể tiếp tục trò chuyện bình thường.,none,none,general,SOUTH,NONE,vietnamese_synthetic,self-created,true,no_pii,test
VN_000290,EMERGENCY_MONEY_0290,"Chu dung hoi nhieu, con can tien xu ly viec khan cap, chuyen ngai giup con Làm ngay giúp bên cháu.",SCAM,EMERGENCY_MONEY,HIGH,"Giả danh người thân, tạo tình huống khẩn cấp và yêu cầu chuyển tiền.",cấp cứu; chuyển gấp; đừng gọi lại; khẩn cấp,Không chuyển tiền vội. Gọi trực tiếp cho người thân qua số quen thuộc để xác minh.,urgency; trust_abuse; secrecy,financial_loss,elderly,STANDARD,TYPO,vietnamese_synthetic,self-created,true,no_pii,train
VN_000175,LOAN_SCAM_0175,"Bên em hỗ trợ vay gấp, bác đóng phí mở hồ sơ là nhận tiền trong ngày.",SCAM,LOAN_SCAM,HIGH,"Lừa vay tiền, yêu cầu đóng phí trước hoặc gửi giấy tờ cá nhân.",đóng phí; giải ngân; gửi CCCD; phí hồ sơ,Không gửi giấy tờ cá nhân hoặc đóng phí trước cho dịch vụ vay không rõ nguồn.,financial_pressure; urgency,financial_loss; identity_theft,elderly,STANDARD,NONE,vietnamese_synthetic,self-created,true,no_pii,test
VN_000867,SAFE_0267,Con đã chuyển tiền mua thuốc cho mẹ rồi Mã tham chiếu 867.,SAFE,NONE,LOW,Nội dung bình thường hoặc không có yêu cầu nguy hiểm.,,Không cần cảnh báo. Có thể tiếp tục trò chuyện bình thường.,none,none,general,CENTRAL,NONE,vietnamese_synthetic,self-created,true,no_pii,test
VN_000473,PRIZE_GIFT_0473,"Má trúng thưởng may mắn, chuyển phí vận chuyển để nhận quà ngay hôm nay Làm ngay giúp bên cháu.",SCAM,PRIZE_GIFT,HIGH,Dùng quà tặng hoặc trúng thưởng để dụ cung cấp thông tin hoặc chuyển phí.,trúng thưởng; nhận quà; đóng phí; chuyển phí,Không chuyển phí hoặc cung cấp thông tin cá nhân để nhận quà không rõ nguồn.,greed; urgency,financial_loss; privacy_leak,elderly,SOUTH,OBFUSCATION,vietnamese_synthetic,self-created,true,no_pii,test
VN_000491,JOB_SCAM_0491,"Con hỏi thăm sức khỏe chút. Bên em tuyển cộng tác viên tại nhà, cần chuyển tiền kích hoạt tài khoản.",SCAM,JOB_SCAM,MEDIUM,"Lừa việc làm online, yêu cầu đóng phí hoặc nạp tiền trước.",nạp trước; đóng phí; kích hoạt tài khoản,Không đóng phí để nhận việc. Kiểm tra công ty và hợp đồng rõ ràng.,financial_pressure; false_promise,financial_loss,elderly,SOUTH,MIXED_INTENT,vietnamese_synthetic,self-created,true,no_pii,train
VN_001129,SUSPICIOUS_0129,"Tai khoan cua chu co dau hieu bat thuong, vui long phan hoi som để bên em kiểm tra lại.",SUSPICIOUS,UNKNOWN,MEDIUM,Nội dung có yêu cầu xác minh hoặc cung cấp thông tin nhưng chưa đủ bằng chứng kết luận lừa đảo.,xác minh; thông tin cá nhân; đường dẫn; phản hồi sớm,Cần kiểm tra nguồn gửi. Không cung cấp thông tin nhạy cảm nếu chưa xác minh.,uncertainty; possible_social_engineering,privacy_leak,general,NORTH,TYPO,vietnamese_synthetic,self-created,true,no_pii,test
VN_000116,PHISHING_LINK_0116,Vui lòng truy cập <LINK> để nhận hỗ trợ hoàn tiền Nếu chậm trễ tài khoản có thể bị khóa.,SCAM,PHISHING_LINK,HIGH,Dụ người dùng bấm link lạ để đánh cắp thông tin.,<LINK>; bấm link; đăng nhập,Không bấm link lạ. Chỉ truy cập website hoặc ứng dụng chính thức.,technical_confusion; urgency,credential_theft; malware_install,elderly,STANDARD,OBFUSCATION,vietnamese_synthetic,self-created,true,no_pii,test
VN_001087,SUSPICIOUS_0087,Ma bam vao duong dan nay de xem chi tiet chuong trinh.,SUSPICIOUS,UNKNOWN,MEDIUM,Nội dung có yêu cầu xác minh hoặc cung cấp thông tin nhưng chưa đủ bằng chứng kết luận lừa đảo.,xác minh; thông tin cá nhân; đường dẫn; phản hồi sớm,Cần kiểm tra nguồn gửi. Không cung cấp thông tin nhạy cảm nếu chưa xác minh.,uncertainty; possible_social_engineering,privacy_leak,general,SOUTH,NO_DIACRITICS,vietnamese_synthetic,self-created,true,no_pii,test
VN_000067,JOB_SCAM_0067,"Con hỏi thăm sức khỏe chút. Việc nhẹ lương cao, bác đóng phí hồ sơ là có thể bắt đầu ngay.",SCAM,JOB_SCAM,MEDIUM,"Lừa việc làm online, yêu cầu đóng phí hoặc nạp tiền trước.",nạp trước; đóng phí; kích hoạt tài khoản,Không đóng phí để nhận việc. Kiểm tra công ty và hợp đồng rõ ràng.,financial_pressure; false_promise,financial_loss,elderly,NORTH,MIXED_INTENT,vietnamese_synthetic,self-created,true,no_pii,train
VN_000031,EMERGENCY_MONEY_0031,"Con hỏi thăm sức khỏe chút. Bác đừng hỏi nhiều, con cần tiền xử lý việc khẩn cấp, chuyển ngay giúp con.",SCAM,EMERGENCY_MONEY,HIGH,"Giả danh người thân, tạo tình huống khẩn cấp và yêu cầu chuyển tiền.",cấp cứu; chuyển gấp; đừng gọi lại; khẩn cấp,Không chuyển tiền vội. Gọi trực tiếp cho người thân qua số quen thuộc để xác minh.,urgency; trust_abuse; secrecy,financial_loss,elderly,CENTRAL,MIXED_INTENT,vietnamese_synthetic,self-created,true,no_pii,train
VN_000500,PHISHING_LINK_0500,Ba cần đăng nhập vào <LINK> để kiểm tra giao dịch bất thường Bên cháu đang chờ phản hồi.,SCAM,PHISHING_LINK,HIGH,Dụ người dùng bấm link lạ để đánh cắp thông tin.,<LINK>; bấm link; đăng nhập,Không bấm link lạ. Chỉ truy cập website hoặc ứng dụng chính thức.,technical_confusion; urgency,credential_theft; malware_install,elderly,SOUTH,NONE,vietnamese_synthetic,self-created,true,no_pii,test
VN_000465,EMERGENCY_MONEY_0465,"Chú đừng hỏi nhiều, con cần tiền xử lý việc khẩn cấp, chuyển ngay giúp con Làm ngay giúp bên cháu.",SCAM,EMERGENCY_MONEY,HIGH,"Giả danh người thân, tạo tình huống khẩn cấp và yêu cầu chuyển tiền.",cấp cứu; chuyển gấp; đừng gọi lại; khẩn cấp,Không chuyển tiền vội. Gọi trực tiếp cho người thân qua số quen thuộc để xác minh.,urgency; trust_abuse; secrecy,financial_loss,elderly,SOUTH,NONE,vietnamese_synthetic,self-created,true,no_pii,train
VN_000333,PRIZE_GIFT_0333,"Cô/chú cứ bình tĩnh, bên cháu hỗ trợ nhanh thôi. Bên em tặng bác phần quà tri ân, cần cung cấp thông tin cá nhân để nhận. Làm ngay để tránh bị khóa dịch vụ Làm ngay giúp bên cháu.",SCAM,PRIZE_GIFT,HIGH,Dùng quà tặng hoặc trúng thưởng để dụ cung cấp thông tin hoặc chuyển phí.,trúng thưởng; nhận quà; đóng phí; chuyển phí,Không chuyển phí hoặc cung cấp thông tin cá nhân để nhận quà không rõ nguồn.,greed; urgency,financial_loss; privacy_leak,elderly,NORTH,LONG_CONTEXT,vietnamese_synthetic,self-created,true,no_pii,valid
VN_001036,SUSPICIOUS_0036,Bac bam vao duong dan nay de xem chi tiet chuong trinh.,SUSPICIOUS,UNKNOWN,MEDIUM,Nội dung có yêu cầu xác minh hoặc cung cấp thông tin nhưng chưa đủ bằng chứng kết luận lừa đảo.,xác minh; thông tin cá nhân; đường dẫn; phản hồi sớm,Cần kiểm tra nguồn gửi. Không cung cấp thông tin nhạy cảm nếu chưa xác minh.,uncertainty; possible_social_engineering,privacy_leak,general,NORTH,TYPO,vietnamese_synthetic,self-created,true,no_pii,test
VN_000949,SAFE_0349,Con gửi link bài báo này cho cô đọc thử Mã tham chiếu 949.,SAFE,NONE,LOW,Nội dung bình thường hoặc không có yêu cầu nguy hiểm.,,Không cần cảnh báo. Có thể tiếp tục trò chuyện bình thường.,none,none,general,NORTH,NONE,vietnamese_synthetic,self-created,true,no_pii,test
VN_000808,SAFE_0208,"Con đặt xe cho ba rồi, tài xế sẽ đến trong 10 phút nha.",SAFE,NONE,LOW,Nội dung bình thường hoặc không có yêu cầu nguy hiểm.,,Không cần cảnh báo. Có thể tiếp tục trò chuyện bình thường.,none,none,general,SOUTH,NONE,vietnamese_synthetic,self-created,true,no_pii,valid
VN_000339,PRIZE_GIFT_0339,"Chu trung thuong may man, chuyen phi van chuyen de nhan qua ngai hom nay.",SCAM,PRIZE_GIFT,HIGH,Dùng quà tặng hoặc trúng thưởng để dụ cung cấp thông tin hoặc chuyển phí.,trúng thưởng; nhận quà; đóng phí; chuyển phí,Không chuyển phí hoặc cung cấp thông tin cá nhân để nhận quà không rõ nguồn.,greed; urgency,financial_loss; privacy_leak,elderly,NORTH,TYPO,vietnamese_synthetic,self-created,true,no_pii,test
VN_000682,SAFE_0082,Con đã chuyển tiền mua thuốc cho mẹ rồi ạ.,SAFE,NONE,LOW,Nội dung bình thường hoặc không có yêu cầu nguy hiểm.,,Không cần cảnh báo. Có thể tiếp tục trò chuyện bình thường.,none,none,general,STANDARD,NONE,vietnamese_synthetic,self-created,true,no_pii,valid
VN_000940,SAFE_0340,"Con đặt xe cho chú rồi, tài xế sẽ đến trong 10 phút cho con biết nhé.",SAFE,NONE,LOW,Nội dung bình thường hoặc không có yêu cầu nguy hiểm.,,Không cần cảnh báo. Có thể tiếp tục trò chuyện bình thường.,none,none,general,NORTH,NONE,vietnamese_synthetic,self-created,true,no_pii,valid
VN_001121,SUSPICIOUS_0121,Bên em cần kiểm tra thông tin cá nhân của mệ để hỗ trợ giúp bên em nhé.,SUSPICIOUS,UNKNOWN,MEDIUM,Nội dung có yêu cầu xác minh hoặc cung cấp thông tin nhưng chưa đủ bằng chứng kết luận lừa đảo.,xác minh; thông tin cá nhân; đường dẫn; phản hồi sớm,Cần kiểm tra nguồn gửi. Không cung cấp thông tin nhạy cảm nếu chưa xác minh.,uncertainty; possible_social_engineering,privacy_leak,general,CENTRAL,NONE,vietnamese_synthetic,self-created,true,no_pii,valid
VN_000188,LOAN_SCAM_0188,"Bên em hỗ trợ vay gấp, o đóng phí mở hồ sơ là nhận tiền trong ngày.",SCAM,LOAN_SCAM,HIGH,"Lừa vay tiền, yêu cầu đóng phí trước hoặc gửi giấy tờ cá nhân.",đóng phí; giải ngân; gửi CCCD; phí hồ sơ,Không gửi giấy tờ cá nhân hoặc đóng phí trước cho dịch vụ vay không rõ nguồn.,financial_pressure; urgency,financial_loss; identity_theft,elderly,CENTRAL,OBFUSCATION,vietnamese_synthetic,self-created,true,no_pii,test
VN_000996,SAFE_0396,Con đã chuyển tiền mua thuốc cho mẹ rồi Mã tham chiếu 996.,SAFE,NONE,LOW,Nội dung bình thường hoặc không có yêu cầu nguy hiểm.,,Không cần cảnh báo. Có thể tiếp tục trò chuyện bình thường.,none,none,general,STANDARD,NONE,vietnamese_synthetic,self-created,true,no_pii,test
VN_000373,LOAN_SCAM_0373,Me muon vay nhanh khong can gap mat thi gui CCCD va phi ho so truoc.,SCAM,LOAN_SCAM,HIGH,"Lừa vay tiền, yêu cầu đóng phí trước hoặc gửi giấy tờ cá nhân.",đóng phí; giải ngân; gửi CCCD; phí hồ sơ,Không gửi giấy tờ cá nhân hoặc đóng phí trước cho dịch vụ vay không rõ nguồn.,financial_pressure; urgency,financial_loss; identity_theft,elderly,CENTRAL,NO_DIACRITICS,vietnamese_synthetic,self-created,true,no_pii,test
VN_000935,SAFE_0335,Cô nhớ uống thuốc đúng giờ nha chiều nay cũng được nha.,SAFE,NONE,LOW,Nội dung bình thường hoặc không có yêu cầu nguy hiểm.,,Không cần cảnh báo. Có thể tiếp tục trò chuyện bình thường.,none,none,general,SOUTH,NONE,vietnamese_synthetic,self-created,true,no_pii,test
VN_000265,EMERGENCY_MONEY_0265,"Mẹ ơi con đang cấp cứu, chuyển gấp cho con 5 triệu, đừng gọi lại Xử lý trong hôm nay giúp cháu.",SCAM,EMERGENCY_MONEY,HIGH,"Giả danh người thân, tạo tình huống khẩn cấp và yêu cầu chuyển tiền.",cấp cứu; chuyển gấp; đừng gọi lại; khẩn cấp,Không chuyển tiền vội. Gọi trực tiếp cho người thân qua số quen thuộc để xác minh.,urgency; trust_abuse; secrecy,financial_loss,elderly,STANDARD,OBFUSCATION,vietnamese_synthetic,self-created,true,no_pii,train
VN_000985,SAFE_0385,"Ngân hàng thông báo bảo trì hệ thống vào tối nay, không yêu cầu cung cấp thông tin Mã tham chiếu 985.",SAFE,NONE,LOW,Nội dung bình thường hoặc không có yêu cầu nguy hiểm.,,Không cần cảnh báo. Có thể tiếp tục trò chuyện bình thường.,none,none,general,CENTRAL,NONE,vietnamese_synthetic,self-created,true,no_pii,test
VN_000918,SAFE_0318,Ba kiểm tra giúp con lịch hẹn khám bệnh ngày mai nhé nhé.,SAFE,NONE,LOW,Nội dung bình thường hoặc không có yêu cầu nguy hiểm.,,Không cần cảnh báo. Có thể tiếp tục trò chuyện bình thường.,none,none,general,SOUTH,NONE,vietnamese_synthetic,self-created,true,no_pii,test
VN_000882,SAFE_0282,Chú kiểm tra giúp con lịch hẹn khám bệnh ngày mai nhé cho con biết nhé.,SAFE,NONE,LOW,Nội dung bình thường hoặc không có yêu cầu nguy hiểm.,,Không cần cảnh báo. Có thể tiếp tục trò chuyện bình thường.,none,none,general,STANDARD,NONE,vietnamese_synthetic,self-created,true,no_pii,test
VN_000148,PHISHING_LINK_0148,"Don hang cua co gap loi, bam vao <LINK> de cap nhat thong tin nhan hang.",SCAM,PHISHING_LINK,HIGH,Dụ người dùng bấm link lạ để đánh cắp thông tin.,<LINK>; bấm link; đăng nhập,Không bấm link lạ. Chỉ truy cập website hoặc ứng dụng chính thức.,technical_confusion; urgency,credential_theft; malware_install,elderly,SOUTH,TYPO,vietnamese_synthetic,self-created,true,no_pii,test
VN_001079,SUSPICIOUS_0079,Bên em cần kiểm tra thông tin cá nhân của o để hỗ trợ.,SUSPICIOUS,UNKNOWN,MEDIUM,Nội dung có yêu cầu xác minh hoặc cung cấp thông tin nhưng chưa đủ bằng chứng kết luận lừa đảo.,xác minh; thông tin cá nhân; đường dẫn; phản hồi sớm,Cần kiểm tra nguồn gửi. Không cung cấp thông tin nhạy cảm nếu chưa xác minh.,uncertainty; possible_social_engineering,privacy_leak,general,CENTRAL,OBFUSCATION,vietnamese_synthetic,self-created,true,no_pii,test
VN_001055,SUSPICIOUS_0055,Mệ gửi thông tin để bên em cập nhật hồ sơ giúp bên em nhé.,SUSPICIOUS,UNKNOWN,MEDIUM,Nội dung có yêu cầu xác minh hoặc cung cấp thông tin nhưng chưa đủ bằng chứng kết luận lừa đảo.,xác minh; thông tin cá nhân; đường dẫn; phản hồi sớm,Cần kiểm tra nguồn gửi. Không cung cấp thông tin nhạy cảm nếu chưa xác minh.,uncertainty; possible_social_engineering,privacy_leak,general,CENTRAL,NONE,vietnamese_synthetic,self-created,true,no_pii,test
VN_000482,EMERGENCY_MONEY_0482,"Cô/chú cứ bình tĩnh, bên cháu hỗ trợ nhanh thôi. Bác đừng hỏi nhiều, con cần tiền xử lý việc khẩn cấp, chuyển ngay giúp con. Làm ngay để tránh bị khóa dịch vụ.",SCAM,EMERGENCY_MONEY,HIGH,"Giả danh người thân, tạo tình huống khẩn cấp và yêu cầu chuyển tiền.",cấp cứu; chuyển gấp; đừng gọi lại; khẩn cấp,Không chuyển tiền vội. Gọi trực tiếp cho người thân qua số quen thuộc để xác minh.,urgency; trust_abuse; secrecy,financial_loss,elderly,STANDARD,LONG_CONTEXT,vietnamese_synthetic,self-created,true,no_pii,train
VN_000970,SAFE_0370,"Con dat xe cho bac roi, tai xe se den trong 10 phut ạ.",SAFE,NONE,LOW,Nội dung bình thường hoặc không có yêu cầu nguy hiểm.,,Không cần cảnh báo. Có thể tiếp tục trò chuyện bình thường.,none,none,general,NORTH,NO_DIACRITICS,vietnamese_synthetic,self-created,true,no_pii,valid
VN_000785,SAFE_0185,Ma kiem tra giup con lich hen kham benh ngay mai nhe.,SAFE,NONE,LOW,Nội dung bình thường hoặc không có yêu cầu nguy hiểm.,,Không cần cảnh báo. Có thể tiếp tục trò chuyện bình thường.,none,none,general,SOUTH,NO_DIACRITICS,vietnamese_synthetic,self-created,true,no_pii,test
VN_000728,SAFE_0128,Cô nhớ uống thuốc đúng giờ nha nhé.,SAFE,NONE,LOW,Nội dung bình thường hoặc không có yêu cầu nguy hiểm.,,Không cần cảnh báo. Có thể tiếp tục trò chuyện bình thường.,none,none,general,NORTH,NONE,vietnamese_synthetic,self-created,true,no_pii,test
VN_000660,SAFE_0060,Co kiem tra giup con lich hen kham benh ngay mai nhe.,SAFE,NONE,LOW,Nội dung bình thường hoặc không có yêu cầu nguy hiểm.,,Không cần cảnh báo. Có thể tiếp tục trò chuyện bình thường.,none,none,general,STANDARD,NO_DIACRITICS,vietnamese_synthetic,self-created,true,no_pii,valid
VN_000701,SAFE_0101,"Ngân hàng thông báo bảo trì hệ thống vào tối nay, không yêu cầu cung cấp thông tin Mã tham chiếu 701.",SAFE,NONE,LOW,Nội dung bình thường hoặc không có yêu cầu nguy hiểm.,,Không cần cảnh báo. Có thể tiếp tục trò chuyện bình thường.,none,none,general,CENTRAL,NONE,vietnamese_synthetic,self-created,true,no_pii,valid
VN_000318,LOAN_SCAM_0318,"Bên em hỗ trợ vay gấp, mệ đóng phí mở hồ sơ là nhận tiền trong ngày.",SCAM,LOAN_SCAM,HIGH,"Lừa vay tiền, yêu cầu đóng phí trước hoặc gửi giấy tờ cá nhân.",đóng phí; giải ngân; gửi CCCD; phí hồ sơ,Không gửi giấy tờ cá nhân hoặc đóng phí trước cho dịch vụ vay không rõ nguồn.,financial_pressure; urgency,financial_loss; identity_theft,elderly,CENTRAL,ABBREVIATION,vietnamese_synthetic,self-created,true,no_pii,valid
VN_000467,PRIZE_GIFT_0467,"Chúc mừng cô đã trúng xe máy, bấm <LINK> để nhận quà.",SCAM,PRIZE_GIFT,HIGH,Dùng quà tặng hoặc trúng thưởng để dụ cung cấp thông tin hoặc chuyển phí.,trúng thưởng; nhận quà; đóng phí; chuyển phí,Không chuyển phí hoặc cung cấp thông tin cá nhân để nhận quà không rõ nguồn.,greed; urgency,financial_loss; privacy_leak,elderly,STANDARD,NONE,vietnamese_synthetic,self-created,true,no_pii,test
VN_000100,JOB_SCAM_0100,"Bac nhan job online, hoan thanh don dau tien se duoc hoan tien va thuong.",SCAM,JOB_SCAM,MEDIUM,"Lừa việc làm online, yêu cầu đóng phí hoặc nạp tiền trước.",nạp trước; đóng phí; kích hoạt tài khoản,Không đóng phí để nhận việc. Kiểm tra công ty và hợp đồng rõ ràng.,financial_pressure; false_promise,financial_loss,elderly,STANDARD,NO_DIACRITICS,vietnamese_synthetic,self-created,true,no_pii,test
VN_000480,LOAN_SCAM_0480,"Bên em hỗ trợ vay gấp, cô đóng phí mở hồ sơ là nhận tiền trong ngày Làm ngay giúp bên cháu.",SCAM,LOAN_SCAM,HIGH,"Lừa vay tiền, yêu cầu đóng phí trước hoặc gửi giấy tờ cá nhân.",đóng phí; giải ngân; gửi CCCD; phí hồ sơ,Không gửi giấy tờ cá nhân hoặc đóng phí trước cho dịch vụ vay không rõ nguồn.,financial_pressure; urgency,financial_loss; identity_theft,elderly,NORTH,NONE,vietnamese_synthetic,self-created,true,no_pii,valid
VN_000716,SAFE_0116,Con da chuyen tien mua thuoc cho me roi ạ.,SAFE,NONE,LOW,Nội dung bình thường hoặc không có yêu cầu nguy hiểm.,,Không cần cảnh báo. Có thể tiếp tục trò chuyện bình thường.,none,none,general,STANDARD,NO_DIACRITICS,vietnamese_synthetic,self-created,true,no_pii,valid
VN_000942,SAFE_0342,Con đã chuyển tiền mua thuốc cho mẹ rồi Mã tham chiếu 942.,SAFE,NONE,LOW,Nội dung bình thường hoặc không có yêu cầu nguy hiểm.,,Không cần cảnh báo. Có thể tiếp tục trò chuyện bình thường.,none,none,general,NORTH,NONE,vietnamese_synthetic,self-created,true,no_pii,valid
VN_000822,SAFE_0222,"Con đặt xe cho chú rồi, tài xế sẽ đến trong 10 phút ạ.",SAFE,NONE,LOW,Nội dung bình thường hoặc không có yêu cầu nguy hiểm.,,Không cần cảnh báo. Có thể tiếp tục trò chuyện bình thường.,none,none,general,NORTH,NONE,vietnamese_synthetic,self-created,true,no_pii,valid
VN_000833,SAFE_0233,Mệ kiểm tra giúp con lịch hẹn khám bệnh ngày mai nhé ạ.,SAFE,NONE,LOW,Nội dung bình thường hoặc không có yêu cầu nguy hiểm.,,Không cần cảnh báo. Có thể tiếp tục trò chuyện bình thường.,none,none,general,CENTRAL,NONE,vietnamese_synthetic,self-created,true,no_pii,valid
VN_000096,PRIZE_GIFT_0096,"Bên em tặng cô phần quà tri ân, cần cung cấp thông tin cá nhân để nhận.",SCAM,PRIZE_GIFT,HIGH,Dùng quà tặng hoặc trúng thưởng để dụ cung cấp thông tin hoặc chuyển phí.,trúng thưởng; nhận quà; đóng phí; chuyển phí,Không chuyển phí hoặc cung cấp thông tin cá nhân để nhận quà không rõ nguồn.,greed; urgency,financial_loss; privacy_leak,elderly,NORTH,NONE,vietnamese_synthetic,self-created,true,no_pii,test
VN_000135,OTP_BANK_0135,"Tai khoan cua bac dang bi khoa, gui ma xac nhan de mo lai.",SCAM,OTP_BANK,HIGH,Yêu cầu cung cấp OTP hoặc mã xác nhận ngân hàng.,mã OTP; mã xác nhận; dãy 6 số,Không cung cấp OTP hoặc mã xác nhận. Gọi trực tiếp ngân hàng để kiểm tra.,urgency; technical_confusion,credential_theft,elderly,CENTRAL,TYPO,vietnamese_synthetic,self-created,true,no_pii,train
VN_000582,JOB_SCAM_0582,"Bác chỉ cần làm nhiệm vụ online, nạp trước 300 nghìn để nhận việc Làm ngay giúp bên cháu.",SCAM,JOB_SCAM,MEDIUM,"Lừa việc làm online, yêu cầu đóng phí hoặc nạp tiền trước.",nạp trước; đóng phí; kích hoạt tài khoản,Không đóng phí để nhận việc. Kiểm tra công ty và hợp đồng rõ ràng.,financial_pressure; false_promise,financial_loss,elderly,STANDARD,NONE,vietnamese_synthetic,self-created,true,no_pii,train
VN_001160,SUSPICIOUS_0160,Bác gửi thông tin để bên em cập nhật hồ sơ Mã tham chiếu 1160.,SUSPICIOUS,UNKNOWN,MEDIUM,Nội dung có yêu cầu xác minh hoặc cung cấp thông tin nhưng chưa đủ bằng chứng kết luận lừa đảo.,xác minh; thông tin cá nhân; đường dẫn; phản hồi sớm,Cần kiểm tra nguồn gửi. Không cung cấp thông tin nhạy cảm nếu chưa xác minh.,uncertainty; possible_social_engineering,privacy_leak,general,NORTH,NONE,vietnamese_synthetic,self-created,true,no_pii,test
VN_000783,SAFE_0183,"Cô ơi, tối nay cả nhà gọi video nhé nhé.",SAFE,NONE,LOW,Nội dung bình thường hoặc không có yêu cầu nguy hiểm.,,Không cần cảnh báo. Có thể tiếp tục trò chuyện bình thường.,none,none,general,STANDARD,ABBREVIATION,vietnamese_synthetic,self-created,true,no_pii,test
VN_000774,SAFE_0174,"Con dat xe cho chu roi, tai xe se den trong 10 phut nhé.",SAFE,NONE,LOW,Nội dung bình thường hoặc không có yêu cầu nguy hiểm.,,Không cần cảnh báo. Có thể tiếp tục trò chuyện bình thường.,none,none,general,SOUTH,TYPO,vietnamese_synthetic,self-created,true,no_pii,test
VN_000945,SAFE_0345,"Ba ơi, tối nay cả nhà gọi video nhé nhé.",SAFE,NONE,LOW,Nội dung bình thường hoặc không có yêu cầu nguy hiểm.,,Không cần cảnh báo. Có thể tiếp tục trò chuyện bình thường.,none,none,general,SOUTH,NONE,vietnamese_synthetic,self-created,true,no_pii,test
VN_000081,PRIZE_GIFT_0081,"Bac trung thuong may man, chuyen phi van chuyen de nhan qua ngai hom nay Làm ngay giúp bên cháu.",SCAM,PRIZE_GIFT,HIGH,Dùng quà tặng hoặc trúng thưởng để dụ cung cấp thông tin hoặc chuyển phí.,trúng thưởng; nhận quà; đóng phí; chuyển phí,Không chuyển phí hoặc cung cấp thông tin cá nhân để nhận quà không rõ nguồn.,greed; urgency,financial_loss; privacy_leak,elderly,NORTH,TYPO,vietnamese_synthetic,self-created,true,no_pii,valid
VN_000547,FAKE_POLICE_0547,"Bên viện kiểm sát yêu cầu chú hợp tác ngay, nếu không sẽ bị phong tỏa tài sản Làm ngay giúp bên cháu.",SCAM,FAKE_POLICE,HIGH,"Giả danh cơ quan chức năng, đe dọa và yêu cầu chuyển tiền.",công an; viện kiểm sát; vụ án; chuyển tiền,Không chuyển tiền. Gọi người thân hoặc cơ quan công an địa phương để xác minh.,authority_impersonation; fear; secrecy,financial_loss,elderly,NORTH,ABBREVIATION,vietnamese_synthetic,self-created,true,no_pii,train
VN_000829,SAFE_0229,Bác kiểm tra giúp con lịch hẹn khám bệnh ngày mai nhé nhé.,SAFE,NONE,LOW,Nội dung bình thường hoặc không có yêu cầu nguy hiểm.,,Không cần cảnh báo. Có thể tiếp tục trò chuyện bình thường.,none,none,general,STANDARD,NONE,vietnamese_synthetic,self-created,true,no_pii,test
VN_001117,SUSPICIOUS_0117,Ba gui thong tin de ben em cap nhat ho so.,SUSPICIOUS,UNKNOWN,MEDIUM,Nội dung có yêu cầu xác minh hoặc cung cấp thông tin nhưng chưa đủ bằng chứng kết luận lừa đảo.,xác minh; thông tin cá nhân; đường dẫn; phản hồi sớm,Cần kiểm tra nguồn gửi. Không cung cấp thông tin nhạy cảm nếu chưa xác minh.,uncertainty; possible_social_engineering,privacy_leak,general,SOUTH,NO_DIACRITICS,vietnamese_synthetic,self-created,true,no_pii,test
VN_001195,SUSPICIOUS_0195,"Tài khoản của cô có dấu hiệu bất thường, vui lòng phản hồi sớm Mã tham chiếu 1195.",SUSPICIOUS,UNKNOWN,MEDIUM,Nội dung có yêu cầu xác minh hoặc cung cấp thông tin nhưng chưa đủ bằng chứng kết luận lừa đảo.,xác minh; thông tin cá nhân; đường dẫn; phản hồi sớm,Cần kiểm tra nguồn gửi. Không cung cấp thông tin nhạy cảm nếu chưa xác minh.,uncertainty; possible_social_engineering,privacy_leak,general,STANDARD,NONE,vietnamese_synthetic,self-created,true,no_pii,test
VN_000731,SAFE_0131,Chú kiểm tra giúp con lịch hẹn khám bệnh ngày mai nhé nha.,SAFE,NONE,LOW,Nội dung bình thường hoặc không có yêu cầu nguy hiểm.,,Không cần cảnh báo. Có thể tiếp tục trò chuyện bình thường.,none,none,general,NORTH,ABBREVIATION,vietnamese_synthetic,self-created,true,no_pii,valid
VN_000203,LOAN_SCAM_0203,"Bên em hỗ trợ vay gấp, bác đóng phí mở hồ sơ là nhận tiền trong ngày Làm ngay giúp bên cháu.",SCAM,LOAN_SCAM,HIGH,"Lừa vay tiền, yêu cầu đóng phí trước hoặc gửi giấy tờ cá nhân.",đóng phí; giải ngân; gửi CCCD; phí hồ sơ,Không gửi giấy tờ cá nhân hoặc đóng phí trước cho dịch vụ vay không rõ nguồn.,financial_pressure; urgency,financial_loss; identity_theft,elderly,CENTRAL,NONE,vietnamese_synthetic,self-created,true,no_pii,valid
VN_000838,SAFE_0238,"Con dat xe cho o roi, tai xe se den trong 10 phut nha.",SAFE,NONE,LOW,Nội dung bình thường hoặc không có yêu cầu nguy hiểm.,,Không cần cảnh báo. Có thể tiếp tục trò chuyện bình thường.,none,none,general,CENTRAL,NO_DIACRITICS,vietnamese_synthetic,self-created,true,no_pii,test
VN_000341,JOB_SCAM_0341,"Me chi can lam nhiem vu online, nap truoc 300 nghin de nhan viec.",SCAM,JOB_SCAM,MEDIUM,"Lừa việc làm online, yêu cầu đóng phí hoặc nạp tiền trước.",nạp trước; đóng phí; kích hoạt tài khoản,Không đóng phí để nhận việc. Kiểm tra công ty và hợp đồng rõ ràng.,financial_pressure; false_promise,financial_loss,elderly,CENTRAL,TYPO,vietnamese_synthetic,self-created,true,no_pii,train
VN_000320,PHISHING_LINK_0320,"Don hang cua co gap loi, bam vao <LINK> de cap nhat thong tin nhan hang Làm ngay giúp bên cháu.",SCAM,PHISHING_LINK,HIGH,Dụ người dùng bấm link lạ để đánh cắp thông tin.,<LINK>; bấm link; đăng nhập,Không bấm link lạ. Chỉ truy cập website hoặc ứng dụng chính thức.,technical_confusion; urgency,credential_theft; malware_install,elderly,STANDARD,NO_DIACRITICS,vietnamese_synthetic,self-created,true,no_pii,test
VN_000365,EMERGENCY_MONEY_0365,"Chú ơi con bị tai nạn, gửi tiền ngay vào số tài khoản này giúp con Xử lý trong hôm nay giúp cháu.",SCAM,EMERGENCY_MONEY,HIGH,"Giả danh người thân, tạo tình huống khẩn cấp và yêu cầu chuyển tiền.",cấp cứu; chuyển gấp; đừng gọi lại; khẩn cấp,Không chuyển tiền vội. Gọi trực tiếp cho người thân qua số quen thuộc để xác minh.,urgency; trust_abuse; secrecy,financial_loss,elderly,SOUTH,NONE,vietnamese_synthetic,self-created,true,no_pii,train
VN_001094,SUSPICIOUS_0094,O bấm vào đường dẫn này để xem chi tiết chương trình giúp bên em nhé.,SUSPICIOUS,UNKNOWN,MEDIUM,Nội dung có yêu cầu xác minh hoặc cung cấp thông tin nhưng chưa đủ bằng chứng kết luận lừa đảo.,xác minh; thông tin cá nhân; đường dẫn; phản hồi sớm,Cần kiểm tra nguồn gửi. Không cung cấp thông tin nhạy cảm nếu chưa xác minh.,uncertainty; possible_social_engineering,privacy_leak,general,CENTRAL,OBFUSCATION,vietnamese_synthetic,self-created,true,no_pii,test
VN_000457,PRIZE_GIFT_0457,"Chu duoc chon nhan phan thuong 20 trieu, vui long dong phi ho so truoc.",SCAM,PRIZE_GIFT,HIGH,Dùng quà tặng hoặc trúng thưởng để dụ cung cấp thông tin hoặc chuyển phí.,trúng thưởng; nhận quà; đóng phí; chuyển phí,Không chuyển phí hoặc cung cấp thông tin cá nhân để nhận quà không rõ nguồn.,greed; urgency,financial_loss; privacy_leak,elderly,NORTH,NO_DIACRITICS,vietnamese_synthetic,self-created,true,no_pii,test
VN_001147,SUSPICIOUS_0147,Bác gửi thông tin để bên em cập nhật hồ sơ Mã tham chiếu 1147.,SUSPICIOUS,UNKNOWN,MEDIUM,Nội dung có yêu cầu xác minh hoặc cung cấp thông tin nhưng chưa đủ bằng chứng kết luận lừa đảo.,xác minh; thông tin cá nhân; đường dẫn; phản hồi sớm,Cần kiểm tra nguồn gửi. Không cung cấp thông tin nhạy cảm nếu chưa xác minh.,uncertainty; possible_social_engineering,privacy_leak,general,NORTH,NONE,vietnamese_synthetic,self-created,true,no_pii,test
VN_000707,SAFE_0107,Me kiem tra giup con lich hen kham benh ngai mai nhe.,SAFE,NONE,LOW,Nội dung bình thường hoặc không có yêu cầu nguy hiểm.,,Không cần cảnh báo. Có thể tiếp tục trò chuyện bình thường.,none,none,general,CENTRAL,TYPO,vietnamese_synthetic,self-created,true,no_pii,valid
VN_000857,SAFE_0257,Con đã chuyển tiền mua thuốc cho mẹ rồi Mã tham chiếu 857.,SAFE,NONE,LOW,Nội dung bình thường hoặc không có yêu cầu nguy hiểm.,,Không cần cảnh báo. Có thể tiếp tục trò chuyện bình thường.,none,none,general,CENTRAL,NONE,vietnamese_synthetic,self-created,true,no_pii,test
VN_001093,SUSPICIOUS_0093,Bác xác minh tài khoản giúp bên em trong hôm nay nhé trong hôm nay giúp em.,SUSPICIOUS,UNKNOWN,MEDIUM,Nội dung có yêu cầu xác minh hoặc cung cấp thông tin nhưng chưa đủ bằng chứng kết luận lừa đảo.,xác minh; thông tin cá nhân; đường dẫn; phản hồi sớm,Cần kiểm tra nguồn gửi. Không cung cấp thông tin nhạy cảm nếu chưa xác minh.,uncertainty; possible_social_engineering,privacy_leak,general,CENTRAL,NONE,vietnamese_synthetic,self-created,true,no_pii,test
VN_000607,SAFE_0007,Con đã chuyển tiền mua thuốc cho mẹ rồi.,SAFE,NONE,LOW,Nội dung bình thường hoặc không có yêu cầu nguy hiểm.,,Không cần cảnh báo. Có thể tiếp tục trò chuyện bình thường.,none,none,general,SOUTH,NONE,vietnamese_synthetic,self-created,true,no_pii,valid
VN_000913,SAFE_0313,"Chú ơi, tối nay cả nhà gọi video nhé để con yên tâm nha.",SAFE,NONE,LOW,Nội dung bình thường hoặc không có yêu cầu nguy hiểm.,,Không cần cảnh báo. Có thể tiếp tục trò chuyện bình thường.,none,none,general,SOUTH,NONE,vietnamese_synthetic,self-created,true,no_pii,valid
VN_000611,SAFE_0011,Mai con ve nha an com voi ba me.,SAFE,NONE,LOW,Nội dung bình thường hoặc không có yêu cầu nguy hiểm.,,Không cần cảnh báo. Có thể tiếp tục trò chuyện bình thường.,none,none,general,CENTRAL,NO_DIACRITICS,vietnamese_synthetic,self-created,true,no_pii,valid
VN_001021,SUSPICIOUS_0021,Em có cơ hội đầu tư muốn giới thiệu cho o.,SUSPICIOUS,UNKNOWN,MEDIUM,Nội dung có yêu cầu xác minh hoặc cung cấp thông tin nhưng chưa đủ bằng chứng kết luận lừa đảo.,xác minh; thông tin cá nhân; đường dẫn; phản hồi sớm,Cần kiểm tra nguồn gửi. Không cung cấp thông tin nhạy cảm nếu chưa xác minh.,uncertainty; possible_social_engineering,privacy_leak,general,CENTRAL,ABBREVIATION,vietnamese_synthetic,self-created,true,no_pii,valid
VN_000184,JOB_SCAM_0184,"Việc nhẹ lương cao, cô đóng phí hồ sơ là có thể bắt đầu ngay.",SCAM,JOB_SCAM,MEDIUM,"Lừa việc làm online, yêu cầu đóng phí hoặc nạp tiền trước.",nạp trước; đóng phí; kích hoạt tài khoản,Không đóng phí để nhận việc. Kiểm tra công ty và hợp đồng rõ ràng.,financial_pressure; false_promise,financial_loss,elderly,NORTH,NONE,vietnamese_synthetic,self-created,true,no_pii,train
VN_000402,EMERGENCY_MONEY_0402,"Cô đừng hỏi nhiều, con cần tiền xử lý việc khẩn cấp, chuyển ngay giúp con Làm ngay giúp bên cháu.",SCAM,EMERGENCY_MONEY,HIGH,"Giả danh người thân, tạo tình huống khẩn cấp và yêu cầu chuyển tiền.",cấp cứu; chuyển gấp; đừng gọi lại; khẩn cấp,Không chuyển tiền vội. Gọi trực tiếp cho người thân qua số quen thuộc để xác minh.,urgency; trust_abuse; secrecy,financial_loss,elderly,NORTH,NONE,vietnamese_synthetic,self-created,true,no_pii,train
VN_000437,JOB_SCAM_0437,"Việc nhẹ lương cao, o đóng phí hồ sơ là có thể bắt đầu ngay.",SCAM,JOB_SCAM,MEDIUM,"Lừa việc làm online, yêu cầu đóng phí hoặc nạp tiền trước.",nạp trước; đóng phí; kích hoạt tài khoản,Không đóng phí để nhận việc. Kiểm tra công ty và hợp đồng rõ ràng.,financial_pressure; false_promise,financial_loss,elderly,CENTRAL,NONE,vietnamese_synthetic,self-created,true,no_pii,train
VN_000089,PHISHING_LINK_0089,Ba cần đăng nhập vào <LINK> để kiểm tra giao dịch bất thường.,SCAM,PHISHING_LINK,HIGH,Dụ người dùng bấm link lạ để đánh cắp thông tin.,<LINK>; bấm link; đăng nhập,Không bấm link lạ. Chỉ truy cập website hoặc ứng dụng chính thức.,technical_confusion; urgency,credential_theft; malware_install,elderly,SOUTH,NONE,vietnamese_synthetic,self-created,true,no_pii,train
VN_000056,PRIZE_GIFT_0056,"Cô/chú cứ bình tĩnh, bên cháu hỗ trợ nhanh thôi. Bên em tặng bác phần quà tri ân, cần cung cấp thông tin cá nhân để nhận. Làm ngay để tránh bị khóa dịch vụ.",SCAM,PRIZE_GIFT,HIGH,Dùng quà tặng hoặc trúng thưởng để dụ cung cấp thông tin hoặc chuyển phí.,trúng thưởng; nhận quà; đóng phí; chuyển phí,Không chuyển phí hoặc cung cấp thông tin cá nhân để nhận quà không rõ nguồn.,greed; urgency,financial_loss; privacy_leak,elderly,STANDARD,LONG_CONTEXT,vietnamese_synthetic,self-created,true,no_pii,test
VN_000393,EMERGENCY_MONEY_0393,"Má ơi con bị tai nạn, gửi tiền ngay vào số tài khoản này giúp con.",SCAM,EMERGENCY_MONEY,HIGH,"Giả danh người thân, tạo tình huống khẩn cấp và yêu cầu chuyển tiền.",cấp cứu; chuyển gấp; đừng gọi lại; khẩn cấp,Không chuyển tiền vội. Gọi trực tiếp cho người thân qua số quen thuộc để xác minh.,urgency; trust_abuse; secrecy,financial_loss,elderly,SOUTH,NONE,vietnamese_synthetic,self-created,true,no_pii,train
VN_000109,LOAN_SCAM_0109,"Con hỏi thăm sức khỏe chút. Bác được duyệt vay 50 triệu, cần đóng phí bảo hiểm trước để giải ngân.",SCAM,LOAN_SCAM,HIGH,"Lừa vay tiền, yêu cầu đóng phí trước hoặc gửi giấy tờ cá nhân.",đóng phí; giải ngân; gửi CCCD; phí hồ sơ,Không gửi giấy tờ cá nhân hoặc đóng phí trước cho dịch vụ vay không rõ nguồn.,financial_pressure; urgency,financial_loss; identity_theft,elderly,STANDARD,MIXED_INTENT,vietnamese_synthetic,self-created,true,no_pii,valid
VN_001008,SUSPICIOUS_0008,Mệ gửi thông tin để bên em cập nhật hồ sơ.,SUSPICIOUS,UNKNOWN,MEDIUM,Nội dung có yêu cầu xác minh hoặc cung cấp thông tin nhưng chưa đủ bằng chứng kết luận lừa đảo.,xác minh; thông tin cá nhân; đường dẫn; phản hồi sớm,Cần kiểm tra nguồn gửi. Không cung cấp thông tin nhạy cảm nếu chưa xác minh.,uncertainty; possible_social_engineering,privacy_leak,general,CENTRAL,NONE,vietnamese_synthetic,self-created,true,no_pii,test
VN_000692,SAFE_0092,"Hôm nay trời mưa, cô nhớ mang áo mưa nha.",SAFE,NONE,LOW,Nội dung bình thường hoặc không có yêu cầu nguy hiểm.,,Không cần cảnh báo. Có thể tiếp tục trò chuyện bình thường.,none,none,general,NORTH,NONE,vietnamese_synthetic,self-created,true,no_pii,test
VN_000925,SAFE_0325,"Ngan hang thong bao bao tri he thong vao toi nay, khong yeu cau cung cap thong tin tối con gọi lại nhé.",SAFE,NONE,LOW,Nội dung bình thường hoặc không có yêu cầu nguy hiểm.,,Không cần cảnh báo. Có thể tiếp tục trò chuyện bình thường.,none,none,general,SOUTH,TYPO,vietnamese_synthetic,self-created,true,no_pii,valid
VN_000483,PHISHING_LINK_0483,Má mở đường dẫn <LINK> để xác minh t.khoản trước khi bị khóa.,SCAM,PHISHING_LINK,HIGH,Dụ người dùng bấm link lạ để đánh cắp thông tin.,<LINK>; bấm link; đăng nhập,Không bấm link lạ. Chỉ truy cập website hoặc ứng dụng chính thức.,technical_confusion; urgency,credential_theft; malware_install,elderly,SOUTH,OBFUSCATION,vietnamese_synthetic,self-created,true,no_pii,train
VN_000030,EMERGENCY_MONEY_0030,"Cô/chú cứ bình tĩnh, bên cháu hỗ trợ nhanh thôi. Chú đừng hỏi nhiều, con cần tiền xử lý việc khẩn cấp, chuyển ngay giúp con. Làm ngay để tránh bị khóa dịch vụ.",SCAM,EMERGENCY_MONEY,HIGH,"Giả danh người thân, tạo tình huống khẩn cấp và yêu cầu chuyển tiền.",cấp cứu; chuyển gấp; đừng gọi lại; khẩn cấp,Không chuyển tiền vội. Gọi trực tiếp cho người thân qua số quen thuộc để xác minh.,urgency; trust_abuse; secrecy,financial_loss,elderly,NORTH,LONG_CONTEXT,vietnamese_synthetic,self-created,true,no_pii,train
VN_000134,EMERGENCY_MONEY_0134,"O ơi con bị tai nạn, gửi tiền ngay vào số tài khoản này giúp con.",SCAM,EMERGENCY_MONEY,HIGH,"Giả danh người thân, tạo tình huống khẩn cấp và yêu cầu chuyển tiền.",cấp cứu; chuyển gấp; đừng gọi lại; khẩn cấp,Không chuyển tiền vội. Gọi trực tiếp cho người thân qua số quen thuộc để xác minh.,urgency; trust_abuse; secrecy,financial_loss,elderly,CENTRAL,NONE,vietnamese_synthetic,self-created,true,no_pii,train
VN_001072,SUSPICIOUS_0072,"Tai khoan cua ba co dau hieu bat thuong, vui long phan hoi som.",SUSPICIOUS,UNKNOWN,MEDIUM,Nội dung có yêu cầu xác minh hoặc cung cấp thông tin nhưng chưa đủ bằng chứng kết luận lừa đảo.,xác minh; thông tin cá nhân; đường dẫn; phản hồi sớm,Cần kiểm tra nguồn gửi. Không cung cấp thông tin nhạy cảm nếu chưa xác minh.,uncertainty; possible_social_engineering,privacy_leak,general,SOUTH,NO_DIACRITICS,vietnamese_synthetic,self-created,true,no_pii,test
VN_000455,PRIZE_GIFT_0455,"Bên em tặng cô phần quà tri ân, cần cung cấp thông tin cá nhân để nhận Không nên chia sẻ việc này với ai.",SCAM,PRIZE_GIFT,HIGH,Dùng quà tặng hoặc trúng thưởng để dụ cung cấp thông tin hoặc chuyển phí.,trúng thưởng; nhận quà; đóng phí; chuyển phí,Không chuyển phí hoặc cung cấp thông tin cá nhân để nhận quà không rõ nguồn.,greed; urgency,financial_loss; privacy_leak,elderly,STANDARD,NONE,vietnamese_synthetic,self-created,true,no_pii,test
VN_000554,JOB_SCAM_0554,"Bác nhận job online, hoàn thành đơn đầu tiên sẽ được hoàn tiền và thưởng Xử lý trong hôm nay giúp cháu.",SCAM,JOB_SCAM,MEDIUM,"Lừa việc làm online, yêu cầu đóng phí hoặc nạp tiền trước.",nạp trước; đóng phí; kích hoạt tài khoản,Không đóng phí để nhận việc. Kiểm tra công ty và hợp đồng rõ ràng.,financial_pressure; false_promise,financial_loss,elderly,CENTRAL,NONE,vietnamese_synthetic,self-created,true,no_pii,train
VN_000347,JOB_SCAM_0347,"Việc nhẹ lương cao, chú đóng phí hồ sơ là có thể bắt đầu ngay Xử lý trong hôm nay giúp cháu.",SCAM,JOB_SCAM,MEDIUM,"Lừa việc làm online, yêu cầu đóng phí hoặc nạp tiền trước.",nạp trước; đóng phí; kích hoạt tài khoản,Không đóng phí để nhận việc. Kiểm tra công ty và hợp đồng rõ ràng.,financial_pressure; false_promise,financial_loss,elderly,SOUTH,OBFUSCATION,vietnamese_synthetic,self-created,true,no_pii,train
VN_000914,SAFE_0314,"Con đặt xe cho cô rồi, tài xế sẽ đến trong 10 phút để con yên tâm nha.",SAFE,NONE,LOW,Nội dung bình thường hoặc không có yêu cầu nguy hiểm.,,Không cần cảnh báo. Có thể tiếp tục trò chuyện bình thường.,none,none,general,SOUTH,NONE,vietnamese_synthetic,self-created,true,no_pii,valid
VN_000628,SAFE_0028,"Ngân hàng thông báo bảo trì hệ thống vào tối nay, không yêu cầu cung cấp thông tin nhé.",SAFE,NONE,LOW,Nội dung bình thường hoặc không có yêu cầu nguy hiểm.,,Không cần cảnh báo. Có thể tiếp tục trò chuyện bình thường.,none,none,general,SOUTH,NONE,vietnamese_synthetic,self-created,true,no_pii,valid
VN_001120,SUSPICIOUS_0120,Cô gửi thông tin để bên em cập nhật hồ sơ nếu cần em sẽ hướng dẫn thêm.,SUSPICIOUS,UNKNOWN,MEDIUM,Nội dung có yêu cầu xác minh hoặc cung cấp thông tin nhưng chưa đủ bằng chứng kết luận lừa đảo.,xác minh; thông tin cá nhân; đường dẫn; phản hồi sớm,Cần kiểm tra nguồn gửi. Không cung cấp thông tin nhạy cảm nếu chưa xác minh.,uncertainty; possible_social_engineering,privacy_leak,general,STANDARD,NONE,vietnamese_synthetic,self-created,true,no_pii,valid
VN_001123,SUSPICIOUS_0123,Em có cơ hội đầu tư muốn giới thiệu cho chú giúp bên em nhé.,SUSPICIOUS,UNKNOWN,MEDIUM,Nội dung có yêu cầu xác minh hoặc cung cấp thông tin nhưng chưa đủ bằng chứng kết luận lừa đảo.,xác minh; thông tin cá nhân; đường dẫn; phản hồi sớm,Cần kiểm tra nguồn gửi. Không cung cấp thông tin nhạy cảm nếu chưa xác minh.,uncertainty; possible_social_engineering,privacy_leak,general,SOUTH,NONE,vietnamese_synthetic,self-created,true,no_pii,valid
VN_000176,EMERGENCY_MONEY_0176,"Me oi con dang cap cuu, chuyen gap cho con 5 trieu, dung goi lai Làm ngay giúp bên cháu.",SCAM,EMERGENCY_MONEY,HIGH,"Giả danh người thân, tạo tình huống khẩn cấp và yêu cầu chuyển tiền.",cấp cứu; chuyển gấp; đừng gọi lại; khẩn cấp,Không chuyển tiền vội. Gọi trực tiếp cho người thân qua số quen thuộc để xác minh.,urgency; trust_abuse; secrecy,financial_loss,elderly,SOUTH,NO_DIACRITICS,vietnamese_synthetic,self-created,true,no_pii,train
VN_000251,JOB_SCAM_0251,"Việc nhẹ lương cao, chú đóng phí hồ sơ là có thể bắt đầu ngay.",SCAM,JOB_SCAM,MEDIUM,"Lừa việc làm online, yêu cầu đóng phí hoặc nạp tiền trước.",nạp trước; đóng phí; kích hoạt tài khoản,Không đóng phí để nhận việc. Kiểm tra công ty và hợp đồng rõ ràng.,financial_pressure; false_promise,financial_loss,elderly,STANDARD,OBFUSCATION,vietnamese_synthetic,self-created,true,no_pii,train
VN_000588,FAKE_POLICE_0588,"Bên viện kiểm sát yêu cầu cô hợp tác ngay, nếu không sẽ bị phong tỏa tài sản Bên cháu đang chờ phản hồi.",SCAM,FAKE_POLICE,HIGH,"Giả danh cơ quan chức năng, đe dọa và yêu cầu chuyển tiền.",công an; viện kiểm sát; vụ án; chuyển tiền,Không chuyển tiền. Gọi người thân hoặc cơ quan công an địa phương để xác minh.,authority_impersonation; fear; secrecy,financial_loss,elderly,STANDARD,OBFUSCATION,vietnamese_synthetic,self-created,true,no_pii,train
VN_000291,EMERGENCY_MONEY_0291,"Mẹ ơi con đang cấp cứu, chuyển gấp cho con 5 triệu, đừng gọi lại. please check now",SCAM,EMERGENCY_MONEY,HIGH,"Giả danh người thân, tạo tình huống khẩn cấp và yêu cầu chuyển tiền.",cấp cứu; chuyển gấp; đừng gọi lại; khẩn cấp,Không chuyển tiền vội. Gọi trực tiếp cho người thân qua số quen thuộc để xác minh.,urgency; trust_abuse; secrecy,financial_loss,elderly,SOUTH,CODE_SWITCHING,vietnamese_synthetic,self-created,true,no_pii,train
VN_000824,SAFE_0224,"Bac oi, toi nay ca nha goi video nhe.",SAFE,NONE,LOW,Nội dung bình thường hoặc không có yêu cầu nguy hiểm.,,Không cần cảnh báo. Có thể tiếp tục trò chuyện bình thường.,none,none,general,NORTH,NO_DIACRITICS,vietnamese_synthetic,self-created,true,no_pii,valid
VN_000722,SAFE_0122,Con gửi link bài báo này cho má đọc thử.,SAFE,NONE,LOW,Nội dung bình thường hoặc không có yêu cầu nguy hiểm.,,Không cần cảnh báo. Có thể tiếp tục trò chuyện bình thường.,none,none,general,SOUTH,NONE,vietnamese_synthetic,self-created,true,no_pii,valid
VN_000966,SAFE_0366,"Hôm nay trời mưa, bác nhớ mang áo mưa khi nào rảnh nha.",SAFE,NONE,LOW,Nội dung bình thường hoặc không có yêu cầu nguy hiểm.,,Không cần cảnh báo. Có thể tiếp tục trò chuyện bình thường.,none,none,general,STANDARD,NONE,vietnamese_synthetic,self-created,true,no_pii,test
VN_000145,EMERGENCY_MONEY_0145,"Chu dung hoi nhieu, con can tien xu ly viec khan cap, chuyen ngai giup con.",SCAM,EMERGENCY_MONEY,HIGH,"Giả danh người thân, tạo tình huống khẩn cấp và yêu cầu chuyển tiền.",cấp cứu; chuyển gấp; đừng gọi lại; khẩn cấp,Không chuyển tiền vội. Gọi trực tiếp cho người thân qua số quen thuộc để xác minh.,urgency; trust_abuse; secrecy,financial_loss,elderly,STANDARD,TYPO,vietnamese_synthetic,self-created,true,no_pii,train
VN_000556,PRIZE_GIFT_0556,"Con hỏi thăm sức khỏe chút. Bác được chọn nhận phần thưởng 20 triệu, vui lòng đóng phí hồ sơ trước.",SCAM,PRIZE_GIFT,HIGH,Dùng quà tặng hoặc trúng thưởng để dụ cung cấp thông tin hoặc chuyển phí.,trúng thưởng; nhận quà; đóng phí; chuyển phí,Không chuyển phí hoặc cung cấp thông tin cá nhân để nhận quà không rõ nguồn.,greed; urgency,financial_loss; privacy_leak,elderly,STANDARD,MIXED_INTENT,vietnamese_synthetic,self-created,true,no_pii,test
VN_000653,SAFE_0053,"Ngân hàng thông báo bảo trì hệ thống vào tối nay, không yêu cầu cung cấp thông tin khi nào rảnh nha.",SAFE,NONE,LOW,Nội dung bình thường hoặc không có yêu cầu nguy hiểm.,,Không cần cảnh báo. Có thể tiếp tục trò chuyện bình thường.,none,none,general,NORTH,ABBREVIATION,vietnamese_synthetic,self-created,true,no_pii,valid
VN_000718,SAFE_0118,"Ma don hang cua co la 123456, hang se giao trong hom nay nha.",SAFE,NONE,LOW,Nội dung bình thường hoặc không có yêu cầu nguy hiểm.,,Không cần cảnh báo. Có thể tiếp tục trò chuyện bình thường.,none,none,general,NORTH,NO_DIACRITICS,vietnamese_synthetic,self-created,true,no_pii,valid
VN_000424,PHISHING_LINK_0424,"Đơn hàng của bác gặp lỗi, bấm vào <LINK> để cập nhật thông tin nhận hàng.",SCAM,PHISHING_LINK,HIGH,Dụ người dùng bấm link lạ để đánh cắp thông tin.,<LINK>; bấm link; đăng nhập,Không bấm link lạ. Chỉ truy cập website hoặc ứng dụng chính thức.,technical_confusion; urgency,credential_theft; malware_install,elderly,CENTRAL,OBFUSCATION,vietnamese_synthetic,self-created,true,no_pii,test
VN_000210,FAKE_POLICE_0210,"Co khong duoc noi voi ai, hay chuyen tien vao tai khoan tam giu de phuc vu xac minh Làm ngay giúp bên cháu.",SCAM,FAKE_POLICE,HIGH,"Giả danh cơ quan chức năng, đe dọa và yêu cầu chuyển tiền.",công an; viện kiểm sát; vụ án; chuyển tiền,Không chuyển tiền. Gọi người thân hoặc cơ quan công an địa phương để xác minh.,authority_impersonation; fear; secrecy,financial_loss,elderly,SOUTH,TYPO,vietnamese_synthetic,self-created,true,no_pii,train
VN_000032,PHISHING_LINK_0032,Vui lòng truy cập <LINK> để nhận hỗ trợ hoàn tiền.,SCAM,PHISHING_LINK,HIGH,Dụ người dùng bấm link lạ để đánh cắp thông tin.,<LINK>; bấm link; đăng nhập,Không bấm link lạ. Chỉ truy cập website hoặc ứng dụng chính thức.,technical_confusion; urgency,credential_theft; malware_install,elderly,CENTRAL,NONE,vietnamese_synthetic,self-created,true,no_pii,test
VN_000235,PRIZE_GIFT_0235,"Bên em tặng cô phần quà tri ân, cần cung cấp thông tin cá nhân để nhận Bên cháu đang chờ phản hồi.",SCAM,PRIZE_GIFT,HIGH,Dùng quà tặng hoặc trúng thưởng để dụ cung cấp thông tin hoặc chuyển phí.,trúng thưởng; nhận quà; đóng phí; chuyển phí,Không chuyển phí hoặc cung cấp thông tin cá nhân để nhận quà không rõ nguồn.,greed; urgency,financial_loss; privacy_leak,elderly,STANDARD,ABBREVIATION,vietnamese_synthetic,self-created,true,no_pii,valid
VN_000561,EMERGENCY_MONEY_0561,"Con đang gặp chuyện gấp, má chuyển khoản liền cho con 10 triệu nha Làm ngay giúp bên cháu.",SCAM,EMERGENCY_MONEY,HIGH,"Giả danh người thân, tạo tình huống khẩn cấp và yêu cầu chuyển tiền.",cấp cứu; chuyển gấp; đừng gọi lại; khẩn cấp,Không chuyển tiền vội. Gọi trực tiếp cho người thân qua số quen thuộc để xác minh.,urgency; trust_abuse; secrecy,financial_loss,elderly,SOUTH,NONE,vietnamese_synthetic,self-created,true,no_pii,train
VN_000323,EMERGENCY_MONEY_0323,"Chú ơi con bị tai nạn, gửi tiền ngay vào số account này giúp con.",SCAM,EMERGENCY_MONEY,HIGH,"Giả danh người thân, tạo tình huống khẩn cấp và yêu cầu chuyển tiền.",cấp cứu; chuyển gấp; đừng gọi lại; khẩn cấp,Không chuyển tiền vội. Gọi trực tiếp cho người thân qua số quen thuộc để xác minh.,urgency; trust_abuse; secrecy,financial_loss,elderly,STANDARD,CODE_SWITCHING,vietnamese_synthetic,self-created,true,no_pii,train
VN_001104,SUSPICIOUS_0104,Bên em cần cô xác nhận giao dịch này ngay hôm nay để bên em kiểm tra lại.,SUSPICIOUS,UNKNOWN,MEDIUM,Nội dung có yêu cầu xác minh hoặc cung cấp thông tin nhưng chưa đủ bằng chứng kết luận lừa đảo.,xác minh; thông tin cá nhân; đường dẫn; phản hồi sớm,Cần kiểm tra nguồn gửi. Không cung cấp thông tin nhạy cảm nếu chưa xác minh.,uncertainty; possible_social_engineering,privacy_leak,general,SOUTH,NONE,vietnamese_synthetic,self-created,true,no_pii,valid
VN_000559,JOB_SCAM_0559,"Chú chỉ cần làm nhiệm vụ online, nạp trước 300 nghìn để nhận việc Làm ngay giúp bên cháu.",SCAM,JOB_SCAM,MEDIUM,"Lừa việc làm online, yêu cầu đóng phí hoặc nạp tiền trước.",nạp trước; đóng phí; kích hoạt tài khoản,Không đóng phí để nhận việc. Kiểm tra công ty và hợp đồng rõ ràng.,financial_pressure; false_promise,financial_loss,elderly,STANDARD,NONE,vietnamese_synthetic,self-created,true,no_pii,train
VN_000241,OTP_BANK_0241,"Ngan hang can kiem tra bao mat, chu cung cap ma OTP ngai de tranh khoa tai khoan.",SCAM,OTP_BANK,HIGH,Yêu cầu cung cấp OTP hoặc mã xác nhận ngân hàng.,mã OTP; mã xác nhận; dãy 6 số,Không cung cấp OTP hoặc mã xác nhận. Gọi trực tiếp ngân hàng để kiểm tra.,urgency; technical_confusion,credential_theft,elderly,STANDARD,TYPO,vietnamese_synthetic,self-created,true,no_pii,train
VN_000904,SAFE_0304,Con đã chuyển tiền mua thuốc cho mẹ rồi Mã tham chiếu 904.,SAFE,NONE,LOW,Nội dung bình thường hoặc không có yêu cầu nguy hiểm.,,Không cần cảnh báo. Có thể tiếp tục trò chuyện bình thường.,none,none,general,NORTH,NONE,vietnamese_synthetic,self-created,true,no_pii,valid
VN_000654,SAFE_0054,"Ngan hang thong bao bao tri he thong vao toi nay, khong yeu cau cung cap thong tin nha.",SAFE,NONE,LOW,Nội dung bình thường hoặc không có yêu cầu nguy hiểm.,,Không cần cảnh báo. Có thể tiếp tục trò chuyện bình thường.,none,none,general,SOUTH,NO_DIACRITICS,vietnamese_synthetic,self-created,true,no_pii,valid
VN_000567,OTP_BANK_0567,"Ngân hàng cần kiểm tra bảo mật, bác cung cấp mã OTP ngay để tránh khóa tài khoản Làm ngay giúp bên cháu.",SCAM,OTP_BANK,HIGH,Yêu cầu cung cấp OTP hoặc mã xác nhận ngân hàng.,mã OTP; mã xác nhận; dãy 6 số,Không cung cấp OTP hoặc mã xác nhận. Gọi trực tiếp ngân hàng để kiểm tra.,urgency; technical_confusion,credential_theft,elderly,NORTH,NONE,vietnamese_synthetic,self-created,true,no_pii,train
VN_000587,INVESTMENT_0587,"Co hoi sinh loi bao dam, co chi can chuyen tien la co chuyen gia ho tro Làm ngay giúp bên cháu.",SCAM,INVESTMENT,HIGH,Hứa lợi nhuận cao bất thường và yêu cầu nạp/chuyển tiền.,lãi 30%; lợi nhuận cao; nạp tiền; chuyển tiền,Không chuyển tiền vào kênh đầu tư không rõ pháp lý. Hỏi người thân hoặc chuyên gia tài chính.,greed; false_promise,financial_loss,elderly,NORTH,NO_DIACRITICS,vietnamese_synthetic,self-created,true,no_pii,test
VN_000395,PRIZE_GIFT_0395,"Ben em tang chu phan qua tri an, can cung cap thong tin ca nhan de nhan.",SCAM,PRIZE_GIFT,HIGH,Dùng quà tặng hoặc trúng thưởng để dụ cung cấp thông tin hoặc chuyển phí.,trúng thưởng; nhận quà; đóng phí; chuyển phí,Không chuyển phí hoặc cung cấp thông tin cá nhân để nhận quà không rõ nguồn.,greed; urgency,financial_loss; privacy_leak,elderly,STANDARD,TYPO,vietnamese_synthetic,self-created,true,no_pii,test
VN_000411,INVESTMENT_0411,"Co tham gia nhom dau tu noi bo, loi nhuan chac chan khong rui ro.",SCAM,INVESTMENT,HIGH,Hứa lợi nhuận cao bất thường và yêu cầu nạp/chuyển tiền.,lãi 30%; lợi nhuận cao; nạp tiền; chuyển tiền,Không chuyển tiền vào kênh đầu tư không rõ pháp lý. Hỏi người thân hoặc chuyên gia tài chính.,greed; false_promise,financial_loss,elderly,STANDARD,NO_DIACRITICS,vietnamese_synthetic,self-created,true,no_pii,valid
VN_000658,SAFE_0058,"Ngân hàng thông báo bảo trì hệ thống vào tối nay, không yêu cầu cung cấp thông tin để con yên tâm nha.",SAFE,NONE,LOW,Nội dung bình thường hoặc không có yêu cầu nguy hiểm.,,Không cần cảnh báo. Có thể tiếp tục trò chuyện bình thường.,none,none,general,SOUTH,NONE,vietnamese_synthetic,self-created,true,no_pii,test
VN_001181,SUSPICIOUS_0181,Cô xác minh tài khoản giúp bên em trong hôm nay nhé nếu cần em sẽ hướng dẫn thêm.,SUSPICIOUS,UNKNOWN,MEDIUM,Nội dung có yêu cầu xác minh hoặc cung cấp thông tin nhưng chưa đủ bằng chứng kết luận lừa đảo.,xác minh; thông tin cá nhân; đường dẫn; phản hồi sớm,Cần kiểm tra nguồn gửi. Không cung cấp thông tin nhạy cảm nếu chưa xác minh.,uncertainty; possible_social_engineering,privacy_leak,general,NORTH,NONE,vietnamese_synthetic,self-created,true,no_pii,test
VN_001046,SUSPICIOUS_0046,Ben em can kiem tra thong tin ca nhan cua bac de ho tro giúp bên em nhé.,SUSPICIOUS,UNKNOWN,MEDIUM,Nội dung có yêu cầu xác minh hoặc cung cấp thông tin nhưng chưa đủ bằng chứng kết luận lừa đảo.,xác minh; thông tin cá nhân; đường dẫn; phản hồi sớm,Cần kiểm tra nguồn gửi. Không cung cấp thông tin nhạy cảm nếu chưa xác minh.,uncertainty; possible_social_engineering,privacy_leak,general,NORTH,NO_DIACRITICS,vietnamese_synthetic,self-created,true,no_pii,test
VN_000047,OTP_BANK_0047,Bác đọc giúp cháu dãy 6 số vừa gửi về điện thoại để hoàn tất xác minh Làm ngay giúp bên cháu.,SCAM,OTP_BANK,HIGH,Yêu cầu cung cấp OTP hoặc mã xác nhận ngân hàng.,mã OTP; mã xác nhận; dãy 6 số,Không cung cấp OTP hoặc mã xác nhận. Gọi trực tiếp ngân hàng để kiểm tra.,urgency; technical_confusion,credential_theft,elderly,STANDARD,NONE,vietnamese_synthetic,self-created,true,no_pii,train
VN_000640,SAFE_0040,Con đã chuyển tiền mua thuốc cho mẹ rồi nha.,SAFE,NONE,LOW,Nội dung bình thường hoặc không có yêu cầu nguy hiểm.,,Không cần cảnh báo. Có thể tiếp tục trò chuyện bình thường.,none,none,general,SOUTH,NONE,vietnamese_synthetic,self-created,true,no_pii,valid
VN_000212,PHISHING_LINK_0212,"Don hang cua bac gap loi, bam vao <LINK> de cap nhat thong tin nhan hang.",SCAM,PHISHING_LINK,HIGH,Dụ người dùng bấm link lạ để đánh cắp thông tin.,<LINK>; bấm link; đăng nhập,Không bấm link lạ. Chỉ truy cập website hoặc ứng dụng chính thức.,technical_confusion; urgency,credential_theft; malware_install,elderly,STANDARD,NO_DIACRITICS,vietnamese_synthetic,self-created,true,no_pii,test
VN_000095,PRIZE_GIFT_0095,"Bên em tặng chú phần quà tri ân, cần cung cấp thông tin cá nhân để nhận.",SCAM,PRIZE_GIFT,HIGH,Dùng quà tặng hoặc trúng thưởng để dụ cung cấp thông tin hoặc chuyển phí.,trúng thưởng; nhận quà; đóng phí; chuyển phí,Không chuyển phí hoặc cung cấp thông tin cá nhân để nhận quà không rõ nguồn.,greed; urgency,financial_loss; privacy_leak,elderly,SOUTH,NONE,vietnamese_synthetic,self-created,true,no_pii,test
VN_000957,SAFE_0357,"Ma don hang cua chu la 123456, hang se giao trong hom nay ạ.",SAFE,NONE,LOW,Nội dung bình thường hoặc không có yêu cầu nguy hiểm.,,Không cần cảnh báo. Có thể tiếp tục trò chuyện bình thường.,none,none,general,NORTH,NO_DIACRITICS,vietnamese_synthetic,self-created,true,no_pii,test
VN_001133,SUSPICIOUS_0133,"Tài khoản của chú có dấu hiệu bất thường, vui lòng phản hồi sớm phản hồi sớm giúp em nha.",SUSPICIOUS,UNKNOWN,MEDIUM,Nội dung có yêu cầu xác minh hoặc cung cấp thông tin nhưng chưa đủ bằng chứng kết luận lừa đảo.,xác minh; thông tin cá nhân; đường dẫn; phản hồi sớm,Cần kiểm tra nguồn gửi. Không cung cấp thông tin nhạy cảm nếu chưa xác minh.,uncertainty; possible_social_engineering,privacy_leak,general,NORTH,NONE,vietnamese_synthetic,self-created,true,no_pii,test
VN_000179,OTP_BANK_0179,Con hỏi thăm sức khỏe chút. Cô đọc giúp cháu dãy 6 số vừa gửi về điện thoại để hoàn tất xác minh.,SCAM,OTP_BANK,HIGH,Yêu cầu cung cấp OTP hoặc mã xác nhận ngân hàng.,mã OTP; mã xác nhận; dãy 6 số,Không cung cấp OTP hoặc mã xác nhận. Gọi trực tiếp ngân hàng để kiểm tra.,urgency; technical_confusion,credential_theft,elderly,STANDARD,MIXED_INTENT,vietnamese_synthetic,self-created,true,no_pii,train
VN_000091,LOAN_SCAM_0091,"Cô/chú cứ bình tĩnh, bên cháu hỗ trợ nhanh thôi. Hồ sơ vay của bác đã được chấp nhận, chuyển phí xác minh để nhận tiền. Làm ngay để tránh bị khóa dịch vụ.",SCAM,LOAN_SCAM,HIGH,"Lừa vay tiền, yêu cầu đóng phí trước hoặc gửi giấy tờ cá nhân.",đóng phí; giải ngân; gửi CCCD; phí hồ sơ,Không gửi giấy tờ cá nhân hoặc đóng phí trước cho dịch vụ vay không rõ nguồn.,financial_pressure; urgency,financial_loss; identity_theft,elderly,STANDARD,LONG_CONTEXT,vietnamese_synthetic,self-created,true,no_pii,valid
VN_000637,SAFE_0037,"Hom nay troi mua, chu nho mang ao mua.",SAFE,NONE,LOW,Nội dung bình thường hoặc không có yêu cầu nguy hiểm.,,Không cần cảnh báo. Có thể tiếp tục trò chuyện bình thường.,none,none,general,STANDARD,NO_DIACRITICS,vietnamese_synthetic,self-created,true,no_pii,valid
VN_000009,INVESTMENT_0009,"Chú đầu tư 3 triệu hôm nay, cam kết nhận lãi 30% sau một tuần.",SCAM,INVESTMENT,HIGH,Hứa lợi nhuận cao bất thường và yêu cầu nạp/chuyển tiền.,lãi 30%; lợi nhuận cao; nạp tiền; chuyển tiền,Không chuyển tiền vào kênh đầu tư không rõ pháp lý. Hỏi người thân hoặc chuyên gia tài chính.,greed; false_promise,financial_loss,elderly,NORTH,NONE,vietnamese_synthetic,self-created,true,no_pii,valid
VN_000238,OTP_BANK_0238,"Tài khoản của bác đang bị khóa, gửi mã xác nhận để mở lại.",SCAM,OTP_BANK,HIGH,Yêu cầu cung cấp OTP hoặc mã xác nhận ngân hàng.,mã OTP; mã xác nhận; dãy 6 số,Không cung cấp OTP hoặc mã xác nhận. Gọi trực tiếp ngân hàng để kiểm tra.,urgency; technical_confusion,credential_theft,elderly,STANDARD,NONE,vietnamese_synthetic,self-created,true,no_pii,train
VN_000794,SAFE_0194,"Cô ơi, tối nay cả nhà gọi video nhé ạ.",SAFE,NONE,LOW,Nội dung bình thường hoặc không có yêu cầu nguy hiểm.,,Không cần cảnh báo. Có thể tiếp tục trò chuyện bình thường.,none,none,general,SOUTH,NONE,vietnamese_synthetic,self-created,true,no_pii,test
VN_000941,SAFE_0341,"Con đặt xe cho bác rồi, tài xế sẽ đến trong 10 phút tối con gọi lại nhé.",SAFE,NONE,LOW,Nội dung bình thường hoặc không có yêu cầu nguy hiểm.,,Không cần cảnh báo. Có thể tiếp tục trò chuyện bình thường.,none,none,general,STANDARD,NONE,vietnamese_synthetic,self-created,true,no_pii,valid
VN_000075,PRIZE_GIFT_0075,"Cô trúng thưởng may mắn, chuyển phí vận chuyển để nhận quà ngay hôm nay Làm ngay giúp bên cháu.",SCAM,PRIZE_GIFT,HIGH,Dùng quà tặng hoặc trúng thưởng để dụ cung cấp thông tin hoặc chuyển phí.,trúng thưởng; nhận quà; đóng phí; chuyển phí,Không chuyển phí hoặc cung cấp thông tin cá nhân để nhận quà không rõ nguồn.,greed; urgency,financial_loss; privacy_leak,elderly,STANDARD,NONE,vietnamese_synthetic,self-created,true,no_pii,test
VN_000421,EMERGENCY_MONEY_0421,"Con hỏi thăm sức khỏe chút. Mẹ ơi con đang cấp cứu, chuyển gấp cho con 5 triệu, đừng gọi lại Làm ngay giúp bên cháu.",SCAM,EMERGENCY_MONEY,HIGH,"Giả danh người thân, tạo tình huống khẩn cấp và yêu cầu chuyển tiền.",cấp cứu; chuyển gấp; đừng gọi lại; khẩn cấp,Không chuyển tiền vội. Gọi trực tiếp cho người thân qua số quen thuộc để xác minh.,urgency; trust_abuse; secrecy,financial_loss,elderly,SOUTH,MIXED_INTENT,vietnamese_synthetic,self-created,true,no_pii,train
VN_000272,FAKE_POLICE_0272,"Bac dang bi nghi ngo lien quan duong day lua dao, can lam theo huong dan ngai.",SCAM,FAKE_POLICE,HIGH,"Giả danh cơ quan chức năng, đe dọa và yêu cầu chuyển tiền.",công an; viện kiểm sát; vụ án; chuyển tiền,Không chuyển tiền. Gọi người thân hoặc cơ quan công an địa phương để xác minh.,authority_impersonation; fear; secrecy,financial_loss,elderly,CENTRAL,TYPO,vietnamese_synthetic,self-created,true,no_pii,train
VN_001058,SUSPICIOUS_0058,Bác gửi thông tin để bên em cập nhật hồ sơ trong hôm nay giúp em.,SUSPICIOUS,UNKNOWN,MEDIUM,Nội dung có yêu cầu xác minh hoặc cung cấp thông tin nhưng chưa đủ bằng chứng kết luận lừa đảo.,xác minh; thông tin cá nhân; đường dẫn; phản hồi sớm,Cần kiểm tra nguồn gửi. Không cung cấp thông tin nhạy cảm nếu chưa xác minh.,uncertainty; possible_social_engineering,privacy_leak,general,CENTRAL,NONE,vietnamese_synthetic,self-created,true,no_pii,test
VN_000202,INVESTMENT_0202,"Chu dau tu 3 trieu hom nay, cam ket nhan lai 30% sau mot tuan Làm ngay giúp bên cháu.",SCAM,INVESTMENT,HIGH,Hứa lợi nhuận cao bất thường và yêu cầu nạp/chuyển tiền.,lãi 30%; lợi nhuận cao; nạp tiền; chuyển tiền,Không chuyển tiền vào kênh đầu tư không rõ pháp lý. Hỏi người thân hoặc chuyên gia tài chính.,greed; false_promise,financial_loss,elderly,NORTH,TYPO,vietnamese_synthetic,self-created,true,no_pii,valid
VN_000294,OTP_BANK_0294,"Ngân hàng cần kiểm tra bảo mật, cô cung cấp mã OTP ngay để tránh khóa tài khoản.",SCAM,OTP_BANK,HIGH,Yêu cầu cung cấp OTP hoặc mã xác nhận ngân hàng.,mã OTP; mã xác nhận; dãy 6 số,Không cung cấp OTP hoặc mã xác nhận. Gọi trực tiếp ngân hàng để kiểm tra.,urgency; technical_confusion,credential_theft,elderly,NORTH,NONE,vietnamese_synthetic,self-created,true,no_pii,train
VN_000671,SAFE_0071,"Bác ơi, tối nay cả nhà gọi video nhé nhé.",SAFE,NONE,LOW,Nội dung bình thường hoặc không có yêu cầu nguy hiểm.,,Không cần cảnh báo. Có thể tiếp tục trò chuyện bình thường.,none,none,general,STANDARD,NONE,vietnamese_synthetic,self-created,true,no_pii,valid
VN_000636,SAFE_0036,Me nho uong thuoc dung gio nha.,SAFE,NONE,LOW,Nội dung bình thường hoặc không có yêu cầu nguy hiểm.,,Không cần cảnh báo. Có thể tiếp tục trò chuyện bình thường.,none,none,general,CENTRAL,NO_DIACRITICS,vietnamese_synthetic,self-created,true,no_pii,valid
VN_001174,SUSPICIOUS_0174,Cô bấm vào đường dẫn này để xem chi tiết chương trình trong hôm nay giúp em.,SUSPICIOUS,UNKNOWN,MEDIUM,Nội dung có yêu cầu xác minh hoặc cung cấp thông tin nhưng chưa đủ bằng chứng kết luận lừa đảo.,xác minh; thông tin cá nhân; đường dẫn; phản hồi sớm,Cần kiểm tra nguồn gửi. Không cung cấp thông tin nhạy cảm nếu chưa xác minh.,uncertainty; possible_social_engineering,privacy_leak,general,STANDARD,NONE,vietnamese_synthetic,self-created,true,no_pii,test
VN_000697,SAFE_0097,"Mã đơn hàng của chú là 123456, hàng sẽ giao trong hôm nay nhé.",SAFE,NONE,LOW,Nội dung bình thường hoặc không có yêu cầu nguy hiểm.,,Không cần cảnh báo. Có thể tiếp tục trò chuyện bình thường.,none,none,general,NORTH,NONE,vietnamese_synthetic,self-created,true,no_pii,test
VN_000390,EMERGENCY_MONEY_0390,"Con đang gặp chuyện gấp, bác chuyển khoản liền cho con 10 triệu nha Xử lý trong hôm nay giúp cháu.",SCAM,EMERGENCY_MONEY,HIGH,"Giả danh người thân, tạo tình huống khẩn cấp và yêu cầu chuyển tiền.",cấp cứu; chuyển gấp; đừng gọi lại; khẩn cấp,Không chuyển tiền vội. Gọi trực tiếp cho người thân qua số quen thuộc để xác minh.,urgency; trust_abuse; secrecy,financial_loss,elderly,STANDARD,OBFUSCATION,vietnamese_synthetic,self-created,true,no_pii,train
VN_000316,EMERGENCY_MONEY_0316,"Cô ơi con bị tai nạn, gửi tiền ngay vào số tài khoản này giúp con.",SCAM,EMERGENCY_MONEY,HIGH,"Giả danh người thân, tạo tình huống khẩn cấp và yêu cầu chuyển tiền.",cấp cứu; chuyển gấp; đừng gọi lại; khẩn cấp,Không chuyển tiền vội. Gọi trực tiếp cho người thân qua số quen thuộc để xác minh.,urgency; trust_abuse; secrecy,financial_loss,elderly,SOUTH,NONE,vietnamese_synthetic,self-created,true,no_pii,train
VN_001025,SUSPICIOUS_0025,Me gui thong tin de ben em cap nhat ho so.,SUSPICIOUS,UNKNOWN,MEDIUM,Nội dung có yêu cầu xác minh hoặc cung cấp thông tin nhưng chưa đủ bằng chứng kết luận lừa đảo.,xác minh; thông tin cá nhân; đường dẫn; phản hồi sớm,Cần kiểm tra nguồn gửi. Không cung cấp thông tin nhạy cảm nếu chưa xác minh.,uncertainty; possible_social_engineering,privacy_leak,general,CENTRAL,TYPO,vietnamese_synthetic,self-created,true,no_pii,test
VN_000989,SAFE_0389,"Con dat xe cho bac roi, tai xe se den trong 10 phut khi nào rảnh nha.",SAFE,NONE,LOW,Nội dung bình thường hoặc không có yêu cầu nguy hiểm.,,Không cần cảnh báo. Có thể tiếp tục trò chuyện bình thường.,none,none,general,CENTRAL,TYPO,vietnamese_synthetic,self-created,true,no_pii,test
VN_000052,JOB_SCAM_0052,"Ben em tuyen cong tac vien tai nha, can chuyen tien kich hoat tai khoan.",SCAM,JOB_SCAM,MEDIUM,"Lừa việc làm online, yêu cầu đóng phí hoặc nạp tiền trước.",nạp trước; đóng phí; kích hoạt tài khoản,Không đóng phí để nhận việc. Kiểm tra công ty và hợp đồng rõ ràng.,financial_pressure; false_promise,financial_loss,elderly,NORTH,NO_DIACRITICS,vietnamese_synthetic,self-created,true,no_pii,train
VN_001037,SUSPICIOUS_0037,Em có cơ hội đầu tư muốn giới thiệu cho bác nếu cần em sẽ hướng dẫn thêm.,SUSPICIOUS,UNKNOWN,MEDIUM,Nội dung có yêu cầu xác minh hoặc cung cấp thông tin nhưng chưa đủ bằng chứng kết luận lừa đảo.,xác minh; thông tin cá nhân; đường dẫn; phản hồi sớm,Cần kiểm tra nguồn gửi. Không cung cấp thông tin nhạy cảm nếu chưa xác minh.,uncertainty; possible_social_engineering,privacy_leak,general,STANDARD,NONE,vietnamese_synthetic,self-created,true,no_pii,test
VN_000909,SAFE_0309,Con đã chuyển tiền mua thuốc cho mẹ rồi Mã tham chiếu 909.,SAFE,NONE,LOW,Nội dung bình thường hoặc không có yêu cầu nguy hiểm.,,Không cần cảnh báo. Có thể tiếp tục trò chuyện bình thường.,none,none,general,NORTH,NONE,vietnamese_synthetic,self-created,true,no_pii,test
VN_000190,PRIZE_GIFT_0190,"Bác trúng thưởng may mắn, chuyển phí vận chuyển để nhận quà ngay hôm nay Làm ngay giúp bên cháu.",SCAM,PRIZE_GIFT,HIGH,Dùng quà tặng hoặc trúng thưởng để dụ cung cấp thông tin hoặc chuyển phí.,trúng thưởng; nhận quà; đóng phí; chuyển phí,Không chuyển phí hoặc cung cấp thông tin cá nhân để nhận quà không rõ nguồn.,greed; urgency,financial_loss; privacy_leak,elderly,STANDARD,NONE,vietnamese_synthetic,self-created,true,no_pii,valid
VN_000414,EMERGENCY_MONEY_0414,"Mẹ ơi con đang cấp cứu, chuyển gấp cho con 5 triệu, đừng gọi lại Nếu chậm trễ tài khoản có thể bị khóa.",SCAM,EMERGENCY_MONEY,HIGH,"Giả danh người thân, tạo tình huống khẩn cấp và yêu cầu chuyển tiền.",cấp cứu; chuyển gấp; đừng gọi lại; khẩn cấp,Không chuyển tiền vội. Gọi trực tiếp cho người thân qua số quen thuộc để xác minh.,urgency; trust_abuse; secrecy,financial_loss,elderly,CENTRAL,NONE,vietnamese_synthetic,self-created,true,no_pii,train
VN_000077,PHISHING_LINK_0077,O cần đăng nhập vào <LINK> để kiểm tra giao dịch bất thường.,SCAM,PHISHING_LINK,HIGH,Dụ người dùng bấm link lạ để đánh cắp thông tin.,<LINK>; bấm link; đăng nhập,Không bấm link lạ. Chỉ truy cập website hoặc ứng dụng chính thức.,technical_confusion; urgency,credential_theft; malware_install,elderly,CENTRAL,NONE,vietnamese_synthetic,self-created,true,no_pii,train
VN_000767,SAFE_0167,Con đã chuyển tiền mua thuốc cho mẹ rồi Mã tham chiếu 767.,SAFE,NONE,LOW,Nội dung bình thường hoặc không có yêu cầu nguy hiểm.,,Không cần cảnh báo. Có thể tiếp tục trò chuyện bình thường.,none,none,general,SOUTH,NONE,vietnamese_synthetic,self-created,true,no_pii,test
VN_000230,INVESTMENT_0230,"Cơ hội sinh lời bảo đảm, chú chỉ cần chuyển tiền là có chuyên gia hỗ trợ. please check now",SCAM,INVESTMENT,HIGH,Hứa lợi nhuận cao bất thường và yêu cầu nạp/chuyển tiền.,lãi 30%; lợi nhuận cao; nạp tiền; chuyển tiền,Không chuyển tiền vào kênh đầu tư không rõ pháp lý. Hỏi người thân hoặc chuyên gia tài chính.,greed; false_promise,financial_loss,elderly,STANDARD,CODE_SWITCHING,vietnamese_synthetic,self-created,true,no_pii,valid
VN_000359,OTP_BANK_0359,Cô đọc giúp cháu dãy 6 số vừa gửi về điện thoại để hoàn tất xác minh.,SCAM,OTP_BANK,HIGH,Yêu cầu cung cấp OTP hoặc mã xác nhận ngân hàng.,mã OTP; mã xác nhận; dãy 6 số,Không cung cấp OTP hoặc mã xác nhận. Gọi trực tiếp ngân hàng để kiểm tra.,urgency; technical_confusion,credential_theft,elderly,STANDARD,OBFUSCATION,vietnamese_synthetic,self-created,true,no_pii,train
VN_001176,SUSPICIOUS_0176,Bac xac minh tai khoan giup ben em trong hom nay nhe nếu cần em sẽ hướng dẫn thêm.,SUSPICIOUS,UNKNOWN,MEDIUM,Nội dung có yêu cầu xác minh hoặc cung cấp thông tin nhưng chưa đủ bằng chứng kết luận lừa đảo.,xác minh; thông tin cá nhân; đường dẫn; phản hồi sớm,Cần kiểm tra nguồn gửi. Không cung cấp thông tin nhạy cảm nếu chưa xác minh.,uncertainty; possible_social_engineering,privacy_leak,general,CENTRAL,NO_DIACRITICS,vietnamese_synthetic,self-created,true,no_pii,test
VN_001076,SUSPICIOUS_0076,Bác gửi thông tin để bên em cập nhật hồ sơ để bên em kiểm tra lại.,SUSPICIOUS,UNKNOWN,MEDIUM,Nội dung có yêu cầu xác minh hoặc cung cấp thông tin nhưng chưa đủ bằng chứng kết luận lừa đảo.,xác minh; thông tin cá nhân; đường dẫn; phản hồi sớm,Cần kiểm tra nguồn gửi. Không cung cấp thông tin nhạy cảm nếu chưa xác minh.,uncertainty; possible_social_engineering,privacy_leak,general,CENTRAL,OBFUSCATION,vietnamese_synthetic,self-created,true,no_pii,test
VN_000443,EMERGENCY_MONEY_0443,"Cô đừng hỏi nhiều, con cần tiền xử lý việc khẩn cấp, chuyển ngay giúp con Xử lý trong hôm nay giúp cháu.",SCAM,EMERGENCY_MONEY,HIGH,"Giả danh người thân, tạo tình huống khẩn cấp và yêu cầu chuyển tiền.",cấp cứu; chuyển gấp; đừng gọi lại; khẩn cấp,Không chuyển tiền vội. Gọi trực tiếp cho người thân qua số quen thuộc để xác minh.,urgency; trust_abuse; secrecy,financial_loss,elderly,STANDARD,NONE,vietnamese_synthetic,self-created,true,no_pii,train
VN_000620,SAFE_0020,Con da chuyen tien mua thuoc cho me roi.,SAFE,NONE,LOW,Nội dung bình thường hoặc không có yêu cầu nguy hiểm.,,Không cần cảnh báo. Có thể tiếp tục trò chuyện bình thường.,none,none,general,CENTRAL,TYPO,vietnamese_synthetic,self-created,true,no_pii,valid
VN_000926,SAFE_0326,"Má ơi, tối nay cả nhà gọi video nhé nhé.",SAFE,NONE,LOW,Nội dung bình thường hoặc không có yêu cầu nguy hiểm.,,Không cần cảnh báo. Có thể tiếp tục trò chuyện bình thường.,none,none,general,SOUTH,NONE,vietnamese_synthetic,self-created,true,no_pii,test
VN_000762,SAFE_0162,Má nhớ uống thuốc đúng giờ nha.,SAFE,NONE,LOW,Nội dung bình thường hoặc không có yêu cầu nguy hiểm.,,Không cần cảnh báo. Có thể tiếp tục trò chuyện bình thường.,none,none,general,SOUTH,NONE,vietnamese_synthetic,self-created,true,no_pii,valid
VN_000487,INVESTMENT_0487,"Ben em co san dau tu loi nhuan cao, co nap tien som de giu suat.",SCAM,INVESTMENT,HIGH,Hứa lợi nhuận cao bất thường và yêu cầu nạp/chuyển tiền.,lãi 30%; lợi nhuận cao; nạp tiền; chuyển tiền,Không chuyển tiền vào kênh đầu tư không rõ pháp lý. Hỏi người thân hoặc chuyên gia tài chính.,greed; false_promise,financial_loss,elderly,STANDARD,TYPO,vietnamese_synthetic,self-created,true,no_pii,test
VN_001018,SUSPICIOUS_0018,Em có cơ hội đầu tư muốn giới thiệu cho bác để bên em kiểm tra lại.,SUSPICIOUS,UNKNOWN,MEDIUM,Nội dung có yêu cầu xác minh hoặc cung cấp thông tin nhưng chưa đủ bằng chứng kết luận lừa đảo.,xác minh; thông tin cá nhân; đường dẫn; phản hồi sớm,Cần kiểm tra nguồn gửi. Không cung cấp thông tin nhạy cảm nếu chưa xác minh.,uncertainty; possible_social_engineering,privacy_leak,general,STANDARD,OBFUSCATION,vietnamese_synthetic,self-created,true,no_pii,test
VN_000178,INVESTMENT_0178,"Má tham gia nhóm đầu tư nội bộ, lợi nhuận chắc chắn không rủi ro. please check now",SCAM,INVESTMENT,HIGH,Hứa lợi nhuận cao bất thường và yêu cầu nạp/chuyển tiền.,lãi 30%; lợi nhuận cao; nạp tiền; chuyển tiền,Không chuyển tiền vào kênh đầu tư không rõ pháp lý. Hỏi người thân hoặc chuyên gia tài chính.,greed; false_promise,financial_loss,elderly,SOUTH,CODE_SWITCHING,vietnamese_synthetic,self-created,true,no_pii,valid
VN_001115,SUSPICIOUS_0115,"Tài khoản của chú có dấu hiệu bất thường, vui lòng phản hồi sớm để bên em kiểm tra lại.",SUSPICIOUS,UNKNOWN,MEDIUM,Nội dung có yêu cầu xác minh hoặc cung cấp thông tin nhưng chưa đủ bằng chứng kết luận lừa đảo.,xác minh; thông tin cá nhân; đường dẫn; phản hồi sớm,Cần kiểm tra nguồn gửi. Không cung cấp thông tin nhạy cảm nếu chưa xác minh.,uncertainty; possible_social_engineering,privacy_leak,general,STANDARD,NONE,vietnamese_synthetic,self-created,true,no_pii,test
VN_000557,EMERGENCY_MONEY_0557,"Mẹ ơi con đang cấp cứu, chuyển gấp cho con 5 triệu, đừng gọi lại Không nên chia sẻ việc này với ai.",SCAM,EMERGENCY_MONEY,HIGH,"Giả danh người thân, tạo tình huống khẩn cấp và yêu cầu chuyển tiền.",cấp cứu; chuyển gấp; đừng gọi lại; khẩn cấp,Không chuyển tiền vội. Gọi trực tiếp cho người thân qua số quen thuộc để xác minh.,urgency; trust_abuse; secrecy,financial_loss,elderly,CENTRAL,NONE,vietnamese_synthetic,self-created,true,no_pii,train
VN_000065,OTP_BANK_0065,Mệ gửi mã OTP vừa nhận được để ngân hàng verify tài khoản ngay nhé.,SCAM,OTP_BANK,HIGH,Yêu cầu cung cấp OTP hoặc mã xác nhận ngân hàng.,mã OTP; mã xác nhận; dãy 6 số,Không cung cấp OTP hoặc mã xác nhận. Gọi trực tiếp ngân hàng để kiểm tra.,urgency; technical_confusion,credential_theft,elderly,CENTRAL,CODE_SWITCHING,vietnamese_synthetic,self-created,true,no_pii,train
VN_000645,SAFE_0045,Con gui link bai bao nay cho co doc thu.,SAFE,NONE,LOW,Nội dung bình thường hoặc không có yêu cầu nguy hiểm.,,Không cần cảnh báo. Có thể tiếp tục trò chuyện bình thường.,none,none,general,SOUTH,TYPO,vietnamese_synthetic,self-created,true,no_pii,valid
VN_000632,SAFE_0032,Chu kiem tra giup con lich hen kham benh ngay mai nhe.,SAFE,NONE,LOW,Nội dung bình thường hoặc không có yêu cầu nguy hiểm.,,Không cần cảnh báo. Có thể tiếp tục trò chuyện bình thường.,none,none,general,SOUTH,NO_DIACRITICS,vietnamese_synthetic,self-created,true,no_pii,valid
VN_000240,INVESTMENT_0240,"Bên em có sàn đầu tư lợi nhuận cao, cô nạp tiền sớm để giữ suất Xử lý trong hôm nay giúp cháu.",SCAM,INVESTMENT,HIGH,Hứa lợi nhuận cao bất thường và yêu cầu nạp/chuyển tiền.,lãi 30%; lợi nhuận cao; nạp tiền; chuyển tiền,Không chuyển tiền vào kênh đầu tư không rõ pháp lý. Hỏi người thân hoặc chuyên gia tài chính.,greed; false_promise,financial_loss,elderly,STANDARD,NONE,vietnamese_synthetic,self-created,true,no_pii,valid
VN_000384,EMERGENCY_MONEY_0384,"Con hỏi thăm sức khỏe chút. Mẹ ơi con đang cấp cứu, chuyển gấp cho con 5 triệu, đừng gọi lại.",SCAM,EMERGENCY_MONEY,HIGH,"Giả danh người thân, tạo tình huống khẩn cấp và yêu cầu chuyển tiền.",cấp cứu; chuyển gấp; đừng gọi lại; khẩn cấp,Không chuyển tiền vội. Gọi trực tiếp cho người thân qua số quen thuộc để xác minh.,urgency; trust_abuse; secrecy,financial_loss,elderly,SOUTH,MIXED_INTENT,vietnamese_synthetic,self-created,true,no_pii,train
VN_000798,SAFE_0198,"Chú ơi, tối nay cả nhà gọi video nhé khi nào rảnh nha.",SAFE,NONE,LOW,Nội dung bình thường hoặc không có yêu cầu nguy hiểm.,,Không cần cảnh báo. Có thể tiếp tục trò chuyện bình thường.,none,none,general,SOUTH,NONE,vietnamese_synthetic,self-created,true,no_pii,test
VN_000340,OTP_BANK_0340,Ma doc giup chau day 6 so vua gui ve dien thoai de hoan tat xac minh.,SCAM,OTP_BANK,HIGH,Yêu cầu cung cấp OTP hoặc mã xác nhận ngân hàng.,mã OTP; mã xác nhận; dãy 6 số,Không cung cấp OTP hoặc mã xác nhận. Gọi trực tiếp ngân hàng để kiểm tra.,urgency; technical_confusion,credential_theft,elderly,SOUTH,NO_DIACRITICS,vietnamese_synthetic,self-created,true,no_pii,train
VN_001095,SUSPICIOUS_0095,Co xac minh tai khoan giup ben em trong hom nay nhe giúp bên em nhé.,SUSPICIOUS,UNKNOWN,MEDIUM,Nội dung có yêu cầu xác minh hoặc cung cấp thông tin nhưng chưa đủ bằng chứng kết luận lừa đảo.,xác minh; thông tin cá nhân; đường dẫn; phản hồi sớm,Cần kiểm tra nguồn gửi. Không cung cấp thông tin nhạy cảm nếu chưa xác minh.,uncertainty; possible_social_engineering,privacy_leak,general,NORTH,TYPO,vietnamese_synthetic,self-created,true,no_pii,test
VN_000769,SAFE_0169,"Hôm nay trời mưa, cô nhớ mang áo mưa nhé.",SAFE,NONE,LOW,Nội dung bình thường hoặc không có yêu cầu nguy hiểm.,,Không cần cảnh báo. Có thể tiếp tục trò chuyện bình thường.,none,none,general,NORTH,NONE,vietnamese_synthetic,self-created,true,no_pii,test
VN_000695,SAFE_0095,Mai con về nhà ăn cơm với ba mẹ khi nào rảnh nha.,SAFE,NONE,LOW,Nội dung bình thường hoặc không có yêu cầu nguy hiểm.,,Không cần cảnh báo. Có thể tiếp tục trò chuyện bình thường.,none,none,general,STANDARD,NONE,vietnamese_synthetic,self-created,true,no_pii,test
VN_000064,EMERGENCY_MONEY_0064,"Chú ơi con bị tai nạn, gửi tiền ngay vào số tài khoản này giúp con.",SCAM,EMERGENCY_MONEY,HIGH,"Giả danh người thân, tạo tình huống khẩn cấp và yêu cầu chuyển tiền.",cấp cứu; chuyển gấp; đừng gọi lại; khẩn cấp,Không chuyển tiền vội. Gọi trực tiếp cho người thân qua số quen thuộc để xác minh.,urgency; trust_abuse; secrecy,financial_loss,elderly,STANDARD,NONE,vietnamese_synthetic,self-created,true,no_pii,train
VN_000575,PHISHING_LINK_0575,"Cô/chú cứ bình tĩnh, bên cháu hỗ trợ nhanh thôi. Bác bấm link <LINK> để xác minh tài khoản trước khi bị khóa. Làm ngay để tránh bị khóa dịch vụ.",SCAM,PHISHING_LINK,HIGH,Dụ người dùng bấm link lạ để đánh cắp thông tin.,<LINK>; bấm link; đăng nhập,Không bấm link lạ. Chỉ truy cập website hoặc ứng dụng chính thức.,technical_confusion; urgency,credential_theft; malware_install,elderly,NORTH,LONG_CONTEXT,vietnamese_synthetic,self-created,true,no_pii,train
VN_000306,LOAN_SCAM_0306,"Hồ sơ vay của o đã được chấp nhận, chuyển phí xác minh để nhận tiền Xử lý trong hôm nay giúp cháu.",SCAM,LOAN_SCAM,HIGH,"Lừa vay tiền, yêu cầu đóng phí trước hoặc gửi giấy tờ cá nhân.",đóng phí; giải ngân; gửi CCCD; phí hồ sơ,Không gửi giấy tờ cá nhân hoặc đóng phí trước cho dịch vụ vay không rõ nguồn.,financial_pressure; urgency,financial_loss; identity_theft,elderly,CENTRAL,NONE,vietnamese_synthetic,self-created,true,no_pii,valid
VN_000136,LOAN_SCAM_0136,Co muon vay nhanh khong can gap mat thi gui CCCD va phi ho so truoc.,SCAM,LOAN_SCAM,HIGH,"Lừa vay tiền, yêu cầu đóng phí trước hoặc gửi giấy tờ cá nhân.",đóng phí; giải ngân; gửi CCCD; phí hồ sơ,Không gửi giấy tờ cá nhân hoặc đóng phí trước cho dịch vụ vay không rõ nguồn.,financial_pressure; urgency,financial_loss; identity_theft,elderly,STANDARD,NO_DIACRITICS,vietnamese_synthetic,self-created,true,no_pii,valid
VN_001168,SUSPICIOUS_0168,Em có cơ hội đầu tư muốn giới thiệu cho chú Mã tham chiếu 1168.,SUSPICIOUS,UNKNOWN,MEDIUM,Nội dung có yêu cầu xác minh hoặc cung cấp thông tin nhưng chưa đủ bằng chứng kết luận lừa đảo.,xác minh; thông tin cá nhân; đường dẫn; phản hồi sớm,Cần kiểm tra nguồn gửi. Không cung cấp thông tin nhạy cảm nếu chưa xác minh.,uncertainty; possible_social_engineering,privacy_leak,general,SOUTH,NONE,vietnamese_synthetic,self-created,true,no_pii,test
VN_000680,SAFE_0080,Má kiểm tra giúp con lịch hẹn khám bệnh ngày mai nhé.,SAFE,NONE,LOW,Nội dung bình thường hoặc không có yêu cầu nguy hiểm.,,Không cần cảnh báo. Có thể tiếp tục trò chuyện bình thường.,none,none,general,SOUTH,NONE,vietnamese_synthetic,self-created,true,no_pii,valid
VN_000427,INVESTMENT_0427,"Bên em có sàn đầu tư lợi nhuận cao, bác nạp tiền sớm để giữ suất Xử lý trong hôm nay giúp cháu.",SCAM,INVESTMENT,HIGH,Hứa lợi nhuận cao bất thường và yêu cầu nạp/chuyển tiền.,lãi 30%; lợi nhuận cao; nạp tiền; chuyển tiền,Không chuyển tiền vào kênh đầu tư không rõ pháp lý. Hỏi người thân hoặc chuyên gia tài chính.,greed; false_promise,financial_loss,elderly,STANDARD,NONE,vietnamese_synthetic,self-created,true,no_pii,valid
VN_000039,JOB_SCAM_0039,"Cô chỉ cần làm nhiệm vụ online, nạp trước 300 nghìn để nhận việc.",SCAM,JOB_SCAM,MEDIUM,"Lừa việc làm online, yêu cầu đóng phí hoặc nạp tiền trước.",nạp trước; đóng phí; kích hoạt tài khoản,Không đóng phí để nhận việc. Kiểm tra công ty và hợp đồng rõ ràng.,financial_pressure; false_promise,financial_loss,elderly,SOUTH,NONE,vietnamese_synthetic,self-created,true,no_pii,train
VN_001098,SUSPICIOUS_0098,Bác bấm vào đường dẫn này để xem chi tiết chương trình giúp bên em nhé.,SUSPICIOUS,UNKNOWN,MEDIUM,Nội dung có yêu cầu xác minh hoặc cung cấp thông tin nhưng chưa đủ bằng chứng kết luận lừa đảo.,xác minh; thông tin cá nhân; đường dẫn; phản hồi sớm,Cần kiểm tra nguồn gửi. Không cung cấp thông tin nhạy cảm nếu chưa xác minh.,uncertainty; possible_social_engineering,privacy_leak,general,NORTH,NONE,vietnamese_synthetic,self-created,true,no_pii,test
VN_000647,SAFE_0047,"Mã đơn hàng của chú là 123456, hàng sẽ giao trong hôm nay.",SAFE,NONE,LOW,Nội dung bình thường hoặc không có yêu cầu nguy hiểm.,,Không cần cảnh báo. Có thể tiếp tục trò chuyện bình thường.,none,none,general,STANDARD,ABBREVIATION,vietnamese_synthetic,self-created,true,no_pii,test
VN_000614,SAFE_0014,Mai con ve nha an com voi ba me nha.,SAFE,NONE,LOW,Nội dung bình thường hoặc không có yêu cầu nguy hiểm.,,Không cần cảnh báo. Có thể tiếp tục trò chuyện bình thường.,none,none,general,CENTRAL,NO_DIACRITICS,vietnamese_synthetic,self-created,true,no_pii,valid
VN_001068,SUSPICIOUS_0068,O xác minh tài khoản giúp bên em trong hôm nay nhé.,SUSPICIOUS,UNKNOWN,MEDIUM,Nội dung có yêu cầu xác minh hoặc cung cấp thông tin nhưng chưa đủ bằng chứng kết luận lừa đảo.,xác minh; thông tin cá nhân; đường dẫn; phản hồi sớm,Cần kiểm tra nguồn gửi. Không cung cấp thông tin nhạy cảm nếu chưa xác minh.,uncertainty; possible_social_engineering,privacy_leak,general,CENTRAL,NONE,vietnamese_synthetic,self-created,true,no_pii,test
VN_000115,PRIZE_GIFT_0115,"Ba được chọn nhận phần thưởng 20 triệu, vui lòng đóng phí hồ sơ trước.",SCAM,PRIZE_GIFT,HIGH,Dùng quà tặng hoặc trúng thưởng để dụ cung cấp thông tin hoặc chuyển phí.,trúng thưởng; nhận quà; đóng phí; chuyển phí,Không chuyển phí hoặc cung cấp thông tin cá nhân để nhận quà không rõ nguồn.,greed; urgency,financial_loss; privacy_leak,elderly,SOUTH,NONE,vietnamese_synthetic,self-created,true,no_pii,valid
VN_001150,SUSPICIOUS_0150,Bác gửi thông tin để bên em cập nhật hồ sơ Mã tham chiếu 1150.,SUSPICIOUS,UNKNOWN,MEDIUM,Nội dung có yêu cầu xác minh hoặc cung cấp thông tin nhưng chưa đủ bằng chứng kết luận lừa đảo.,xác minh; thông tin cá nhân; đường dẫn; phản hồi sớm,Cần kiểm tra nguồn gửi. Không cung cấp thông tin nhạy cảm nếu chưa xác minh.,uncertainty; possible_social_engineering,privacy_leak,general,NORTH,NONE,vietnamese_synthetic,self-created,true,no_pii,valid
VN_000948,SAFE_0348,"Ngân hàng thông báo bảo trì hệ thống vào tối nay, không yêu cầu cung cấp thông tin Mã tham chiếu 948.",SAFE,NONE,LOW,Nội dung bình thường hoặc không có yêu cầu nguy hiểm.,,Không cần cảnh báo. Có thể tiếp tục trò chuyện bình thường.,none,none,general,CENTRAL,NONE,vietnamese_synthetic,self-created,true,no_pii,test
VN_000687,SAFE_0087,"Con dat xe cho chu roi, tai xe se den trong 10 phut nha.",SAFE,NONE,LOW,Nội dung bình thường hoặc không có yêu cầu nguy hiểm.,,Không cần cảnh báo. Có thể tiếp tục trò chuyện bình thường.,none,none,general,SOUTH,TYPO,vietnamese_synthetic,self-created,true,no_pii,test
VN_001100,SUSPICIOUS_0100,Em co co hoi dau tu muon gioi thieu cho bac giúp bên em nhé.,SUSPICIOUS,UNKNOWN,MEDIUM,Nội dung có yêu cầu xác minh hoặc cung cấp thông tin nhưng chưa đủ bằng chứng kết luận lừa đảo.,xác minh; thông tin cá nhân; đường dẫn; phản hồi sớm,Cần kiểm tra nguồn gửi. Không cung cấp thông tin nhạy cảm nếu chưa xác minh.,uncertainty; possible_social_engineering,privacy_leak,general,STANDARD,NO_DIACRITICS,vietnamese_synthetic,self-created,true,no_pii,valid
VN_000944,SAFE_0344,Con gửi link bài báo này cho chú đọc thử chiều nay cũng được nha.,SAFE,NONE,LOW,Nội dung bình thường hoặc không có yêu cầu nguy hiểm.,,Không cần cảnh báo. Có thể tiếp tục trò chuyện bình thường.,none,none,general,STANDARD,NONE,vietnamese_synthetic,self-created,true,no_pii,test
VN_000319,EMERGENCY_MONEY_0319,"Con dang gap chuyen gap, me chuyen khoan lien cho con 10 trieu nha.",SCAM,EMERGENCY_MONEY,HIGH,"Giả danh người thân, tạo tình huống khẩn cấp và yêu cầu chuyển tiền.",cấp cứu; chuyển gấp; đừng gọi lại; khẩn cấp,Không chuyển tiền vội. Gọi trực tiếp cho người thân qua số quen thuộc để xác minh.,urgency; trust_abuse; secrecy,financial_loss,elderly,CENTRAL,TYPO,vietnamese_synthetic,self-created,true,no_pii,train
VN_000987,SAFE_0387,"Ngân hàng thông báo bảo trì hệ thống vào tối nay, không yêu cầu cung cấp thông tin Mã tham chiếu 987.",SAFE,NONE,LOW,Nội dung bình thường hoặc không có yêu cầu nguy hiểm.,,Không cần cảnh báo. Có thể tiếp tục trò chuyện bình thường.,none,none,general,STANDARD,NONE,vietnamese_synthetic,self-created,true,no_pii,test
VN_000279,EMERGENCY_MONEY_0279,"Cô đừng hỏi nhiều, con cần tiền xử lý việc khẩn cấp, chuyển ngay giúp con.",SCAM,EMERGENCY_MONEY,HIGH,"Giả danh người thân, tạo tình huống khẩn cấp và yêu cầu chuyển tiền.",cấp cứu; chuyển gấp; đừng gọi lại; khẩn cấp,Không chuyển tiền vội. Gọi trực tiếp cho người thân qua số quen thuộc để xác minh.,urgency; trust_abuse; secrecy,financial_loss,elderly,SOUTH,NONE,vietnamese_synthetic,self-created,true,no_pii,train
VN_000073,PRIZE_GIFT_0073,"Bac trung thuong may man, chuyen phi van chuyen de nhan qua ngai hom nay.",SCAM,PRIZE_GIFT,HIGH,Dùng quà tặng hoặc trúng thưởng để dụ cung cấp thông tin hoặc chuyển phí.,trúng thưởng; nhận quà; đóng phí; chuyển phí,Không chuyển phí hoặc cung cấp thông tin cá nhân để nhận quà không rõ nguồn.,greed; urgency,financial_loss; privacy_leak,elderly,CENTRAL,TYPO,vietnamese_synthetic,self-created,true,no_pii,valid
VN_000972,SAFE_0372,Cô nhớ uống thuốc đúng giờ nha tối con gọi lại nhé.,SAFE,NONE,LOW,Nội dung bình thường hoặc không có yêu cầu nguy hiểm.,,Không cần cảnh báo. Có thể tiếp tục trò chuyện bình thường.,none,none,general,NORTH,NONE,vietnamese_synthetic,self-created,true,no_pii,test
VN_000982,SAFE_0382,Con da chuyen tien mua thuoc cho me roi tối con gọi lại nhé.,SAFE,NONE,LOW,Nội dung bình thường hoặc không có yêu cầu nguy hiểm.,,Không cần cảnh báo. Có thể tiếp tục trò chuyện bình thường.,none,none,general,SOUTH,NO_DIACRITICS,vietnamese_synthetic,self-created,true,no_pii,test
VN_000693,SAFE_0093,"Cô ơi, tối nay cả nhà gọi video nhé nha.",SAFE,NONE,LOW,Nội dung bình thường hoặc không có yêu cầu nguy hiểm.,,Không cần cảnh báo. Có thể tiếp tục trò chuyện bình thường.,none,none,general,NORTH,NONE,vietnamese_synthetic,self-created,true,no_pii,test
VN_000677,SAFE_0077,"Chú ơi, tối nay cả nhà gọi video nhé nhé.",SAFE,NONE,LOW,Nội dung bình thường hoặc không có yêu cầu nguy hiểm.,,Không cần cảnh báo. Có thể tiếp tục trò chuyện bình thường.,none,none,general,NORTH,NONE,vietnamese_synthetic,self-created,true,no_pii,test
VN_000398,PHISHING_LINK_0398,Bác cần đăng nhập vào <LINK> để kiểm tra giao dịch bất thường Bên cháu đang chờ phản hồi.,SCAM,PHISHING_LINK,HIGH,Dụ người dùng bấm link lạ để đánh cắp thông tin.,<LINK>; bấm link; đăng nhập,Không bấm link lạ. Chỉ truy cập website hoặc ứng dụng chính thức.,technical_confusion; urgency,credential_theft; malware_install,elderly,NORTH,NONE,vietnamese_synthetic,self-created,true,no_pii,train
VN_000360,LOAN_SCAM_0360,"Hồ sơ vay của chú đã được chấp nhận, chuyển phí xác minh để nhận tiền Xử lý trong hôm nay giúp cháu.",SCAM,LOAN_SCAM,HIGH,"Lừa vay tiền, yêu cầu đóng phí trước hoặc gửi giấy tờ cá nhân.",đóng phí; giải ngân; gửi CCCD; phí hồ sơ,Không gửi giấy tờ cá nhân hoặc đóng phí trước cho dịch vụ vay không rõ nguồn.,financial_pressure; urgency,financial_loss; identity_theft,elderly,NORTH,NONE,vietnamese_synthetic,self-created,true,no_pii,valid
VN_000060,OTP_BANK_0060,"Ngân hàng cần kiểm tra bảo mật, bác cung cấp mã OT P ngay để tránh khóa t.khoản.",SCAM,OTP_BANK,HIGH,Yêu cầu cung cấp OTP hoặc mã xác nhận ngân hàng.,mã OTP; mã xác nhận; dãy 6 số,Không cung cấp OTP hoặc mã xác nhận. Gọi trực tiếp ngân hàng để kiểm tra.,urgency; technical_confusion,credential_theft,elderly,STANDARD,OBFUSCATION,vietnamese_synthetic,self-created,true,no_pii,train
VN_000812,SAFE_0212,Mai con về nhà ăn cơm với ba mẹ Mã tham chiếu 812.,SAFE,NONE,LOW,Nội dung bình thường hoặc không có yêu cầu nguy hiểm.,,Không cần cảnh báo. Có thể tiếp tục trò chuyện bình thường.,none,none,general,CENTRAL,NONE,vietnamese_synthetic,self-created,true,no_pii,valid
VN_000700,SAFE_0100,"Ngân hàng thông báo bảo trì hệ thống vào tối nay, không yêu cầu cung cấp thông tin tối con gọi lại nhé.",SAFE,NONE,LOW,Nội dung bình thường hoặc không có yêu cầu nguy hiểm.,,Không cần cảnh báo. Có thể tiếp tục trò chuyện bình thường.,none,none,general,STANDARD,NONE,vietnamese_synthetic,self-created,true,no_pii,valid
VN_000683,SAFE_0083,"Ngan hang thong bao bao tri he thong vao toi nay, khong yeu cau cung cap thong tin ạ.",SAFE,NONE,LOW,Nội dung bình thường hoặc không có yêu cầu nguy hiểm.,,Không cần cảnh báo. Có thể tiếp tục trò chuyện bình thường.,none,none,general,SOUTH,NO_DIACRITICS,vietnamese_synthetic,self-created,true,no_pii,test
VN_000234,PRIZE_GIFT_0234,"Chuc mung co da trung xe may, bam <LINK> de nhan qua.",SCAM,PRIZE_GIFT,HIGH,Dùng quà tặng hoặc trúng thưởng để dụ cung cấp thông tin hoặc chuyển phí.,trúng thưởng; nhận quà; đóng phí; chuyển phí,Không chuyển phí hoặc cung cấp thông tin cá nhân để nhận quà không rõ nguồn.,greed; urgency,financial_loss; privacy_leak,elderly,NORTH,TYPO,vietnamese_synthetic,self-created,true,no_pii,valid
VN_000013,FAKE_POLICE_0013,"Chú không được nói với ai, hãy chuyển tiền vào tài khoản tạm giữ để phục vụ xác minh.",SCAM,FAKE_POLICE,HIGH,"Giả danh cơ quan chức năng, đe dọa và yêu cầu chuyển tiền.",công an; viện kiểm sát; vụ án; chuyển tiền,Không chuyển tiền. Gọi người thân hoặc cơ quan công an địa phương để xác minh.,authority_impersonation; fear; secrecy,financial_loss,elderly,NORTH,NONE,vietnamese_synthetic,self-created,true,no_pii,train
VN_000664,SAFE_0064,"Con đặt xe cho cô rồi, tài xế sẽ đến trong 10 phút nha.",SAFE,NONE,LOW,Nội dung bình thường hoặc không có yêu cầu nguy hiểm.,,Không cần cảnh báo. Có thể tiếp tục trò chuyện bình thường.,none,none,general,SOUTH,NONE,vietnamese_synthetic,self-created,true,no_pii,valid
VN_001127,SUSPICIOUS_0127,Em có cơ hội đầu tư muốn giới thiệu cho chú trong hôm nay giúp em.,SUSPICIOUS,UNKNOWN,MEDIUM,Nội dung có yêu cầu xác minh hoặc cung cấp thông tin nhưng chưa đủ bằng chứng kết luận lừa đảo.,xác minh; thông tin cá nhân; đường dẫn; phản hồi sớm,Cần kiểm tra nguồn gửi. Không cung cấp thông tin nhạy cảm nếu chưa xác minh.,uncertainty; possible_social_engineering,privacy_leak,general,STANDARD,NONE,vietnamese_synthetic,self-created,true,no_pii,test
VN_001038,SUSPICIOUS_0038,Bên em cần mệ xác nhận giao dịch này ngay hôm nay.,SUSPICIOUS,UNKNOWN,MEDIUM,Nội dung có yêu cầu xác minh hoặc cung cấp thông tin nhưng chưa đủ bằng chứng kết luận lừa đảo.,xác minh; thông tin cá nhân; đường dẫn; phản hồi sớm,Cần kiểm tra nguồn gửi. Không cung cấp thông tin nhạy cảm nếu chưa xác minh.,uncertainty; possible_social_engineering,privacy_leak,general,CENTRAL,NONE,vietnamese_synthetic,self-created,true,no_pii,test
VN_000615,SAFE_0015,"Bác ơi, tối nay cả nhà gọi video nhé.",SAFE,NONE,LOW,Nội dung bình thường hoặc không có yêu cầu nguy hiểm.,,Không cần cảnh báo. Có thể tiếp tục trò chuyện bình thường.,none,none,general,CENTRAL,NONE,vietnamese_synthetic,self-created,true,no_pii,valid
VN_000631,SAFE_0031,"Chú ơi, tối nay cả nhà gọi video nhé.",SAFE,NONE,LOW,Nội dung bình thường hoặc không có yêu cầu nguy hiểm.,,Không cần cảnh báo. Có thể tiếp tục trò chuyện bình thường.,none,none,general,NORTH,NONE,vietnamese_synthetic,self-created,true,no_pii,valid
VN_001194,SUSPICIOUS_0194,Em có cơ hội đầu tư muốn giới thiệu cho ba.,SUSPICIOUS,UNKNOWN,MEDIUM,Nội dung có yêu cầu xác minh hoặc cung cấp thông tin nhưng chưa đủ bằng chứng kết luận lừa đảo.,xác minh; thông tin cá nhân; đường dẫn; phản hồi sớm,Cần kiểm tra nguồn gửi. Không cung cấp thông tin nhạy cảm nếu chưa xác minh.,uncertainty; possible_social_engineering,privacy_leak,general,SOUTH,NONE,vietnamese_synthetic,self-created,true,no_pii,test
VN_000522,PRIZE_GIFT_0522,"Cô/chú cứ bình tĩnh, bên cháu hỗ trợ nhanh thôi. Cô trúng thưởng may mắn, chuyển phí vận chuyển để nhận quà ngay hôm nay. Làm ngay để tránh bị khóa dịch vụ.",SCAM,PRIZE_GIFT,HIGH,Dùng quà tặng hoặc trúng thưởng để dụ cung cấp thông tin hoặc chuyển phí.,trúng thưởng; nhận quà; đóng phí; chuyển phí,Không chuyển phí hoặc cung cấp thông tin cá nhân để nhận quà không rõ nguồn.,greed; urgency,financial_loss; privacy_leak,elderly,STANDARD,LONG_CONTEXT,vietnamese_synthetic,self-created,true,no_pii,valid
VN_000577,OTP_BANK_0577,"Ngân hàng cần kiểm tra bảo mật, o cung cấp mã OT P ngay để tránh khóa t.khoản.",SCAM,OTP_BANK,HIGH,Yêu cầu cung cấp OTP hoặc mã xác nhận ngân hàng.,mã OTP; mã xác nhận; dãy 6 số,Không cung cấp OTP hoặc mã xác nhận. Gọi trực tiếp ngân hàng để kiểm tra.,urgency; technical_confusion,credential_theft,elderly,CENTRAL,OBFUSCATION,vietnamese_synthetic,self-created,true,no_pii,train
VN_000413,JOB_SCAM_0413,"Viec nhe luong cao, chu dong phi ho so la co the bat dau ngay Làm ngay giúp bên cháu.",SCAM,JOB_SCAM,MEDIUM,"Lừa việc làm online, yêu cầu đóng phí hoặc nạp tiền trước.",nạp trước; đóng phí; kích hoạt tài khoản,Không đóng phí để nhận việc. Kiểm tra công ty và hợp đồng rõ ràng.,financial_pressure; false_promise,financial_loss,elderly,SOUTH,NO_DIACRITICS,vietnamese_synthetic,self-created,true,no_pii,train
VN_000024,JOB_SCAM_0024,"Cô/chú cứ bình tĩnh, bên cháu hỗ trợ nhanh thôi. Cô chỉ cần làm nhiệm vụ online, nạp trước 300 nghìn để nhận việc. Làm ngay để tránh bị khóa dịch vụ.",SCAM,JOB_SCAM,MEDIUM,"Lừa việc làm online, yêu cầu đóng phí hoặc nạp tiền trước.",nạp trước; đóng phí; kích hoạt tài khoản,Không đóng phí để nhận việc. Kiểm tra công ty và hợp đồng rõ ràng.,financial_pressure; false_promise,financial_loss,elderly,NORTH,LONG_CONTEXT,vietnamese_synthetic,self-created,true,no_pii,test
VN_000435,INVESTMENT_0435,"Cơ hội sinh lời bảo đảm, cô chỉ cần chuyển tiền là có chuyên gia hỗ trợ Xử lý trong hôm nay giúp cháu.",SCAM,INVESTMENT,HIGH,Hứa lợi nhuận cao bất thường và yêu cầu nạp/chuyển tiền.,lãi 30%; lợi nhuận cao; nạp tiền; chuyển tiền,Không chuyển tiền vào kênh đầu tư không rõ pháp lý. Hỏi người thân hoặc chuyên gia tài chính.,greed; false_promise,financial_loss,elderly,NORTH,NONE,vietnamese_synthetic,self-created,true,no_pii,valid
VN_000717,SAFE_0117,Chú kiểm tra giúp con lịch hẹn khám bệnh ngày mai nhé.,SAFE,NONE,LOW,Nội dung bình thường hoặc không có yêu cầu nguy hiểm.,,Không cần cảnh báo. Có thể tiếp tục trò chuyện bình thường.,none,none,general,NORTH,NONE,vietnamese_synthetic,self-created,true,no_pii,valid
VN_000684,SAFE_0084,"Hôm nay trời mưa, cô nhớ mang áo mưa.",SAFE,NONE,LOW,Nội dung bình thường hoặc không có yêu cầu nguy hiểm.,,Không cần cảnh báo. Có thể tiếp tục trò chuyện bình thường.,none,none,general,STANDARD,NONE,vietnamese_synthetic,self-created,true,no_pii,test
VN_000094,LOAN_SCAM_0094,"Hồ sơ vay của má đã được chấp nhận, chuyển phí xác minh để nhận tiền.",SCAM,LOAN_SCAM,HIGH,"Lừa vay tiền, yêu cầu đóng phí trước hoặc gửi giấy tờ cá nhân.",đóng phí; giải ngân; gửi CCCD; phí hồ sơ,Không gửi giấy tờ cá nhân hoặc đóng phí trước cho dịch vụ vay không rõ nguồn.,financial_pressure; urgency,financial_loss; identity_theft,elderly,SOUTH,OBFUSCATION,vietnamese_synthetic,self-created,true,no_pii,test
VN_001183,SUSPICIOUS_0183,Em co co hoi dau tu muon gioi thieu cho bac nếu cần em sẽ hướng dẫn thêm.,SUSPICIOUS,UNKNOWN,MEDIUM,Nội dung có yêu cầu xác minh hoặc cung cấp thông tin nhưng chưa đủ bằng chứng kết luận lừa đảo.,xác minh; thông tin cá nhân; đường dẫn; phản hồi sớm,Cần kiểm tra nguồn gửi. Không cung cấp thông tin nhạy cảm nếu chưa xác minh.,uncertainty; possible_social_engineering,privacy_leak,general,STANDARD,NO_DIACRITICS,vietnamese_synthetic,self-created,true,no_pii,test
VN_000850,SAFE_0250,Mai con về nhà ăn cơm với ba mẹ Mã tham chiếu 850.,SAFE,NONE,LOW,Nội dung bình thường hoặc không có yêu cầu nguy hiểm.,,Không cần cảnh báo. Có thể tiếp tục trò chuyện bình thường.,none,none,general,STANDARD,NONE,vietnamese_synthetic,self-created,true,no_pii,valid
VN_000425,OTP_BANK_0425,"Tài khoản của ba đang bị khóa, gửi mã xác nhận để mở lại.",SCAM,OTP_BANK,HIGH,Yêu cầu cung cấp OTP hoặc mã xác nhận ngân hàng.,mã OTP; mã xác nhận; dãy 6 số,Không cung cấp OTP hoặc mã xác nhận. Gọi trực tiếp ngân hàng để kiểm tra.,urgency; technical_confusion,credential_theft,elderly,SOUTH,NONE,vietnamese_synthetic,self-created,true,no_pii,train
VN_000242,LOAN_SCAM_0242,Ba muốn vay nhanh không cần gặp mặt thì gửi CCCD và phí hồ sơ trước Làm ngay giúp bên cháu.,SCAM,LOAN_SCAM,HIGH,"Lừa vay tiền, yêu cầu đóng phí trước hoặc gửi giấy tờ cá nhân.",đóng phí; giải ngân; gửi CCCD; phí hồ sơ,Không gửi giấy tờ cá nhân hoặc đóng phí trước cho dịch vụ vay không rõ nguồn.,financial_pressure; urgency,financial_loss; identity_theft,elderly,SOUTH,NONE,vietnamese_synthetic,self-created,true,no_pii,valid
VN_000953,SAFE_0353,"Hôm nay trời mưa, bác nhớ mang áo mưa ạ.",SAFE,NONE,LOW,Nội dung bình thường hoặc không có yêu cầu nguy hiểm.,,Không cần cảnh báo. Có thể tiếp tục trò chuyện bình thường.,none,none,general,CENTRAL,ABBREVIATION,vietnamese_synthetic,self-created,true,no_pii,test
VN_000050,PHISHING_LINK_0050,Bác bấm link <LINK> để xác minh tài khoản trước khi bị khóa.,SCAM,PHISHING_LINK,HIGH,Dụ người dùng bấm link lạ để đánh cắp thông tin.,<LINK>; bấm link; đăng nhập,Không bấm link lạ. Chỉ truy cập website hoặc ứng dụng chính thức.,technical_confusion; urgency,credential_theft; malware_install,elderly,STANDARD,NONE,vietnamese_synthetic,self-created,true,no_pii,test
VN_000243,FAKE_POLICE_0243,"Chúng tôi là công an, mệ đang liên quan đến vụ án rửa tiền, cần chuyển tiền để điều tra.",SCAM,FAKE_POLICE,HIGH,"Giả danh cơ quan chức năng, đe dọa và yêu cầu chuyển tiền.",công an; viện kiểm sát; vụ án; chuyển tiền,Không chuyển tiền. Gọi người thân hoặc cơ quan công an địa phương để xác minh.,authority_impersonation; fear; secrecy,financial_loss,elderly,CENTRAL,NONE,vietnamese_synthetic,self-created,true,no_pii,train
VN_000004,OTP_BANK_0004,"Ngân hàng cần kiểm tra bảo mật, chú cung cấp mã OTP ngay để tránh khóa tài khoản.",SCAM,OTP_BANK,HIGH,Yêu cầu cung cấp OTP hoặc mã xác nhận ngân hàng.,mã OTP; mã xác nhận; dãy 6 số,Không cung cấp OTP hoặc mã xác nhận. Gọi trực tiếp ngân hàng để kiểm tra.,urgency; technical_confusion,credential_theft,elderly,NORTH,NONE,vietnamese_synthetic,self-created,true,no_pii,train
VN_000397,PRIZE_GIFT_0397,"Bên em tặng bác phần quà tri ân, cần cung cấp thông tin cá nhân để nhận Làm ngay giúp bên cháu.",SCAM,PRIZE_GIFT,HIGH,Dùng quà tặng hoặc trúng thưởng để dụ cung cấp thông tin hoặc chuyển phí.,trúng thưởng; nhận quà; đóng phí; chuyển phí,Không chuyển phí hoặc cung cấp thông tin cá nhân để nhận quà không rõ nguồn.,greed; urgency,financial_loss; privacy_leak,elderly,STANDARD,NONE,vietnamese_synthetic,self-created,true,no_pii,test
VN_000595,FAKE_POLICE_0595,"Con hỏi thăm sức khỏe chút. Chúng tôi là công an, o đang liên quan đến vụ án rửa tiền, cần chuyển tiền để điều tra.",SCAM,FAKE_POLICE,HIGH,"Giả danh cơ quan chức năng, đe dọa và yêu cầu chuyển tiền.",công an; viện kiểm sát; vụ án; chuyển tiền,Không chuyển tiền. Gọi người thân hoặc cơ quan công an địa phương để xác minh.,authority_impersonation; fear; secrecy,financial_loss,elderly,CENTRAL,MIXED_INTENT,vietnamese_synthetic,self-created,true,no_pii,train
VN_000477,INVESTMENT_0477,"Má tham gia nhóm đầu tư nội bộ, lợi nhuận chắc chắn không rủi ro.",SCAM,INVESTMENT,HIGH,Hứa lợi nhuận cao bất thường và yêu cầu nạp/chuyển tiền.,lãi 30%; lợi nhuận cao; nạp tiền; chuyển tiền,Không chuyển tiền vào kênh đầu tư không rõ pháp lý. Hỏi người thân hoặc chuyên gia tài chính.,greed; false_promise,financial_loss,elderly,SOUTH,OBFUSCATION,vietnamese_synthetic,self-created,true,no_pii,test
VN_000369,INVESTMENT_0369,"Cô/chú cứ bình tĩnh, bên cháu hỗ trợ nhanh thôi. Cơ hội sinh lời bảo đảm, ba chỉ cần chuyển tiền là có chuyên gia hỗ trợ. Làm ngay để tránh bị khóa dịch vụ.",SCAM,INVESTMENT,HIGH,Hứa lợi nhuận cao bất thường và yêu cầu nạp/chuyển tiền.,lãi 30%; lợi nhuận cao; nạp tiền; chuyển tiền,Không chuyển tiền vào kênh đầu tư không rõ pháp lý. Hỏi người thân hoặc chuyên gia tài chính.,greed; false_promise,financial_loss,elderly,SOUTH,LONG_CONTEXT,vietnamese_synthetic,self-created,true,no_pii,test
VN_001009,SUSPICIOUS_0009,Bac xac minh tai khoan giup ben em trong hom nay nhe.,SUSPICIOUS,UNKNOWN,MEDIUM,Nội dung có yêu cầu xác minh hoặc cung cấp thông tin nhưng chưa đủ bằng chứng kết luận lừa đảo.,xác minh; thông tin cá nhân; đường dẫn; phản hồi sớm,Cần kiểm tra nguồn gửi. Không cung cấp thông tin nhạy cảm nếu chưa xác minh.,uncertainty; possible_social_engineering,privacy_leak,general,NORTH,NO_DIACRITICS,vietnamese_synthetic,self-created,true,no_pii,test
VN_001020,SUSPICIOUS_0020,Ben em can kiem tra thong tin ca nhan cua bac de ho tro.,SUSPICIOUS,UNKNOWN,MEDIUM,Nội dung có yêu cầu xác minh hoặc cung cấp thông tin nhưng chưa đủ bằng chứng kết luận lừa đảo.,xác minh; thông tin cá nhân; đường dẫn; phản hồi sớm,Cần kiểm tra nguồn gửi. Không cung cấp thông tin nhạy cảm nếu chưa xác minh.,uncertainty; possible_social_engineering,privacy_leak,general,CENTRAL,TYPO,vietnamese_synthetic,self-created,true,no_pii,valid
VN_001065,SUSPICIOUS_0065,Cô gửi thông tin để bên em cập nhật hồ sơ giúp bên em nhé.,SUSPICIOUS,UNKNOWN,MEDIUM,Nội dung có yêu cầu xác minh hoặc cung cấp thông tin nhưng chưa đủ bằng chứng kết luận lừa đảo.,xác minh; thông tin cá nhân; đường dẫn; phản hồi sớm,Cần kiểm tra nguồn gửi. Không cung cấp thông tin nhạy cảm nếu chưa xác minh.,uncertainty; possible_social_engineering,privacy_leak,general,NORTH,NONE,vietnamese_synthetic,self-created,true,no_pii,test
VN_001017,SUSPICIOUS_0017,Cô bấm vào đường dẫn này để xem chi tiết chương trình.,SUSPICIOUS,UNKNOWN,MEDIUM,Nội dung có yêu cầu xác minh hoặc cung cấp thông tin nhưng chưa đủ bằng chứng kết luận lừa đảo.,xác minh; thông tin cá nhân; đường dẫn; phản hồi sớm,Cần kiểm tra nguồn gửi. Không cung cấp thông tin nhạy cảm nếu chưa xác minh.,uncertainty; possible_social_engineering,privacy_leak,general,NORTH,NONE,vietnamese_synthetic,self-created,true,no_pii,test
VN_001153,SUSPICIOUS_0153,Co xac minh tai khoan giup ben em trong hom nay nhe trong hôm nay giúp em.,SUSPICIOUS,UNKNOWN,MEDIUM,Nội dung có yêu cầu xác minh hoặc cung cấp thông tin nhưng chưa đủ bằng chứng kết luận lừa đảo.,xác minh; thông tin cá nhân; đường dẫn; phản hồi sớm,Cần kiểm tra nguồn gửi. Không cung cấp thông tin nhạy cảm nếu chưa xác minh.,uncertainty; possible_social_engineering,privacy_leak,general,NORTH,NO_DIACRITICS,vietnamese_synthetic,self-created,true,no_pii,test
VN_000266,INVESTMENT_0266,"Bên em có sàn đầu tư lợi nhuận cao, bác nạp tiền sớm để giữ suất Làm ngay giúp bên cháu.",SCAM,INVESTMENT,HIGH,Hứa lợi nhuận cao bất thường và yêu cầu nạp/chuyển tiền.,lãi 30%; lợi nhuận cao; nạp tiền; chuyển tiền,Không chuyển tiền vào kênh đầu tư không rõ pháp lý. Hỏi người thân hoặc chuyên gia tài chính.,greed; false_promise,financial_loss,elderly,STANDARD,NONE,vietnamese_synthetic,self-created,true,no_pii,valid
VN_000725,SAFE_0125,"Hôm nay trời mưa, bác nhớ mang áo mưa nha.",SAFE,NONE,LOW,Nội dung bình thường hoặc không có yêu cầu nguy hiểm.,,Không cần cảnh báo. Có thể tiếp tục trò chuyện bình thường.,none,none,general,NORTH,NONE,vietnamese_synthetic,self-created,true,no_pii,valid
VN_001077,SUSPICIOUS_0077,Ben em can ma xac nhan giao dich nay ngai hom nay.,SUSPICIOUS,UNKNOWN,MEDIUM,Nội dung có yêu cầu xác minh hoặc cung cấp thông tin nhưng chưa đủ bằng chứng kết luận lừa đảo.,xác minh; thông tin cá nhân; đường dẫn; phản hồi sớm,Cần kiểm tra nguồn gửi. Không cung cấp thông tin nhạy cảm nếu chưa xác minh.,uncertainty; possible_social_engineering,privacy_leak,general,SOUTH,TYPO,vietnamese_synthetic,self-created,true,no_pii,test
VN_000532,LOAN_SCAM_0532,"Hồ sơ vay của cô đã được chấp nhận, chuyển phí xác minh để nhận tiền Nếu chậm trễ tài khoản có thể bị khóa.",SCAM,LOAN_SCAM,HIGH,"Lừa vay tiền, yêu cầu đóng phí trước hoặc gửi giấy tờ cá nhân.",đóng phí; giải ngân; gửi CCCD; phí hồ sơ,Không gửi giấy tờ cá nhân hoặc đóng phí trước cho dịch vụ vay không rõ nguồn.,financial_pressure; urgency,financial_loss; identity_theft,elderly,STANDARD,NONE,vietnamese_synthetic,self-created,true,no_pii,valid
VN_000649,SAFE_0049,Con gửi link bài báo này cho cô đọc thử.,SAFE,NONE,LOW,Nội dung bình thường hoặc không có yêu cầu nguy hiểm.,,Không cần cảnh báo. Có thể tiếp tục trò chuyện bình thường.,none,none,general,STANDARD,NONE,vietnamese_synthetic,self-created,true,no_pii,test
VN_000875,SAFE_0275,"Con đặt xe cho mệ rồi, tài xế sẽ đến trong 10 phút nha.",SAFE,NONE,LOW,Nội dung bình thường hoặc không có yêu cầu nguy hiểm.,,Không cần cảnh báo. Có thể tiếp tục trò chuyện bình thường.,none,none,general,CENTRAL,NONE,vietnamese_synthetic,self-created,true,no_pii,test
VN_000589,OTP_BANK_0589,"Tài khoản của cô đang bị khóa, gửi mã xác nhận để mở lại Bên cháu đang chờ phản hồi.",SCAM,OTP_BANK,HIGH,Yêu cầu cung cấp OTP hoặc mã xác nhận ngân hàng.,mã OTP; mã xác nhận; dãy 6 số,Không cung cấp OTP hoặc mã xác nhận. Gọi trực tiếp ngân hàng để kiểm tra.,urgency; technical_confusion,credential_theft,elderly,NORTH,NONE,vietnamese_synthetic,self-created,true,no_pii,train
VN_000991,SAFE_0391,"Bác ơi, tối nay cả nhà gọi video nhé tối con gọi lại nhé.",SAFE,NONE,LOW,Nội dung bình thường hoặc không có yêu cầu nguy hiểm.,,Không cần cảnh báo. Có thể tiếp tục trò chuyện bình thường.,none,none,general,CENTRAL,NONE,vietnamese_synthetic,self-created,true,no_pii,test
VN_000180,FAKE_POLICE_0180,"Chúng tôi là công an, cô đang liên quan đến vụ án rửa tiền, cần chuyển tiền để điều tra.",SCAM,FAKE_POLICE,HIGH,"Giả danh cơ quan chức năng, đe dọa và yêu cầu chuyển tiền.",công an; viện kiểm sát; vụ án; chuyển tiền,Không chuyển tiền. Gọi người thân hoặc cơ quan công an địa phương để xác minh.,authority_impersonation; fear; secrecy,financial_loss,elderly,SOUTH,NONE,vietnamese_synthetic,self-created,true,no_pii,train
VN_001084,SUSPICIOUS_0084,Em co co hoi dau tu muon gioi thieu cho bac.,SUSPICIOUS,UNKNOWN,MEDIUM,Nội dung có yêu cầu xác minh hoặc cung cấp thông tin nhưng chưa đủ bằng chứng kết luận lừa đảo.,xác minh; thông tin cá nhân; đường dẫn; phản hồi sớm,Cần kiểm tra nguồn gửi. Không cung cấp thông tin nhạy cảm nếu chưa xác minh.,uncertainty; possible_social_engineering,privacy_leak,general,CENTRAL,TYPO,vietnamese_synthetic,self-created,true,no_pii,test
VN_001171,SUSPICIOUS_0171,Bác xác minh tài khoản giúp bên em trong hôm nay nhé Mã tham chiếu 1171.,SUSPICIOUS,UNKNOWN,MEDIUM,Nội dung có yêu cầu xác minh hoặc cung cấp thông tin nhưng chưa đủ bằng chứng kết luận lừa đảo.,xác minh; thông tin cá nhân; đường dẫn; phản hồi sớm,Cần kiểm tra nguồn gửi. Không cung cấp thông tin nhạy cảm nếu chưa xác minh.,uncertainty; possible_social_engineering,privacy_leak,general,STANDARD,NONE,vietnamese_synthetic,self-created,true,no_pii,test
VN_000224,FAKE_POLICE_0224,"Cô đang bị nghi ngờ liên quan đường dây lừa đảo, cần làm theo hướng dẫn ngay. please check now",SCAM,FAKE_POLICE,HIGH,"Giả danh cơ quan chức năng, đe dọa và yêu cầu chuyển tiền.",công an; viện kiểm sát; vụ án; chuyển tiền,Không chuyển tiền. Gọi người thân hoặc cơ quan công an địa phương để xác minh.,authority_impersonation; fear; secrecy,financial_loss,elderly,NORTH,CODE_SWITCHING,vietnamese_synthetic,self-created,true,no_pii,train
VN_000120,JOB_SCAM_0120,"Ben em tuyen cong tac vien tai nha, can chuyen tien kich hoat tai khoan Làm ngay giúp bên cháu.",SCAM,JOB_SCAM,MEDIUM,"Lừa việc làm online, yêu cầu đóng phí hoặc nạp tiền trước.",nạp trước; đóng phí; kích hoạt tài khoản,Không đóng phí để nhận việc. Kiểm tra công ty và hợp đồng rõ ràng.,financial_pressure; false_promise,financial_loss,elderly,NORTH,TYPO,vietnamese_synthetic,self-created,true,no_pii,test
VN_000429,PHISHING_LINK_0429,Vui lòng truy cập <LINK> để nhận hỗ trợ hoàn tiền Hoàn tất sớm giúp bên em.,SCAM,PHISHING_LINK,HIGH,Dụ người dùng bấm link lạ để đánh cắp thông tin.,<LINK>; bấm link; đăng nhập,Không bấm link lạ. Chỉ truy cập website hoặc ứng dụng chính thức.,technical_confusion; urgency,credential_theft; malware_install,elderly,SOUTH,NONE,vietnamese_synthetic,self-created,true,no_pii,train
VN_000430,OTP_BANK_0430,Bác gửi mã OTP vừa nhận được để NH xm tk ngay nhé.,SCAM,OTP_BANK,HIGH,Yêu cầu cung cấp OTP hoặc mã xác nhận ngân hàng.,mã OTP; mã xác nhận; dãy 6 số,Không cung cấp OTP hoặc mã xác nhận. Gọi trực tiếp ngân hàng để kiểm tra.,urgency; technical_confusion,credential_theft,elderly,NORTH,ABBREVIATION,vietnamese_synthetic,self-created,true,no_pii,train
VN_001075,SUSPICIOUS_0075,Ben em can chu xac nhan giao dich nay ngay hom nay.,SUSPICIOUS,UNKNOWN,MEDIUM,Nội dung có yêu cầu xác minh hoặc cung cấp thông tin nhưng chưa đủ bằng chứng kết luận lừa đảo.,xác minh; thông tin cá nhân; đường dẫn; phản hồi sớm,Cần kiểm tra nguồn gửi. Không cung cấp thông tin nhạy cảm nếu chưa xác minh.,uncertainty; possible_social_engineering,privacy_leak,general,STANDARD,NO_DIACRITICS,vietnamese_synthetic,self-created,true,no_pii,test
VN_000848,SAFE_0248,Con gửi link bài báo này cho cô đọc thử để con yên tâm nha.,SAFE,NONE,LOW,Nội dung bình thường hoặc không có yêu cầu nguy hiểm.,,Không cần cảnh báo. Có thể tiếp tục trò chuyện bình thường.,none,none,general,NORTH,NONE,vietnamese_synthetic,self-created,true,no_pii,test
VN_001080,SUSPICIOUS_0080,Cô gửi thông tin để bên em cập nhật hồ sơ trong hôm nay giúp em.,SUSPICIOUS,UNKNOWN,MEDIUM,Nội dung có yêu cầu xác minh hoặc cung cấp thông tin nhưng chưa đủ bằng chứng kết luận lừa đảo.,xác minh; thông tin cá nhân; đường dẫn; phản hồi sớm,Cần kiểm tra nguồn gửi. Không cung cấp thông tin nhạy cảm nếu chưa xác minh.,uncertainty; possible_social_engineering,privacy_leak,general,STANDARD,NONE,vietnamese_synthetic,self-created,true,no_pii,test
VN_000675,SAFE_0075,"Hôm nay trời mưa, mệ nhớ mang áo mưa.",SAFE,NONE,LOW,Nội dung bình thường hoặc không có yêu cầu nguy hiểm.,,Không cần cảnh báo. Có thể tiếp tục trò chuyện bình thường.,none,none,general,CENTRAL,NONE,vietnamese_synthetic,self-created,true,no_pii,test
VN_000563,OTP_BANK_0563,Me doc giup chau day 6 so vua gui ve dien thoai de hoan tat xac minh.,SCAM,OTP_BANK,HIGH,Yêu cầu cung cấp OTP hoặc mã xác nhận ngân hàng.,mã OTP; mã xác nhận; dãy 6 số,Không cung cấp OTP hoặc mã xác nhận. Gọi trực tiếp ngân hàng để kiểm tra.,urgency; technical_confusion,credential_theft,elderly,CENTRAL,NO_DIACRITICS,vietnamese_synthetic,self-created,true,no_pii,train
VN_000250,INVESTMENT_0250,"Ba tham gia nhóm đầu tư nội bộ, lợi nhuận chắc chắn không rủi ro.",SCAM,INVESTMENT,HIGH,Hứa lợi nhuận cao bất thường và yêu cầu nạp/chuyển tiền.,lãi 30%; lợi nhuận cao; nạp tiền; chuyển tiền,Không chuyển tiền vào kênh đầu tư không rõ pháp lý. Hỏi người thân hoặc chuyên gia tài chính.,greed; false_promise,financial_loss,elderly,SOUTH,NONE,vietnamese_synthetic,self-created,true,no_pii,valid
VN_000276,EMERGENCY_MONEY_0276,"Con đang gặp chuyện gấp, bác chuyển khoản liền cho con 10 triệu nha Làm ngay giúp bên cháu.",SCAM,EMERGENCY_MONEY,HIGH,"Giả danh người thân, tạo tình huống khẩn cấp và yêu cầu chuyển tiền.",cấp cứu; chuyển gấp; đừng gọi lại; khẩn cấp,Không chuyển tiền vội. Gọi trực tiếp cho người thân qua số quen thuộc để xác minh.,urgency; trust_abuse; secrecy,financial_loss,elderly,NORTH,OBFUSCATION,vietnamese_synthetic,self-created,true,no_pii,train
VN_000965,SAFE_0365,O nhớ uống thuốc đúng giờ nha ạ.,SAFE,NONE,LOW,Nội dung bình thường hoặc không có yêu cầu nguy hiểm.,,Không cần cảnh báo. Có thể tiếp tục trò chuyện bình thường.,none,none,general,CENTRAL,NONE,vietnamese_synthetic,self-created,true,no_pii,test
VN_000600,PRIZE_GIFT_0600,"Mệ được chọn nhận phần thưởng 20 triệu, vui lòng đóng phí hồ sơ trước.",SCAM,PRIZE_GIFT,HIGH,Dùng quà tặng hoặc trúng thưởng để dụ cung cấp thông tin hoặc chuyển phí.,trúng thưởng; nhận quà; đóng phí; chuyển phí,Không chuyển phí hoặc cung cấp thông tin cá nhân để nhận quà không rõ nguồn.,greed; urgency,financial_loss; privacy_leak,elderly,CENTRAL,NONE,vietnamese_synthetic,self-created,true,no_pii,valid
VN_000133,PRIZE_GIFT_0133,"Bên em tặng cô phần quà tri ân, cần cung cấp thông tin cá nhân để nhận Làm ngay giúp bên cháu.",SCAM,PRIZE_GIFT,HIGH,Dùng quà tặng hoặc trúng thưởng để dụ cung cấp thông tin hoặc chuyển phí.,trúng thưởng; nhận quà; đóng phí; chuyển phí,Không chuyển phí hoặc cung cấp thông tin cá nhân để nhận quà không rõ nguồn.,greed; urgency,financial_loss; privacy_leak,elderly,STANDARD,NONE,vietnamese_synthetic,self-created,true,no_pii,valid
VN_001128,SUSPICIOUS_0128,O gửi thông tin để bên em cập nhật hồ sơ.,SUSPICIOUS,UNKNOWN,MEDIUM,Nội dung có yêu cầu xác minh hoặc cung cấp thông tin nhưng chưa đủ bằng chứng kết luận lừa đảo.,xác minh; thông tin cá nhân; đường dẫn; phản hồi sớm,Cần kiểm tra nguồn gửi. Không cung cấp thông tin nhạy cảm nếu chưa xác minh.,uncertainty; possible_social_engineering,privacy_leak,general,CENTRAL,NONE,vietnamese_synthetic,self-created,true,no_pii,test
VN_000876,SAFE_0276,Con da chuyen tien mua thuoc cho me roi để con yên tâm nha.,SAFE,NONE,LOW,Nội dung bình thường hoặc không có yêu cầu nguy hiểm.,,Không cần cảnh báo. Có thể tiếp tục trò chuyện bình thường.,none,none,general,STANDARD,TYPO,vietnamese_synthetic,self-created,true,no_pii,test
VN_000139,OTP_BANK_0139,Bác đọc giúp cháu dãy 6 số vừa gửi về điện thoại để hoàn tất xác minh Xử lý trong hôm nay giúp cháu.,SCAM,OTP_BANK,HIGH,Yêu cầu cung cấp OTP hoặc mã xác nhận ngân hàng.,mã OTP; mã xác nhận; dãy 6 số,Không cung cấp OTP hoặc mã xác nhận. Gọi trực tiếp ngân hàng để kiểm tra.,urgency; technical_confusion,credential_theft,elderly,NORTH,NONE,vietnamese_synthetic,self-created,true,no_pii,train
VN_000777,SAFE_0177,"Mã đơn hàng của má là 123456, hàng sẽ giao trong hôm nay nha.",SAFE,NONE,LOW,Nội dung bình thường hoặc không có yêu cầu nguy hiểm.,,Không cần cảnh báo. Có thể tiếp tục trò chuyện bình thường.,none,none,general,SOUTH,NONE,vietnamese_synthetic,self-created,true,no_pii,test
VN_000755,SAFE_0155,Chu nho uong thuoc dung gio nha nha.,SAFE,NONE,LOW,Nội dung bình thường hoặc không có yêu cầu nguy hiểm.,,Không cần cảnh báo. Có thể tiếp tục trò chuyện bình thường.,none,none,general,SOUTH,NO_DIACRITICS,vietnamese_synthetic,self-created,true,no_pii,test
VN_000662,SAFE_0062,"Con đặt xe cho ba rồi, tài xế sẽ đến trong 10 phút.",SAFE,NONE,LOW,Nội dung bình thường hoặc không có yêu cầu nguy hiểm.,,Không cần cảnh báo. Có thể tiếp tục trò chuyện bình thường.,none,none,general,SOUTH,NONE,vietnamese_synthetic,self-created,true,no_pii,valid
VN_000613,SAFE_0013,"Mã đơn hàng của bác là 123456, hàng sẽ giao trong hôm nay nha.",SAFE,NONE,LOW,Nội dung bình thường hoặc không có yêu cầu nguy hiểm.,,Không cần cảnh báo. Có thể tiếp tục trò chuyện bình thường.,none,none,general,NORTH,NONE,vietnamese_synthetic,self-created,true,no_pii,valid
VN_000191,OTP_BANK_0191,"Tai khoan cua ma dang bi khoa, gui ma xac nhan de mo lai.",SCAM,OTP_BANK,HIGH,Yêu cầu cung cấp OTP hoặc mã xác nhận ngân hàng.,mã OTP; mã xác nhận; dãy 6 số,Không cung cấp OTP hoặc mã xác nhận. Gọi trực tiếp ngân hàng để kiểm tra.,urgency; technical_confusion,credential_theft,elderly,SOUTH,TYPO,vietnamese_synthetic,self-created,true,no_pii,train
VN_000074,INVESTMENT_0074,"Cơ hội sinh lời bảo đảm, cô chỉ cần chuyển tiền là có chuyên gia hỗ trợ.",SCAM,INVESTMENT,HIGH,Hứa lợi nhuận cao bất thường và yêu cầu nạp/chuyển tiền.,lãi 30%; lợi nhuận cao; nạp tiền; chuyển tiền,Không chuyển tiền vào kênh đầu tư không rõ pháp lý. Hỏi người thân hoặc chuyên gia tài chính.,greed; false_promise,financial_loss,elderly,STANDARD,NONE,vietnamese_synthetic,self-created,true,no_pii,valid
