id,base_case_id,text,label,scam_type,severity,reason,evidence_span,recommended_action,risk_factor,harm_type,target_group,region_variant,noise_type,source,license,is_synthetic,privacy_level,split,source_url,context_style,quality_note
SELF_000001,SELF_PHISHING_LINK_0001,"Co ke lai rang co nguoi goi dien trong luc o nha mot minh. Nguoi nay gui tin nhan bao don hang giao khong thanh cong va can cap nhat dia chi, noi chuyen rat tu tin va dung nhieu tu ngu giong co quan chinh thuc. Tiep theo ho de nghi co nhap thong tin the de nhan khoan hoan tien. Tin nhan ghi ho so se het han sau 30 phut neu khong xac mih.",SCAM,PHISHING_LINK,HIGH,Dụ bấm link lạ để đăng nhập/cập nhật thông tin và đánh cắp dữ liệu.,<LINK>; bấm link; cập nhật thông tin; đăng nhập,Không bấm link lạ. Mở ứng dụng chính thức hoặc gõ trực tiếp địa chỉ website chính thức.,technical_confusion; urgency; false_promise,credential_theft; privacy_leak; malware_install,elderly,STANDARD,TYPO,self_created_long_context_based_on_public_warning_taxonomy,self-created,true,no_pii,valid,https://tiengchuong.chinhphu.vn/bo-cong-an-canh-bao-24-thu-doan-lua-dao-tren-khong-gian-mang-113230711094917091.htm,CALL_SUMMARY,Detailed synthetic Vietnamese context; no real PII; not copied from articles/posts.
SELF_000002,SELF_JOB_SCAM_0001,"Cô kể lại rằng có người gọi điện trong lúc ở nhà một mình. Người này giả danh sàn thương mại điện tử tuyển người xử lý đơn hàng, nói chuyện rất tự tin và dùng nhiều từ ngữ giống cơ quan chính thức. Tiếp theo họ yêu cầu cô nạp trước 300 nghìn để nhận nhiệm vụ đầu tiên. Ban đầu họ cho nhận vài chục nghìn để tạo lòng tin.",SCAM,JOB_SCAM,MEDIUM,"Lừa tuyển cộng tác viên/việc nhẹ lương cao, yêu cầu nạp tiền hoặc làm nhiệm vụ.",việc nhẹ lương cao; nạp tiền; nhiệm vụ; hoàn tiền,Không đóng phí để nhận việc. Kiểm tra thông tin công ty và hợp đồng rõ ràng.,financial_pressure; false_promise; gamification,financial_loss,elderly,STANDARD,NONE,self_created_long_context_based_on_public_warning_taxonomy,self-created,true,no_pii,test,https://baochinhphu.vn/nhan-dien-24-hinh-thuc-lua-dao-truc-tuyen-cung-nhieu-hinh-thuc-dan-du-khac-nhau-102230703162727607.htm,CALL_SUMMARY,Detailed synthetic Vietnamese context; no real PII; not copied from articles/posts.
SELF_000003,SELF_INVESTMENT_0001,"Bai chia se mo ta mot truong hop nguoi cao tuoi nhan duoc cuoc goi la: nguoi goi gioi thieu app dau tu moi, chi can nap thu so nho la co lai ngay. Sau do ho de nghi bac tang von neu muon rut khoan lai dang treo. Nhom chat co nhieu tai khoan phu hoi thuc bac vao lenh ngay. Gia dinh nghi ngo day la tinh huong lua dao vi noi dung tao ap luc va yeu cau hanh dong lien quan den tien hoac thong tin nhay cam.",SCAM,INVESTMENT,HIGH,"Hứa lợi nhuận cao bất thường, cam kết không rủi ro và yêu cầu nạp tiền.",lợi nhuận cao; cam kết lãi; nạp tiền; chuyên gia hỗ trợ,Không nạp tiền vào sàn/nhóm đầu tư không rõ pháp lý. Hỏi người thân hoặc chuyên gia tài chính.,greed; false_promise; social_proof,financial_loss,elderly,CENTRAL,NO_DIACRITICS,self_created_long_context_based_on_public_warning_taxonomy,self-created,true,no_pii,train,https://baochinhphu.vn/nhan-dien-24-hinh-thuc-lua-dao-truc-tuyen-cung-nhieu-hinh-thuc-dan-du-khac-nhau-102230703162727607.htm,ARTICLE_SHARE,Detailed synthetic Vietnamese context; no real PII; not copied from articles/posts.
SELF_000004,SELF_TRAVEL_COMBO_0001,"Ba ke lai rang co nguoi goi dien trong luc o nha mot minh. Nguoi nay ho gui anh phong dep va danh gia ao de ba tin la chuong trinh that, noi chuyen rat tu tin va dung nhieu tu ngu giong co quan chinh thuc. Tiep theo ho yeu cau ba chuyen khoan dat coc ngay de giu phong. Sau khi nhan coc, nguoi ban co dau hieu ne tranh hoac khoa lien he.",SCAM,TRAVEL_COMBO,MEDIUM,"Rao combo du lịch/khách sạn giá rẻ bất thường, yêu cầu đặt cọc nhanh.",combo giá rẻ; đặt cọc; giữ chỗ; chuyển khoản,"Không đặt cọc qua tài khoản cá nhân. Kiểm tra fanpage, website, giấy phép và đánh giá thật.",false_promise; scarcity; urgency,financial_loss,elderly,SOUTH,NO_DIACRITICS,self_created_long_context_based_on_public_warning_taxonomy,self-created,true,no_pii,train,https://baochinhphu.vn/nhan-dien-24-hinh-thuc-lua-dao-truc-tuyen-cung-nhieu-hinh-thuc-dan-du-khac-nhau-102230703162727607.htm,CALL_SUMMARY,Detailed synthetic Vietnamese context; no real PII; not copied from articles/posts.
SELF_000005,SELF_HEALTH_PRODUCT_0001,Bài chia sẻ mô tả một trường hợp người cao tuổi nhận được cuộc gọi lạ: người gọi họ đưa nhiều lời chứng thực từ người lớn tuổi khác để tạo niềm tin. Sau đó họ bảo bác chuyển tiền để nhận suất ưu đãi dành riêng cho người cao tuổi. Nhân viên vây quanh tư vấn khiến bác khó từ chối. Gia đình nghi ngờ đây là tình huống lừa đảo vì nội dung tạo áp lực và yêu cầu hành động liên quan đến tiền hoặc thông tin nhạy cảm.,SCAM,HEALTH_PRODUCT,MEDIUM,Dụ người cao tuổi mua sản phẩm sức khỏe/đa cấp bằng cam kết chữa bệnh hoặc lợi nhuận.,hội thảo miễn phí; thuốc chữa bệnh; đặt cọc; lợi nhuận,Không mua thuốc/sản phẩm sức khỏe không rõ nguồn. Hỏi bác sĩ hoặc người thân trước.,health_anxiety; false_promise; social_proof,financial_loss; health_risk,elderly,CENTRAL,NONE,self_created_long_context_based_on_public_warning_taxonomy,self-created,true,no_pii,train,https://baochinhphu.vn/nhan-dien-24-hinh-thuc-lua-dao-truc-tuyen-cung-nhieu-hinh-thuc-dan-du-khac-nhau-102230703162727607.htm,ARTICLE_SHARE,Detailed synthetic Vietnamese context; no real PII; not copied from articles/posts.
SELF_000006,SELF_DEEPFAKE_CALL_0001,"Me ke lai rang co nguoi goi dien trong luc o nha mot minh. Nguoi nay giong noi trong cuoc goi nghe giong con cua me, noi dang gap viec gap, noi chuyen rat tu tin va dung nhieu tu ngu giong co quan chinh thuc. Tiep theo ho bao me khong goi lai vi dang o noi dong nguoi va sap het pin. Toan bo cuoc goi rat ngan, chu yeu tao cam giac cap bach.",SCAM,DEEPFAKE_CALL,HIGH,Dùng cuộc gọi video/giọng nói giống người quen để yêu cầu tiền hoặc thông tin.,video mờ; giọng giống người thân; chuyển gấp; không gọi lại,Gọi lại bằng số quen thuộc hoặc hỏi câu riêng tư để xác minh. Không chuyển tiền trong lúc cuộc gọi chưa rõ.,trust_abuse; urgency; technical_deception,financial_loss,elderly,CENTRAL,NO_DIACRITICS,self_created_long_context_based_on_public_warning_taxonomy,self-created,true,no_pii,train,https://baochinhphu.vn/nhan-dien-24-hinh-thuc-lua-dao-truc-tuyen-cung-nhieu-hinh-thuc-dan-du-khac-nhau-102230703162727607.htm,CALL_SUMMARY,Detailed synthetic Vietnamese context; no real PII; not copied from articles/posts.
SELF_000007,SELF_INVESTMENT_0002,"Ba kể lại rằng có người gọi điện trong lúc ở nhà một mình. Người này mời ba tham gia nhóm đầu tư nội bộ có chuyên gia đọc lệnh, nói chuyện rất tự tin và dùng nhiều từ ngữ giống cơ quan chính thức. Tiếp theo họ hướng dẫn ba tải app ngoài và gửi ảnh chuyển khoản cho nhóm. Khi ba muốn rút tiền, họ yêu cầu đóng thêm phí verify.",SCAM,INVESTMENT,HIGH,"Hứa lợi nhuận cao bất thường, cam kết không rủi ro và yêu cầu nạp tiền.",lợi nhuận cao; cam kết lãi; nạp tiền; chuyên gia hỗ trợ,Không nạp tiền vào sàn/nhóm đầu tư không rõ pháp lý. Hỏi người thân hoặc chuyên gia tài chính.,greed; false_promise; social_proof,financial_loss,elderly,SOUTH,CODE_SWITCHING,self_created_long_context_based_on_public_warning_taxonomy,self-created,true,no_pii,train,https://baochinhphu.vn/nhan-dien-24-hinh-thuc-lua-dao-truc-tuyen-cung-nhieu-hinh-thuc-dan-du-khac-nhau-102230703162727607.htm,CALL_SUMMARY,Detailed synthetic Vietnamese context; no real PII; not copied from articles/posts.
SELF_000008,SELF_ROMANCE_SCAM_0001,"Bác kể lại rằng có người gọi điện trong lúc ở nhà một mình. Người này họ nhắn tin nhiều tuần, gọi bác bằng lời thân mật để tạo lòng tin, nói chuyện rất tự tin và dùng nhiều từ ngữ giống cơ quan chính thức. Tiếp theo họ gửi số tài khoản lạ và hứa sẽ hoàn lại gấp đôi khi về nước. Câu chuyện thay đổi liên tục nhưng luôn dẫn đến việc cần tiền.",SCAM,ROMANCE_SCAM,MEDIUM,"Lợi dụng tình cảm/lòng tin để xin tiền, quà hoặc thông tin cá nhân.",quen qua mạng; gửi quà; phí hải quan; cần tiền gấp,Không chuyển tiền cho người quen qua mạng chưa gặp ngoài đời. Hỏi người thân trước khi quyết định.,trust_abuse; emotional_manipulation; false_promise,financial_loss; psychological_pressure,elderly,STANDARD,NONE,self_created_long_context_based_on_public_warning_taxonomy,self-created,true,no_pii,test,https://baochinhphu.vn/nhan-dien-24-hinh-thuc-lua-dao-truc-tuyen-cung-nhieu-hinh-thuc-dan-du-khac-nhau-102230703162727607.htm,CALL_SUMMARY,Detailed synthetic Vietnamese context; no real PII; not copied from articles/posts.
SELF_000009,SELF_HEALTH_PRODUCT_0002,"Cô kể lại rằng có người gọi điện trong lúc ở nhà một mình. Người này người tư vấn nói sản phẩm có thể cải thiện nhiều bệnh mãn tính, nói chuyện rất tự tin và dùng nhiều từ ngữ giống cơ quan chính thức. Tiếp theo họ yêu cầu cô đặt cọc bộ sản phẩm ngay trong buổi tư vấn. Thông tin về công dụng được nói quá mức và thiếu căn cứ y khoa.",SCAM,HEALTH_PRODUCT,MEDIUM,Dụ người cao tuổi mua sản phẩm sức khỏe/đa cấp bằng cam kết chữa bệnh hoặc lợi nhuận.,hội thảo miễn phí; thuốc chữa bệnh; đặt cọc; lợi nhuận,Không mua thuốc/sản phẩm sức khỏe không rõ nguồn. Hỏi bác sĩ hoặc người thân trước.,health_anxiety; false_promise; social_proof,financial_loss; health_risk,elderly,STANDARD,NONE,self_created_long_context_based_on_public_warning_taxonomy,self-created,true,no_pii,train,https://baochinhphu.vn/nhan-dien-24-hinh-thuc-lua-dao-truc-tuyen-cung-nhieu-hinh-thuc-dan-du-khac-nhau-102230703162727607.htm,CALL_SUMMARY,Detailed synthetic Vietnamese context; no real PII; not copied from articles/posts.
SELF_000010,SELF_HEALTH_PRODUCT_0003,Bai chia se mo ta mot truong hop nguoi cao tuoi nhan duoc cuoc goi la: nguoi goi moi ba tham gia hoi thao suc khoe mien phi tai khach san. Sau do ho yeu cau ba dat coc bo san pham ngay trong buoi tu van. Nhan vien vay quanh tu van khien ba kho tu choi. Gia dinh nghi ngo day la tinh huong lua dao vi noi dung tao ap luc va yeu cau hanh dong lien quan den tien hoac thong tin nhay cam.,SCAM,HEALTH_PRODUCT,MEDIUM,Dụ người cao tuổi mua sản phẩm sức khỏe/đa cấp bằng cam kết chữa bệnh hoặc lợi nhuận.,hội thảo miễn phí; thuốc chữa bệnh; đặt cọc; lợi nhuận,Không mua thuốc/sản phẩm sức khỏe không rõ nguồn. Hỏi bác sĩ hoặc người thân trước.,health_anxiety; false_promise; social_proof,financial_loss; health_risk,elderly,SOUTH,NO_DIACRITICS,self_created_long_context_based_on_public_warning_taxonomy,self-created,true,no_pii,train,https://baochinhphu.vn/nhan-dien-24-hinh-thuc-lua-dao-truc-tuyen-cung-nhieu-hinh-thuc-dan-du-khac-nhau-102230703162727607.htm,ARTICLE_SHARE,Detailed synthetic Vietnamese context; no real PII; not copied from articles/posts.
SELF_000011,SELF_INVESTMENT_0003,"Mot bai canh bao tren mang xa hoi tom tat su viec: nguoi la noi nguoi cao tuoi co tien nhan roi nen gui vao goi loi nhuan on dinh. Noi dung sau do chuyen sang yeu cau yeu cau ba nap 3 trieu de kich hoat tai khoang VIP. Ho cam ket loi nhuan 20-30% moi tuan, nghe rat bat thuong. Bai viet khuyen nguoi doc nen xac mih voi nguoi than truoc khi lam theo.",SCAM,INVESTMENT,HIGH,"Hứa lợi nhuận cao bất thường, cam kết không rủi ro và yêu cầu nạp tiền.",lợi nhuận cao; cam kết lãi; nạp tiền; chuyên gia hỗ trợ,Không nạp tiền vào sàn/nhóm đầu tư không rõ pháp lý. Hỏi người thân hoặc chuyên gia tài chính.,greed; false_promise; social_proof,financial_loss,elderly,SOUTH,TYPO,self_created_long_context_based_on_public_warning_taxonomy,self-created,true,no_pii,train,https://baochinhphu.vn/nhan-dien-24-hinh-thuc-lua-dao-truc-tuyen-cung-nhieu-hinh-thuc-dan-du-khac-nhau-102230703162727607.htm,SOCIAL_WARNING,Detailed synthetic Vietnamese context; no real PII; not copied from articles/posts.
SELF_000012,SELF_FAKE_POLICE_0001,"Chú kể lại rằng có người gọi điện trong lúc ở nhà một mình. Người này giả danh viện kiểm sát và đọc một số thông tin cá nhân để tạo lòng tin, nói chuyện rất tự tin và dùng nhiều từ ngữ giống cơ quan chính thức. Tiếp theo họ bắt chú cài ứng dụng lạ để khai báo tài sản và số dư ngân hàng. Người gọi giữ máy nhiều giờ, không cho chú có thời gian hỏi ai khác. Please check now.",SCAM,FAKE_POLICE,HIGH,Giả danh công an/viện kiểm sát/tòa án để đe dọa và yêu cầu chuyển tiền.,công an; viện kiểm sát; vụ án; chuyển tiền; không được nói với ai,Không chuyển tiền. Cúp máy và liên hệ công an địa phương hoặc người thân để xác minh.,authority_impersonation; fear; secrecy; urgency,financial_loss; psychological_pressure,elderly,SOUTH,CODE_SWITCHING,self_created_long_context_based_on_public_warning_taxonomy,self-created,true,no_pii,test,https://congly.vn/canh-giac-thu-doan-gia-danh-can-bo-de-lua-dao-nguoi-cao-tuoi-523282.html,CALL_SUMMARY,Detailed synthetic Vietnamese context; no real PII; not copied from articles/posts.
SELF_000013,SELF_PHISHING_LINK_0002,Bai chia se mo ta mot truong hop nguoi cao tuoi nhan duoc cuoc goi la: nguoi goi gui tin nhan bao don hang giao khong thanh cong va can cap nhat dia chi. Sau do ho yeu cau chu bam vao <LINK> de dang nhap va cap nhat thong tin. Tin nhan ghi ho so se het han sau 30 phut neu khong xac mih. Gia dinh nghi ngo day la tinh huong lua dao vi noi dung tao ap luc va yeu cau hanh dong lien quan den tien hoac thong tin nhay cam.,SCAM,PHISHING_LINK,HIGH,Dụ bấm link lạ để đăng nhập/cập nhật thông tin và đánh cắp dữ liệu.,<LINK>; bấm link; cập nhật thông tin; đăng nhập,Không bấm link lạ. Mở ứng dụng chính thức hoặc gõ trực tiếp địa chỉ website chính thức.,technical_confusion; urgency; false_promise,credential_theft; privacy_leak; malware_install,elderly,STANDARD,TYPO,self_created_long_context_based_on_public_warning_taxonomy,self-created,true,no_pii,valid,https://tiengchuong.chinhphu.vn/bo-cong-an-canh-bao-24-thu-doan-lua-dao-tren-khong-gian-mang-113230711094917091.htm,ARTICLE_SHARE,Detailed synthetic Vietnamese context; no real PII; not copied from articles/posts.
SELF_000014,SELF_EMERGENCY_MONEY_0001,"Một bài cảnh báo trên mạng xã hội tóm tắt sự việc: người lạ dùng giọng nói trong cuộc gọi nghe giống người thân nhưng không chịu bật video rõ mặt. Nội dung sau đó chuyển sang yêu cầu xin bác chuyển gấp 5 triệu vào <BANK_ACCOUNT>. Tin nhắn thúc liên tục, mỗi vài phút lại hỏi đã chuyển chưa. Bài viết khuyên người đọc nên xác minh với người thân trước khi làm theo.",SCAM,EMERGENCY_MONEY,HIGH,Giả danh người thân hoặc dùng tình huống khẩn cấp để yêu cầu chuyển tiền.,đang cấp cứu; chuyển gấp; đừng gọi lại; cần tiền ngay,Không chuyển tiền vội. Gọi trực tiếp cho người thân qua số quen thuộc hoặc hỏi người trong gia đình.,trust_abuse; urgency; secrecy; fear,financial_loss,elderly,STANDARD,NONE,self_created_long_context_based_on_public_warning_taxonomy,self-created,true,no_pii,train,https://baochinhphu.vn/nhan-dien-24-hinh-thuc-lua-dao-truc-tuyen-cung-nhieu-hinh-thuc-dan-du-khac-nhau-102230703162727607.htm,SOCIAL_WARNING,Detailed synthetic Vietnamese context; no real PII; not copied from articles/posts.
SELF_000015,SELF_PRIZE_GIFT_0001,Bài chia sẻ mô tả một trường hợp người cao tuổi nhận được cuộc gọi lạ: người gọi nói chú trúng quà tri ân vì là khách hàng may mắn. Sau đó họ yêu cầu đóng thuế/quỹ hồ sơ trước khi trao thưởng. Họ dặn chú chuyển phí nhỏ trước để nhận món quà lớn. Gia đình nghi ngờ đây là tình huống lừa đảo vì nội dung tạo áp lực và yêu cầu hành động liên quan đến tiền hoặc thông tin nhạy cảm.,SCAM,PRIZE_GIFT,HIGH,Lấy lý do trúng thưởng/nhận quà để yêu cầu đóng phí hoặc cung cấp thông tin.,trúng thưởng; nhận quà; phí vận chuyển; thông tin cá nhân,Không chuyển phí nhận thưởng. Kiểm tra chương trình trên kênh chính thức.,greed; false_promise; urgency,financial_loss; privacy_leak,elderly,NORTH,NONE,self_created_long_context_based_on_public_warning_taxonomy,self-created,true,no_pii,train,https://baochinhphu.vn/nhan-dien-24-hinh-thuc-lua-dao-truc-tuyen-cung-nhieu-hinh-thuc-dan-du-khac-nhau-102230703162727607.htm,ARTICLE_SHARE,Detailed synthetic Vietnamese context; no real PII; not copied from articles/posts.
SELF_000016,SELF_TRAVEL_COMBO_0002,"Doan tin nhan bat dau bang loi hoi tham suc khoe cua bac, sau do nguoi gui ho gui anh phong dep va danh gia ao de bac tin la chuong trinh that. Trong cac tin tiep theo, ho de nghi thanh toan toan bo de duoc giam them. Ho nhan manh neu cham vai phut se mat suat khuyen mai.",SCAM,TRAVEL_COMBO,MEDIUM,"Rao combo du lịch/khách sạn giá rẻ bất thường, yêu cầu đặt cọc nhanh.",combo giá rẻ; đặt cọc; giữ chỗ; chuyển khoản,"Không đặt cọc qua tài khoản cá nhân. Kiểm tra fanpage, website, giấy phép và đánh giá thật.",false_promise; scarcity; urgency,financial_loss,elderly,STANDARD,NO_DIACRITICS,self_created_long_context_based_on_public_warning_taxonomy,self-created,true,no_pii,train,https://baochinhphu.vn/nhan-dien-24-hinh-thuc-lua-dao-truc-tuyen-cung-nhieu-hinh-thuc-dan-du-khac-nhau-102230703162727607.htm,MESSAGE_THREAD,Detailed synthetic Vietnamese context; no real PII; not copied from articles/posts.
SELF_000017,SELF_JOB_SCAM_0002,"Chú kể lại rằng có người gọi điện trong lúc ở nhà một mình. Người này giả danh sàn thương mại điện tử tuyển người xử lý đơn hàng, nói chuyện rất tự tin và dùng nhiều từ ngữ giống cơ quan chính thức. Tiếp theo họ đề nghị chú tăng số tiền nhiệm vụ để được rút hoa hồng. Sau đó số tiền nhiệm vụ tăng nhanh và không cho rút nếu chưa nạp thêm.",SCAM,JOB_SCAM,MEDIUM,"Lừa tuyển cộng tác viên/việc nhẹ lương cao, yêu cầu nạp tiền hoặc làm nhiệm vụ.",việc nhẹ lương cao; nạp tiền; nhiệm vụ; hoàn tiền,Không đóng phí để nhận việc. Kiểm tra thông tin công ty và hợp đồng rõ ràng.,financial_pressure; false_promise; gamification,financial_loss,elderly,SOUTH,NONE,self_created_long_context_based_on_public_warning_taxonomy,self-created,true,no_pii,test,https://baochinhphu.vn/nhan-dien-24-hinh-thuc-lua-dao-truc-tuyen-cung-nhieu-hinh-thuc-dan-du-khac-nhau-102230703162727607.htm,CALL_SUMMARY,Detailed synthetic Vietnamese context; no real PII; not copied from articles/posts.
SELF_000018,SELF_TRAVEL_COMBO_0003,"Một bài cảnh báo trên mạng xã hội tóm tắt sự việc: người lạ người tư vấn nói khách sạn đang khuyến mãi nội bộ nên không công khai lâu. Nội dung sau đó chuyển sang yêu cầu đề nghị thanh toán toàn bộ để được giảm thêm. Khi hỏi hợp đồng, họ chỉ gửi ảnh voucher không có xác nhận chính thức. Bài viết khuyên người đọc nên xác minh với người thân trước khi làm theo.",SCAM,TRAVEL_COMBO,MEDIUM,"Rao combo du lịch/khách sạn giá rẻ bất thường, yêu cầu đặt cọc nhanh.",combo giá rẻ; đặt cọc; giữ chỗ; chuyển khoản,"Không đặt cọc qua tài khoản cá nhân. Kiểm tra fanpage, website, giấy phép và đánh giá thật.",false_promise; scarcity; urgency,financial_loss,elderly,NORTH,NONE,self_created_long_context_based_on_public_warning_taxonomy,self-created,true,no_pii,train,https://baochinhphu.vn/nhan-dien-24-hinh-thuc-lua-dao-truc-tuyen-cung-nhieu-hinh-thuc-dan-du-khac-nhau-102230703162727607.htm,SOCIAL_WARNING,Detailed synthetic Vietnamese context; no real PII; not copied from articles/posts.
SELF_000019,SELF_FAKE_POLICE_0002,"Cô kể lại rằng có người gọi điện trong lúc ở nhà một mình. Người này nói cô liên quan đến vụ án ma túy, cần phối hợp bí mật qua điện thoại, nói chuyện rất tự tin và dùng nhiều từ ngữ giống cơ quan chính thức. Tiếp theo họ bảo cô ra ngân hàng rút sổ tiết kiệm rồi chuyển vào account điều tra. Họ nói nếu chậm trễ thì công an sẽ đến nhà đọc lệnh bắt.",SCAM,FAKE_POLICE,HIGH,Giả danh công an/viện kiểm sát/tòa án để đe dọa và yêu cầu chuyển tiền.,công an; viện kiểm sát; vụ án; chuyển tiền; không được nói với ai,Không chuyển tiền. Cúp máy và liên hệ công an địa phương hoặc người thân để xác minh.,authority_impersonation; fear; secrecy; urgency,financial_loss; psychological_pressure,elderly,SOUTH,CODE_SWITCHING,self_created_long_context_based_on_public_warning_taxonomy,self-created,true,no_pii,train,https://congly.vn/canh-giac-thu-doan-gia-danh-can-bo-de-lua-dao-nguoi-cao-tuoi-523282.html,CALL_SUMMARY,Detailed synthetic Vietnamese context; no real PII; not copied from articles/posts.
SELF_000020,SELF_ROMANCE_SCAM_0002,Một bài cảnh báo trên mạng xã hội tóm tắt sự việc: người lạ một người quen qua mạng nói rất quan tâm bác và thường xuyên hỏi thăm sức khỏe. Nội dung sau đó chuyển sang yêu cầu nhờ bác đóng phí hải quan để nhận kiện quà có tiền và trang sức. Câu chuyện thay đổi liên tục nhưng luôn dẫn đến việc cần tiền. Bài viết khuyên người đọc nên xác minh với người thân trước khi làm theo.,SCAM,ROMANCE_SCAM,MEDIUM,"Lợi dụng tình cảm/lòng tin để xin tiền, quà hoặc thông tin cá nhân.",quen qua mạng; gửi quà; phí hải quan; cần tiền gấp,Không chuyển tiền cho người quen qua mạng chưa gặp ngoài đời. Hỏi người thân trước khi quyết định.,trust_abuse; emotional_manipulation; false_promise,financial_loss; psychological_pressure,elderly,CENTRAL,NONE,self_created_long_context_based_on_public_warning_taxonomy,self-created,true,no_pii,test,https://baochinhphu.vn/nhan-dien-24-hinh-thuc-lua-dao-truc-tuyen-cung-nhieu-hinh-thuc-dan-du-khac-nhau-102230703162727607.htm,SOCIAL_WARNING,Detailed synthetic Vietnamese context; no real PII; not copied from articles/posts.
SELF_000021,SELF_ROMANCE_SCAM_0003,"Chu ke lai rang co nguoi goi dien trong luc o nha mot minh. Nguoi nay nguoi do tu gioi thieu dang song o nuoc ngoai, muon gui qua ve Viet Nam, noi chuyen rat tu tin va dung nhieu tu ngu giong co quan chinh thuc. Tiep theo ho xin chu chuyen tien xu ly giay to vi tai khoang dang bi khoa. Ho dung loi le tinh cam, khien chu ngai tu choi.",SCAM,ROMANCE_SCAM,MEDIUM,"Lợi dụng tình cảm/lòng tin để xin tiền, quà hoặc thông tin cá nhân.",quen qua mạng; gửi quà; phí hải quan; cần tiền gấp,Không chuyển tiền cho người quen qua mạng chưa gặp ngoài đời. Hỏi người thân trước khi quyết định.,trust_abuse; emotional_manipulation; false_promise,financial_loss; psychological_pressure,elderly,NORTH,TYPO,self_created_long_context_based_on_public_warning_taxonomy,self-created,true,no_pii,test,https://baochinhphu.vn/nhan-dien-24-hinh-thuc-lua-dao-truc-tuyen-cung-nhieu-hinh-thuc-dan-du-khac-nhau-102230703162727607.htm,CALL_SUMMARY,Detailed synthetic Vietnamese context; no real PII; not copied from articles/posts.
SELF_000022,SELF_DEEPFAKE_CALL_0002,"Doan tin nhan bat dau bang loi hoi tham suc khoe cua o, sau do nguoi gui giong noi trong cuoc goi nghe giong con cua o, noi dang gap viec gap. Trong cac tin tiep theo, ho de nghi o gui ma xac nhan de lay lai tai khoang cho nguoi than. Khi o hoi them, nguoi kia ne tranh va chi thuc chuyen tien.",SCAM,DEEPFAKE_CALL,HIGH,Dùng cuộc gọi video/giọng nói giống người quen để yêu cầu tiền hoặc thông tin.,video mờ; giọng giống người thân; chuyển gấp; không gọi lại,Gọi lại bằng số quen thuộc hoặc hỏi câu riêng tư để xác minh. Không chuyển tiền trong lúc cuộc gọi chưa rõ.,trust_abuse; urgency; technical_deception,financial_loss,elderly,CENTRAL,TYPO,self_created_long_context_based_on_public_warning_taxonomy,self-created,true,no_pii,train,https://baochinhphu.vn/nhan-dien-24-hinh-thuc-lua-dao-truc-tuyen-cung-nhieu-hinh-thuc-dan-du-khac-nhau-102230703162727607.htm,MESSAGE_THREAD,Detailed synthetic Vietnamese context; no real PII; not copied from articles/posts.
SELF_000023,SELF_PHISHING_LINK_0003,"Bác kể lại rằng có người gọi điện trong lúc ở nhà một mình. Người này nói tài khoản mạng xã hội của bác bị báo cáo vi phạm nên phải xác minh, nói chuyện rất tự tin và dùng nhiều từ ngữ giống cơ quan chính thức. Tiếp theo họ đề nghị bác nhập thông tin thẻ để nhận khoản hoàn tiền. Họ nhấn mạnh đây là bước bắt buộc để tránh khóa tài khoản.",SCAM,PHISHING_LINK,HIGH,Dụ bấm link lạ để đăng nhập/cập nhật thông tin và đánh cắp dữ liệu.,<LINK>; bấm link; cập nhật thông tin; đăng nhập,Không bấm link lạ. Mở ứng dụng chính thức hoặc gõ trực tiếp địa chỉ website chính thức.,technical_confusion; urgency; false_promise,credential_theft; privacy_leak; malware_install,elderly,NORTH,NONE,self_created_long_context_based_on_public_warning_taxonomy,self-created,true,no_pii,valid,https://tiengchuong.chinhphu.vn/bo-cong-an-canh-bao-24-thu-doan-lua-dao-tren-khong-gian-mang-113230711094917091.htm,CALL_SUMMARY,Detailed synthetic Vietnamese context; no real PII; not copied from articles/posts.
SELF_000024,SELF_HEALTH_PRODUCT_0004,"Bác kể lại rằng có người gọi điện trong lúc ở nhà một mình. Người này người bán hứa vừa dùng sản phẩm vừa giới thiệu người khác sẽ có hoa hồng, nói chuyện rất tự tin và dùng nhiều từ ngữ giống cơ quan chính thức. Tiếp theo họ bảo bác ck để nhận suất ưu đãi dành riêng cho người cao tuổi. Họ nói ưu đãi chỉ áp dụng tại chỗ và ko cho mang tài liệu về hỏi bác sĩ.",SCAM,HEALTH_PRODUCT,MEDIUM,Dụ người cao tuổi mua sản phẩm sức khỏe/đa cấp bằng cam kết chữa bệnh hoặc lợi nhuận.,hội thảo miễn phí; thuốc chữa bệnh; đặt cọc; lợi nhuận,Không mua thuốc/sản phẩm sức khỏe không rõ nguồn. Hỏi bác sĩ hoặc người thân trước.,health_anxiety; false_promise; social_proof,financial_loss; health_risk,elderly,CENTRAL,ABBREVIATION,self_created_long_context_based_on_public_warning_taxonomy,self-created,true,no_pii,train,https://baochinhphu.vn/nhan-dien-24-hinh-thuc-lua-dao-truc-tuyen-cung-nhieu-hinh-thuc-dan-du-khac-nhau-102230703162727607.htm,CALL_SUMMARY,Detailed synthetic Vietnamese context; no real PII; not copied from articles/posts.
SELF_000025,SELF_PRIZE_GIFT_0002,"Má kể lại rằng có người gọi điện trong lúc ở nhà một mình. Người này nói má được chọn nhận tiền hỗ trợ trong chương trình khuyến mãi, nói chuyện rất tự tin và dùng nhiều từ ngữ giống cơ quan chính thức. Tiếp theo họ yêu cầu đóng thuế/quỹ hồ sơ trước khi trao thưởng. Họ dặn má chuyển phí nhỏ trước để nhận món quà lớn.",SCAM,PRIZE_GIFT,HIGH,Lấy lý do trúng thưởng/nhận quà để yêu cầu đóng phí hoặc cung cấp thông tin.,trúng thưởng; nhận quà; phí vận chuyển; thông tin cá nhân,Không chuyển phí nhận thưởng. Kiểm tra chương trình trên kênh chính thức.,greed; false_promise; urgency,financial_loss; privacy_leak,elderly,SOUTH,NONE,self_created_long_context_based_on_public_warning_taxonomy,self-created,true,no_pii,train,https://baochinhphu.vn/nhan-dien-24-hinh-thuc-lua-dao-truc-tuyen-cung-nhieu-hinh-thuc-dan-du-khac-nhau-102230703162727607.htm,CALL_SUMMARY,Detailed synthetic Vietnamese context; no real PII; not copied from articles/posts.
SELF_000026,SELF_EMERGENCY_MONEY_0002,"Cô kể lại rằng có người gọi điện trong lúc ở nhà một mình. Người này gửi ảnh chụp bệnh viện mờ và nói đang cần đóng viện phí gấp, nói chuyện rất tự tin và dùng nhiều từ ngữ giống cơ quan chính thức. Tiếp theo họ yêu cầu cô gửi tiền qua ví điện tử để xử lý trước khi người nhà biết. Tin nhắn thúc liên tục, mỗi vài phút lại hỏi đã chuyển chưa.",SCAM,EMERGENCY_MONEY,HIGH,Giả danh người thân hoặc dùng tình huống khẩn cấp để yêu cầu chuyển tiền.,đang cấp cứu; chuyển gấp; đừng gọi lại; cần tiền ngay,Không chuyển tiền vội. Gọi trực tiếp cho người thân qua số quen thuộc hoặc hỏi người trong gia đình.,trust_abuse; urgency; secrecy; fear,financial_loss,elderly,SOUTH,NONE,self_created_long_context_based_on_public_warning_taxonomy,self-created,true,no_pii,train,https://baochinhphu.vn/nhan-dien-24-hinh-thuc-lua-dao-truc-tuyen-cung-nhieu-hinh-thuc-dan-du-khac-nhau-102230703162727607.htm,CALL_SUMMARY,Detailed synthetic Vietnamese context; no real PII; not copied from articles/posts.
SELF_000027,SELF_HEALTH_PRODUCT_0005,"Bác kể lại rằng có người gọi điện trong lúc ở nhà một mình. Người này họ đưa nhiều lời chứng thực từ người lớn tuổi khác để tạo niềm tin, nói chuyện rất tự tin và dùng nhiều từ ngữ giống cơ quan chính thức. Tiếp theo họ yêu cầu bác đặt cọc bộ sản phẩm ngay trong buổi tư vấn. Thông tin về công dụng được nói quá mức và thiếu căn cứ y khoa.",SCAM,HEALTH_PRODUCT,MEDIUM,Dụ người cao tuổi mua sản phẩm sức khỏe/đa cấp bằng cam kết chữa bệnh hoặc lợi nhuận.,hội thảo miễn phí; thuốc chữa bệnh; đặt cọc; lợi nhuận,Không mua thuốc/sản phẩm sức khỏe không rõ nguồn. Hỏi bác sĩ hoặc người thân trước.,health_anxiety; false_promise; social_proof,financial_loss; health_risk,elderly,STANDARD,NONE,self_created_long_context_based_on_public_warning_taxonomy,self-created,true,no_pii,train,https://baochinhphu.vn/nhan-dien-24-hinh-thuc-lua-dao-truc-tuyen-cung-nhieu-hinh-thuc-dan-du-khac-nhau-102230703162727607.htm,CALL_SUMMARY,Detailed synthetic Vietnamese context; no real PII; not copied from articles/posts.
SELF_000028,SELF_TRAVEL_COMBO_0004,"Ba kể lại rằng có người gọi điện trong lúc ở nhà một mình. Người này họ gửi ảnh phòng đẹp và đánh giá ảo để ba tin là chương trình thật, nói chuyện rất tự tin và dùng nhiều từ ngữ giống cơ quan chính thức. Tiếp theo họ bảo ba gửi thông tin căn cước của cả đoàn để xuất voucher. Họ nhấn mạnh nếu chậm vài phút sẽ mất suất khuyến mãi.",SCAM,TRAVEL_COMBO,MEDIUM,"Rao combo du lịch/khách sạn giá rẻ bất thường, yêu cầu đặt cọc nhanh.",combo giá rẻ; đặt cọc; giữ chỗ; chuyển khoản,"Không đặt cọc qua tài khoản cá nhân. Kiểm tra fanpage, website, giấy phép và đánh giá thật.",false_promise; scarcity; urgency,financial_loss,elderly,SOUTH,OBFUSCATION,self_created_long_context_based_on_public_warning_taxonomy,self-created,true,no_pii,train,https://baochinhphu.vn/nhan-dien-24-hinh-thuc-lua-dao-truc-tuyen-cung-nhieu-hinh-thuc-dan-du-khac-nhau-102230703162727607.htm,CALL_SUMMARY,Detailed synthetic Vietnamese context; no real PII; not copied from articles/posts.
SELF_000029,SELF_JOB_SCAM_0003,"Bác kể lại rằng có người gọi điện trong lúc ở nhà một mình. Người này nói việc chỉ là bấm like, đánh giá sản phẩm và nhận hoa hồng, nói chuyện rất tự tin và dùng nhiều từ ngữ giống cơ quan chính thức. Tiếp theo họ yêu cầu bác nạp trước 300 nghìn để nhận nhiệm vụ đầu tiên. Sau đó số tiền nhiệm vụ tăng nhanh và không cho rút nếu chưa nạp thêm.",SCAM,JOB_SCAM,MEDIUM,"Lừa tuyển cộng tác viên/việc nhẹ lương cao, yêu cầu nạp tiền hoặc làm nhiệm vụ.",việc nhẹ lương cao; nạp tiền; nhiệm vụ; hoàn tiền,Không đóng phí để nhận việc. Kiểm tra thông tin công ty và hợp đồng rõ ràng.,financial_pressure; false_promise; gamification,financial_loss,elderly,STANDARD,NONE,self_created_long_context_based_on_public_warning_taxonomy,self-created,true,no_pii,test,https://baochinhphu.vn/nhan-dien-24-hinh-thuc-lua-dao-truc-tuyen-cung-nhieu-hinh-thuc-dan-du-khac-nhau-102230703162727607.htm,CALL_SUMMARY,Detailed synthetic Vietnamese context; no real PII; not copied from articles/posts.
SELF_000030,SELF_JOB_SCAM_0004,"Đoạn tin nhắn bắt đầu bằng lời hỏi thăm sức khỏe của cô, sau đó người gửi nói việc chỉ là bấm like, đánh giá sản phẩm và nhận hoa hồng. Trong các tin tiếp theo, họ bảo cô chuyển tiền mua đơn hàng ảo rồi sẽ hoàn lại cả gốc lẫn thưởng. Sau đó số tiền nhiệm vụ tăng nhanh và không cho rút nếu chưa nạp thêm.",SCAM,JOB_SCAM,MEDIUM,"Lừa tuyển cộng tác viên/việc nhẹ lương cao, yêu cầu nạp tiền hoặc làm nhiệm vụ.",việc nhẹ lương cao; nạp tiền; nhiệm vụ; hoàn tiền,Không đóng phí để nhận việc. Kiểm tra thông tin công ty và hợp đồng rõ ràng.,financial_pressure; false_promise; gamification,financial_loss,elderly,NORTH,NONE,self_created_long_context_based_on_public_warning_taxonomy,self-created,true,no_pii,test,https://baochinhphu.vn/nhan-dien-24-hinh-thuc-lua-dao-truc-tuyen-cung-nhieu-hinh-thuc-dan-du-khac-nhau-102230703162727607.htm,MESSAGE_THREAD,Detailed synthetic Vietnamese context; no real PII; not copied from articles/posts.
SELF_000031,SELF_OTP_BANK_0001,Bài chia sẻ mô tả một trường hợp người cao tuổi nhận được cuộc gọi lạ: người gọi nói tài khoản vừa phát sinh giao dịch bất thường nên cần kiểm tra khẩn cấp. Sau đó họ yêu cầu cô đọc mã OTP vừa nhận được để hoàn tất xác minh. Người gọi liên tục nhắc cô không tắt máy vì quy trình chỉ còn vài phút. Gia đình nghi ngờ đây là tình huống lừa đảo vì nội dung tạo áp lực và yêu cầu hành động liên quan đến tiền hoặc thông tin nhạy cảm.,SCAM,OTP_BANK,HIGH,Yêu cầu cung cấp OTP/mã xác nhận hoặc thông tin ngân hàng cho người lạ.,mã OTP; mã xác nhận; tài khoản ngân hàng; xác minh ngay,"Không cung cấp OTP, mật khẩu hoặc mã xác nhận. Gọi trực tiếp tổng đài chính thức của ngân hàng.",urgency; technical_confusion; authority_impersonation,credential_theft; financial_loss,elderly,NORTH,NONE,self_created_long_context_based_on_public_warning_taxonomy,self-created,true,no_pii,train,https://tiengchuong.chinhphu.vn/bo-cong-an-canh-bao-24-thu-doan-lua-dao-tren-khong-gian-mang-113230711094917091.htm,ARTICLE_SHARE,Detailed synthetic Vietnamese context; no real PII; not copied from articles/posts.
SELF_000032,SELF_HEALTH_PRODUCT_0006,Một bài cảnh báo trên mạng xã hội tóm tắt sự việc: người lạ họ đưa nhiều lời chứng thực từ người lớn tuổi khác để tạo niềm tin. Nội dung sau đó chuyển sang yêu cầu bảo bác chuyển tiền để nhận suất ưu đãi dành riêng cho người cao tuổi. Họ nói ưu đãi chỉ áp dụng tại chỗ và không cho mang tài liệu về hỏi bác sĩ. Bài viết khuyên người đọc nên verify với người thân trước khi làm theo.,SCAM,HEALTH_PRODUCT,MEDIUM,Dụ người cao tuổi mua sản phẩm sức khỏe/đa cấp bằng cam kết chữa bệnh hoặc lợi nhuận.,hội thảo miễn phí; thuốc chữa bệnh; đặt cọc; lợi nhuận,Không mua thuốc/sản phẩm sức khỏe không rõ nguồn. Hỏi bác sĩ hoặc người thân trước.,health_anxiety; false_promise; social_proof,financial_loss; health_risk,elderly,CENTRAL,CODE_SWITCHING,self_created_long_context_based_on_public_warning_taxonomy,self-created,true,no_pii,train,https://baochinhphu.vn/nhan-dien-24-hinh-thuc-lua-dao-truc-tuyen-cung-nhieu-hinh-thuc-dan-du-khac-nhau-102230703162727607.htm,SOCIAL_WARNING,Detailed synthetic Vietnamese context; no real PII; not copied from articles/posts.
SELF_000033,SELF_HEALTH_PRODUCT_0007,"Đoạn tin nhắn bắt đầu bằng lời hỏi thăm sức khỏe của bác, sau đó người gửi người bán hứa vừa dùng sản phẩm vừa giới thiệu người khác sẽ có hoa hồng. Trong các tin tiếp theo, họ đề nghị bác mua nhiều hộp để được lên hạng thành viên. Thông tin về công dụng được nói quá mức và thiếu căn cứ y khoa.",SCAM,HEALTH_PRODUCT,MEDIUM,Dụ người cao tuổi mua sản phẩm sức khỏe/đa cấp bằng cam kết chữa bệnh hoặc lợi nhuận.,hội thảo miễn phí; thuốc chữa bệnh; đặt cọc; lợi nhuận,Không mua thuốc/sản phẩm sức khỏe không rõ nguồn. Hỏi bác sĩ hoặc người thân trước.,health_anxiety; false_promise; social_proof,financial_loss; health_risk,elderly,STANDARD,OBFUSCATION,self_created_long_context_based_on_public_warning_taxonomy,self-created,true,no_pii,train,https://baochinhphu.vn/nhan-dien-24-hinh-thuc-lua-dao-truc-tuyen-cung-nhieu-hinh-thuc-dan-du-khac-nhau-102230703162727607.htm,MESSAGE_THREAD,Detailed synthetic Vietnamese context; no real PII; not copied from articles/posts.
SELF_000034,SELF_HEALTH_PRODUCT_0008,"Ba kể lại rằng có người gọi điện trong lúc ở nhà một mình. Người này họ đưa nhiều lời chứng thực từ người lớn tuổi khác để tạo niềm tin, nói chuyện rất tự tin và dùng nhiều từ ngữ giống cơ quan chính thức. Tiếp theo họ đề nghị ba mua nhiều hộp để được lên hạng thành viên. Họ nói ưu đãi chỉ áp dụng tại chỗ và không cho mang tài liệu về hỏi bác sĩ.",SCAM,HEALTH_PRODUCT,MEDIUM,Dụ người cao tuổi mua sản phẩm sức khỏe/đa cấp bằng cam kết chữa bệnh hoặc lợi nhuận.,hội thảo miễn phí; thuốc chữa bệnh; đặt cọc; lợi nhuận,Không mua thuốc/sản phẩm sức khỏe không rõ nguồn. Hỏi bác sĩ hoặc người thân trước.,health_anxiety; false_promise; social_proof,financial_loss; health_risk,elderly,SOUTH,NONE,self_created_long_context_based_on_public_warning_taxonomy,self-created,true,no_pii,train,https://baochinhphu.vn/nhan-dien-24-hinh-thuc-lua-dao-truc-tuyen-cung-nhieu-hinh-thuc-dan-du-khac-nhau-102230703162727607.htm,CALL_SUMMARY,Detailed synthetic Vietnamese context; no real PII; not copied from articles/posts.
SELF_000035,SELF_OTP_BANK_0002,"Cô kể lại rằng có người gọi điện trong lúc ở nhà một mình. Người này nói tài khoản vừa phát sinh giao dịch bất thường nên cần kiểm tra khẩn cấp, nói chuyện rất tự tin và dùng nhiều từ ngữ giống cơ quan chính thức. Tiếp theo họ bảo cô cung cấp dãy 6 số trong tin nhắn để mở lại tài khoản. Người gọi liên tục nhắc cô không tắt máy vì quy trình chỉ còn vài phút.",SCAM,OTP_BANK,HIGH,Yêu cầu cung cấp OTP/mã xác nhận hoặc thông tin ngân hàng cho người lạ.,mã OTP; mã xác nhận; tài khoản ngân hàng; xác minh ngay,"Không cung cấp OTP, mật khẩu hoặc mã xác nhận. Gọi trực tiếp tổng đài chính thức của ngân hàng.",urgency; technical_confusion; authority_impersonation,credential_theft; financial_loss,elderly,SOUTH,NONE,self_created_long_context_based_on_public_warning_taxonomy,self-created,true,no_pii,train,https://tiengchuong.chinhphu.vn/bo-cong-an-canh-bao-24-thu-doan-lua-dao-tren-khong-gian-mang-113230711094917091.htm,CALL_SUMMARY,Detailed synthetic Vietnamese context; no real PII; not copied from articles/posts.
SELF_000036,SELF_DEEPFAKE_CALL_0003,"Bác kể lại rằng có người gọi điện trong lúc ở nhà một mình. Người này người gọi chỉ nói vài câu ngắn rồi tắt camera, bảo mạng yếu, nói chuyện rất tự tin và dùng nhiều từ ngữ giống cơ quan chính thức. Tiếp theo họ bảo bác không gọi lại vì đang ở nơi đông người và sắp hết pin. Toàn bộ cuộc gọi rất ngắn, chủ yếu tạo cảm giác cấp bách.",SCAM,DEEPFAKE_CALL,HIGH,Dùng cuộc gọi video/giọng nói giống người quen để yêu cầu tiền hoặc thông tin.,video mờ; giọng giống người thân; chuyển gấp; không gọi lại,Gọi lại bằng số quen thuộc hoặc hỏi câu riêng tư để xác minh. Không chuyển tiền trong lúc cuộc gọi chưa rõ.,trust_abuse; urgency; technical_deception,financial_loss,elderly,NORTH,NONE,self_created_long_context_based_on_public_warning_taxonomy,self-created,true,no_pii,train,https://baochinhphu.vn/nhan-dien-24-hinh-thuc-lua-dao-truc-tuyen-cung-nhieu-hinh-thuc-dan-du-khac-nhau-102230703162727607.htm,CALL_SUMMARY,Detailed synthetic Vietnamese context; no real PII; not copied from articles/posts.
SELF_000037,SELF_EMERGENCY_MONEY_0003,"Bài chia sẻ mô tả một trường hợp người cao tuổi nhận được cuộc gọi lạ: người gọi nhắn như con/cháu trong nhà, nói điện thoại bị hỏng nên phải dùng số lạ. Sau đó họ xin cô chuyển gấp 5 triệu vào <BANK_ACCOUNT>. Người kia dặn cô đừng gọi số cũ vì máy đang hư và đang ở chỗ đông người. Gia đình nghi ngờ đây là tình huống lừa đảo vì nội dung tạo áp lực và yêu cầu hành động liên quan đến tiền hoặc thông tin nhạy cảm.",SCAM,EMERGENCY_MONEY,HIGH,Giả danh người thân hoặc dùng tình huống khẩn cấp để yêu cầu chuyển tiền.,đang cấp cứu; chuyển gấp; đừng gọi lại; cần tiền ngay,Không chuyển tiền vội. Gọi trực tiếp cho người thân qua số quen thuộc hoặc hỏi người trong gia đình.,trust_abuse; urgency; secrecy; fear,financial_loss,elderly,NORTH,NONE,self_created_long_context_based_on_public_warning_taxonomy,self-created,true,no_pii,train,https://baochinhphu.vn/nhan-dien-24-hinh-thuc-lua-dao-truc-tuyen-cung-nhieu-hinh-thuc-dan-du-khac-nhau-102230703162727607.htm,ARTICLE_SHARE,Detailed synthetic Vietnamese context; no real PII; not copied from articles/posts.
SELF_000038,SELF_PRIZE_GIFT_0003,"Bài chia sẻ mô tả một trường hợp người cao tuổi nhận được cuộc gọi lạ: người gọi nói cô được chọn nhận tiền hỗ trợ trong chương trình khuyến mãi. Sau đó họ bảo cô gửi căn cước, địa chỉ nhà và số tài khoản để nhận thưởng. Họ dặn cô chuyển phí nhỏ trước để nhận món quà lớn. Gia đình nghi ngờ đây là tình huống lừa đảo vì nội dung tạo áp lực và yêu cầu hành động liên quan đến tiền hoặc thông tin nhạy cảm.",SCAM,PRIZE_GIFT,HIGH,Lấy lý do trúng thưởng/nhận quà để yêu cầu đóng phí hoặc cung cấp thông tin.,trúng thưởng; nhận quà; phí vận chuyển; thông tin cá nhân,Không chuyển phí nhận thưởng. Kiểm tra chương trình trên kênh chính thức.,greed; false_promise; urgency,financial_loss; privacy_leak,elderly,NORTH,NONE,self_created_long_context_based_on_public_warning_taxonomy,self-created,true,no_pii,valid,https://baochinhphu.vn/nhan-dien-24-hinh-thuc-lua-dao-truc-tuyen-cung-nhieu-hinh-thuc-dan-du-khac-nhau-102230703162727607.htm,ARTICLE_SHARE,Detailed synthetic Vietnamese context; no real PII; not copied from articles/posts.
SELF_000039,SELF_FAKE_POLICE_0003,"Cô kể lại rằng có người gọi điện trong lúc ở nhà một mình. Người này nói cô liên quan đến vụ án ma túy, cần phối hợp bí mật qua điện thoại, nói chuyện rất tự tin và dùng nhiều từ ngữ giống cơ quan chính thức. Tiếp theo họ yêu cầu cô đọc thông tin thẻ N.H và dãy 6 số để kiểm tra. Họ nói nếu chậm trễ thì công an sẽ đến nhà đọc lệnh bắt.",SCAM,FAKE_POLICE,HIGH,Giả danh công an/viện kiểm sát/tòa án để đe dọa và yêu cầu chuyển tiền.,công an; viện kiểm sát; vụ án; chuyển tiền; không được nói với ai,Không chuyển tiền. Cúp máy và liên hệ công an địa phương hoặc người thân để xác minh.,authority_impersonation; fear; secrecy; urgency,financial_loss; psychological_pressure,elderly,SOUTH,OBFUSCATION,self_created_long_context_based_on_public_warning_taxonomy,self-created,true,no_pii,train,https://congly.vn/canh-giac-thu-doan-gia-danh-can-bo-de-lua-dao-nguoi-cao-tuoi-523282.html,CALL_SUMMARY,Detailed synthetic Vietnamese context; no real PII; not copied from articles/posts.
SELF_000040,SELF_FAKE_SUPPORT_0001,"Một bài cảnh báo trên mạng xã hội tóm tắt sự việc: người lạ giả làm tổng đài nhà mạng, thông báo SIM của cô cần chuẩn hóa. Nội dung sau đó chuyển sang yêu cầu bảo cô bật chia sẻ màn hình và đọc mã trong ứng dụng ngân hàng. Họ nói nếu không làm trong ngày, hồ sơ sẽ bị treo hoặc SIM bị khóa. Bài viết khuyên người đọc nên verify với người thân trước khi làm theo.",SCAM,FAKE_SUPPORT,HIGH,Giả danh nhân viên hỗ trợ kỹ thuật/dịch vụ công để yêu cầu cài app hoặc cấp quyền.,cài ứng dụng; chia sẻ màn hình; cấp quyền; hỗ trợ kỹ thuật,Không cài app lạ hoặc chia sẻ màn hình cho người không xác minh được danh tính.,technical_confusion; authority_impersonation,credential_theft; malware_install; privacy_leak,elderly,STANDARD,CODE_SWITCHING,self_created_long_context_based_on_public_warning_taxonomy,self-created,true,no_pii,train,https://tiengchuong.chinhphu.vn/bo-cong-an-canh-bao-24-thu-doan-lua-dao-tren-khong-gian-mang-113230711094917091.htm,SOCIAL_WARNING,Detailed synthetic Vietnamese context; no real PII; not copied from articles/posts.
SELF_000041,SELF_LOAN_SCAM_0001,Bài chia sẻ mô tả một trường hợp người cao tuổi nhận được cuộc gọi lạ: người gọi quảng cáo hỗ trợ người cao tuổi vay tiêu dùng lãi thấp. Sau đó họ bắt cô nộp thêm tiền vì nhập sai số t.khoản nhận vay. Họ nói nếu không đóng phí ngay thì khoản vay sẽ bị hủy. Gia đình nghi ngờ đây là tình huống lừa đảo vì nội dung tạo áp lực và yêu cầu hành động liên quan đến tiền hoặc thông tin nhạy cảm.,SCAM,LOAN_SCAM,HIGH,"Lừa vay tiền nhanh, yêu cầu phí trước hoặc thu thập giấy tờ cá nhân.",duyệt vay; phí hồ sơ; phí bảo hiểm; giải ngân; CCCD,Không gửi giấy tờ cá nhân hoặc đóng phí trước cho dịch vụ vay không rõ nguồn.,financial_pressure; urgency; false_promise,financial_loss; identity_theft,elderly,SOUTH,OBFUSCATION,self_created_long_context_based_on_public_warning_taxonomy,self-created,true,no_pii,train,https://tiengchuong.chinhphu.vn/bo-cong-an-canh-bao-24-thu-doan-lua-dao-tren-khong-gian-mang-113230711094917091.htm,ARTICLE_SHARE,Detailed synthetic Vietnamese context; no real PII; not copied from articles/posts.
SELF_000042,SELF_PHISHING_LINK_0004,"Doan tin nhan bat dau bang loi hoi tham suc khoe cua chu, sau do nguoi gui gia danh cong dich vu cong, bao ho so tro cap cua chu con thieu thong tin. Trong cac tin tiep theo, ho huong dan chu tai mot ung dung ngoai kho chinh thuc. Ho nhan manh day la buoc bat buoc de tranh khoa tai khoang.",SCAM,PHISHING_LINK,HIGH,Dụ bấm link lạ để đăng nhập/cập nhật thông tin và đánh cắp dữ liệu.,<LINK>; bấm link; cập nhật thông tin; đăng nhập,Không bấm link lạ. Mở ứng dụng chính thức hoặc gõ trực tiếp địa chỉ website chính thức.,technical_confusion; urgency; false_promise,credential_theft; privacy_leak; malware_install,elderly,NORTH,TYPO,self_created_long_context_based_on_public_warning_taxonomy,self-created,true,no_pii,valid,https://tiengchuong.chinhphu.vn/bo-cong-an-canh-bao-24-thu-doan-lua-dao-tren-khong-gian-mang-113230711094917091.htm,MESSAGE_THREAD,Detailed synthetic Vietnamese context; no real PII; not copied from articles/posts.
SELF_000043,SELF_ROMANCE_SCAM_0004,"Đoạn tin nhắn bắt đầu bằng lời hỏi thăm sức khỏe của bác, sau đó người gửi một người quen qua mạng nói rất quan tâm bác và thường xuyên hỏi thăm sức khỏe. Trong các tin tiếp theo, họ nhờ bác đóng phí hải quan để nhận kiện quà có tiền và trang sức. Họ dùng lời lẽ tình cảm, khiến bác ngại từ chối.",SCAM,ROMANCE_SCAM,MEDIUM,"Lợi dụng tình cảm/lòng tin để xin tiền, quà hoặc thông tin cá nhân.",quen qua mạng; gửi quà; phí hải quan; cần tiền gấp,Không chuyển tiền cho người quen qua mạng chưa gặp ngoài đời. Hỏi người thân trước khi quyết định.,trust_abuse; emotional_manipulation; false_promise,financial_loss; psychological_pressure,elderly,NORTH,OBFUSCATION,self_created_long_context_based_on_public_warning_taxonomy,self-created,true,no_pii,test,https://baochinhphu.vn/nhan-dien-24-hinh-thuc-lua-dao-truc-tuyen-cung-nhieu-hinh-thuc-dan-du-khac-nhau-102230703162727607.htm,MESSAGE_THREAD,Detailed synthetic Vietnamese context; no real PII; not copied from articles/posts.
SELF_000044,SELF_DEEPFAKE_CALL_0004,"Đoạn tin nhắn bắt đầu bằng lời hỏi thăm sức khỏe của mệ, sau đó người gửi cuộc gọi video hiện khuôn mặt giống cháu của mệ nhưng hình ảnh bị giật và rất mờ. Trong các tin tiếp theo, họ đề nghị mệ gửi mã xác nhận để lấy lại tài khoản cho người thân. Khi mệ hỏi thêm, người kia né tránh và chỉ thúc chuyển tiền.",SCAM,DEEPFAKE_CALL,HIGH,Dùng cuộc gọi video/giọng nói giống người quen để yêu cầu tiền hoặc thông tin.,video mờ; giọng giống người thân; chuyển gấp; không gọi lại,Gọi lại bằng số quen thuộc hoặc hỏi câu riêng tư để xác minh. Không chuyển tiền trong lúc cuộc gọi chưa rõ.,trust_abuse; urgency; technical_deception,financial_loss,elderly,CENTRAL,NONE,self_created_long_context_based_on_public_warning_taxonomy,self-created,true,no_pii,train,https://baochinhphu.vn/nhan-dien-24-hinh-thuc-lua-dao-truc-tuyen-cung-nhieu-hinh-thuc-dan-du-khac-nhau-102230703162727607.htm,MESSAGE_THREAD,Detailed synthetic Vietnamese context; no real PII; not copied from articles/posts.
SELF_000045,SELF_FAKE_SUPPORT_0002,"Bác kể lại rằng có người gọi điện trong lúc ở nhà một mình. Người này nói t.khoản bảo hiểm/điện lực của bác chưa đồng bộ dữ liệu, nói chuyện rất tự tin và dùng nhiều từ ngữ giống cơ quan chính thức. Tiếp theo họ đề nghị bác cấp quyền truy cập danh bạ, tin nhắn và thông báo. Người gọi dùng nhiều thuật ngữ kỹ thuật khiến bác khó phản ứng.",SCAM,FAKE_SUPPORT,HIGH,Giả danh nhân viên hỗ trợ kỹ thuật/dịch vụ công để yêu cầu cài app hoặc cấp quyền.,cài ứng dụng; chia sẻ màn hình; cấp quyền; hỗ trợ kỹ thuật,Không cài app lạ hoặc chia sẻ màn hình cho người không xác minh được danh tính.,technical_confusion; authority_impersonation,credential_theft; malware_install; privacy_leak,elderly,STANDARD,OBFUSCATION,self_created_long_context_based_on_public_warning_taxonomy,self-created,true,no_pii,train,https://tiengchuong.chinhphu.vn/bo-cong-an-canh-bao-24-thu-doan-lua-dao-tren-khong-gian-mang-113230711094917091.htm,CALL_SUMMARY,Detailed synthetic Vietnamese context; no real PII; not copied from articles/posts.
SELF_000046,SELF_PHISHING_LINK_0005,"Bác kể lại rằng có người gọi điện trong lúc ở nhà một mình. Người này gửi thông báo hoàn tiền điện/nước và yêu cầu xác nhận qua đường dẫn, nói chuyện rất tự tin và dùng nhiều từ ngữ giống cơ quan chính thức. Tiếp theo họ yêu cầu bác bấm vào <LINK> để đăng nhập và cập nhật thông tin. Họ nhấn mạnh đây là bước bắt buộc để tránh khóa tài khoản.",SCAM,PHISHING_LINK,HIGH,Dụ bấm link lạ để đăng nhập/cập nhật thông tin và đánh cắp dữ liệu.,<LINK>; bấm link; cập nhật thông tin; đăng nhập,Không bấm link lạ. Mở ứng dụng chính thức hoặc gõ trực tiếp địa chỉ website chính thức.,technical_confusion; urgency; false_promise,credential_theft; privacy_leak; malware_install,elderly,NORTH,NONE,self_created_long_context_based_on_public_warning_taxonomy,self-created,true,no_pii,valid,https://tiengchuong.chinhphu.vn/bo-cong-an-canh-bao-24-thu-doan-lua-dao-tren-khong-gian-mang-113230711094917091.htm,CALL_SUMMARY,Detailed synthetic Vietnamese context; no real PII; not copied from articles/posts.
SELF_000047,SELF_TRAVEL_COMBO_0005,Bài chia sẻ mô tả một trường hợp người cao tuổi nhận được cuộc gọi lạ: người gọi người bán nói còn đúng hai suất dành cho người cao tuổi đi cùng gia đình. Sau đó họ bảo chú gửi thông tin căn cước của cả đoàn để xuất voucher. Họ nhấn mạnh nếu chậm vài phút sẽ mất suất khuyến mãi. Gia đình nghi ngờ đây là tình huống lừa đảo vì nội dung tạo áp lực và yêu cầu hành động liên quan đến tiền hoặc thông tin nhạy cảm.,SCAM,TRAVEL_COMBO,MEDIUM,"Rao combo du lịch/khách sạn giá rẻ bất thường, yêu cầu đặt cọc nhanh.",combo giá rẻ; đặt cọc; giữ chỗ; chuyển khoản,"Không đặt cọc qua tài khoản cá nhân. Kiểm tra fanpage, website, giấy phép và đánh giá thật.",false_promise; scarcity; urgency,financial_loss,elderly,STANDARD,ABBREVIATION,self_created_long_context_based_on_public_warning_taxonomy,self-created,true,no_pii,train,https://baochinhphu.vn/nhan-dien-24-hinh-thuc-lua-dao-truc-tuyen-cung-nhieu-hinh-thuc-dan-du-khac-nhau-102230703162727607.htm,ARTICLE_SHARE,Detailed synthetic Vietnamese context; no real PII; not copied from articles/posts.
SELF_000048,SELF_FAKE_POLICE_0004,"Chu ke lai rang co nguoi goi dien trong luc o nha mot minh. Nguoi nay tu xung la can bo cong an dang dieu tra duong day rua tien, noi chuyen rat tu tin va dung nhieu tu ngu giong co quan chinh thuc. Tiep theo ho yeu cau chu doc thong tin the ngan hang va ma xac nhan de kiem tra. Nguoi goi giu may nhieu gio, khong cho chu co thoi gian hoi ai khac.",SCAM,FAKE_POLICE,HIGH,Giả danh công an/viện kiểm sát/tòa án để đe dọa và yêu cầu chuyển tiền.,công an; viện kiểm sát; vụ án; chuyển tiền; không được nói với ai,Không chuyển tiền. Cúp máy và liên hệ công an địa phương hoặc người thân để xác minh.,authority_impersonation; fear; secrecy; urgency,financial_loss; psychological_pressure,elderly,STANDARD,NO_DIACRITICS,self_created_long_context_based_on_public_warning_taxonomy,self-created,true,no_pii,train,https://congly.vn/canh-giac-thu-doan-gia-danh-can-bo-de-lua-dao-nguoi-cao-tuoi-523282.html,CALL_SUMMARY,Detailed synthetic Vietnamese context; no real PII; not copied from articles/posts.
SELF_000049,SELF_PHISHING_LINK_0006,"Đoạn tin nhắn bắt đầu bằng lời hỏi thăm sức khỏe của bác, sau đó người gửi giả danh cổng dịch vụ công, báo hồ sơ trợ cấp của bác còn thiếu thông tin. Trong các tin tiếp theo, họ hướng dẫn bác tải một ứng dụng ngoài kho chính thức. Tin nhắn ghi hồ sơ sẽ hết hạn sau 30 phút nếu không xác minh.",SCAM,PHISHING_LINK,HIGH,Dụ bấm link lạ để đăng nhập/cập nhật thông tin và đánh cắp dữ liệu.,<LINK>; bấm link; cập nhật thông tin; đăng nhập,Không bấm link lạ. Mở ứng dụng chính thức hoặc gõ trực tiếp địa chỉ website chính thức.,technical_confusion; urgency; false_promise,credential_theft; privacy_leak; malware_install,elderly,STANDARD,NONE,self_created_long_context_based_on_public_warning_taxonomy,self-created,true,no_pii,test,https://tiengchuong.chinhphu.vn/bo-cong-an-canh-bao-24-thu-doan-lua-dao-tren-khong-gian-mang-113230711094917091.htm,MESSAGE_THREAD,Detailed synthetic Vietnamese context; no real PII; not copied from articles/posts.
SELF_000050,SELF_PRIZE_GIFT_0004,"Đoạn tin nhắn bắt đầu bằng lời hỏi thăm sức khỏe của chú, sau đó người gửi gửi ảnh phiếu trúng thưởng xe máy và nói chỉ cần hoàn tất hồ sơ. Trong các tin tiếp theo, họ yêu cầu đóng thuế/quỹ hồ sơ trước khi trao thưởng. Họ dặn chú chuyển phí nhỏ trước để nhận món quà lớn.",SCAM,PRIZE_GIFT,HIGH,Lấy lý do trúng thưởng/nhận quà để yêu cầu đóng phí hoặc cung cấp thông tin.,trúng thưởng; nhận quà; phí vận chuyển; thông tin cá nhân,Không chuyển phí nhận thưởng. Kiểm tra chương trình trên kênh chính thức.,greed; false_promise; urgency,financial_loss; privacy_leak,elderly,NORTH,OBFUSCATION,self_created_long_context_based_on_public_warning_taxonomy,self-created,true,no_pii,valid,https://baochinhphu.vn/nhan-dien-24-hinh-thuc-lua-dao-truc-tuyen-cung-nhieu-hinh-thuc-dan-du-khac-nhau-102230703162727607.htm,MESSAGE_THREAD,Detailed synthetic Vietnamese context; no real PII; not copied from articles/posts.
SELF_000051,SELF_FAKE_POLICE_0005,"Đoạn tin nhắn bắt đầu bằng lời hỏi thăm sức khỏe của o, sau đó người gửi tự xưng là cán bộ công an đang điều tra đường dây rửa tiền. Trong các tin tiếp theo, họ bắt o cài ứng dụng lạ để khai báo tài sản và số dư ngân hàng. Họ dọa nếu o kể với con cháu thì sẽ bị xử lý vì làm lộ bí mật điều tra.",SCAM,FAKE_POLICE,HIGH,Giả danh công an/viện kiểm sát/tòa án để đe dọa và yêu cầu chuyển tiền.,công an; viện kiểm sát; vụ án; chuyển tiền; không được nói với ai,Không chuyển tiền. Cúp máy và liên hệ công an địa phương hoặc người thân để xác minh.,authority_impersonation; fear; secrecy; urgency,financial_loss; psychological_pressure,elderly,CENTRAL,NONE,self_created_long_context_based_on_public_warning_taxonomy,self-created,true,no_pii,train,https://congly.vn/canh-giac-thu-doan-gia-danh-can-bo-de-lua-dao-nguoi-cao-tuoi-523282.html,MESSAGE_THREAD,Detailed synthetic Vietnamese context; no real PII; not copied from articles/posts.
SELF_000052,SELF_DEEPFAKE_CALL_0005,"Cô kể lại rằng có người gọi điện trong lúc ở nhà một mình. Người này cuộc gọi video hiện khuôn mặt giống cháu của cô nhưng hình ảnh bị giật và rất mờ, nói chuyện rất tự tin và dùng nhiều từ ngữ giống cơ quan chính thức. Tiếp theo họ xin cô chuyển gấp tiền vào <BANK_ACCOUNT> để xử lý tai nạn. Họ dùng hình ảnh/giọng nói giống người quen để đánh vào niềm tin.",SCAM,DEEPFAKE_CALL,HIGH,Dùng cuộc gọi video/giọng nói giống người quen để yêu cầu tiền hoặc thông tin.,video mờ; giọng giống người thân; chuyển gấp; không gọi lại,Gọi lại bằng số quen thuộc hoặc hỏi câu riêng tư để xác minh. Không chuyển tiền trong lúc cuộc gọi chưa rõ.,trust_abuse; urgency; technical_deception,financial_loss,elderly,SOUTH,NONE,self_created_long_context_based_on_public_warning_taxonomy,self-created,true,no_pii,train,https://baochinhphu.vn/nhan-dien-24-hinh-thuc-lua-dao-truc-tuyen-cung-nhieu-hinh-thuc-dan-du-khac-nhau-102230703162727607.htm,CALL_SUMMARY,Detailed synthetic Vietnamese context; no real PII; not copied from articles/posts.
SELF_000053,SELF_HEALTH_PRODUCT_0009,"Me ke lai rang co nguoi goi dien trong luc o nha mot minh. Nguoi nay ho dua nhieu loi chung thuc tu nguoi lon tuoi khac de tao niem tin, noi chuyen rat tu tin va dung nhieu tu ngu giong co quan chinh thuc. Tiep theo ho xin thong tin ca nhan va so dien thoai nguoi quen de tu van tiep. Nhan vien vay quanh tu van khien me kho tu choi.",SCAM,HEALTH_PRODUCT,MEDIUM,Dụ người cao tuổi mua sản phẩm sức khỏe/đa cấp bằng cam kết chữa bệnh hoặc lợi nhuận.,hội thảo miễn phí; thuốc chữa bệnh; đặt cọc; lợi nhuận,Không mua thuốc/sản phẩm sức khỏe không rõ nguồn. Hỏi bác sĩ hoặc người thân trước.,health_anxiety; false_promise; social_proof,financial_loss; health_risk,elderly,CENTRAL,TYPO,self_created_long_context_based_on_public_warning_taxonomy,self-created,true,no_pii,train,https://baochinhphu.vn/nhan-dien-24-hinh-thuc-lua-dao-truc-tuyen-cung-nhieu-hinh-thuc-dan-du-khac-nhau-102230703162727607.htm,CALL_SUMMARY,Detailed synthetic Vietnamese context; no real PII; not copied from articles/posts.
SELF_000054,SELF_JOB_SCAM_0005,Bài chia sẻ mô tả một trường hợp người cao tuổi nhận được cuộc gọi lạ: người gọi giả danh sàn thương mại điện tử tuyển người xử lý đơn hàng. Sau đó họ yêu cầu mệ nạp trước 300 nghìn để nhận nhiệm vụ đầu tiên. Ban đầu họ cho nhận vài chục nghìn để tạo lòng tin. Gia đình nghi ngờ đây là tình huống lừa đảo vì nội dung tạo áp lực và yêu cầu hành động liên quan đến tiền hoặc thông tin nhạy cảm.,SCAM,JOB_SCAM,MEDIUM,"Lừa tuyển cộng tác viên/việc nhẹ lương cao, yêu cầu nạp tiền hoặc làm nhiệm vụ.",việc nhẹ lương cao; nạp tiền; nhiệm vụ; hoàn tiền,Không đóng phí để nhận việc. Kiểm tra thông tin công ty và hợp đồng rõ ràng.,financial_pressure; false_promise; gamification,financial_loss,elderly,CENTRAL,NONE,self_created_long_context_based_on_public_warning_taxonomy,self-created,true,no_pii,test,https://baochinhphu.vn/nhan-dien-24-hinh-thuc-lua-dao-truc-tuyen-cung-nhieu-hinh-thuc-dan-du-khac-nhau-102230703162727607.htm,ARTICLE_SHARE,Detailed synthetic Vietnamese context; no real PII; not copied from articles/posts.
SELF_000055,SELF_FAKE_SUPPORT_0003,"Đoạn tin nhắn bắt đầu bằng lời hỏi thăm sức khỏe của chú, sau đó người gửi giả làm tổng đài nhà mạng, thông báo SIM của chú cần chuẩn hóa. Trong các tin tiếp theo, họ hướng dẫn chú đăng nhập tài khoản rồi không được tắt máy. Họ trấn an rằng đây là thủ tục bình thường của hệ thống.",SCAM,FAKE_SUPPORT,HIGH,Giả danh nhân viên hỗ trợ kỹ thuật/dịch vụ công để yêu cầu cài app hoặc cấp quyền.,cài ứng dụng; chia sẻ màn hình; cấp quyền; hỗ trợ kỹ thuật,Không cài app lạ hoặc chia sẻ màn hình cho người không xác minh được danh tính.,technical_confusion; authority_impersonation,credential_theft; malware_install; privacy_leak,elderly,STANDARD,NONE,self_created_long_context_based_on_public_warning_taxonomy,self-created,true,no_pii,train,https://tiengchuong.chinhphu.vn/bo-cong-an-canh-bao-24-thu-doan-lua-dao-tren-khong-gian-mang-113230711094917091.htm,MESSAGE_THREAD,Detailed synthetic Vietnamese context; no real PII; not copied from articles/posts.
SELF_000056,SELF_JOB_SCAM_0006,"Mot bai canh bao tren mang xa hoi tom tat su viec: nguoi la gui bang luong hap dan, noi nguoi lon tuoi cung lam duoc de dang. Noi dung sau do chuyen sang yeu cau yeu cau chu nap truoc 300 nghin de nhan nhiem vu dau tien. Ban dau ho cho nhan vai chuc nghin de tao long tin. Bai viet khuyen nguoi doc nen xac minh voi nguoi than truoc khi lam theo.",SCAM,JOB_SCAM,MEDIUM,"Lừa tuyển cộng tác viên/việc nhẹ lương cao, yêu cầu nạp tiền hoặc làm nhiệm vụ.",việc nhẹ lương cao; nạp tiền; nhiệm vụ; hoàn tiền,Không đóng phí để nhận việc. Kiểm tra thông tin công ty và hợp đồng rõ ràng.,financial_pressure; false_promise; gamification,financial_loss,elderly,STANDARD,NO_DIACRITICS,self_created_long_context_based_on_public_warning_taxonomy,self-created,true,no_pii,test,https://baochinhphu.vn/nhan-dien-24-hinh-thuc-lua-dao-truc-tuyen-cung-nhieu-hinh-thuc-dan-du-khac-nhau-102230703162727607.htm,SOCIAL_WARNING,Detailed synthetic Vietnamese context; no real PII; not copied from articles/posts.
SELF_000057,SELF_OTP_BANK_0003,Một bài cảnh báo trên mạng xã hội tóm tắt sự việc: người lạ tự xưng là nhân viên NH và nói hệ thống đang nâng cấp bảo mật cho khách hàng lớn tuổi. Nội dung sau đó chuyển sang yêu cầu hướng dẫn chú đăng nhập vào <LINK> rồi nhập mã xác nhận. Người gọi liên tục nhắc chú ko tắt máy vì quy trình chỉ còn vài phút. Bài viết khuyên người đọc nên xm với người thân trước khi làm theo.,SCAM,OTP_BANK,HIGH,Yêu cầu cung cấp OTP/mã xác nhận hoặc thông tin ngân hàng cho người lạ.,mã OTP; mã xác nhận; tài khoản ngân hàng; xác minh ngay,"Không cung cấp OTP, mật khẩu hoặc mã xác nhận. Gọi trực tiếp tổng đài chính thức của ngân hàng.",urgency; technical_confusion; authority_impersonation,credential_theft; financial_loss,elderly,NORTH,ABBREVIATION,self_created_long_context_based_on_public_warning_taxonomy,self-created,true,no_pii,train,https://tiengchuong.chinhphu.vn/bo-cong-an-canh-bao-24-thu-doan-lua-dao-tren-khong-gian-mang-113230711094917091.htm,SOCIAL_WARNING,Detailed synthetic Vietnamese context; no real PII; not copied from articles/posts.
SELF_000058,SELF_PRIZE_GIFT_0005,"Đoạn tn bắt đầu bằng lời hỏi thăm sức khỏe của cô, sau đó người gửi giả danh siêu thị hoặc hãng điện thoại tặng quà cho người lớn tuổi. Trong các tin tiếp theo, họ yêu cầu cô chuyển phí vận chuyển vào <BANK_ACCOUNT>. Họ nói phần thưởng chỉ giữ trong hôm nay nên phải làm ngay.",SCAM,PRIZE_GIFT,HIGH,Lấy lý do trúng thưởng/nhận quà để yêu cầu đóng phí hoặc cung cấp thông tin.,trúng thưởng; nhận quà; phí vận chuyển; thông tin cá nhân,Không chuyển phí nhận thưởng. Kiểm tra chương trình trên kênh chính thức.,greed; false_promise; urgency,financial_loss; privacy_leak,elderly,NORTH,ABBREVIATION,self_created_long_context_based_on_public_warning_taxonomy,self-created,true,no_pii,valid,https://baochinhphu.vn/nhan-dien-24-hinh-thuc-lua-dao-truc-tuyen-cung-nhieu-hinh-thuc-dan-du-khac-nhau-102230703162727607.htm,MESSAGE_THREAD,Detailed synthetic Vietnamese context; no real PII; not copied from articles/posts.
SELF_000059,SELF_PHISHING_LINK_0007,"Chú kể lại rằng có người gọi điện trong lúc ở nhà một mình. Người này nói tài khoản mạng xã hội của chú bị báo cáo vi phạm nên phải xác minh, nói chuyện rất tự tin và dùng nhiều từ ngữ giống cơ quan chính thức. Tiếp theo họ yêu cầu chú bấm vào <LINK> để đăng nhập và cập nhật thông tin. Nội dung trình bày có logo giống tổ chức thật nên dễ gây nhầm lẫn.",SCAM,PHISHING_LINK,HIGH,Dụ bấm link lạ để đăng nhập/cập nhật thông tin và đánh cắp dữ liệu.,<LINK>; bấm link; cập nhật thông tin; đăng nhập,Không bấm link lạ. Mở ứng dụng chính thức hoặc gõ trực tiếp địa chỉ website chính thức.,technical_confusion; urgency; false_promise,credential_theft; privacy_leak; malware_install,elderly,NORTH,NONE,self_created_long_context_based_on_public_warning_taxonomy,self-created,true,no_pii,test,https://tiengchuong.chinhphu.vn/bo-cong-an-canh-bao-24-thu-doan-lua-dao-tren-khong-gian-mang-113230711094917091.htm,CALL_SUMMARY,Detailed synthetic Vietnamese context; no real PII; not copied from articles/posts.
SELF_000060,SELF_OTP_BANK_0004,"Cô kể lại rằng có người gọi điện trong lúc ở nhà một mình. Người này nói thẻ ATM sắp bị khóa vì chưa hoàn tất xác thực sinh trắc học, nói chuyện rất tự tin và dùng nhiều từ ngữ giống cơ quan chính thức. Tiếp theo họ yêu cầu cô đọc mã OTP vừa nhận được để hoàn tất xác minh. Họ nói đây là cuộc gọi bảo mật nên không được hỏi người thân.",SCAM,OTP_BANK,HIGH,Yêu cầu cung cấp OTP/mã xác nhận hoặc thông tin ngân hàng cho người lạ.,mã OTP; mã xác nhận; tài khoản ngân hàng; xác minh ngay,"Không cung cấp OTP, mật khẩu hoặc mã xác nhận. Gọi trực tiếp tổng đài chính thức của ngân hàng.",urgency; technical_confusion; authority_impersonation,credential_theft; financial_loss,elderly,STANDARD,NONE,self_created_long_context_based_on_public_warning_taxonomy,self-created,true,no_pii,train,https://tiengchuong.chinhphu.vn/bo-cong-an-canh-bao-24-thu-doan-lua-dao-tren-khong-gian-mang-113230711094917091.htm,CALL_SUMMARY,Detailed synthetic Vietnamese context; no real PII; not copied from articles/posts.
SELF_000061,SELF_DEEPFAKE_CALL_0006,Bài chia sẻ mô tả một trường hợp người cao tuổi nhận được cuộc gọi lạ: người gọi cuộc gọi đến từ tài khoản mạng xã hội mới tạo nhưng dùng ảnh đại diện của người thân. Sau đó họ yêu cầu bác giữ bí mật vì sợ gia đình lo lắng. Họ dùng hình ảnh/giọng nói giống người quen để đánh vào niềm tin. Gia đình nghi ngờ đây là tình huống lừa đảo vì nội dung tạo áp lực và yêu cầu hành động liên quan đến tiền hoặc thông tin nhạy cảm.,SCAM,DEEPFAKE_CALL,HIGH,Dùng cuộc gọi video/giọng nói giống người quen để yêu cầu tiền hoặc thông tin.,video mờ; giọng giống người thân; chuyển gấp; không gọi lại,Gọi lại bằng số quen thuộc hoặc hỏi câu riêng tư để xác minh. Không chuyển tiền trong lúc cuộc gọi chưa rõ.,trust_abuse; urgency; technical_deception,financial_loss,elderly,CENTRAL,NONE,self_created_long_context_based_on_public_warning_taxonomy,self-created,true,no_pii,train,https://baochinhphu.vn/nhan-dien-24-hinh-thuc-lua-dao-truc-tuyen-cung-nhieu-hinh-thuc-dan-du-khac-nhau-102230703162727607.htm,ARTICLE_SHARE,Detailed synthetic Vietnamese context; no real PII; not copied from articles/posts.
SELF_000062,SELF_LOAN_SCAM_0002,"Một bài cảnh báo trên mạng xã hội tóm tắt sự việc: người lạ gửi hợp đồng vay có dấu đỏ giả và hứa giải ngân trong ngày. Nội dung sau đó chuyển sang yêu cầu bảo bác gửi ảnh căn cước, sổ hộ khẩu và số tài khoản. Khi bác muốn dừng, họ dọa đưa hồ sơ lên hệ thống nợ xấu. Bài viết khuyên người đọc nên verify với người thân trước khi làm theo.",SCAM,LOAN_SCAM,HIGH,"Lừa vay tiền nhanh, yêu cầu phí trước hoặc thu thập giấy tờ cá nhân.",duyệt vay; phí hồ sơ; phí bảo hiểm; giải ngân; CCCD,Không gửi giấy tờ cá nhân hoặc đóng phí trước cho dịch vụ vay không rõ nguồn.,financial_pressure; urgency; false_promise,financial_loss; identity_theft,elderly,CENTRAL,CODE_SWITCHING,self_created_long_context_based_on_public_warning_taxonomy,self-created,true,no_pii,train,https://tiengchuong.chinhphu.vn/bo-cong-an-canh-bao-24-thu-doan-lua-dao-tren-khong-gian-mang-113230711094917091.htm,SOCIAL_WARNING,Detailed synthetic Vietnamese context; no real PII; not copied from articles/posts.
SELF_000063,SELF_FAKE_POLICE_0006,"Đoạn tin nhắn bắt đầu bằng lời hỏi thăm sức khỏe của cô, sau đó người gửi giả danh viện kiểm sát và đọc một số thông tin cá nhân để tạo lòng tin. Trong các tin tiếp theo, họ bắt cô cài ứng dụng lạ để khai báo tài sản và số dư ngân hàng. Người gọi giữ máy nhiều giờ, không cho cô có thời gian hỏi ai khác.",SCAM,FAKE_POLICE,HIGH,Giả danh công an/viện kiểm sát/tòa án để đe dọa và yêu cầu chuyển tiền.,công an; viện kiểm sát; vụ án; chuyển tiền; không được nói với ai,Không chuyển tiền. Cúp máy và liên hệ công an địa phương hoặc người thân để xác minh.,authority_impersonation; fear; secrecy; urgency,financial_loss; psychological_pressure,elderly,NORTH,NONE,self_created_long_context_based_on_public_warning_taxonomy,self-created,true,no_pii,train,https://congly.vn/canh-giac-thu-doan-gia-danh-can-bo-de-lua-dao-nguoi-cao-tuoi-523282.html,MESSAGE_THREAD,Detailed synthetic Vietnamese context; no real PII; not copied from articles/posts.
SELF_000064,SELF_PRIZE_GIFT_0006,"Đoạn tin nhắn bắt đầu bằng lời hỏi thăm sức khỏe của bác, sau đó người gửi nói bác trúng quà tri ân vì là khách hàng may mắn. Trong các tin tiếp theo, họ yêu cầu bác chuyển phí vận chuyển vào <BANK_ACCOUNT>. Họ dặn bác chuyển phí nhỏ trước để nhận món quà lớn.",SCAM,PRIZE_GIFT,HIGH,Lấy lý do trúng thưởng/nhận quà để yêu cầu đóng phí hoặc cung cấp thông tin.,trúng thưởng; nhận quà; phí vận chuyển; thông tin cá nhân,Không chuyển phí nhận thưởng. Kiểm tra chương trình trên kênh chính thức.,greed; false_promise; urgency,financial_loss; privacy_leak,elderly,CENTRAL,NONE,self_created_long_context_based_on_public_warning_taxonomy,self-created,true,no_pii,valid,https://baochinhphu.vn/nhan-dien-24-hinh-thuc-lua-dao-truc-tuyen-cung-nhieu-hinh-thuc-dan-du-khac-nhau-102230703162727607.htm,MESSAGE_THREAD,Detailed synthetic Vietnamese context; no real PII; not copied from articles/posts.
SELF_000065,SELF_LOAN_SCAM_0003,"Cô kể lại rằng có người gọi điện trong lúc ở nhà một mình. Người này quảng cáo hỗ trợ người cao tuổi vay tiêu dùng lãi thấp, nói chuyện rất tự tin và dùng nhiều từ ngữ giống cơ quan chính thức. Tiếp theo họ đề nghị cô chuyển phí xác minh để sửa lỗi hồ sơ. Họ nói nếu không đóng phí ngay thì khoản vay sẽ bị hủy.",SCAM,LOAN_SCAM,HIGH,"Lừa vay tiền nhanh, yêu cầu phí trước hoặc thu thập giấy tờ cá nhân.",duyệt vay; phí hồ sơ; phí bảo hiểm; giải ngân; CCCD,Không gửi giấy tờ cá nhân hoặc đóng phí trước cho dịch vụ vay không rõ nguồn.,financial_pressure; urgency; false_promise,financial_loss; identity_theft,elderly,NORTH,NONE,self_created_long_context_based_on_public_warning_taxonomy,self-created,true,no_pii,train,https://tiengchuong.chinhphu.vn/bo-cong-an-canh-bao-24-thu-doan-lua-dao-tren-khong-gian-mang-113230711094917091.htm,CALL_SUMMARY,Detailed synthetic Vietnamese context; no real PII; not copied from articles/posts.
SELF_000066,SELF_EMERGENCY_MONEY_0004,"Bác kể lại rằng có người gọi điện trong lúc ở nhà một mình. Người này nhắn như con/cháu trong nhà, nói điện thoại bị hỏng nên phải dùng số lạ, nói chuyện rất tự tin và dùng nhiều từ ngữ giống cơ quan chính thức. Tiếp theo họ nói bác phải giữ bí mật vì sợ ba mẹ la mắng. Người kia dặn bác đừng gọi số cũ vì máy đang hư và đang ở chỗ đông người.",SCAM,EMERGENCY_MONEY,HIGH,Giả danh người thân hoặc dùng tình huống khẩn cấp để yêu cầu chuyển tiền.,đang cấp cứu; chuyển gấp; đừng gọi lại; cần tiền ngay,Không chuyển tiền vội. Gọi trực tiếp cho người thân qua số quen thuộc hoặc hỏi người trong gia đình.,trust_abuse; urgency; secrecy; fear,financial_loss,elderly,NORTH,NONE,self_created_long_context_based_on_public_warning_taxonomy,self-created,true,no_pii,train,https://baochinhphu.vn/nhan-dien-24-hinh-thuc-lua-dao-truc-tuyen-cung-nhieu-hinh-thuc-dan-du-khac-nhau-102230703162727607.htm,CALL_SUMMARY,Detailed synthetic Vietnamese context; no real PII; not copied from articles/posts.
SELF_000067,SELF_LOAN_SCAM_0004,Một bài cảnh báo trên mạng xã hội tóm tắt sự việc: người lạ gửi hợp đồng vay có dấu đỏ giả và hứa giải ngân trong ngày. Nội dung sau đó chuyển sang yêu cầu yêu cầu cô đóng phí bảo hiểm khoản vay trước khi giải ngân. Nhân viên giả liên tục gọi thúc và dùng lời lẽ rất chuyên nghiệp. Bài viết khuyên người đọc nên xác minh với người thân trước khi làm theo.,SCAM,LOAN_SCAM,HIGH,"Lừa vay tiền nhanh, yêu cầu phí trước hoặc thu thập giấy tờ cá nhân.",duyệt vay; phí hồ sơ; phí bảo hiểm; giải ngân; CCCD,Không gửi giấy tờ cá nhân hoặc đóng phí trước cho dịch vụ vay không rõ nguồn.,financial_pressure; urgency; false_promise,financial_loss; identity_theft,elderly,NORTH,NONE,self_created_long_context_based_on_public_warning_taxonomy,self-created,true,no_pii,train,https://tiengchuong.chinhphu.vn/bo-cong-an-canh-bao-24-thu-doan-lua-dao-tren-khong-gian-mang-113230711094917091.htm,SOCIAL_WARNING,Detailed synthetic Vietnamese context; no real PII; not copied from articles/posts.
SELF_000068,SELF_JOB_SCAM_0007,"Cô kể lại rằng có người gọi điện trong lúc ở nhà một mình. Người này giả danh sàn thương mại điện tử tuyển người xử lý đơn hàng, nói chuyện rất tự tin và dùng nhiều từ ngữ giống cơ quan chính thức. Tiếp theo họ yêu cầu cô nạp trước 300 nghìn để nhận nhiệm vụ đầu tiên. Sau đó số tiền nhiệm vụ tăng nhanh và không cho rút nếu chưa nạp thêm.",SCAM,JOB_SCAM,MEDIUM,"Lừa tuyển cộng tác viên/việc nhẹ lương cao, yêu cầu nạp tiền hoặc làm nhiệm vụ.",việc nhẹ lương cao; nạp tiền; nhiệm vụ; hoàn tiền,Không đóng phí để nhận việc. Kiểm tra thông tin công ty và hợp đồng rõ ràng.,financial_pressure; false_promise; gamification,financial_loss,elderly,STANDARD,NONE,self_created_long_context_based_on_public_warning_taxonomy,self-created,true,no_pii,test,https://baochinhphu.vn/nhan-dien-24-hinh-thuc-lua-dao-truc-tuyen-cung-nhieu-hinh-thuc-dan-du-khac-nhau-102230703162727607.htm,CALL_SUMMARY,Detailed synthetic Vietnamese context; no real PII; not copied from articles/posts.
SELF_000069,SELF_DEEPFAKE_CALL_0007,"Má kể lại rằng có người gọi điện trong lúc ở nhà một mình. Người này giọng nói trong cuộc gọi nghe giống con của má, nói đang gặp việc gấp, nói chuyện rất tự tin và dùng nhiều từ ngữ giống cơ quan chính thức. Tiếp theo họ xin má chuyển gấp tiền vào <BANK_ACCOUNT> để xử lý tai nạn. Khi má hỏi thêm, người kia né tránh và chỉ thúc chuyển tiền.",SCAM,DEEPFAKE_CALL,HIGH,Dùng cuộc gọi video/giọng nói giống người quen để yêu cầu tiền hoặc thông tin.,video mờ; giọng giống người thân; chuyển gấp; không gọi lại,Gọi lại bằng số quen thuộc hoặc hỏi câu riêng tư để xác minh. Không chuyển tiền trong lúc cuộc gọi chưa rõ.,trust_abuse; urgency; technical_deception,financial_loss,elderly,SOUTH,NONE,self_created_long_context_based_on_public_warning_taxonomy,self-created,true,no_pii,train,https://baochinhphu.vn/nhan-dien-24-hinh-thuc-lua-dao-truc-tuyen-cung-nhieu-hinh-thuc-dan-du-khac-nhau-102230703162727607.htm,CALL_SUMMARY,Detailed synthetic Vietnamese context; no real PII; not copied from articles/posts.
SELF_000070,SELF_JOB_SCAM_0008,"Chú kể lại rằng có người gọi điện trong lúc ở nhà một mình. Người này mời chú làm cộng tác viên online tại nhà, mỗi ngày nhận tiền ngay, nói chuyện rất tự tin và dùng nhiều từ ngữ giống cơ quan chính thức. Tiếp theo họ đề nghị chú tăng số tiền nhiệm vụ để được rút hoa hồng. Sau đó số tiền nhiệm vụ tăng nhanh và không cho rút nếu chưa nạp thêm.",SCAM,JOB_SCAM,MEDIUM,"Lừa tuyển cộng tác viên/việc nhẹ lương cao, yêu cầu nạp tiền hoặc làm nhiệm vụ.",việc nhẹ lương cao; nạp tiền; nhiệm vụ; hoàn tiền,Không đóng phí để nhận việc. Kiểm tra thông tin công ty và hợp đồng rõ ràng.,financial_pressure; false_promise; gamification,financial_loss,elderly,SOUTH,NONE,self_created_long_context_based_on_public_warning_taxonomy,self-created,true,no_pii,test,https://baochinhphu.vn/nhan-dien-24-hinh-thuc-lua-dao-truc-tuyen-cung-nhieu-hinh-thuc-dan-du-khac-nhau-102230703162727607.htm,CALL_SUMMARY,Detailed synthetic Vietnamese context; no real PII; not copied from articles/posts.
SELF_000071,SELF_ROMANCE_SCAM_0005,"Đoạn tin nhắn bắt đầu bằng lời hỏi thăm sức khỏe của o, sau đó người gửi họ nhắn tin nhiều tuần, gọi o bằng lời thân mật để tạo lòng tin. Trong các tin tiếp theo, họ yêu cầu o giữ bí mật vì sợ gia đình hiểu lầm. Họ dùng lời lẽ tình cảm, khiến o ngại từ chối. Please check now.",SCAM,ROMANCE_SCAM,MEDIUM,"Lợi dụng tình cảm/lòng tin để xin tiền, quà hoặc thông tin cá nhân.",quen qua mạng; gửi quà; phí hải quan; cần tiền gấp,Không chuyển tiền cho người quen qua mạng chưa gặp ngoài đời. Hỏi người thân trước khi quyết định.,trust_abuse; emotional_manipulation; false_promise,financial_loss; psychological_pressure,elderly,CENTRAL,CODE_SWITCHING,self_created_long_context_based_on_public_warning_taxonomy,self-created,true,no_pii,test,https://baochinhphu.vn/nhan-dien-24-hinh-thuc-lua-dao-truc-tuyen-cung-nhieu-hinh-thuc-dan-du-khac-nhau-102230703162727607.htm,MESSAGE_THREAD,Detailed synthetic Vietnamese context; no real PII; not copied from articles/posts.
SELF_000072,SELF_PRIZE_GIFT_0007,"Má kể lại rằng có người gọi điện trong lúc ở nhà một mình. Người này nói má được chọn nhận tiền hỗ trợ trong chương trình khuyến mãi, nói chuyện rất tự tin và dùng nhiều từ ngữ giống cơ quan chính thức. Tiếp theo họ đưa <LINK> để má điền thông tin nhận quà. Người nhắn liên tục chúc mừng để tạo cảm giác đã trúng thật.",SCAM,PRIZE_GIFT,HIGH,Lấy lý do trúng thưởng/nhận quà để yêu cầu đóng phí hoặc cung cấp thông tin.,trúng thưởng; nhận quà; phí vận chuyển; thông tin cá nhân,Không chuyển phí nhận thưởng. Kiểm tra chương trình trên kênh chính thức.,greed; false_promise; urgency,financial_loss; privacy_leak,elderly,SOUTH,NONE,self_created_long_context_based_on_public_warning_taxonomy,self-created,true,no_pii,valid,https://baochinhphu.vn/nhan-dien-24-hinh-thuc-lua-dao-truc-tuyen-cung-nhieu-hinh-thuc-dan-du-khac-nhau-102230703162727607.htm,CALL_SUMMARY,Detailed synthetic Vietnamese context; no real PII; not copied from articles/posts.
SELF_000073,SELF_FAKE_SUPPORT_0004,"Cô kể lại rằng có người gọi điện trong lúc ở nhà một mình. Người này giả danh nhân viên ví điện tử, nói cần hỗ trợ kiểm tra giao dịch, nói chuyện rất tự tin và dùng nhiều từ ngữ giống cơ quan chính thức. Tiếp theo họ hướng dẫn cô đăng nhập tài khoản rồi không được tắt máy. Họ nói nếu không làm trong ngày, hồ sơ sẽ bị treo hoặc SIM bị khóa.",SCAM,FAKE_SUPPORT,HIGH,Giả danh nhân viên hỗ trợ kỹ thuật/dịch vụ công để yêu cầu cài app hoặc cấp quyền.,cài ứng dụng; chia sẻ màn hình; cấp quyền; hỗ trợ kỹ thuật,Không cài app lạ hoặc chia sẻ màn hình cho người không xác minh được danh tính.,technical_confusion; authority_impersonation,credential_theft; malware_install; privacy_leak,elderly,STANDARD,NONE,self_created_long_context_based_on_public_warning_taxonomy,self-created,true,no_pii,train,https://tiengchuong.chinhphu.vn/bo-cong-an-canh-bao-24-thu-doan-lua-dao-tren-khong-gian-mang-113230711094917091.htm,CALL_SUMMARY,Detailed synthetic Vietnamese context; no real PII; not copied from articles/posts.
SELF_000074,SELF_OTP_BANK_0005,"O kể lại rằng có người gọi điện trong lúc ở nhà một mình. Người này gửi tn giống brandname NH, yêu cầu cập nhật hồ sơ trong ngày, nói chuyện rất tự tin và dùng nhiều từ ngữ giống cơ quan chính thức. Tiếp theo họ bảo o cung cấp dãy 6 số trong tn để mở lại tk. Nếu ko làm ngay, họ dọa tk sẽ bị khóa và ko rút được tiền.",SCAM,OTP_BANK,HIGH,Yêu cầu cung cấp OTP/mã xác nhận hoặc thông tin ngân hàng cho người lạ.,mã OTP; mã xác nhận; tài khoản ngân hàng; xác minh ngay,"Không cung cấp OTP, mật khẩu hoặc mã xác nhận. Gọi trực tiếp tổng đài chính thức của ngân hàng.",urgency; technical_confusion; authority_impersonation,credential_theft; financial_loss,elderly,CENTRAL,ABBREVIATION,self_created_long_context_based_on_public_warning_taxonomy,self-created,true,no_pii,train,https://tiengchuong.chinhphu.vn/bo-cong-an-canh-bao-24-thu-doan-lua-dao-tren-khong-gian-mang-113230711094917091.htm,CALL_SUMMARY,Detailed synthetic Vietnamese context; no real PII; not copied from articles/posts.
SELF_000075,SELF_INVESTMENT_0004,Bài chia sẻ mô tả một trường hợp người cao tuổi nhận được cuộc gọi lạ: người gọi mời ba tham gia nhóm đầu tư nội bộ có chuyên gia đọc lệnh. Sau đó họ đề nghị ba tăng vốn nếu muốn rút khoản lãi đang treo. Nhóm chat có nhiều tài khoản phụ hối thúc ba vào lệnh ngay. Gia đình nghi ngờ đây là tình huống lừa đảo vì nội dung tạo áp lực và yêu cầu hành động liên quan đến tiền hoặc thông tin nhạy cảm.,SCAM,INVESTMENT,HIGH,"Hứa lợi nhuận cao bất thường, cam kết không rủi ro và yêu cầu nạp tiền.",lợi nhuận cao; cam kết lãi; nạp tiền; chuyên gia hỗ trợ,Không nạp tiền vào sàn/nhóm đầu tư không rõ pháp lý. Hỏi người thân hoặc chuyên gia tài chính.,greed; false_promise; social_proof,financial_loss,elderly,SOUTH,NONE,self_created_long_context_based_on_public_warning_taxonomy,self-created,true,no_pii,train,https://baochinhphu.vn/nhan-dien-24-hinh-thuc-lua-dao-truc-tuyen-cung-nhieu-hinh-thuc-dan-du-khac-nhau-102230703162727607.htm,ARTICLE_SHARE,Detailed synthetic Vietnamese context; no real PII; not copied from articles/posts.
SELF_000076,SELF_JOB_SCAM_0009,"Bài chia sẻ mô tả một trường hợp người cao tuổi nhận được cuộc gọi lạ: người gọi mời ba làm cộng tác viên online tại nhà, mỗi ngày nhận tiền ngay. Sau đó họ yêu cầu ba nạp trước 300 nghìn để nhận nhiệm vụ đầu tiên. Ban đầu họ cho nhận vài chục nghìn để tạo lòng tin. Gia đình nghi ngờ đây là tình huống lừa đảo vì nội dung tạo áp lực và yêu cầu hành động liên quan đến tiền hoặc thông tin nhạy cảm.",SCAM,JOB_SCAM,MEDIUM,"Lừa tuyển cộng tác viên/việc nhẹ lương cao, yêu cầu nạp tiền hoặc làm nhiệm vụ.",việc nhẹ lương cao; nạp tiền; nhiệm vụ; hoàn tiền,Không đóng phí để nhận việc. Kiểm tra thông tin công ty và hợp đồng rõ ràng.,financial_pressure; false_promise; gamification,financial_loss,elderly,SOUTH,ABBREVIATION,self_created_long_context_based_on_public_warning_taxonomy,self-created,true,no_pii,test,https://baochinhphu.vn/nhan-dien-24-hinh-thuc-lua-dao-truc-tuyen-cung-nhieu-hinh-thuc-dan-du-khac-nhau-102230703162727607.htm,ARTICLE_SHARE,Detailed synthetic Vietnamese context; no real PII; not copied from articles/posts.
SELF_000077,SELF_PHISHING_LINK_0008,"Đoạn tin nhắn bắt đầu bằng lời hỏi thăm sức khỏe của bác, sau đó người gửi nói tài khoản mạng xã hội của bác bị báo cáo vi phạm nên phải verify. Trong các tin tiếp theo, họ yêu cầu bác bấm vào <LINK> để đăng nhập và cập nhật thông tin. Nội dung trình bày có logo giống tổ chức thật nên dễ gây nhầm lẫn.",SCAM,PHISHING_LINK,HIGH,Dụ bấm link lạ để đăng nhập/cập nhật thông tin và đánh cắp dữ liệu.,<LINK>; bấm link; cập nhật thông tin; đăng nhập,Không bấm link lạ. Mở ứng dụng chính thức hoặc gõ trực tiếp địa chỉ website chính thức.,technical_confusion; urgency; false_promise,credential_theft; privacy_leak; malware_install,elderly,NORTH,CODE_SWITCHING,self_created_long_context_based_on_public_warning_taxonomy,self-created,true,no_pii,test,https://tiengchuong.chinhphu.vn/bo-cong-an-canh-bao-24-thu-doan-lua-dao-tren-khong-gian-mang-113230711094917091.htm,MESSAGE_THREAD,Detailed synthetic Vietnamese context; no real PII; not copied from articles/posts.
SELF_000078,SELF_INVESTMENT_0005,Bài chia sẻ mô tả một trường hợp người cao tuổi nhận được cuộc gọi lạ: người gọi khoe nhiều ảnh người khác rút lãi để tạo lòng tin. Sau đó họ bảo bác chuyển tiền vào <BANK_ACCOUNT> rồi chờ chuyên gia xử lý. Nhóm chat có nhiều tài khoản phụ hối thúc bác vào lệnh ngay. Gia đình nghi ngờ đây là tình huống lừa đảo vì nội dung tạo áp lực và yêu cầu hành động liên quan đến tiền hoặc thông tin nhạy cảm.,SCAM,INVESTMENT,HIGH,"Hứa lợi nhuận cao bất thường, cam kết không rủi ro và yêu cầu nạp tiền.",lợi nhuận cao; cam kết lãi; nạp tiền; chuyên gia hỗ trợ,Không nạp tiền vào sàn/nhóm đầu tư không rõ pháp lý. Hỏi người thân hoặc chuyên gia tài chính.,greed; false_promise; social_proof,financial_loss,elderly,STANDARD,NONE,self_created_long_context_based_on_public_warning_taxonomy,self-created,true,no_pii,train,https://baochinhphu.vn/nhan-dien-24-hinh-thuc-lua-dao-truc-tuyen-cung-nhieu-hinh-thuc-dan-du-khac-nhau-102230703162727607.htm,ARTICLE_SHARE,Detailed synthetic Vietnamese context; no real PII; not copied from articles/posts.
SELF_000079,SELF_PRIZE_GIFT_0008,Bài chia sẻ mô tả một trường hợp người cao tuổi nhận được cuộc gọi lạ: người gọi giả danh siêu thị hoặc hãng điện thoại tặng quà cho người lớn tuổi. Sau đó họ yêu cầu đóng thuế/quỹ hồ sơ trước khi trao thưởng. Người nhắn liên tục chúc mừng để tạo cảm giác đã trúng thật. Gia đình nghi ngờ đây là tình huống lừa đảo vì nội dung tạo áp lực và yêu cầu hành động liên quan đến tiền hoặc thông tin nhạy cảm.,SCAM,PRIZE_GIFT,HIGH,Lấy lý do trúng thưởng/nhận quà để yêu cầu đóng phí hoặc cung cấp thông tin.,trúng thưởng; nhận quà; phí vận chuyển; thông tin cá nhân,Không chuyển phí nhận thưởng. Kiểm tra chương trình trên kênh chính thức.,greed; false_promise; urgency,financial_loss; privacy_leak,elderly,CENTRAL,NONE,self_created_long_context_based_on_public_warning_taxonomy,self-created,true,no_pii,valid,https://baochinhphu.vn/nhan-dien-24-hinh-thuc-lua-dao-truc-tuyen-cung-nhieu-hinh-thuc-dan-du-khac-nhau-102230703162727607.htm,ARTICLE_SHARE,Detailed synthetic Vietnamese context; no real PII; not copied from articles/posts.
SELF_000080,SELF_HEALTH_PRODUCT_0010,"Bác kể lại rằng có người gọi điện trong lúc ở nhà một mình. Người này họ đưa nhiều lời chứng thực từ người lớn tuổi khác để tạo niềm tin, nói chuyện rất tự tin và dùng nhiều từ ngữ giống cơ quan chính thức. Tiếp theo họ xin thông tin cá nhân và số điện thoại người quen để tư vấn tiếp. Họ nói ưu đãi chỉ áp dụng tại chỗ và không cho mang tài liệu về hỏi bác sĩ. Please check now.",SCAM,HEALTH_PRODUCT,MEDIUM,Dụ người cao tuổi mua sản phẩm sức khỏe/đa cấp bằng cam kết chữa bệnh hoặc lợi nhuận.,hội thảo miễn phí; thuốc chữa bệnh; đặt cọc; lợi nhuận,Không mua thuốc/sản phẩm sức khỏe không rõ nguồn. Hỏi bác sĩ hoặc người thân trước.,health_anxiety; false_promise; social_proof,financial_loss; health_risk,elderly,STANDARD,CODE_SWITCHING,self_created_long_context_based_on_public_warning_taxonomy,self-created,true,no_pii,train,https://baochinhphu.vn/nhan-dien-24-hinh-thuc-lua-dao-truc-tuyen-cung-nhieu-hinh-thuc-dan-du-khac-nhau-102230703162727607.htm,CALL_SUMMARY,Detailed synthetic Vietnamese context; no real PII; not copied from articles/posts.
SELF_000081,SELF_JOB_SCAM_0010,"Doan tin nhan bat dau bang loi hoi tham suc khoe cua me, sau do nguoi gui moi me lam cong tac vien online tai nha, moi ngay nhan tien ngay. Trong cac tin tiep theo, ho bao me chuyen tien mua don hang ao roi se hoan lai ca goc lan thuong. Quan ly nhom lien tuc nhac me lam nhanh de khong mat suat.",SCAM,JOB_SCAM,MEDIUM,"Lừa tuyển cộng tác viên/việc nhẹ lương cao, yêu cầu nạp tiền hoặc làm nhiệm vụ.",việc nhẹ lương cao; nạp tiền; nhiệm vụ; hoàn tiền,Không đóng phí để nhận việc. Kiểm tra thông tin công ty và hợp đồng rõ ràng.,financial_pressure; false_promise; gamification,financial_loss,elderly,CENTRAL,NO_DIACRITICS,self_created_long_context_based_on_public_warning_taxonomy,self-created,true,no_pii,test,https://baochinhphu.vn/nhan-dien-24-hinh-thuc-lua-dao-truc-tuyen-cung-nhieu-hinh-thuc-dan-du-khac-nhau-102230703162727607.htm,MESSAGE_THREAD,Detailed synthetic Vietnamese context; no real PII; not copied from articles/posts.
SELF_000082,SELF_PHISHING_LINK_0009,"Bác kể lại rằng có người gọi điện trong lúc ở nhà một mình. Người này giả danh cổng dịch vụ công, báo hồ sơ trợ cấp của bác còn thiếu thông tin, nói chuyện rất tự tin và dùng nhiều từ ngữ giống cơ quan chính thức. Tiếp theo họ hướng dẫn bác tải một ứng dụng ngoài kho chính thức. Tin nhắn ghi hồ sơ sẽ hết hạn sau 30 phút nếu không xác minh.",SCAM,PHISHING_LINK,HIGH,Dụ bấm link lạ để đăng nhập/cập nhật thông tin và đánh cắp dữ liệu.,<LINK>; bấm link; cập nhật thông tin; đăng nhập,Không bấm link lạ. Mở ứng dụng chính thức hoặc gõ trực tiếp địa chỉ website chính thức.,technical_confusion; urgency; false_promise,credential_theft; privacy_leak; malware_install,elderly,NORTH,NONE,self_created_long_context_based_on_public_warning_taxonomy,self-created,true,no_pii,test,https://tiengchuong.chinhphu.vn/bo-cong-an-canh-bao-24-thu-doan-lua-dao-tren-khong-gian-mang-113230711094917091.htm,CALL_SUMMARY,Detailed synthetic Vietnamese context; no real PII; not copied from articles/posts.
SELF_000083,SELF_FAKE_SUPPORT_0005,"Chú kể lại rằng có người gọi điện trong lúc ở nhà một mình. Người này giả danh nhân viên ví điện tử, nói cần hỗ trợ kiểm tra giao dịch, nói chuyện rất tự tin và dùng nhiều từ ngữ giống cơ quan chính thức. Tiếp theo họ bảo chú bật chia sẻ màn hình và đọc mã trong ứng dụng ngân hàng. Người gọi dùng nhiều thuật ngữ kỹ thuật khiến chú khó phản ứng.",SCAM,FAKE_SUPPORT,HIGH,Giả danh nhân viên hỗ trợ kỹ thuật/dịch vụ công để yêu cầu cài app hoặc cấp quyền.,cài ứng dụng; chia sẻ màn hình; cấp quyền; hỗ trợ kỹ thuật,Không cài app lạ hoặc chia sẻ màn hình cho người không xác minh được danh tính.,technical_confusion; authority_impersonation,credential_theft; malware_install; privacy_leak,elderly,NORTH,NONE,self_created_long_context_based_on_public_warning_taxonomy,self-created,true,no_pii,train,https://tiengchuong.chinhphu.vn/bo-cong-an-canh-bao-24-thu-doan-lua-dao-tren-khong-gian-mang-113230711094917091.htm,CALL_SUMMARY,Detailed synthetic Vietnamese context; no real PII; not copied from articles/posts.
SELF_000084,SELF_EMERGENCY_MONEY_0005,"Đoạn tin nhắn bắt đầu bằng lời hỏi thăm sức khỏe của cô, sau đó người gửi gửi ảnh chụp bệnh viện mờ và nói đang cần đóng viện phí gấp. Trong các tin tiếp theo, họ xin cô chuyển gấp 5 triệu vào <BANK_ACCOUNT>. Họ dùng cảm xúc lo sợ của gia đình để ép cô quyết định nhanh.",SCAM,EMERGENCY_MONEY,HIGH,Giả danh người thân hoặc dùng tình huống khẩn cấp để yêu cầu chuyển tiền.,đang cấp cứu; chuyển gấp; đừng gọi lại; cần tiền ngay,Không chuyển tiền vội. Gọi trực tiếp cho người thân qua số quen thuộc hoặc hỏi người trong gia đình.,trust_abuse; urgency; secrecy; fear,financial_loss,elderly,NORTH,NONE,self_created_long_context_based_on_public_warning_taxonomy,self-created,true,no_pii,train,https://baochinhphu.vn/nhan-dien-24-hinh-thuc-lua-dao-truc-tuyen-cung-nhieu-hinh-thuc-dan-du-khac-nhau-102230703162727607.htm,MESSAGE_THREAD,Detailed synthetic Vietnamese context; no real PII; not copied from articles/posts.
SELF_000085,SELF_PHISHING_LINK_0010,"Chú kể lại rằng có người gọi điện trong lúc ở nhà một mình. Người này gửi thông báo hoàn tiền điện/nước và yêu cầu xác nhận qua đường dẫn, nói chuyện rất tự tin và dùng nhiều từ ngữ giống cơ quan chính thức. Tiếp theo họ hướng dẫn chú tải một ứng dụng ngoài kho chính thức. Nội dung trình bày có logo giống tổ chức thật nên dễ gây nhầm lẫn.",SCAM,PHISHING_LINK,HIGH,Dụ bấm link lạ để đăng nhập/cập nhật thông tin và đánh cắp dữ liệu.,<LINK>; bấm link; cập nhật thông tin; đăng nhập,Không bấm link lạ. Mở ứng dụng chính thức hoặc gõ trực tiếp địa chỉ website chính thức.,technical_confusion; urgency; false_promise,credential_theft; privacy_leak; malware_install,elderly,STANDARD,OBFUSCATION,self_created_long_context_based_on_public_warning_taxonomy,self-created,true,no_pii,valid,https://tiengchuong.chinhphu.vn/bo-cong-an-canh-bao-24-thu-doan-lua-dao-tren-khong-gian-mang-113230711094917091.htm,CALL_SUMMARY,Detailed synthetic Vietnamese context; no real PII; not copied from articles/posts.
SELF_000086,SELF_JOB_SCAM_0011,"Đoạn tin nhắn bắt đầu bằng lời hỏi thăm sức khỏe của chú, sau đó người gửi giả danh sàn thương mại điện tử tuyển người xử lý đơn hàng. Trong các tin tiếp theo, họ yêu cầu chú nạp trước 300 nghìn để nhận nhiệm vụ đầu tiên. Sau đó số tiền nhiệm vụ tăng nhanh và không cho rút nếu chưa nạp thêm.",SCAM,JOB_SCAM,MEDIUM,"Lừa tuyển cộng tác viên/việc nhẹ lương cao, yêu cầu nạp tiền hoặc làm nhiệm vụ.",việc nhẹ lương cao; nạp tiền; nhiệm vụ; hoàn tiền,Không đóng phí để nhận việc. Kiểm tra thông tin công ty và hợp đồng rõ ràng.,financial_pressure; false_promise; gamification,financial_loss,elderly,STANDARD,NONE,self_created_long_context_based_on_public_warning_taxonomy,self-created,true,no_pii,test,https://baochinhphu.vn/nhan-dien-24-hinh-thuc-lua-dao-truc-tuyen-cung-nhieu-hinh-thuc-dan-du-khac-nhau-102230703162727607.htm,MESSAGE_THREAD,Detailed synthetic Vietnamese context; no real PII; not copied from articles/posts.
SELF_000087,SELF_DEEPFAKE_CALL_0008,"Bác kể lại rằng có người gọi điện trong lúc ở nhà một mình. Người này giọng nói trong cuộc gọi nghe giống con của bác, nói đang gặp việc gấp, nói chuyện rất tự tin và dùng nhiều từ ngữ giống cơ quan chính thức. Tiếp theo họ yêu cầu bác giữ bí mật vì sợ gia đình lo lắng. Toàn bộ cuộc gọi rất ngắn, chủ yếu tạo cảm giác cấp bách.",SCAM,DEEPFAKE_CALL,HIGH,Dùng cuộc gọi video/giọng nói giống người quen để yêu cầu tiền hoặc thông tin.,video mờ; giọng giống người thân; chuyển gấp; không gọi lại,Gọi lại bằng số quen thuộc hoặc hỏi câu riêng tư để xác minh. Không chuyển tiền trong lúc cuộc gọi chưa rõ.,trust_abuse; urgency; technical_deception,financial_loss,elderly,STANDARD,ABBREVIATION,self_created_long_context_based_on_public_warning_taxonomy,self-created,true,no_pii,train,https://baochinhphu.vn/nhan-dien-24-hinh-thuc-lua-dao-truc-tuyen-cung-nhieu-hinh-thuc-dan-du-khac-nhau-102230703162727607.htm,CALL_SUMMARY,Detailed synthetic Vietnamese context; no real PII; not copied from articles/posts.
SELF_000088,SELF_INVESTMENT_0006,"Bác kể lại rằng có người gọi điện trong lúc ở nhà một mình. Người này giới thiệu app đầu tư mới, chỉ cần nạp thử số nhỏ là có lãi ngay, nói chuyện rất tự tin và dùng nhiều từ ngữ giống cơ quan chính thức. Tiếp theo họ yêu cầu bác nạp 3 triệu để kích hoạt account VIP. Nhóm chat có nhiều tài khoản phụ hối thúc bác vào lệnh ngay.",SCAM,INVESTMENT,HIGH,"Hứa lợi nhuận cao bất thường, cam kết không rủi ro và yêu cầu nạp tiền.",lợi nhuận cao; cam kết lãi; nạp tiền; chuyên gia hỗ trợ,Không nạp tiền vào sàn/nhóm đầu tư không rõ pháp lý. Hỏi người thân hoặc chuyên gia tài chính.,greed; false_promise; social_proof,financial_loss,elderly,STANDARD,CODE_SWITCHING,self_created_long_context_based_on_public_warning_taxonomy,self-created,true,no_pii,train,https://baochinhphu.vn/nhan-dien-24-hinh-thuc-lua-dao-truc-tuyen-cung-nhieu-hinh-thuc-dan-du-khac-nhau-102230703162727607.htm,CALL_SUMMARY,Detailed synthetic Vietnamese context; no real PII; not copied from articles/posts.
SELF_000089,SELF_TRAVEL_COMBO_0006,"Đoạn tin nhắn bắt đầu bằng lời hỏi thăm sức khỏe của chú, sau đó người gửi người tư vấn nói khách sạn đang khuyến mãi nội bộ nên không công khai lâu. Trong các tin tiếp theo, họ gửi số tài khoản cá nhân và hối chú chụp biên lai. Khi hỏi hợp đồng, họ chỉ gửi ảnh voucher không có xác nhận chính thức.",SCAM,TRAVEL_COMBO,MEDIUM,"Rao combo du lịch/khách sạn giá rẻ bất thường, yêu cầu đặt cọc nhanh.",combo giá rẻ; đặt cọc; giữ chỗ; chuyển khoản,"Không đặt cọc qua tài khoản cá nhân. Kiểm tra fanpage, website, giấy phép và đánh giá thật.",false_promise; scarcity; urgency,financial_loss,elderly,NORTH,NONE,self_created_long_context_based_on_public_warning_taxonomy,self-created,true,no_pii,train,https://baochinhphu.vn/nhan-dien-24-hinh-thuc-lua-dao-truc-tuyen-cung-nhieu-hinh-thuc-dan-du-khac-nhau-102230703162727607.htm,MESSAGE_THREAD,Detailed synthetic Vietnamese context; no real PII; not copied from articles/posts.
SELF_000090,SELF_LOAN_SCAM_0005,Một bài cảnh báo trên mạng xã hội tóm tắt sự việc: người lạ quảng cáo hỗ trợ người cao tuổi vay tiêu dùng lãi thấp. Nội dung sau đó chuyển sang yêu cầu bắt chú nộp thêm tiền vì nhập sai số tài khoản nhận vay. Họ nói nếu không đóng phí ngay thì khoản vay sẽ bị hủy. Bài viết khuyên người đọc nên xác minh với người thân trước khi làm theo.,SCAM,LOAN_SCAM,HIGH,"Lừa vay tiền nhanh, yêu cầu phí trước hoặc thu thập giấy tờ cá nhân.",duyệt vay; phí hồ sơ; phí bảo hiểm; giải ngân; CCCD,Không gửi giấy tờ cá nhân hoặc đóng phí trước cho dịch vụ vay không rõ nguồn.,financial_pressure; urgency; false_promise,financial_loss; identity_theft,elderly,NORTH,NONE,self_created_long_context_based_on_public_warning_taxonomy,self-created,true,no_pii,valid,https://tiengchuong.chinhphu.vn/bo-cong-an-canh-bao-24-thu-doan-lua-dao-tren-khong-gian-mang-113230711094917091.htm,SOCIAL_WARNING,Detailed synthetic Vietnamese context; no real PII; not copied from articles/posts.
SELF_000091,SELF_PHISHING_LINK_0011,"Một bài cảnh báo trên mạng xã hội tóm tắt sự việc: người lạ nói tài khoản mạng xã hội của má bị báo cáo vi phạm nên phải xác minh. Nội dung sau đó chuyển sang yêu cầu bảo má nhập số điện thoại, căn cước và mã xác nhận trên trang lạ. Nội dung trình bày có logo giống tổ chức thật nên dễ gây nhầm lẫn. Bài viết khuyên người đọc nên xác minh với người thân trước khi làm theo.",SCAM,PHISHING_LINK,HIGH,Dụ bấm link lạ để đăng nhập/cập nhật thông tin và đánh cắp dữ liệu.,<LINK>; bấm link; cập nhật thông tin; đăng nhập,Không bấm link lạ. Mở ứng dụng chính thức hoặc gõ trực tiếp địa chỉ website chính thức.,technical_confusion; urgency; false_promise,credential_theft; privacy_leak; malware_install,elderly,SOUTH,NONE,self_created_long_context_based_on_public_warning_taxonomy,self-created,true,no_pii,valid,https://tiengchuong.chinhphu.vn/bo-cong-an-canh-bao-24-thu-doan-lua-dao-tren-khong-gian-mang-113230711094917091.htm,SOCIAL_WARNING,Detailed synthetic Vietnamese context; no real PII; not copied from articles/posts.
SELF_000092,SELF_DEEPFAKE_CALL_0009,"Chú kể lại rằng có người gọi điện trong lúc ở nhà một mình. Người này giọng nói trong cuộc gọi nghe giống con của chú, nói đang gặp việc gấp, nói chuyện rất tự tin và dùng nhiều từ ngữ giống cơ quan chính thức. Tiếp theo họ bảo chú không gọi lại vì đang ở nơi đông người và sắp hết pin. Toàn bộ cuộc gọi rất ngắn, chủ yếu tạo cảm giác cấp bách.",SCAM,DEEPFAKE_CALL,HIGH,Dùng cuộc gọi video/giọng nói giống người quen để yêu cầu tiền hoặc thông tin.,video mờ; giọng giống người thân; chuyển gấp; không gọi lại,Gọi lại bằng số quen thuộc hoặc hỏi câu riêng tư để xác minh. Không chuyển tiền trong lúc cuộc gọi chưa rõ.,trust_abuse; urgency; technical_deception,financial_loss,elderly,NORTH,NONE,self_created_long_context_based_on_public_warning_taxonomy,self-created,true,no_pii,train,https://baochinhphu.vn/nhan-dien-24-hinh-thuc-lua-dao-truc-tuyen-cung-nhieu-hinh-thuc-dan-du-khac-nhau-102230703162727607.htm,CALL_SUMMARY,Detailed synthetic Vietnamese context; no real PII; not copied from articles/posts.
SELF_000093,SELF_FAKE_POLICE_0007,"Đoạn tin nhắn bắt đầu bằng lời hỏi thăm sức khỏe của bác, sau đó người gửi tự xưng là cán bộ công an đang điều tra đường dây rửa tiền. Trong các tin tiếp theo, họ yêu cầu bác đọc thông tin thẻ ngân hàng và mã xác nhận để kiểm tra. Người gọi giữ máy nhiều giờ, không cho bác có thời gian hỏi ai khác. Please check now.",SCAM,FAKE_POLICE,HIGH,Giả danh công an/viện kiểm sát/tòa án để đe dọa và yêu cầu chuyển tiền.,công an; viện kiểm sát; vụ án; chuyển tiền; không được nói với ai,Không chuyển tiền. Cúp máy và liên hệ công an địa phương hoặc người thân để xác minh.,authority_impersonation; fear; secrecy; urgency,financial_loss; psychological_pressure,elderly,NORTH,CODE_SWITCHING,self_created_long_context_based_on_public_warning_taxonomy,self-created,true,no_pii,train,https://congly.vn/canh-giac-thu-doan-gia-danh-can-bo-de-lua-dao-nguoi-cao-tuoi-523282.html,MESSAGE_THREAD,Detailed synthetic Vietnamese context; no real PII; not copied from articles/posts.
SELF_000094,SELF_FAKE_SUPPORT_0006,"Đoạn tin nhắn bắt đầu bằng lời hỏi thăm sức khỏe của bác, sau đó người gửi giả làm tổng đài nhà mạng, thông báo SIM của bác cần chuẩn hóa. Trong các tin tiếp theo, họ yêu cầu bác cài ứng dụng điều khiển từ xa để nhân viên thao tác hộ. Họ trấn an rằng đây là thủ tục bình thường của hệ thống.",SCAM,FAKE_SUPPORT,HIGH,Giả danh nhân viên hỗ trợ kỹ thuật/dịch vụ công để yêu cầu cài app hoặc cấp quyền.,cài ứng dụng; chia sẻ màn hình; cấp quyền; hỗ trợ kỹ thuật,Không cài app lạ hoặc chia sẻ màn hình cho người không xác minh được danh tính.,technical_confusion; authority_impersonation,credential_theft; malware_install; privacy_leak,elderly,NORTH,NONE,self_created_long_context_based_on_public_warning_taxonomy,self-created,true,no_pii,train,https://tiengchuong.chinhphu.vn/bo-cong-an-canh-bao-24-thu-doan-lua-dao-tren-khong-gian-mang-113230711094917091.htm,MESSAGE_THREAD,Detailed synthetic Vietnamese context; no real PII; not copied from articles/posts.
SELF_000095,SELF_PHISHING_LINK_0012,"Một bài cảnh báo trên mạng xã hội tóm tắt sự việc: người lạ gửi thông báo hoàn tiền điện/nước và yêu cầu xác nhận qua đường dẫn. Nội dung sau đó chuyển sang yêu cầu bảo cô nhập số điện thoại, căn cước và mã xác nhận trên trang lạ. Họ nhấn mạnh đây là bước bắt buộc để tránh khóa tài khoản. Bài viết khuyên người đọc nên xác minh với người thân trước khi làm theo.",SCAM,PHISHING_LINK,HIGH,Dụ bấm link lạ để đăng nhập/cập nhật thông tin và đánh cắp dữ liệu.,<LINK>; bấm link; cập nhật thông tin; đăng nhập,Không bấm link lạ. Mở ứng dụng chính thức hoặc gõ trực tiếp địa chỉ website chính thức.,technical_confusion; urgency; false_promise,credential_theft; privacy_leak; malware_install,elderly,NORTH,NONE,self_created_long_context_based_on_public_warning_taxonomy,self-created,true,no_pii,valid,https://tiengchuong.chinhphu.vn/bo-cong-an-canh-bao-24-thu-doan-lua-dao-tren-khong-gian-mang-113230711094917091.htm,SOCIAL_WARNING,Detailed synthetic Vietnamese context; no real PII; not copied from articles/posts.
SELF_000096,SELF_ROMANCE_SCAM_0006,"Bài chia sẻ mô tả một trường hợp người cao tuổi nhận được cuộc gọi lạ: người gọi một người quen qua mạng nói rất quan tâm bác và thường xuyên hỏi thăm sức khỏe. Sau đó họ yêu cầu bác giữ bí mật vì sợ gia đình hiểu lầm. Khi bác do dự, họ tỏ ra buồn bã và trách bác không tin mình. Gia đình nghi ngờ đây là tình huống lừa đảo vì nội dung tạo áp lực và yêu cầu hành động liên quan đến tiền hoặc thông tin nhạy cảm.",SCAM,ROMANCE_SCAM,MEDIUM,"Lợi dụng tình cảm/lòng tin để xin tiền, quà hoặc thông tin cá nhân.",quen qua mạng; gửi quà; phí hải quan; cần tiền gấp,Không chuyển tiền cho người quen qua mạng chưa gặp ngoài đời. Hỏi người thân trước khi quyết định.,trust_abuse; emotional_manipulation; false_promise,financial_loss; psychological_pressure,elderly,STANDARD,NONE,self_created_long_context_based_on_public_warning_taxonomy,self-created,true,no_pii,test,https://baochinhphu.vn/nhan-dien-24-hinh-thuc-lua-dao-truc-tuyen-cung-nhieu-hinh-thuc-dan-du-khac-nhau-102230703162727607.htm,ARTICLE_SHARE,Detailed synthetic Vietnamese context; no real PII; not copied from articles/posts.
SELF_000097,SELF_JOB_SCAM_0012,"Một bài cảnh báo trên mạng xã hội tóm tắt sự việc: người lạ mời bác làm cộng tác viên online tại nhà, mỗi ngày nhận tiền ngay. Nội dung sau đó chuyển sang yêu cầu bảo bác chuyển tiền mua đơn hàng ảo rồi sẽ hoàn lại cả gốc lẫn thưởng. Quản lý nhóm liên tục nhắc bác làm nhanh để không mất suất. Bài viết khuyên người đọc nên xác minh với người thân trước khi làm theo.",SCAM,JOB_SCAM,MEDIUM,"Lừa tuyển cộng tác viên/việc nhẹ lương cao, yêu cầu nạp tiền hoặc làm nhiệm vụ.",việc nhẹ lương cao; nạp tiền; nhiệm vụ; hoàn tiền,Không đóng phí để nhận việc. Kiểm tra thông tin công ty và hợp đồng rõ ràng.,financial_pressure; false_promise; gamification,financial_loss,elderly,NORTH,NONE,self_created_long_context_based_on_public_warning_taxonomy,self-created,true,no_pii,test,https://baochinhphu.vn/nhan-dien-24-hinh-thuc-lua-dao-truc-tuyen-cung-nhieu-hinh-thuc-dan-du-khac-nhau-102230703162727607.htm,SOCIAL_WARNING,Detailed synthetic Vietnamese context; no real PII; not copied from articles/posts.
SELF_000098,SELF_JOB_SCAM_0013,Bài chia sẻ mô tả một trường hợp người cao tuổi nhận được cuộc gọi lạ: người gọi giả danh sàn thương mại điện tử tuyển người xử lý đơn hàng. Sau đó họ đề nghị o tăng số tiền nhiệm vụ để được rút hoa hồng. Ban đầu họ cho nhận vài chục nghìn để tạo lòng tin. Gia đình nghi ngờ đây là tình huống lừa đảo vì nội dung tạo áp lực và yêu cầu hành động liên quan đến tiền hoặc thông tin nhạy cảm.,SCAM,JOB_SCAM,MEDIUM,"Lừa tuyển cộng tác viên/việc nhẹ lương cao, yêu cầu nạp tiền hoặc làm nhiệm vụ.",việc nhẹ lương cao; nạp tiền; nhiệm vụ; hoàn tiền,Không đóng phí để nhận việc. Kiểm tra thông tin công ty và hợp đồng rõ ràng.,financial_pressure; false_promise; gamification,financial_loss,elderly,CENTRAL,NONE,self_created_long_context_based_on_public_warning_taxonomy,self-created,true,no_pii,test,https://baochinhphu.vn/nhan-dien-24-hinh-thuc-lua-dao-truc-tuyen-cung-nhieu-hinh-thuc-dan-du-khac-nhau-102230703162727607.htm,ARTICLE_SHARE,Detailed synthetic Vietnamese context; no real PII; not copied from articles/posts.
SELF_000099,SELF_OTP_BANK_0006,"Bai chia se mo ta mot truong hop nguoi cao tuoi nhan duoc cuoc goi la: nguoi goi gui tin nhan giong brandname ngan hang, yeu cau cap nhat ho so trong ngay. Sau do ho huong dan bac dang nhap vao <LINK> roi nhap ma xac nhan. Nguoi goi lien tuc nhac bac khong tat may vi quy trinh chi con vai phut. Gia dinh nghi ngo day la tinh huong lua dao vi noi dung tao ap luc va yeu cau hanh dong lien quan den tien hoac thong tin nhay cam.",SCAM,OTP_BANK,HIGH,Yêu cầu cung cấp OTP/mã xác nhận hoặc thông tin ngân hàng cho người lạ.,mã OTP; mã xác nhận; tài khoản ngân hàng; xác minh ngay,"Không cung cấp OTP, mật khẩu hoặc mã xác nhận. Gọi trực tiếp tổng đài chính thức của ngân hàng.",urgency; technical_confusion; authority_impersonation,credential_theft; financial_loss,elderly,CENTRAL,NO_DIACRITICS,self_created_long_context_based_on_public_warning_taxonomy,self-created,true,no_pii,train,https://tiengchuong.chinhphu.vn/bo-cong-an-canh-bao-24-thu-doan-lua-dao-tren-khong-gian-mang-113230711094917091.htm,ARTICLE_SHARE,Detailed synthetic Vietnamese context; no real PII; not copied from articles/posts.
SELF_000100,SELF_PHISHING_LINK_0013,Một bài cảnh báo trên mạng xã hội tóm tắt sự việc: người lạ gửi tin nhắn báo đơn hàng giao không thành công và cần cập nhật địa chỉ. Nội dung sau đó chuyển sang yêu cầu đề nghị chú nhập thông tin thẻ để nhận khoản hoàn tiền. Họ nhấn mạnh đây là bước bắt buộc để tránh khóa tài khoản. Bài viết khuyên người đọc nên xác minh với người thân trước khi làm theo.,SCAM,PHISHING_LINK,HIGH,Dụ bấm link lạ để đăng nhập/cập nhật thông tin và đánh cắp dữ liệu.,<LINK>; bấm link; cập nhật thông tin; đăng nhập,Không bấm link lạ. Mở ứng dụng chính thức hoặc gõ trực tiếp địa chỉ website chính thức.,technical_confusion; urgency; false_promise,credential_theft; privacy_leak; malware_install,elderly,NORTH,NONE,self_created_long_context_based_on_public_warning_taxonomy,self-created,true,no_pii,valid,https://tiengchuong.chinhphu.vn/bo-cong-an-canh-bao-24-thu-doan-lua-dao-tren-khong-gian-mang-113230711094917091.htm,SOCIAL_WARNING,Detailed synthetic Vietnamese context; no real PII; not copied from articles/posts.
SELF_000101,SELF_FAKE_SUPPORT_0007,"Đoạn tin nhắn bắt đầu bằng lời hỏi thăm sức khỏe của bác, sau đó người gửi giả danh nhân viên ví điện tử, nói cần hỗ trợ kiểm tra giao dịch. Trong các tin tiếp theo, họ yêu cầu bác cài ứng dụng điều khiển từ xa để nhân viên thao tác hộ. Họ nói nếu không làm trong ngày, hồ sơ sẽ bị treo hoặc SIM bị khóa.",SCAM,FAKE_SUPPORT,HIGH,Giả danh nhân viên hỗ trợ kỹ thuật/dịch vụ công để yêu cầu cài app hoặc cấp quyền.,cài ứng dụng; chia sẻ màn hình; cấp quyền; hỗ trợ kỹ thuật,Không cài app lạ hoặc chia sẻ màn hình cho người không xác minh được danh tính.,technical_confusion; authority_impersonation,credential_theft; malware_install; privacy_leak,elderly,STANDARD,NONE,self_created_long_context_based_on_public_warning_taxonomy,self-created,true,no_pii,train,https://tiengchuong.chinhphu.vn/bo-cong-an-canh-bao-24-thu-doan-lua-dao-tren-khong-gian-mang-113230711094917091.htm,MESSAGE_THREAD,Detailed synthetic Vietnamese context; no real PII; not copied from articles/posts.
SELF_000102,SELF_PRIZE_GIFT_0009,Bài chia sẻ mô tả một trường hợp người cao tuổi nhận được cuộc gọi lạ: người gọi nói mệ được chọn nhận tiền hỗ trợ trong chương trình khuyến mãi. Sau đó họ yêu cầu đóng thuế/quỹ hồ sơ trước khi trao thưởng. Người nhắn liên tục chúc mừng để tạo cảm giác đã trúng thật. Gia đình nghi ngờ đây là tình huống lừa đảo vì nội dung tạo áp lực và yêu cầu hành động liên quan đến tiền hoặc thông tin nhạy cảm.,SCAM,PRIZE_GIFT,HIGH,Lấy lý do trúng thưởng/nhận quà để yêu cầu đóng phí hoặc cung cấp thông tin.,trúng thưởng; nhận quà; phí vận chuyển; thông tin cá nhân,Không chuyển phí nhận thưởng. Kiểm tra chương trình trên kênh chính thức.,greed; false_promise; urgency,financial_loss; privacy_leak,elderly,CENTRAL,NONE,self_created_long_context_based_on_public_warning_taxonomy,self-created,true,no_pii,valid,https://baochinhphu.vn/nhan-dien-24-hinh-thuc-lua-dao-truc-tuyen-cung-nhieu-hinh-thuc-dan-du-khac-nhau-102230703162727607.htm,ARTICLE_SHARE,Detailed synthetic Vietnamese context; no real PII; not copied from articles/posts.
SELF_000103,SELF_FAKE_SUPPORT_0008,"Bài chia sẻ mô tả một trường hợp người cao tuổi nhận được cuộc gọi lạ: người gọi giả danh nhân viên ví điện tử, nói cần hỗ trợ kiểm tra giao dịch. Sau đó họ đề nghị bác cấp quyền truy cập danh bạ, tin nhắn và thông báo. Họ nói nếu không làm trong ngày, hồ sơ sẽ bị treo hoặc SIM bị khóa. Gia đình nghi ngờ đây là tình huống lừa đảo vì nội dung tạo áp lực và yêu cầu hành động liên quan đến tiền hoặc thông tin nhạy cảm.",SCAM,FAKE_SUPPORT,HIGH,Giả danh nhân viên hỗ trợ kỹ thuật/dịch vụ công để yêu cầu cài app hoặc cấp quyền.,cài ứng dụng; chia sẻ màn hình; cấp quyền; hỗ trợ kỹ thuật,Không cài app lạ hoặc chia sẻ màn hình cho người không xác minh được danh tính.,technical_confusion; authority_impersonation,credential_theft; malware_install; privacy_leak,elderly,CENTRAL,NONE,self_created_long_context_based_on_public_warning_taxonomy,self-created,true,no_pii,train,https://tiengchuong.chinhphu.vn/bo-cong-an-canh-bao-24-thu-doan-lua-dao-tren-khong-gian-mang-113230711094917091.htm,ARTICLE_SHARE,Detailed synthetic Vietnamese context; no real PII; not copied from articles/posts.
SELF_000104,SELF_PRIZE_GIFT_0010,"Đoạn tin nhắn bắt đầu bằng lời hỏi thăm sức khỏe của cô, sau đó người gửi nói cô được chọn nhận tiền hỗ trợ trong chương trình khuyến mãi. Trong các tin tiếp theo, họ đưa <LINK> để cô điền thông tin nhận quà. Họ dặn cô chuyển phí nhỏ trước để nhận món quà lớn.",SCAM,PRIZE_GIFT,HIGH,Lấy lý do trúng thưởng/nhận quà để yêu cầu đóng phí hoặc cung cấp thông tin.,trúng thưởng; nhận quà; phí vận chuyển; thông tin cá nhân,Không chuyển phí nhận thưởng. Kiểm tra chương trình trên kênh chính thức.,greed; false_promise; urgency,financial_loss; privacy_leak,elderly,STANDARD,OBFUSCATION,self_created_long_context_based_on_public_warning_taxonomy,self-created,true,no_pii,train,https://baochinhphu.vn/nhan-dien-24-hinh-thuc-lua-dao-truc-tuyen-cung-nhieu-hinh-thuc-dan-du-khac-nhau-102230703162727607.htm,MESSAGE_THREAD,Detailed synthetic Vietnamese context; no real PII; not copied from articles/posts.
SELF_000105,SELF_HEALTH_PRODUCT_0011,"Co ke lai rang co nguoi goi dien trong luc o nha mot minh. Nguoi nay nguoi tu van noi san pham co the cai thien nhieu benh man tinh, noi chuyen rat tu tin va dung nhieu tu ngu giong co quan chinh thuc. Tiep theo ho xin thong tin ca nhan va so dien thoai nguoi quen de tu van tiep. Nhan vien vay quanh tu van khien co kho tu choi.",SCAM,HEALTH_PRODUCT,MEDIUM,Dụ người cao tuổi mua sản phẩm sức khỏe/đa cấp bằng cam kết chữa bệnh hoặc lợi nhuận.,hội thảo miễn phí; thuốc chữa bệnh; đặt cọc; lợi nhuận,Không mua thuốc/sản phẩm sức khỏe không rõ nguồn. Hỏi bác sĩ hoặc người thân trước.,health_anxiety; false_promise; social_proof,financial_loss; health_risk,elderly,STANDARD,TYPO,self_created_long_context_based_on_public_warning_taxonomy,self-created,true,no_pii,train,https://baochinhphu.vn/nhan-dien-24-hinh-thuc-lua-dao-truc-tuyen-cung-nhieu-hinh-thuc-dan-du-khac-nhau-102230703162727607.htm,CALL_SUMMARY,Detailed synthetic Vietnamese context; no real PII; not copied from articles/posts.
SELF_000106,SELF_PRIZE_GIFT_0011,"Ba kể lại rằng có người gọi điện trong lúc ở nhà một mình. Người này nói ba được chọn nhận tiền hỗ trợ trong chương trình khuyến mãi, nói chuyện rất tự tin và dùng nhiều từ ngữ giống cơ quan chính thức. Tiếp theo họ bảo ba gửi căn cước, địa chỉ nhà và số tài khoản để nhận thưởng. Người nhắn liên tục chúc mừng để tạo cảm giác đã trúng thật.",SCAM,PRIZE_GIFT,HIGH,Lấy lý do trúng thưởng/nhận quà để yêu cầu đóng phí hoặc cung cấp thông tin.,trúng thưởng; nhận quà; phí vận chuyển; thông tin cá nhân,Không chuyển phí nhận thưởng. Kiểm tra chương trình trên kênh chính thức.,greed; false_promise; urgency,financial_loss; privacy_leak,elderly,SOUTH,NONE,self_created_long_context_based_on_public_warning_taxonomy,self-created,true,no_pii,train,https://baochinhphu.vn/nhan-dien-24-hinh-thuc-lua-dao-truc-tuyen-cung-nhieu-hinh-thuc-dan-du-khac-nhau-102230703162727607.htm,CALL_SUMMARY,Detailed synthetic Vietnamese context; no real PII; not copied from articles/posts.
SELF_000107,SELF_EMERGENCY_MONEY_0006,Một bài cảnh báo trên mạng xã hội tóm tắt sự việc: người lạ gửi ảnh chụp bệnh viện mờ và nói đang cần đóng viện phí gấp. Nội dung sau đó chuyển sang yêu cầu yêu cầu mệ gửi tiền qua ví điện tử để xử lý trước khi người nhà biết. Họ dùng cảm xúc lo sợ của gia đình để ép mệ quyết định nhanh. Bài viết khuyên người đọc nên xác minh với người thân trước khi làm theo.,SCAM,EMERGENCY_MONEY,HIGH,Giả danh người thân hoặc dùng tình huống khẩn cấp để yêu cầu chuyển tiền.,đang cấp cứu; chuyển gấp; đừng gọi lại; cần tiền ngay,Không chuyển tiền vội. Gọi trực tiếp cho người thân qua số quen thuộc hoặc hỏi người trong gia đình.,trust_abuse; urgency; secrecy; fear,financial_loss,elderly,CENTRAL,NONE,self_created_long_context_based_on_public_warning_taxonomy,self-created,true,no_pii,train,https://baochinhphu.vn/nhan-dien-24-hinh-thuc-lua-dao-truc-tuyen-cung-nhieu-hinh-thuc-dan-du-khac-nhau-102230703162727607.htm,SOCIAL_WARNING,Detailed synthetic Vietnamese context; no real PII; not copied from articles/posts.
SELF_000108,SELF_EMERGENCY_MONEY_0007,"Một bài cảnh báo trên mạng xã hội tóm tắt sự việc: người lạ nhắn như con/cháu trong nhà, nói điện thoại bị hỏng nên phải dùng số lạ. Nội dung sau đó chuyển sang yêu cầu bảo bác chuyển 10 triệu ngay và đừng gọi lại vì đang làm việc với bác sĩ. Họ dùng cảm xúc lo sợ của gia đình để ép bác quyết định nhanh. Bài viết khuyên người đọc nên xác minh với người thân trước khi làm theo.",SCAM,EMERGENCY_MONEY,HIGH,Giả danh người thân hoặc dùng tình huống khẩn cấp để yêu cầu chuyển tiền.,đang cấp cứu; chuyển gấp; đừng gọi lại; cần tiền ngay,Không chuyển tiền vội. Gọi trực tiếp cho người thân qua số quen thuộc hoặc hỏi người trong gia đình.,trust_abuse; urgency; secrecy; fear,financial_loss,elderly,NORTH,NONE,self_created_long_context_based_on_public_warning_taxonomy,self-created,true,no_pii,train,https://baochinhphu.vn/nhan-dien-24-hinh-thuc-lua-dao-truc-tuyen-cung-nhieu-hinh-thuc-dan-du-khac-nhau-102230703162727607.htm,SOCIAL_WARNING,Detailed synthetic Vietnamese context; no real PII; not copied from articles/posts.
SELF_000109,SELF_FAKE_SUPPORT_0009,"Một bài cảnh báo trên mạng xã hội tóm tắt sự việc: người lạ giả danh nhân viên ví điện tử, nói cần hỗ trợ kiểm tra giao dịch. Nội dung sau đó chuyển sang yêu cầu yêu cầu cô cài ứng dụng điều khiển từ xa để nhân viên thao tác hộ. Họ nói nếu không làm trong ngày, hồ sơ sẽ bị treo hoặc SIM bị khóa. Bài viết khuyên người đọc nên xác minh với người thân trước khi làm theo.",SCAM,FAKE_SUPPORT,HIGH,Giả danh nhân viên hỗ trợ kỹ thuật/dịch vụ công để yêu cầu cài app hoặc cấp quyền.,cài ứng dụng; chia sẻ màn hình; cấp quyền; hỗ trợ kỹ thuật,Không cài app lạ hoặc chia sẻ màn hình cho người không xác minh được danh tính.,technical_confusion; authority_impersonation,credential_theft; malware_install; privacy_leak,elderly,STANDARD,NONE,self_created_long_context_based_on_public_warning_taxonomy,self-created,true,no_pii,train,https://tiengchuong.chinhphu.vn/bo-cong-an-canh-bao-24-thu-doan-lua-dao-tren-khong-gian-mang-113230711094917091.htm,SOCIAL_WARNING,Detailed synthetic Vietnamese context; no real PII; not copied from articles/posts.
SELF_000110,SELF_PHISHING_LINK_0014,Bai chia se mo ta mot truong hop nguoi cao tuoi nhan duoc cuoc goi la: nguoi goi noi tai khoan mang xa hoi cua bac bi bao cao vi pham nen phai xac minh. Sau do ho huong dan bac tai mot ung dung ngoai kho chinh thuc. Tin nhan ghi ho so se het han sau 30 phut neu khong xac minh. Gia dinh nghi ngo day la tinh huong lua dao vi noi dung tao ap luc va yeu cau hanh dong lien quan den tien hoac thong tin nhay cam.,SCAM,PHISHING_LINK,HIGH,Dụ bấm link lạ để đăng nhập/cập nhật thông tin và đánh cắp dữ liệu.,<LINK>; bấm link; cập nhật thông tin; đăng nhập,Không bấm link lạ. Mở ứng dụng chính thức hoặc gõ trực tiếp địa chỉ website chính thức.,technical_confusion; urgency; false_promise,credential_theft; privacy_leak; malware_install,elderly,CENTRAL,NO_DIACRITICS,self_created_long_context_based_on_public_warning_taxonomy,self-created,true,no_pii,valid,https://tiengchuong.chinhphu.vn/bo-cong-an-canh-bao-24-thu-doan-lua-dao-tren-khong-gian-mang-113230711094917091.htm,ARTICLE_SHARE,Detailed synthetic Vietnamese context; no real PII; not copied from articles/posts.
SELF_000111,SELF_PRIZE_GIFT_0012,"Bài chia sẻ mô tả một trường hợp người cao tuổi nhận được cuộc gọi lạ: người gọi gửi ảnh phiếu trúng thưởng xe máy và nói chỉ cần hoàn tất hồ sơ. Sau đó họ bảo mệ gửi căn cước, địa chỉ nhà và số tài khoản để nhận thưởng. Họ dặn mệ chuyển phí nhỏ trước để nhận món quà lớn. Gia đình nghi ngờ đây là tình huống lừa đảo vì nội dung tạo áp lực và yêu cầu hành động liên quan đến tiền hoặc thông tin nhạy cảm.",SCAM,PRIZE_GIFT,HIGH,Lấy lý do trúng thưởng/nhận quà để yêu cầu đóng phí hoặc cung cấp thông tin.,trúng thưởng; nhận quà; phí vận chuyển; thông tin cá nhân,Không chuyển phí nhận thưởng. Kiểm tra chương trình trên kênh chính thức.,greed; false_promise; urgency,financial_loss; privacy_leak,elderly,CENTRAL,NONE,self_created_long_context_based_on_public_warning_taxonomy,self-created,true,no_pii,valid,https://baochinhphu.vn/nhan-dien-24-hinh-thuc-lua-dao-truc-tuyen-cung-nhieu-hinh-thuc-dan-du-khac-nhau-102230703162727607.htm,ARTICLE_SHARE,Detailed synthetic Vietnamese context; no real PII; not copied from articles/posts.
SELF_000112,SELF_FAKE_POLICE_0008,"Đoạn tin nhắn bắt đầu bằng lời hỏi thăm sức khỏe của cô, sau đó người gửi nói số căn cước của cô bị dùng để mở tài khoản phạm pháp. Trong các tin tiếp theo, họ bắt cô cài ứng dụng lạ để khai báo tài sản và số dư ngân hàng. Người gọi giữ máy nhiều giờ, không cho cô có thời gian hỏi ai khác.",SCAM,FAKE_POLICE,HIGH,Giả danh công an/viện kiểm sát/tòa án để đe dọa và yêu cầu chuyển tiền.,công an; viện kiểm sát; vụ án; chuyển tiền; không được nói với ai,Không chuyển tiền. Cúp máy và liên hệ công an địa phương hoặc người thân để xác minh.,authority_impersonation; fear; secrecy; urgency,financial_loss; psychological_pressure,elderly,STANDARD,NONE,self_created_long_context_based_on_public_warning_taxonomy,self-created,true,no_pii,train,https://congly.vn/canh-giac-thu-doan-gia-danh-can-bo-de-lua-dao-nguoi-cao-tuoi-523282.html,MESSAGE_THREAD,Detailed synthetic Vietnamese context; no real PII; not copied from articles/posts.
SELF_000113,SELF_ROMANCE_SCAM_0007,"Một bài cảnh báo trên mạng xã hội tóm tắt sự việc: người lạ họ nhắn tin nhiều tuần, gọi o bằng lời thân mật để tạo lòng tin. Nội dung sau đó chuyển sang yêu cầu yêu cầu o giữ bí mật vì sợ gia đình hiểu lầm. Khi o do dự, họ tỏ ra buồn bã và trách o ko tin mình. Bài viết khuyên người đọc nên xm với người thân trước khi làm theo.",SCAM,ROMANCE_SCAM,MEDIUM,"Lợi dụng tình cảm/lòng tin để xin tiền, quà hoặc thông tin cá nhân.",quen qua mạng; gửi quà; phí hải quan; cần tiền gấp,Không chuyển tiền cho người quen qua mạng chưa gặp ngoài đời. Hỏi người thân trước khi quyết định.,trust_abuse; emotional_manipulation; false_promise,financial_loss; psychological_pressure,elderly,CENTRAL,ABBREVIATION,self_created_long_context_based_on_public_warning_taxonomy,self-created,true,no_pii,test,https://baochinhphu.vn/nhan-dien-24-hinh-thuc-lua-dao-truc-tuyen-cung-nhieu-hinh-thuc-dan-du-khac-nhau-102230703162727607.htm,SOCIAL_WARNING,Detailed synthetic Vietnamese context; no real PII; not copied from articles/posts.
SELF_000114,SELF_INVESTMENT_0007,"Đoạn tin nhắn bắt đầu bằng lời hỏi thăm sức khỏe của cô, sau đó người gửi giới thiệu app đầu tư mới, chỉ cần nạp thử số nhỏ là có lãi ngay. Trong các tin tiếp theo, họ bảo cô chuyển tiền vào <BANK_ACCOUNT> rồi chờ chuyên gia xử lý. Họ cam kết lợi nhuận 20-30% mỗi tuần, nghe rất bất thường.",SCAM,INVESTMENT,HIGH,"Hứa lợi nhuận cao bất thường, cam kết không rủi ro và yêu cầu nạp tiền.",lợi nhuận cao; cam kết lãi; nạp tiền; chuyên gia hỗ trợ,Không nạp tiền vào sàn/nhóm đầu tư không rõ pháp lý. Hỏi người thân hoặc chuyên gia tài chính.,greed; false_promise; social_proof,financial_loss,elderly,SOUTH,NONE,self_created_long_context_based_on_public_warning_taxonomy,self-created,true,no_pii,train,https://baochinhphu.vn/nhan-dien-24-hinh-thuc-lua-dao-truc-tuyen-cung-nhieu-hinh-thuc-dan-du-khac-nhau-102230703162727607.htm,MESSAGE_THREAD,Detailed synthetic Vietnamese context; no real PII; not copied from articles/posts.
SELF_000115,SELF_DEEPFAKE_CALL_0010,"Bác kể lại rằng có người gọi điện trong lúc ở nhà một mình. Người này cuộc gọi video hiện khuôn mặt giống cháu của bác nhưng hình ảnh bị giật và rất mờ, nói chuyện rất tự tin và dùng nhiều từ ngữ giống cơ quan chính thức. Tiếp theo họ đề nghị bác gửi mã xác nhận để lấy lại tài khoản cho người thân. Họ dùng hình ảnh/giọng nói giống người quen để đánh vào niềm tin.",SCAM,DEEPFAKE_CALL,HIGH,Dùng cuộc gọi video/giọng nói giống người quen để yêu cầu tiền hoặc thông tin.,video mờ; giọng giống người thân; chuyển gấp; không gọi lại,Gọi lại bằng số quen thuộc hoặc hỏi câu riêng tư để xác minh. Không chuyển tiền trong lúc cuộc gọi chưa rõ.,trust_abuse; urgency; technical_deception,financial_loss,elderly,CENTRAL,NONE,self_created_long_context_based_on_public_warning_taxonomy,self-created,true,no_pii,train,https://baochinhphu.vn/nhan-dien-24-hinh-thuc-lua-dao-truc-tuyen-cung-nhieu-hinh-thuc-dan-du-khac-nhau-102230703162727607.htm,CALL_SUMMARY,Detailed synthetic Vietnamese context; no real PII; not copied from articles/posts.
SELF_000116,SELF_DEEPFAKE_CALL_0011,"Bài chia sẻ mô tả một trường hợp người cao tuổi nhận được cuộc gọi lạ: người gọi giọng nói trong cuộc gọi nghe giống con của chú, nói đang gặp việc gấp. Sau đó họ yêu cầu chú giữ bí mật vì sợ gia đình lo lắng. Họ dùng hình ảnh/giọng nói giống người quen để đánh vào niềm tin. Gia đình nghi ngờ đây là tình huống lừa đảo vì nội dung tạo áp lực và yêu cầu hành động liên quan đến tiền hoặc thông tin nhạy cảm.",SCAM,DEEPFAKE_CALL,HIGH,Dùng cuộc gọi video/giọng nói giống người quen để yêu cầu tiền hoặc thông tin.,video mờ; giọng giống người thân; chuyển gấp; không gọi lại,Gọi lại bằng số quen thuộc hoặc hỏi câu riêng tư để xác minh. Không chuyển tiền trong lúc cuộc gọi chưa rõ.,trust_abuse; urgency; technical_deception,financial_loss,elderly,STANDARD,NONE,self_created_long_context_based_on_public_warning_taxonomy,self-created,true,no_pii,train,https://baochinhphu.vn/nhan-dien-24-hinh-thuc-lua-dao-truc-tuyen-cung-nhieu-hinh-thuc-dan-du-khac-nhau-102230703162727607.htm,ARTICLE_SHARE,Detailed synthetic Vietnamese context; no real PII; not copied from articles/posts.
SELF_000117,SELF_INVESTMENT_0008,"Bac ke lai rang co nguoi goi dien trong luc o nha mot minh. Nguoi nay moi bac tham gia nhom dau tu noi bo co chuyen gia doc lenh, noi chuyen rat tu tin va dung nhieu tu ngu giong co quan chinh thuc. Tiep theo ho yeu cau bac nap 3 trieu de kich hoat tai khoang VIP. Khi bac muon rut tien, ho yeu cau dong them phi xac mih.",SCAM,INVESTMENT,HIGH,"Hứa lợi nhuận cao bất thường, cam kết không rủi ro và yêu cầu nạp tiền.",lợi nhuận cao; cam kết lãi; nạp tiền; chuyên gia hỗ trợ,Không nạp tiền vào sàn/nhóm đầu tư không rõ pháp lý. Hỏi người thân hoặc chuyên gia tài chính.,greed; false_promise; social_proof,financial_loss,elderly,STANDARD,TYPO,self_created_long_context_based_on_public_warning_taxonomy,self-created,true,no_pii,train,https://baochinhphu.vn/nhan-dien-24-hinh-thuc-lua-dao-truc-tuyen-cung-nhieu-hinh-thuc-dan-du-khac-nhau-102230703162727607.htm,CALL_SUMMARY,Detailed synthetic Vietnamese context; no real PII; not copied from articles/posts.
SELF_000118,SELF_INVESTMENT_0009,"Mệ kể lại rằng có người gọi điện trong lúc ở nhà một mình. Người này nói người cao tuổi có tiền nhàn rỗi nên gửi vào gói lợi nhuận ổn định, nói chuyện rất tự tin và dùng nhiều từ ngữ giống cơ quan chính thức. Tiếp theo họ hướng dẫn mệ tải app ngoài và gửi ảnh chuyển khoản cho nhóm. Nhóm chat có nhiều tài khoản phụ hối thúc mệ vào lệnh ngay.",SCAM,INVESTMENT,HIGH,"Hứa lợi nhuận cao bất thường, cam kết không rủi ro và yêu cầu nạp tiền.",lợi nhuận cao; cam kết lãi; nạp tiền; chuyên gia hỗ trợ,Không nạp tiền vào sàn/nhóm đầu tư không rõ pháp lý. Hỏi người thân hoặc chuyên gia tài chính.,greed; false_promise; social_proof,financial_loss,elderly,CENTRAL,NONE,self_created_long_context_based_on_public_warning_taxonomy,self-created,true,no_pii,valid,https://baochinhphu.vn/nhan-dien-24-hinh-thuc-lua-dao-truc-tuyen-cung-nhieu-hinh-thuc-dan-du-khac-nhau-102230703162727607.htm,CALL_SUMMARY,Detailed synthetic Vietnamese context; no real PII; not copied from articles/posts.
SELF_000119,SELF_PRIZE_GIFT_0013,"Cô kể lại rằng có người gọi điện trong lúc ở nhà một mình. Người này giả danh siêu thị hoặc hãng điện thoại tặng quà cho người lớn tuổi, nói chuyện rất tự tin và dùng nhiều từ ngữ giống cơ quan chính thức. Tiếp theo họ yêu cầu đóng thuế/quỹ hồ sơ trước khi trao thưởng. Họ dặn cô chuyển phí nhỏ trước để nhận món quà lớn.",SCAM,PRIZE_GIFT,HIGH,Lấy lý do trúng thưởng/nhận quà để yêu cầu đóng phí hoặc cung cấp thông tin.,trúng thưởng; nhận quà; phí vận chuyển; thông tin cá nhân,Không chuyển phí nhận thưởng. Kiểm tra chương trình trên kênh chính thức.,greed; false_promise; urgency,financial_loss; privacy_leak,elderly,NORTH,NONE,self_created_long_context_based_on_public_warning_taxonomy,self-created,true,no_pii,valid,https://baochinhphu.vn/nhan-dien-24-hinh-thuc-lua-dao-truc-tuyen-cung-nhieu-hinh-thuc-dan-du-khac-nhau-102230703162727607.htm,CALL_SUMMARY,Detailed synthetic Vietnamese context; no real PII; not copied from articles/posts.
SELF_000120,SELF_INVESTMENT_0010,"Doan tin nhan bat dau bang loi hoi tham suc khoe cua co, sau do nguoi gui moi co tham gia nhom dau tu noi bo co chuyen gia doc lenh. Trong cac tin tiep theo, ho bao co chuyen tien vao <BANK_ACCOUNT> roi cho chuyen gia xu ly. Khi co muon rut tien, ho yeu cau dong them phi xac minh.",SCAM,INVESTMENT,HIGH,"Hứa lợi nhuận cao bất thường, cam kết không rủi ro và yêu cầu nạp tiền.",lợi nhuận cao; cam kết lãi; nạp tiền; chuyên gia hỗ trợ,Không nạp tiền vào sàn/nhóm đầu tư không rõ pháp lý. Hỏi người thân hoặc chuyên gia tài chính.,greed; false_promise; social_proof,financial_loss,elderly,SOUTH,NO_DIACRITICS,self_created_long_context_based_on_public_warning_taxonomy,self-created,true,no_pii,train,https://baochinhphu.vn/nhan-dien-24-hinh-thuc-lua-dao-truc-tuyen-cung-nhieu-hinh-thuc-dan-du-khac-nhau-102230703162727607.htm,MESSAGE_THREAD,Detailed synthetic Vietnamese context; no real PII; not copied from articles/posts.
SELF_000121,SELF_PRIZE_GIFT_0014,"Đoạn tin nhắn bắt đầu bằng lời hỏi thăm sức khỏe của bác, sau đó người gửi nói bác được chọn nhận tiền hỗ trợ trong chương trình khuyến mãi. Trong các tin tiếp theo, họ bảo bác gửi căn cước, địa chỉ nhà và số tài khoản để nhận thưởng. Họ dặn bác chuyển phí nhỏ trước để nhận món quà lớn.",SCAM,PRIZE_GIFT,HIGH,Lấy lý do trúng thưởng/nhận quà để yêu cầu đóng phí hoặc cung cấp thông tin.,trúng thưởng; nhận quà; phí vận chuyển; thông tin cá nhân,Không chuyển phí nhận thưởng. Kiểm tra chương trình trên kênh chính thức.,greed; false_promise; urgency,financial_loss; privacy_leak,elderly,STANDARD,NONE,self_created_long_context_based_on_public_warning_taxonomy,self-created,true,no_pii,valid,https://baochinhphu.vn/nhan-dien-24-hinh-thuc-lua-dao-truc-tuyen-cung-nhieu-hinh-thuc-dan-du-khac-nhau-102230703162727607.htm,MESSAGE_THREAD,Detailed synthetic Vietnamese context; no real PII; not copied from articles/posts.
SELF_000122,SELF_INVESTMENT_0011,"Một bài cảnh báo trên mạng xã hội tóm tắt sự việc: người lạ nói người cao tuổi có tiền nhàn rỗi nên gửi vào gói lợi nhuận ổn định. Nội dung sau đó chuyển sang yêu cầu yêu cầu bác nạp 3 triệu để kích hoạt tài khoản VIP. Khi bác muốn rút tiền, họ yêu cầu đóng thêm phí xác minh. Bài viết khuyên người đọc nên xác minh với người thân trước khi làm theo.",SCAM,INVESTMENT,HIGH,"Hứa lợi nhuận cao bất thường, cam kết không rủi ro và yêu cầu nạp tiền.",lợi nhuận cao; cam kết lãi; nạp tiền; chuyên gia hỗ trợ,Không nạp tiền vào sàn/nhóm đầu tư không rõ pháp lý. Hỏi người thân hoặc chuyên gia tài chính.,greed; false_promise; social_proof,financial_loss,elderly,STANDARD,NONE,self_created_long_context_based_on_public_warning_taxonomy,self-created,true,no_pii,train,https://baochinhphu.vn/nhan-dien-24-hinh-thuc-lua-dao-truc-tuyen-cung-nhieu-hinh-thuc-dan-du-khac-nhau-102230703162727607.htm,SOCIAL_WARNING,Detailed synthetic Vietnamese context; no real PII; not copied from articles/posts.
SELF_000123,SELF_FAKE_POLICE_0009,"Chu ke lai rang co nguoi goi dien trong luc o nha mot minh. Nguoi nay tu xung la can bo cong an dang dieu tra duong day rua tien, noi chuyen rat tu tin va dung nhieu tu ngu giong co quan chinh thuc. Tiep theo ho yeu cau chu doc thong tin the ngan hang va ma xac nhan de kiem tra. Ho doa neu chu ke voi con chau thi se bi xu ly vi lam lo bi mat dieu tra.",SCAM,FAKE_POLICE,HIGH,Giả danh công an/viện kiểm sát/tòa án để đe dọa và yêu cầu chuyển tiền.,công an; viện kiểm sát; vụ án; chuyển tiền; không được nói với ai,Không chuyển tiền. Cúp máy và liên hệ công an địa phương hoặc người thân để xác minh.,authority_impersonation; fear; secrecy; urgency,financial_loss; psychological_pressure,elderly,STANDARD,NO_DIACRITICS,self_created_long_context_based_on_public_warning_taxonomy,self-created,true,no_pii,train,https://congly.vn/canh-giac-thu-doan-gia-danh-can-bo-de-lua-dao-nguoi-cao-tuoi-523282.html,CALL_SUMMARY,Detailed synthetic Vietnamese context; no real PII; not copied from articles/posts.
SELF_000124,SELF_JOB_SCAM_0014,"Chú kể lại rằng có người gọi điện trong lúc ở nhà một mình. Người này giả danh sàn thương mại điện tử tuyển người xử lý đơn hàng, nói chuyện rất tự tin và dùng nhiều từ ngữ giống cơ quan chính thức. Tiếp theo họ yêu cầu chú nạp trước 300 nghìn để nhận nhiệm vụ đầu tiên. Quản lý nhóm liên tục nhắc chú làm nhanh để ko mất suất.",SCAM,JOB_SCAM,MEDIUM,"Lừa tuyển cộng tác viên/việc nhẹ lương cao, yêu cầu nạp tiền hoặc làm nhiệm vụ.",việc nhẹ lương cao; nạp tiền; nhiệm vụ; hoàn tiền,Không đóng phí để nhận việc. Kiểm tra thông tin công ty và hợp đồng rõ ràng.,financial_pressure; false_promise; gamification,financial_loss,elderly,SOUTH,ABBREVIATION,self_created_long_context_based_on_public_warning_taxonomy,self-created,true,no_pii,test,https://baochinhphu.vn/nhan-dien-24-hinh-thuc-lua-dao-truc-tuyen-cung-nhieu-hinh-thuc-dan-du-khac-nhau-102230703162727607.htm,CALL_SUMMARY,Detailed synthetic Vietnamese context; no real PII; not copied from articles/posts.
SELF_000125,SELF_EMERGENCY_MONEY_0008,"Chú kể lại rằng có người gọi điện trong lúc ở nhà một mình. Người này nhắn như con/cháu trong nhà, nói điện thoại bị hỏng nên phải dùng số lạ, nói chuyện rất tự tin và dùng nhiều từ ngữ giống cơ quan chính thức. Tiếp theo họ bảo chú chuyển 10 triệu ngay và đừng gọi lại vì đang làm việc với bác sĩ. Tin nhắn thúc liên tục, mỗi vài phút lại hỏi đã chuyển chưa.",SCAM,EMERGENCY_MONEY,HIGH,Giả danh người thân hoặc dùng tình huống khẩn cấp để yêu cầu chuyển tiền.,đang cấp cứu; chuyển gấp; đừng gọi lại; cần tiền ngay,Không chuyển tiền vội. Gọi trực tiếp cho người thân qua số quen thuộc hoặc hỏi người trong gia đình.,trust_abuse; urgency; secrecy; fear,financial_loss,elderly,STANDARD,OBFUSCATION,self_created_long_context_based_on_public_warning_taxonomy,self-created,true,no_pii,train,https://baochinhphu.vn/nhan-dien-24-hinh-thuc-lua-dao-truc-tuyen-cung-nhieu-hinh-thuc-dan-du-khac-nhau-102230703162727607.htm,CALL_SUMMARY,Detailed synthetic Vietnamese context; no real PII; not copied from articles/posts.
SELF_000126,SELF_OTP_BANK_0007,"Đoạn tin nhắn bắt đầu bằng lời hỏi thăm sức khỏe của cô, sau đó người gửi tự xưng là nhân viên ngân hàng và nói hệ thống đang nâng cấp bảo mật cho khách hàng lớn tuổi. Trong các tin tiếp theo, họ nói cô phải gửi ảnh màn hình tin nhắn ngân hàng để kiểm tra. Họ nói đây là cuộc gọi bảo mật nên không được hỏi người thân.",SCAM,OTP_BANK,HIGH,Yêu cầu cung cấp OTP/mã xác nhận hoặc thông tin ngân hàng cho người lạ.,mã OTP; mã xác nhận; tài khoản ngân hàng; xác minh ngay,"Không cung cấp OTP, mật khẩu hoặc mã xác nhận. Gọi trực tiếp tổng đài chính thức của ngân hàng.",urgency; technical_confusion; authority_impersonation,credential_theft; financial_loss,elderly,STANDARD,NONE,self_created_long_context_based_on_public_warning_taxonomy,self-created,true,no_pii,train,https://tiengchuong.chinhphu.vn/bo-cong-an-canh-bao-24-thu-doan-lua-dao-tren-khong-gian-mang-113230711094917091.htm,MESSAGE_THREAD,Detailed synthetic Vietnamese context; no real PII; not copied from articles/posts.
SELF_000127,SELF_JOB_SCAM_0015,"Doan tin nhan bat dau bang loi hoi tham suc khoe cua ba, sau do nguoi gui gui bang luong hap dan, noi nguoi lon tuoi cung lam duoc de dang. Trong cac tin tiep theo, ho yeu cau ba gui thong tin ca nhan de kich hoat tai khoang cong tac vien. Ban dau ho cho nhan vai chuc nghin de tao long tin.",SCAM,JOB_SCAM,MEDIUM,"Lừa tuyển cộng tác viên/việc nhẹ lương cao, yêu cầu nạp tiền hoặc làm nhiệm vụ.",việc nhẹ lương cao; nạp tiền; nhiệm vụ; hoàn tiền,Không đóng phí để nhận việc. Kiểm tra thông tin công ty và hợp đồng rõ ràng.,financial_pressure; false_promise; gamification,financial_loss,elderly,SOUTH,TYPO,self_created_long_context_based_on_public_warning_taxonomy,self-created,true,no_pii,test,https://baochinhphu.vn/nhan-dien-24-hinh-thuc-lua-dao-truc-tuyen-cung-nhieu-hinh-thuc-dan-du-khac-nhau-102230703162727607.htm,MESSAGE_THREAD,Detailed synthetic Vietnamese context; no real PII; not copied from articles/posts.
SELF_000128,SELF_OTP_BANK_0008,Bài chia sẻ mô tả một trường hợp người cao tuổi nhận được cuộc gọi lạ: người gọi nói tk vừa phát sinh giao dịch bất thường nên cần kiểm tra khẩn cấp. Sau đó họ yêu cầu bác đọc mã OTP vừa nhận được để hoàn tất xm. Người gọi liên tục nhắc bác ko tắt máy vì quy trình chỉ còn vài phút. Gia đình nghi ngờ đây là tình huống lừa đảo vì nội dung tạo áp lực và yêu cầu hành động liên quan đến tiền hoặc thông tin nhạy cảm.,SCAM,OTP_BANK,HIGH,Yêu cầu cung cấp OTP/mã xác nhận hoặc thông tin ngân hàng cho người lạ.,mã OTP; mã xác nhận; tài khoản ngân hàng; xác minh ngay,"Không cung cấp OTP, mật khẩu hoặc mã xác nhận. Gọi trực tiếp tổng đài chính thức của ngân hàng.",urgency; technical_confusion; authority_impersonation,credential_theft; financial_loss,elderly,STANDARD,ABBREVIATION,self_created_long_context_based_on_public_warning_taxonomy,self-created,true,no_pii,train,https://tiengchuong.chinhphu.vn/bo-cong-an-canh-bao-24-thu-doan-lua-dao-tren-khong-gian-mang-113230711094917091.htm,ARTICLE_SHARE,Detailed synthetic Vietnamese context; no real PII; not copied from articles/posts.
SELF_000129,SELF_EMERGENCY_MONEY_0009,"Đoạn tin nhắn bắt đầu bằng lời hỏi thăm sức khỏe của chú, sau đó người gửi nói vừa gây tai nạn ngoài đường, cần tiền bồi thường ngay để được về. Trong các tin tiếp theo, họ yêu cầu chú gửi tiền qua ví điện tử để xử lý trước khi người nhà biết. Tin nhắn thúc liên tục, mỗi vài phút lại hỏi đã chuyển chưa.",SCAM,EMERGENCY_MONEY,HIGH,Giả danh người thân hoặc dùng tình huống khẩn cấp để yêu cầu chuyển tiền.,đang cấp cứu; chuyển gấp; đừng gọi lại; cần tiền ngay,Không chuyển tiền vội. Gọi trực tiếp cho người thân qua số quen thuộc hoặc hỏi người trong gia đình.,trust_abuse; urgency; secrecy; fear,financial_loss,elderly,SOUTH,NONE,self_created_long_context_based_on_public_warning_taxonomy,self-created,true,no_pii,train,https://baochinhphu.vn/nhan-dien-24-hinh-thuc-lua-dao-truc-tuyen-cung-nhieu-hinh-thuc-dan-du-khac-nhau-102230703162727607.htm,MESSAGE_THREAD,Detailed synthetic Vietnamese context; no real PII; not copied from articles/posts.
SELF_000130,SELF_LOAN_SCAM_0006,"Đoạn tin nhắn bắt đầu bằng lời hỏi thăm sức khỏe của chú, sau đó người gửi nói chú được duyệt vay nhanh không cần gặp mặt. Trong các tin tiếp theo, họ bảo chú gửi ảnh căn cước, sổ hộ khẩu và số tài khoản. Nhân viên giả liên tục gọi thúc và dùng lời lẽ rất chuyên nghiệp.",SCAM,LOAN_SCAM,HIGH,"Lừa vay tiền nhanh, yêu cầu phí trước hoặc thu thập giấy tờ cá nhân.",duyệt vay; phí hồ sơ; phí bảo hiểm; giải ngân; CCCD,Không gửi giấy tờ cá nhân hoặc đóng phí trước cho dịch vụ vay không rõ nguồn.,financial_pressure; urgency; false_promise,financial_loss; identity_theft,elderly,STANDARD,NONE,self_created_long_context_based_on_public_warning_taxonomy,self-created,true,no_pii,valid,https://tiengchuong.chinhphu.vn/bo-cong-an-canh-bao-24-thu-doan-lua-dao-tren-khong-gian-mang-113230711094917091.htm,MESSAGE_THREAD,Detailed synthetic Vietnamese context; no real PII; not copied from articles/posts.
SELF_000131,SELF_OTP_BANK_0009,"Mot bai canh bao tren mang xa hoi tom tat su viec: nguoi la gui tin nhan giong brandname ngan hang, yeu cau cap nhat ho so trong ngay. Noi dung sau do chuyen sang yeu cau yeu cau o doc ma OTP vua nhan duoc de hoan tat xac minh. Nguoi goi lien tuc nhac o khong tat may vi quy trinh chi con vai phut. Bai viet khuyen nguoi doc nen xac minh voi nguoi than truoc khi lam theo.",SCAM,OTP_BANK,HIGH,Yêu cầu cung cấp OTP/mã xác nhận hoặc thông tin ngân hàng cho người lạ.,mã OTP; mã xác nhận; tài khoản ngân hàng; xác minh ngay,"Không cung cấp OTP, mật khẩu hoặc mã xác nhận. Gọi trực tiếp tổng đài chính thức của ngân hàng.",urgency; technical_confusion; authority_impersonation,credential_theft; financial_loss,elderly,CENTRAL,NO_DIACRITICS,self_created_long_context_based_on_public_warning_taxonomy,self-created,true,no_pii,train,https://tiengchuong.chinhphu.vn/bo-cong-an-canh-bao-24-thu-doan-lua-dao-tren-khong-gian-mang-113230711094917091.htm,SOCIAL_WARNING,Detailed synthetic Vietnamese context; no real PII; not copied from articles/posts.
SELF_000132,SELF_PHISHING_LINK_0015,"Bài chia sẻ mô tả một trường hợp người cao tuổi nhận được cuộc gọi lạ: người gọi gửi thông báo hoàn tiền điện/nước và yêu cầu xác nhận qua đường dẫn. Sau đó họ bảo o nhập số điện thoại, căn cước và mã xác nhận trên trang lạ. Tin nhắn ghi hồ sơ sẽ hết hạn sau 30 phút nếu ko xm. Gia đình nghi ngờ đây là tình huống lừa đảo vì nội dung tạo áp lực và yêu cầu hành động liên quan đến tiền hoặc thông tin nhạy cảm.",SCAM,PHISHING_LINK,HIGH,Dụ bấm link lạ để đăng nhập/cập nhật thông tin và đánh cắp dữ liệu.,<LINK>; bấm link; cập nhật thông tin; đăng nhập,Không bấm link lạ. Mở ứng dụng chính thức hoặc gõ trực tiếp địa chỉ website chính thức.,technical_confusion; urgency; false_promise,credential_theft; privacy_leak; malware_install,elderly,CENTRAL,ABBREVIATION,self_created_long_context_based_on_public_warning_taxonomy,self-created,true,no_pii,test,https://tiengchuong.chinhphu.vn/bo-cong-an-canh-bao-24-thu-doan-lua-dao-tren-khong-gian-mang-113230711094917091.htm,ARTICLE_SHARE,Detailed synthetic Vietnamese context; no real PII; not copied from articles/posts.
SELF_000133,SELF_TRAVEL_COMBO_0007,"Me ke lai rang co nguoi goi dien trong luc o nha mot minh. Nguoi nay ho gui anh phong dep va danh gia ao de me tin la chuong trinh that, noi chuyen rat tu tin va dung nhieu tu ngu giong co quan chinh thuc. Tiep theo ho de nghi thanh toan toan bo de duoc giam them. Khi hoi hop dong, ho chi gui anh voucher khong co xac nhan chinh thuc.",SCAM,TRAVEL_COMBO,MEDIUM,"Rao combo du lịch/khách sạn giá rẻ bất thường, yêu cầu đặt cọc nhanh.",combo giá rẻ; đặt cọc; giữ chỗ; chuyển khoản,"Không đặt cọc qua tài khoản cá nhân. Kiểm tra fanpage, website, giấy phép và đánh giá thật.",false_promise; scarcity; urgency,financial_loss,elderly,CENTRAL,NO_DIACRITICS,self_created_long_context_based_on_public_warning_taxonomy,self-created,true,no_pii,train,https://baochinhphu.vn/nhan-dien-24-hinh-thuc-lua-dao-truc-tuyen-cung-nhieu-hinh-thuc-dan-du-khac-nhau-102230703162727607.htm,CALL_SUMMARY,Detailed synthetic Vietnamese context; no real PII; not copied from articles/posts.
SELF_000134,SELF_JOB_SCAM_0016,"Bác kể lại rằng có người gọi điện trong lúc ở nhà một mình. Người này giả danh sàn thương mại điện tử tuyển người xử lý đơn hàng, nói chuyện rất tự tin và dùng nhiều từ ngữ giống cơ quan chính thức. Tiếp theo họ yêu cầu bác gửi thông tin cá nhân để kích hoạt tài khoản cộng tác viên. Ban đầu họ cho nhận vài chục nghìn để tạo lòng tin.",SCAM,JOB_SCAM,MEDIUM,"Lừa tuyển cộng tác viên/việc nhẹ lương cao, yêu cầu nạp tiền hoặc làm nhiệm vụ.",việc nhẹ lương cao; nạp tiền; nhiệm vụ; hoàn tiền,Không đóng phí để nhận việc. Kiểm tra thông tin công ty và hợp đồng rõ ràng.,financial_pressure; false_promise; gamification,financial_loss,elderly,STANDARD,NONE,self_created_long_context_based_on_public_warning_taxonomy,self-created,true,no_pii,test,https://baochinhphu.vn/nhan-dien-24-hinh-thuc-lua-dao-truc-tuyen-cung-nhieu-hinh-thuc-dan-du-khac-nhau-102230703162727607.htm,CALL_SUMMARY,Detailed synthetic Vietnamese context; no real PII; not copied from articles/posts.
SELF_000135,SELF_INVESTMENT_0012,"Một bài cảnh báo trên mạng xã hội tóm tắt sự việc: người lạ khoe nhiều ảnh người khác rút lãi để tạo lòng tin. Nội dung sau đó chuyển sang yêu cầu đề nghị mệ tăng vốn nếu muốn rút khoản lãi đang treo. Khi mệ muốn rút tiền, họ yêu cầu đóng thêm phí xm. Bài viết khuyên người đọc nên xm với người thân trước khi làm theo.",SCAM,INVESTMENT,HIGH,"Hứa lợi nhuận cao bất thường, cam kết không rủi ro và yêu cầu nạp tiền.",lợi nhuận cao; cam kết lãi; nạp tiền; chuyên gia hỗ trợ,Không nạp tiền vào sàn/nhóm đầu tư không rõ pháp lý. Hỏi người thân hoặc chuyên gia tài chính.,greed; false_promise; social_proof,financial_loss,elderly,CENTRAL,ABBREVIATION,self_created_long_context_based_on_public_warning_taxonomy,self-created,true,no_pii,train,https://baochinhphu.vn/nhan-dien-24-hinh-thuc-lua-dao-truc-tuyen-cung-nhieu-hinh-thuc-dan-du-khac-nhau-102230703162727607.htm,SOCIAL_WARNING,Detailed synthetic Vietnamese context; no real PII; not copied from articles/posts.
SELF_000136,SELF_LOAN_SCAM_0007,Bài chia sẻ mô tả một trường hợp người cao tuổi nhận được cuộc gọi lạ: người gọi quảng cáo hỗ trợ người cao tuổi vay tiêu dùng lãi thấp. Sau đó họ đề nghị má chuyển phí xm để sửa lỗi hồ sơ. Họ nói nếu ko đóng phí ngay thì khoản vay sẽ bị hủy. Gia đình nghi ngờ đây là tình huống lừa đảo vì nội dung tạo áp lực và yêu cầu hành động liên quan đến tiền hoặc thông tin nhạy cảm.,SCAM,LOAN_SCAM,HIGH,"Lừa vay tiền nhanh, yêu cầu phí trước hoặc thu thập giấy tờ cá nhân.",duyệt vay; phí hồ sơ; phí bảo hiểm; giải ngân; CCCD,Không gửi giấy tờ cá nhân hoặc đóng phí trước cho dịch vụ vay không rõ nguồn.,financial_pressure; urgency; false_promise,financial_loss; identity_theft,elderly,SOUTH,ABBREVIATION,self_created_long_context_based_on_public_warning_taxonomy,self-created,true,no_pii,valid,https://tiengchuong.chinhphu.vn/bo-cong-an-canh-bao-24-thu-doan-lua-dao-tren-khong-gian-mang-113230711094917091.htm,ARTICLE_SHARE,Detailed synthetic Vietnamese context; no real PII; not copied from articles/posts.
SELF_000137,SELF_DEEPFAKE_CALL_0012,"Ba kể lại rằng có người gọi điện trong lúc ở nhà một mình. Người này cuộc gọi đến từ account mạng xã hội mới tạo nhưng dùng ảnh đại diện của người thân, nói chuyện rất tự tin và dùng nhiều từ ngữ giống cơ quan chính thức. Tiếp theo họ bảo ba không gọi lại vì đang ở nơi đông người và sắp hết pin. Toàn bộ cuộc gọi rất ngắn, chủ yếu tạo cảm giác cấp bách.",SCAM,DEEPFAKE_CALL,HIGH,Dùng cuộc gọi video/giọng nói giống người quen để yêu cầu tiền hoặc thông tin.,video mờ; giọng giống người thân; chuyển gấp; không gọi lại,Gọi lại bằng số quen thuộc hoặc hỏi câu riêng tư để xác minh. Không chuyển tiền trong lúc cuộc gọi chưa rõ.,trust_abuse; urgency; technical_deception,financial_loss,elderly,SOUTH,CODE_SWITCHING,self_created_long_context_based_on_public_warning_taxonomy,self-created,true,no_pii,train,https://baochinhphu.vn/nhan-dien-24-hinh-thuc-lua-dao-truc-tuyen-cung-nhieu-hinh-thuc-dan-du-khac-nhau-102230703162727607.htm,CALL_SUMMARY,Detailed synthetic Vietnamese context; no real PII; not copied from articles/posts.
SELF_000138,SELF_ROMANCE_SCAM_0008,"Doan tin nhan bat dau bang loi hoi tham suc khoe cua chu, sau do nguoi gui nguoi do tu gioi thieu dang song o nuoc ngoai, muon gui qua ve Viet Nam. Trong cac tin tiep theo, ho gui so tai khoang la va hua se hoan lai gap doi khi ve nuoc. Khi chu do du, ho to ra buon ba va trach chu khong tin minh.",SCAM,ROMANCE_SCAM,MEDIUM,"Lợi dụng tình cảm/lòng tin để xin tiền, quà hoặc thông tin cá nhân.",quen qua mạng; gửi quà; phí hải quan; cần tiền gấp,Không chuyển tiền cho người quen qua mạng chưa gặp ngoài đời. Hỏi người thân trước khi quyết định.,trust_abuse; emotional_manipulation; false_promise,financial_loss; psychological_pressure,elderly,STANDARD,TYPO,self_created_long_context_based_on_public_warning_taxonomy,self-created,true,no_pii,test,https://baochinhphu.vn/nhan-dien-24-hinh-thuc-lua-dao-truc-tuyen-cung-nhieu-hinh-thuc-dan-du-khac-nhau-102230703162727607.htm,MESSAGE_THREAD,Detailed synthetic Vietnamese context; no real PII; not copied from articles/posts.
SELF_000139,SELF_PHISHING_LINK_0016,"Đoạn tin nhắn bắt đầu bằng lời hỏi thăm sức khỏe của cô, sau đó người gửi giả danh cổng dịch vụ công, báo hồ sơ trợ cấp của cô còn thiếu thông tin. Trong các tin tiếp theo, họ yêu cầu cô bấm vào <LINK> để đăng nhập và cập nhật thông tin. Tin nhắn ghi hồ sơ sẽ hết hạn sau 30 phút nếu không xác minh.",SCAM,PHISHING_LINK,HIGH,Dụ bấm link lạ để đăng nhập/cập nhật thông tin và đánh cắp dữ liệu.,<LINK>; bấm link; cập nhật thông tin; đăng nhập,Không bấm link lạ. Mở ứng dụng chính thức hoặc gõ trực tiếp địa chỉ website chính thức.,technical_confusion; urgency; false_promise,credential_theft; privacy_leak; malware_install,elderly,NORTH,NONE,self_created_long_context_based_on_public_warning_taxonomy,self-created,true,no_pii,test,https://tiengchuong.chinhphu.vn/bo-cong-an-canh-bao-24-thu-doan-lua-dao-tren-khong-gian-mang-113230711094917091.htm,MESSAGE_THREAD,Detailed synthetic Vietnamese context; no real PII; not copied from articles/posts.
SELF_000140,SELF_INVESTMENT_0013,"Cô kể lại rằng có người gọi điện trong lúc ở nhà một mình. Người này khoe nhiều ảnh người khác rút lãi để tạo lòng tin, nói chuyện rất tự tin và dùng nhiều từ ngữ giống cơ quan chính thức. Tiếp theo họ bảo cô chuyển tiền vào <BANK_ACCOUNT> rồi chờ chuyên gia xử lý. Họ cam kết lợi nhuận 20-30% mỗi tuần, nghe rất bất thường.",SCAM,INVESTMENT,HIGH,"Hứa lợi nhuận cao bất thường, cam kết không rủi ro và yêu cầu nạp tiền.",lợi nhuận cao; cam kết lãi; nạp tiền; chuyên gia hỗ trợ,Không nạp tiền vào sàn/nhóm đầu tư không rõ pháp lý. Hỏi người thân hoặc chuyên gia tài chính.,greed; false_promise; social_proof,financial_loss,elderly,SOUTH,NONE,self_created_long_context_based_on_public_warning_taxonomy,self-created,true,no_pii,train,https://baochinhphu.vn/nhan-dien-24-hinh-thuc-lua-dao-truc-tuyen-cung-nhieu-hinh-thuc-dan-du-khac-nhau-102230703162727607.htm,CALL_SUMMARY,Detailed synthetic Vietnamese context; no real PII; not copied from articles/posts.
SELF_000141,SELF_PHISHING_LINK_0017,Bài chia sẻ mô tả một trường hợp người cao tuổi nhận được cuộc gọi lạ: người gọi gửi thông báo hoàn tiền điện/nước và yêu cầu xác nhận qua đường dẫn. Sau đó họ yêu cầu bác bấm vào <LINK> để đăng nhập và cập nhật thông tin. Nội dung trình bày có logo giống tổ chức thật nên dễ gây nhầm lẫn. Gia đình nghi ngờ đây là tình huống lừa đảo vì nội dung tạo áp lực và yêu cầu hành động liên quan đến tiền hoặc thông tin nhạy cảm.,SCAM,PHISHING_LINK,HIGH,Dụ bấm link lạ để đăng nhập/cập nhật thông tin và đánh cắp dữ liệu.,<LINK>; bấm link; cập nhật thông tin; đăng nhập,Không bấm link lạ. Mở ứng dụng chính thức hoặc gõ trực tiếp địa chỉ website chính thức.,technical_confusion; urgency; false_promise,credential_theft; privacy_leak; malware_install,elderly,NORTH,NONE,self_created_long_context_based_on_public_warning_taxonomy,self-created,true,no_pii,test,https://tiengchuong.chinhphu.vn/bo-cong-an-canh-bao-24-thu-doan-lua-dao-tren-khong-gian-mang-113230711094917091.htm,ARTICLE_SHARE,Detailed synthetic Vietnamese context; no real PII; not copied from articles/posts.
SELF_000142,SELF_DEEPFAKE_CALL_0013,"Đoạn tin nhắn bắt đầu bằng lời hỏi thăm sức khỏe của ba, sau đó người gửi giọng nói trong cuộc gọi nghe giống con của ba, nói đang gặp việc gấp. Trong các tin tiếp theo, họ xin ba chuyển gấp tiền vào <BANK_ACCOUNT> để xử lý tai nạn. Họ dùng hình ảnh/giọng nói giống người quen để đánh vào niềm tin.",SCAM,DEEPFAKE_CALL,HIGH,Dùng cuộc gọi video/giọng nói giống người quen để yêu cầu tiền hoặc thông tin.,video mờ; giọng giống người thân; chuyển gấp; không gọi lại,Gọi lại bằng số quen thuộc hoặc hỏi câu riêng tư để xác minh. Không chuyển tiền trong lúc cuộc gọi chưa rõ.,trust_abuse; urgency; technical_deception,financial_loss,elderly,SOUTH,OBFUSCATION,self_created_long_context_based_on_public_warning_taxonomy,self-created,true,no_pii,train,https://baochinhphu.vn/nhan-dien-24-hinh-thuc-lua-dao-truc-tuyen-cung-nhieu-hinh-thuc-dan-du-khac-nhau-102230703162727607.htm,MESSAGE_THREAD,Detailed synthetic Vietnamese context; no real PII; not copied from articles/posts.
SELF_000143,SELF_DEEPFAKE_CALL_0014,"Bác kể lại rằng có người gọi điện trong lúc ở nhà một mình. Người này cuộc gọi đến từ account mạng xã hội mới tạo nhưng dùng ảnh đại diện của người thân, nói chuyện rất tự tin và dùng nhiều từ ngữ giống cơ quan chính thức. Tiếp theo họ xin bác chuyển gấp tiền vào <BANK_ACCOUNT> để xử lý tai nạn. Họ dùng hình ảnh/giọng nói giống người quen để đánh vào niềm tin.",SCAM,DEEPFAKE_CALL,HIGH,Dùng cuộc gọi video/giọng nói giống người quen để yêu cầu tiền hoặc thông tin.,video mờ; giọng giống người thân; chuyển gấp; không gọi lại,Gọi lại bằng số quen thuộc hoặc hỏi câu riêng tư để xác minh. Không chuyển tiền trong lúc cuộc gọi chưa rõ.,trust_abuse; urgency; technical_deception,financial_loss,elderly,STANDARD,CODE_SWITCHING,self_created_long_context_based_on_public_warning_taxonomy,self-created,true,no_pii,train,https://baochinhphu.vn/nhan-dien-24-hinh-thuc-lua-dao-truc-tuyen-cung-nhieu-hinh-thuc-dan-du-khac-nhau-102230703162727607.htm,CALL_SUMMARY,Detailed synthetic Vietnamese context; no real PII; not copied from articles/posts.
SELF_000144,SELF_OTP_BANK_0010,"Bài chia sẻ mô tả một trường hợp người cao tuổi nhận được cuộc gọi lạ: người gọi gửi tin nhắn giống brandname ngân hàng, yêu cầu cập nhật hồ sơ trong ngày. Sau đó họ bảo chú cung cấp dãy 6 số trong tin nhắn để mở lại tài khoản. Nếu không làm ngay, họ dọa tài khoản sẽ bị khóa và không rút được tiền. Gia đình nghi ngờ đây là tình huống lừa đảo vì nội dung tạo áp lực và yêu cầu hành động liên quan đến tiền hoặc thông tin nhạy cảm.",SCAM,OTP_BANK,HIGH,Yêu cầu cung cấp OTP/mã xác nhận hoặc thông tin ngân hàng cho người lạ.,mã OTP; mã xác nhận; tài khoản ngân hàng; xác minh ngay,"Không cung cấp OTP, mật khẩu hoặc mã xác nhận. Gọi trực tiếp tổng đài chính thức của ngân hàng.",urgency; technical_confusion; authority_impersonation,credential_theft; financial_loss,elderly,NORTH,NONE,self_created_long_context_based_on_public_warning_taxonomy,self-created,true,no_pii,train,https://tiengchuong.chinhphu.vn/bo-cong-an-canh-bao-24-thu-doan-lua-dao-tren-khong-gian-mang-113230711094917091.htm,ARTICLE_SHARE,Detailed synthetic Vietnamese context; no real PII; not copied from articles/posts.
SELF_000145,SELF_FAKE_SUPPORT_0010,"Mot bai canh bao tren mang xa hoi tom tat su viec: nguoi la noi tai khoan bao hiem/dien luc cua bac chua dong bo du lieu. Noi dung sau do chuyen sang yeu cau yeu cau bac cai ung dung dieu khien tu xa de nhan vien thao tac ho. Ho noi neu khong lam trong ngay, ho so se bi treo hoac SIM bi khoa. Bai viet khuyen nguoi doc nen xac minh voi nguoi than truoc khi lam theo.",SCAM,FAKE_SUPPORT,HIGH,Giả danh nhân viên hỗ trợ kỹ thuật/dịch vụ công để yêu cầu cài app hoặc cấp quyền.,cài ứng dụng; chia sẻ màn hình; cấp quyền; hỗ trợ kỹ thuật,Không cài app lạ hoặc chia sẻ màn hình cho người không xác minh được danh tính.,technical_confusion; authority_impersonation,credential_theft; malware_install; privacy_leak,elderly,STANDARD,NO_DIACRITICS,self_created_long_context_based_on_public_warning_taxonomy,self-created,true,no_pii,train,https://tiengchuong.chinhphu.vn/bo-cong-an-canh-bao-24-thu-doan-lua-dao-tren-khong-gian-mang-113230711094917091.htm,SOCIAL_WARNING,Detailed synthetic Vietnamese context; no real PII; not copied from articles/posts.
SELF_000146,SELF_PRIZE_GIFT_0015,Một bài cảnh báo trên mạng xã hội tóm tắt sự việc: người lạ nói chú trúng quà tri ân vì là khách hàng may mắn. Nội dung sau đó chuyển sang yêu cầu yêu cầu đóng thuế/quỹ hồ sơ trước khi trao thưởng. Họ dặn chú chuyển phí nhỏ trước để nhận món quà lớn. Bài viết khuyên người đọc nên xác minh với người thân trước khi làm theo.,SCAM,PRIZE_GIFT,HIGH,Lấy lý do trúng thưởng/nhận quà để yêu cầu đóng phí hoặc cung cấp thông tin.,trúng thưởng; nhận quà; phí vận chuyển; thông tin cá nhân,Không chuyển phí nhận thưởng. Kiểm tra chương trình trên kênh chính thức.,greed; false_promise; urgency,financial_loss; privacy_leak,elderly,SOUTH,NONE,self_created_long_context_based_on_public_warning_taxonomy,self-created,true,no_pii,valid,https://baochinhphu.vn/nhan-dien-24-hinh-thuc-lua-dao-truc-tuyen-cung-nhieu-hinh-thuc-dan-du-khac-nhau-102230703162727607.htm,SOCIAL_WARNING,Detailed synthetic Vietnamese context; no real PII; not copied from articles/posts.
SELF_000147,SELF_PRIZE_GIFT_0016,"Bài chia sẻ mô tả một trường hợp người cao tuổi nhận được cuộc gọi lạ: người gọi gửi ảnh phiếu trúng thưởng xe máy và nói chỉ cần hoàn tất hồ sơ. Sau đó họ bảo cô gửi căn cước, địa chỉ nhà và số account để nhận thưởng. Người nhắn liên tục chúc mừng để tạo cảm giác đã trúng thật. Gia đình nghi ngờ đây là tình huống lừa đảo vì nội dung tạo áp lực và yêu cầu hành động liên quan đến tiền hoặc thông tin nhạy cảm.",SCAM,PRIZE_GIFT,HIGH,Lấy lý do trúng thưởng/nhận quà để yêu cầu đóng phí hoặc cung cấp thông tin.,trúng thưởng; nhận quà; phí vận chuyển; thông tin cá nhân,Không chuyển phí nhận thưởng. Kiểm tra chương trình trên kênh chính thức.,greed; false_promise; urgency,financial_loss; privacy_leak,elderly,SOUTH,CODE_SWITCHING,self_created_long_context_based_on_public_warning_taxonomy,self-created,true,no_pii,valid,https://baochinhphu.vn/nhan-dien-24-hinh-thuc-lua-dao-truc-tuyen-cung-nhieu-hinh-thuc-dan-du-khac-nhau-102230703162727607.htm,ARTICLE_SHARE,Detailed synthetic Vietnamese context; no real PII; not copied from articles/posts.
SELF_000148,SELF_DEEPFAKE_CALL_0015,"O kể lại rằng có người gọi điện trong lúc ở nhà một mình. Người này cuộc gọi video hiện khuôn mặt giống cháu của o nhưng hình ảnh bị giật và rất mờ, nói chuyện rất tự tin và dùng nhiều từ ngữ giống cơ quan chính thức. Tiếp theo họ đề nghị o gửi mã xác nhận để lấy lại tk cho người thân. Khi o hỏi thêm, người kia né tránh và chỉ thúc ck.",SCAM,DEEPFAKE_CALL,HIGH,Dùng cuộc gọi video/giọng nói giống người quen để yêu cầu tiền hoặc thông tin.,video mờ; giọng giống người thân; chuyển gấp; không gọi lại,Gọi lại bằng số quen thuộc hoặc hỏi câu riêng tư để xác minh. Không chuyển tiền trong lúc cuộc gọi chưa rõ.,trust_abuse; urgency; technical_deception,financial_loss,elderly,CENTRAL,ABBREVIATION,self_created_long_context_based_on_public_warning_taxonomy,self-created,true,no_pii,train,https://baochinhphu.vn/nhan-dien-24-hinh-thuc-lua-dao-truc-tuyen-cung-nhieu-hinh-thuc-dan-du-khac-nhau-102230703162727607.htm,CALL_SUMMARY,Detailed synthetic Vietnamese context; no real PII; not copied from articles/posts.
SELF_000149,SELF_PRIZE_GIFT_0017,"Bai chia se mo ta mot truong hop nguoi cao tuoi nhan duoc cuoc goi la: nguoi goi gui anh phieu trung thuong xe may va noi chi can hoan tat ho so. Sau do ho bao co gui can cuoc, dia chi nha va so tai khoang de nhan thuong. Ho dan co chuyen phi nho truoc de nhan mon qua lon. Gia dinh nghi ngo day la tinh huong lua dao vi noi dung tao ap luc va yeu cau hanh dong lien quan den tien hoac thong tin nhay cam.",SCAM,PRIZE_GIFT,HIGH,Lấy lý do trúng thưởng/nhận quà để yêu cầu đóng phí hoặc cung cấp thông tin.,trúng thưởng; nhận quà; phí vận chuyển; thông tin cá nhân,Không chuyển phí nhận thưởng. Kiểm tra chương trình trên kênh chính thức.,greed; false_promise; urgency,financial_loss; privacy_leak,elderly,STANDARD,TYPO,self_created_long_context_based_on_public_warning_taxonomy,self-created,true,no_pii,valid,https://baochinhphu.vn/nhan-dien-24-hinh-thuc-lua-dao-truc-tuyen-cung-nhieu-hinh-thuc-dan-du-khac-nhau-102230703162727607.htm,ARTICLE_SHARE,Detailed synthetic Vietnamese context; no real PII; not copied from articles/posts.
SELF_000150,SELF_LOAN_SCAM_0008,"Đoạn tn bắt đầu bằng lời hỏi thăm sức khỏe của chú, sau đó người gửi nói chú được duyệt vay nhanh ko cần gặp mặt. Trong các tin tiếp theo, họ yêu cầu chú đóng phí bảo hiểm khoản vay trước khi giải ngân. Họ nói nếu ko đóng phí ngay thì khoản vay sẽ bị hủy.",SCAM,LOAN_SCAM,HIGH,"Lừa vay tiền nhanh, yêu cầu phí trước hoặc thu thập giấy tờ cá nhân.",duyệt vay; phí hồ sơ; phí bảo hiểm; giải ngân; CCCD,Không gửi giấy tờ cá nhân hoặc đóng phí trước cho dịch vụ vay không rõ nguồn.,financial_pressure; urgency; false_promise,financial_loss; identity_theft,elderly,SOUTH,ABBREVIATION,self_created_long_context_based_on_public_warning_taxonomy,self-created,true,no_pii,valid,https://tiengchuong.chinhphu.vn/bo-cong-an-canh-bao-24-thu-doan-lua-dao-tren-khong-gian-mang-113230711094917091.htm,MESSAGE_THREAD,Detailed synthetic Vietnamese context; no real PII; not copied from articles/posts.
SELF_000151,SELF_JOB_SCAM_0017,"Một bài cảnh báo trên mạng xã hội tóm tắt sự việc: người lạ gửi bảng lương hấp dẫn, nói người lớn tuổi cũng làm được dễ dàng. Nội dung sau đó chuyển sang yêu cầu yêu cầu chú nạp trước 300 nghìn để nhận nhiệm vụ đầu tiên. Sau đó số tiền nhiệm vụ tăng nhanh và không cho rút nếu chưa nạp thêm. Bài viết khuyên người đọc nên verify với người thân trước khi làm theo.",SCAM,JOB_SCAM,MEDIUM,"Lừa tuyển cộng tác viên/việc nhẹ lương cao, yêu cầu nạp tiền hoặc làm nhiệm vụ.",việc nhẹ lương cao; nạp tiền; nhiệm vụ; hoàn tiền,Không đóng phí để nhận việc. Kiểm tra thông tin công ty và hợp đồng rõ ràng.,financial_pressure; false_promise; gamification,financial_loss,elderly,STANDARD,CODE_SWITCHING,self_created_long_context_based_on_public_warning_taxonomy,self-created,true,no_pii,test,https://baochinhphu.vn/nhan-dien-24-hinh-thuc-lua-dao-truc-tuyen-cung-nhieu-hinh-thuc-dan-du-khac-nhau-102230703162727607.htm,SOCIAL_WARNING,Detailed synthetic Vietnamese context; no real PII; not copied from articles/posts.
SELF_000152,SELF_PHISHING_LINK_0018,"Đoạn tin nhắn bắt đầu bằng lời hỏi thăm sức khỏe của cô, sau đó người gửi nói tài khoản mạng xã hội của cô bị báo cáo vi phạm nên phải xác minh. Trong các tin tiếp theo, họ bảo cô nhập số điện thoại, căn cước và mã xác nhận trên trang lạ. Tin nhắn ghi hồ sơ sẽ hết hạn sau 30 phút nếu không xác minh.",SCAM,PHISHING_LINK,HIGH,Dụ bấm link lạ để đăng nhập/cập nhật thông tin và đánh cắp dữ liệu.,<LINK>; bấm link; cập nhật thông tin; đăng nhập,Không bấm link lạ. Mở ứng dụng chính thức hoặc gõ trực tiếp địa chỉ website chính thức.,technical_confusion; urgency; false_promise,credential_theft; privacy_leak; malware_install,elderly,NORTH,NONE,self_created_long_context_based_on_public_warning_taxonomy,self-created,true,no_pii,test,https://tiengchuong.chinhphu.vn/bo-cong-an-canh-bao-24-thu-doan-lua-dao-tren-khong-gian-mang-113230711094917091.htm,MESSAGE_THREAD,Detailed synthetic Vietnamese context; no real PII; not copied from articles/posts.
SELF_000153,SELF_FAKE_POLICE_0010,"Đoạn tin nhắn bắt đầu bằng lời hỏi thăm sức khỏe của chú, sau đó người gửi tự xưng là cán bộ công an đang điều tra đường dây rửa tiền. Trong các tin tiếp theo, họ bắt chú cài ứng dụng lạ để khai báo tài sản và số dư N.H. Họ dọa nếu chú kể với con cháu thì sẽ bị xử lý vì làm lộ bí mật điều tra.",SCAM,FAKE_POLICE,HIGH,Giả danh công an/viện kiểm sát/tòa án để đe dọa và yêu cầu chuyển tiền.,công an; viện kiểm sát; vụ án; chuyển tiền; không được nói với ai,Không chuyển tiền. Cúp máy và liên hệ công an địa phương hoặc người thân để xác minh.,authority_impersonation; fear; secrecy; urgency,financial_loss; psychological_pressure,elderly,NORTH,OBFUSCATION,self_created_long_context_based_on_public_warning_taxonomy,self-created,true,no_pii,test,https://congly.vn/canh-giac-thu-doan-gia-danh-can-bo-de-lua-dao-nguoi-cao-tuoi-523282.html,MESSAGE_THREAD,Detailed synthetic Vietnamese context; no real PII; not copied from articles/posts.
SELF_000154,SELF_DEEPFAKE_CALL_0016,"Mot bai canh bao tren mang xa hoi tom tat su viec: nguoi la nguoi goi chi noi vai cau ngan roi tat camera, bao mang yeu. Noi dung sau do chuyen sang yeu cau yeu cau bac giu bi mat vi so gia dinh lo lang. Khi bac hoi them, nguoi kia ne tranh va chi thuc chuyen tien. Bai viet khuyen nguoi doc nen xac minh voi nguoi than truoc khi lam theo.",SCAM,DEEPFAKE_CALL,HIGH,Dùng cuộc gọi video/giọng nói giống người quen để yêu cầu tiền hoặc thông tin.,video mờ; giọng giống người thân; chuyển gấp; không gọi lại,Gọi lại bằng số quen thuộc hoặc hỏi câu riêng tư để xác minh. Không chuyển tiền trong lúc cuộc gọi chưa rõ.,trust_abuse; urgency; technical_deception,financial_loss,elderly,NORTH,NO_DIACRITICS,self_created_long_context_based_on_public_warning_taxonomy,self-created,true,no_pii,train,https://baochinhphu.vn/nhan-dien-24-hinh-thuc-lua-dao-truc-tuyen-cung-nhieu-hinh-thuc-dan-du-khac-nhau-102230703162727607.htm,SOCIAL_WARNING,Detailed synthetic Vietnamese context; no real PII; not copied from articles/posts.
SELF_000155,SELF_PRIZE_GIFT_0018,"Ba kể lại rằng có người gọi điện trong lúc ở nhà một mình. Người này giả danh siêu thị hoặc hãng điện thoại tặng quà cho người lớn tuổi, nói chuyện rất tự tin và dùng nhiều từ ngữ giống cơ quan chính thức. Tiếp theo họ bảo ba gửi căn cước, địa chỉ nhà và số account để nhận thưởng. Họ nói phần thưởng chỉ giữ trong hôm nay nên phải làm ngay.",SCAM,PRIZE_GIFT,HIGH,Lấy lý do trúng thưởng/nhận quà để yêu cầu đóng phí hoặc cung cấp thông tin.,trúng thưởng; nhận quà; phí vận chuyển; thông tin cá nhân,Không chuyển phí nhận thưởng. Kiểm tra chương trình trên kênh chính thức.,greed; false_promise; urgency,financial_loss; privacy_leak,elderly,SOUTH,CODE_SWITCHING,self_created_long_context_based_on_public_warning_taxonomy,self-created,true,no_pii,valid,https://baochinhphu.vn/nhan-dien-24-hinh-thuc-lua-dao-truc-tuyen-cung-nhieu-hinh-thuc-dan-du-khac-nhau-102230703162727607.htm,CALL_SUMMARY,Detailed synthetic Vietnamese context; no real PII; not copied from articles/posts.
SELF_000156,SELF_TRAVEL_COMBO_0008,"Đoạn tn bắt đầu bằng lời hỏi thăm sức khỏe của bác, sau đó người gửi người tư vấn nói khách sạn đang khuyến mãi nội bộ nên ko công khai lâu. Trong các tin tiếp theo, họ gửi stk cá nhân và hối bác chụp biên lai. Họ nhấn mạnh nếu chậm vài phút sẽ mất suất khuyến mãi.",SCAM,TRAVEL_COMBO,MEDIUM,"Rao combo du lịch/khách sạn giá rẻ bất thường, yêu cầu đặt cọc nhanh.",combo giá rẻ; đặt cọc; giữ chỗ; chuyển khoản,"Không đặt cọc qua tài khoản cá nhân. Kiểm tra fanpage, website, giấy phép và đánh giá thật.",false_promise; scarcity; urgency,financial_loss,elderly,CENTRAL,ABBREVIATION,self_created_long_context_based_on_public_warning_taxonomy,self-created,true,no_pii,train,https://baochinhphu.vn/nhan-dien-24-hinh-thuc-lua-dao-truc-tuyen-cung-nhieu-hinh-thuc-dan-du-khac-nhau-102230703162727607.htm,MESSAGE_THREAD,Detailed synthetic Vietnamese context; no real PII; not copied from articles/posts.
SELF_000157,SELF_TRAVEL_COMBO_0009,"Đoạn tin nhắn bắt đầu bằng lời hỏi thăm sức khỏe của bác, sau đó người gửi người tư vấn nói khách sạn đang khuyến mãi nội bộ nên không công khai lâu. Trong các tin tiếp theo, họ bảo bác gửi thông tin căn cước của cả đoàn để xuất voucher. Họ nhấn mạnh nếu chậm vài phút sẽ mất suất khuyến mãi. Please check now.",SCAM,TRAVEL_COMBO,MEDIUM,"Rao combo du lịch/khách sạn giá rẻ bất thường, yêu cầu đặt cọc nhanh.",combo giá rẻ; đặt cọc; giữ chỗ; chuyển khoản,"Không đặt cọc qua tài khoản cá nhân. Kiểm tra fanpage, website, giấy phép và đánh giá thật.",false_promise; scarcity; urgency,financial_loss,elderly,STANDARD,CODE_SWITCHING,self_created_long_context_based_on_public_warning_taxonomy,self-created,true,no_pii,train,https://baochinhphu.vn/nhan-dien-24-hinh-thuc-lua-dao-truc-tuyen-cung-nhieu-hinh-thuc-dan-du-khac-nhau-102230703162727607.htm,MESSAGE_THREAD,Detailed synthetic Vietnamese context; no real PII; not copied from articles/posts.
SELF_000158,SELF_OTP_BANK_0011,"Chú kể lại rằng có người gọi điện trong lúc ở nhà một mình. Người này nói account vừa phát sinh giao dịch bất thường nên cần kiểm tra khẩn cấp, nói chuyện rất tự tin và dùng nhiều từ ngữ giống cơ quan chính thức. Tiếp theo họ bảo chú cung cấp dãy 6 số trong tin nhắn để mở lại tài khoản. Họ nói đây là cuộc gọi bảo mật nên không được hỏi người thân.",SCAM,OTP_BANK,HIGH,Yêu cầu cung cấp OTP/mã xác nhận hoặc thông tin ngân hàng cho người lạ.,mã OTP; mã xác nhận; tài khoản ngân hàng; xác minh ngay,"Không cung cấp OTP, mật khẩu hoặc mã xác nhận. Gọi trực tiếp tổng đài chính thức của ngân hàng.",urgency; technical_confusion; authority_impersonation,credential_theft; financial_loss,elderly,STANDARD,CODE_SWITCHING,self_created_long_context_based_on_public_warning_taxonomy,self-created,true,no_pii,train,https://tiengchuong.chinhphu.vn/bo-cong-an-canh-bao-24-thu-doan-lua-dao-tren-khong-gian-mang-113230711094917091.htm,CALL_SUMMARY,Detailed synthetic Vietnamese context; no real PII; not copied from articles/posts.
SELF_000159,SELF_ROMANCE_SCAM_0009,"Bác kể lại rằng có người gọi điện trong lúc ở nhà một mình. Người này họ nói sắp về Việt Nam thăm bác nhưng gặp rắc rối giấy tờ, nói chuyện rất tự tin và dùng nhiều từ ngữ giống cơ quan chính thức. Tiếp theo họ xin bác chuyển tiền xử lý giấy tờ vì tài khoản đang bị khóa. Họ dùng lời lẽ tình cảm, khiến bác ngại từ chối.",SCAM,ROMANCE_SCAM,MEDIUM,"Lợi dụng tình cảm/lòng tin để xin tiền, quà hoặc thông tin cá nhân.",quen qua mạng; gửi quà; phí hải quan; cần tiền gấp,Không chuyển tiền cho người quen qua mạng chưa gặp ngoài đời. Hỏi người thân trước khi quyết định.,trust_abuse; emotional_manipulation; false_promise,financial_loss; psychological_pressure,elderly,CENTRAL,NONE,self_created_long_context_based_on_public_warning_taxonomy,self-created,true,no_pii,test,https://baochinhphu.vn/nhan-dien-24-hinh-thuc-lua-dao-truc-tuyen-cung-nhieu-hinh-thuc-dan-du-khac-nhau-102230703162727607.htm,CALL_SUMMARY,Detailed synthetic Vietnamese context; no real PII; not copied from articles/posts.
SELF_000160,SELF_HEALTH_PRODUCT_0012,"Bác kể lại rằng có người gọi điện trong lúc ở nhà một mình. Người này mời bác tham gia hội thảo sức khỏe miễn phí tại khách sạn, nói chuyện rất tự tin và dùng nhiều từ ngữ giống cơ quan chính thức. Tiếp theo họ bảo bác chuyển tiền để nhận suất ưu đãi dành riêng cho người cao tuổi. Thông tin về công dụng được nói quá mức và thiếu căn cứ y khoa.",SCAM,HEALTH_PRODUCT,MEDIUM,Dụ người cao tuổi mua sản phẩm sức khỏe/đa cấp bằng cam kết chữa bệnh hoặc lợi nhuận.,hội thảo miễn phí; thuốc chữa bệnh; đặt cọc; lợi nhuận,Không mua thuốc/sản phẩm sức khỏe không rõ nguồn. Hỏi bác sĩ hoặc người thân trước.,health_anxiety; false_promise; social_proof,financial_loss; health_risk,elderly,STANDARD,NONE,self_created_long_context_based_on_public_warning_taxonomy,self-created,true,no_pii,train,https://baochinhphu.vn/nhan-dien-24-hinh-thuc-lua-dao-truc-tuyen-cung-nhieu-hinh-thuc-dan-du-khac-nhau-102230703162727607.htm,CALL_SUMMARY,Detailed synthetic Vietnamese context; no real PII; not copied from articles/posts.
SELF_000161,SELF_EMERGENCY_MONEY_0010,"Đoạn tn bắt đầu bằng lời hỏi thăm sức khỏe của cô, sau đó người gửi nói vừa gây tai nạn ngoài đường, cần tiền bồi thường ngay để được về. Trong các tin tiếp theo, họ bảo cô chuyển 10tr ngay và đừng gọi lại vì đang làm việc với bác sĩ. Họ dùng cảm xúc lo sợ của gia đình để ép cô quyết định nhanh.",SCAM,EMERGENCY_MONEY,HIGH,Giả danh người thân hoặc dùng tình huống khẩn cấp để yêu cầu chuyển tiền.,đang cấp cứu; chuyển gấp; đừng gọi lại; cần tiền ngay,Không chuyển tiền vội. Gọi trực tiếp cho người thân qua số quen thuộc hoặc hỏi người trong gia đình.,trust_abuse; urgency; secrecy; fear,financial_loss,elderly,STANDARD,ABBREVIATION,self_created_long_context_based_on_public_warning_taxonomy,self-created,true,no_pii,train,https://baochinhphu.vn/nhan-dien-24-hinh-thuc-lua-dao-truc-tuyen-cung-nhieu-hinh-thuc-dan-du-khac-nhau-102230703162727607.htm,MESSAGE_THREAD,Detailed synthetic Vietnamese context; no real PII; not copied from articles/posts.
SELF_000162,SELF_HEALTH_PRODUCT_0013,Bài chia sẻ mô tả một trường hợp người cao tuổi nhận được cuộc gọi lạ: người gọi họ đưa nhiều lời chứng thực từ người lớn tuổi khác để tạo niềm tin. Sau đó họ đề nghị má mua nhiều hộp để được lên hạng thành viên. Họ nói ưu đãi chỉ áp dụng tại chỗ và không cho mang tài liệu về hỏi bác sĩ. Gia đình nghi ngờ đây là tình huống lừa đảo vì nội dung tạo áp lực và yêu cầu hành động liên quan đến tiền hoặc thông tin nhạy cảm.,SCAM,HEALTH_PRODUCT,MEDIUM,Dụ người cao tuổi mua sản phẩm sức khỏe/đa cấp bằng cam kết chữa bệnh hoặc lợi nhuận.,hội thảo miễn phí; thuốc chữa bệnh; đặt cọc; lợi nhuận,Không mua thuốc/sản phẩm sức khỏe không rõ nguồn. Hỏi bác sĩ hoặc người thân trước.,health_anxiety; false_promise; social_proof,financial_loss; health_risk,elderly,SOUTH,NONE,self_created_long_context_based_on_public_warning_taxonomy,self-created,true,no_pii,train,https://baochinhphu.vn/nhan-dien-24-hinh-thuc-lua-dao-truc-tuyen-cung-nhieu-hinh-thuc-dan-du-khac-nhau-102230703162727607.htm,ARTICLE_SHARE,Detailed synthetic Vietnamese context; no real PII; not copied from articles/posts.
SELF_000163,SELF_INVESTMENT_0014,Một bài cảnh báo trên mạng xã hội tóm tắt sự việc: người lạ khoe nhiều ảnh người khác rút lãi để tạo lòng tin. Nội dung sau đó chuyển sang yêu cầu hướng dẫn bác tải app ngoài và gửi ảnh chuyển khoản cho nhóm. Nhóm chat có nhiều tài khoản phụ hối thúc bác vào lệnh ngay. Bài viết khuyên người đọc nên xác minh với người thân trước khi làm theo.,SCAM,INVESTMENT,HIGH,"Hứa lợi nhuận cao bất thường, cam kết không rủi ro và yêu cầu nạp tiền.",lợi nhuận cao; cam kết lãi; nạp tiền; chuyên gia hỗ trợ,Không nạp tiền vào sàn/nhóm đầu tư không rõ pháp lý. Hỏi người thân hoặc chuyên gia tài chính.,greed; false_promise; social_proof,financial_loss,elderly,STANDARD,NONE,self_created_long_context_based_on_public_warning_taxonomy,self-created,true,no_pii,train,https://baochinhphu.vn/nhan-dien-24-hinh-thuc-lua-dao-truc-tuyen-cung-nhieu-hinh-thuc-dan-du-khac-nhau-102230703162727607.htm,SOCIAL_WARNING,Detailed synthetic Vietnamese context; no real PII; not copied from articles/posts.
SELF_000164,SELF_OTP_BANK_0012,"Doan tin nhan bat dau bang loi hoi tham suc khoe cua co, sau do nguoi gui gui tin nhan giong brandname ngan hang, yeu cau cap nhat ho so trong ngay. Trong cac tin tiep theo, ho noi co phai gui anh man hinh tin nhan ngan hang de kiem tra. Neu khong lam ngay, ho doa tai khoang se bi khoa va khong rut duoc tien.",SCAM,OTP_BANK,HIGH,Yêu cầu cung cấp OTP/mã xác nhận hoặc thông tin ngân hàng cho người lạ.,mã OTP; mã xác nhận; tài khoản ngân hàng; xác minh ngay,"Không cung cấp OTP, mật khẩu hoặc mã xác nhận. Gọi trực tiếp tổng đài chính thức của ngân hàng.",urgency; technical_confusion; authority_impersonation,credential_theft; financial_loss,elderly,NORTH,TYPO,self_created_long_context_based_on_public_warning_taxonomy,self-created,true,no_pii,train,https://tiengchuong.chinhphu.vn/bo-cong-an-canh-bao-24-thu-doan-lua-dao-tren-khong-gian-mang-113230711094917091.htm,MESSAGE_THREAD,Detailed synthetic Vietnamese context; no real PII; not copied from articles/posts.
SELF_000165,SELF_EMERGENCY_MONEY_0011,"Doan tin nhan bat dau bang loi hoi tham suc khoe cua bac, sau do nguoi gui gui anh chup benh vien mo va noi dang can dong vien phi gap. Trong cac tin tiep theo, ho xin bac chuyen gap 5 trieu vao <BANK_ACCOUNT>. Ho dung cam xuc lo so cua gia dinh de ep bac quyet dinh nhanh.",SCAM,EMERGENCY_MONEY,HIGH,Giả danh người thân hoặc dùng tình huống khẩn cấp để yêu cầu chuyển tiền.,đang cấp cứu; chuyển gấp; đừng gọi lại; cần tiền ngay,Không chuyển tiền vội. Gọi trực tiếp cho người thân qua số quen thuộc hoặc hỏi người trong gia đình.,trust_abuse; urgency; secrecy; fear,financial_loss,elderly,CENTRAL,TYPO,self_created_long_context_based_on_public_warning_taxonomy,self-created,true,no_pii,train,https://baochinhphu.vn/nhan-dien-24-hinh-thuc-lua-dao-truc-tuyen-cung-nhieu-hinh-thuc-dan-du-khac-nhau-102230703162727607.htm,MESSAGE_THREAD,Detailed synthetic Vietnamese context; no real PII; not copied from articles/posts.
SELF_000166,SELF_LOAN_SCAM_0009,"Bài chia sẻ mô tả một trường hợp người cao tuổi nhận được cuộc gọi lạ: người gọi nói hồ sơ của bác đã qua vòng xét duyệt, chỉ thiếu bước cuối. Sau đó họ yêu cầu bác đóng phí bảo hiểm khoản vay trước khi giải ngân. Khi bác muốn dừng, họ dọa đưa hồ sơ lên hệ thống nợ xấu. Gia đình nghi ngờ đây là tình huống lừa đảo vì nội dung tạo áp lực và yêu cầu hành động liên quan đến tiền hoặc thông tin nhạy cảm. Please check now.",SCAM,LOAN_SCAM,HIGH,"Lừa vay tiền nhanh, yêu cầu phí trước hoặc thu thập giấy tờ cá nhân.",duyệt vay; phí hồ sơ; phí bảo hiểm; giải ngân; CCCD,Không gửi giấy tờ cá nhân hoặc đóng phí trước cho dịch vụ vay không rõ nguồn.,financial_pressure; urgency; false_promise,financial_loss; identity_theft,elderly,STANDARD,CODE_SWITCHING,self_created_long_context_based_on_public_warning_taxonomy,self-created,true,no_pii,valid,https://tiengchuong.chinhphu.vn/bo-cong-an-canh-bao-24-thu-doan-lua-dao-tren-khong-gian-mang-113230711094917091.htm,ARTICLE_SHARE,Detailed synthetic Vietnamese context; no real PII; not copied from articles/posts.
SELF_000167,SELF_HEALTH_PRODUCT_0014,"Đoạn tin nhắn bắt đầu bằng lời hỏi thăm sức khỏe của bác, sau đó người gửi mời bác tham gia hội thảo sức khỏe miễn phí tại khách sạn. Trong các tin tiếp theo, họ đề nghị bác mua nhiều hộp để được lên hạng thành viên. Thông tin về công dụng được nói quá mức và thiếu căn cứ y khoa.",SCAM,HEALTH_PRODUCT,MEDIUM,Dụ người cao tuổi mua sản phẩm sức khỏe/đa cấp bằng cam kết chữa bệnh hoặc lợi nhuận.,hội thảo miễn phí; thuốc chữa bệnh; đặt cọc; lợi nhuận,Không mua thuốc/sản phẩm sức khỏe không rõ nguồn. Hỏi bác sĩ hoặc người thân trước.,health_anxiety; false_promise; social_proof,financial_loss; health_risk,elderly,CENTRAL,NONE,self_created_long_context_based_on_public_warning_taxonomy,self-created,true,no_pii,train,https://baochinhphu.vn/nhan-dien-24-hinh-thuc-lua-dao-truc-tuyen-cung-nhieu-hinh-thuc-dan-du-khac-nhau-102230703162727607.htm,MESSAGE_THREAD,Detailed synthetic Vietnamese context; no real PII; not copied from articles/posts.
SELF_000168,SELF_TRAVEL_COMBO_0010,Một bài cảnh báo trên mạng xã hội tóm tắt sự việc: người lạ fanpage rao combo nghỉ dưỡng giá rẻ hơn thị trường rất nhiều. Nội dung sau đó chuyển sang yêu cầu đề nghị thanh toán toàn bộ để được giảm thêm. Họ nhấn mạnh nếu chậm vài phút sẽ mất suất khuyến mãi. Bài viết khuyên người đọc nên xác minh với người thân trước khi làm theo.,SCAM,TRAVEL_COMBO,MEDIUM,"Rao combo du lịch/khách sạn giá rẻ bất thường, yêu cầu đặt cọc nhanh.",combo giá rẻ; đặt cọc; giữ chỗ; chuyển khoản,"Không đặt cọc qua tài khoản cá nhân. Kiểm tra fanpage, website, giấy phép và đánh giá thật.",false_promise; scarcity; urgency,financial_loss,elderly,NORTH,NONE,self_created_long_context_based_on_public_warning_taxonomy,self-created,true,no_pii,train,https://baochinhphu.vn/nhan-dien-24-hinh-thuc-lua-dao-truc-tuyen-cung-nhieu-hinh-thuc-dan-du-khac-nhau-102230703162727607.htm,SOCIAL_WARNING,Detailed synthetic Vietnamese context; no real PII; not copied from articles/posts.
SELF_000169,SELF_EMERGENCY_MONEY_0012,"Chú kể lại rằng có người gọi điện trong lúc ở nhà một mình. Người này gửi ảnh chụp bệnh viện mờ và nói đang cần đóng viện phí gấp, nói chuyện rất tự tin và dùng nhiều từ ngữ giống cơ quan chính thức. Tiếp theo họ xin chú chuyển gấp 5 triệu vào <BANK_ACCOUNT>. Người kia dặn chú đừng gọi số cũ vì máy đang hư và đang ở chỗ đông người.",SCAM,EMERGENCY_MONEY,HIGH,Giả danh người thân hoặc dùng tình huống khẩn cấp để yêu cầu chuyển tiền.,đang cấp cứu; chuyển gấp; đừng gọi lại; cần tiền ngay,Không chuyển tiền vội. Gọi trực tiếp cho người thân qua số quen thuộc hoặc hỏi người trong gia đình.,trust_abuse; urgency; secrecy; fear,financial_loss,elderly,SOUTH,OBFUSCATION,self_created_long_context_based_on_public_warning_taxonomy,self-created,true,no_pii,train,https://baochinhphu.vn/nhan-dien-24-hinh-thuc-lua-dao-truc-tuyen-cung-nhieu-hinh-thuc-dan-du-khac-nhau-102230703162727607.htm,CALL_SUMMARY,Detailed synthetic Vietnamese context; no real PII; not copied from articles/posts.
SELF_000170,SELF_JOB_SCAM_0018,"Bài chia sẻ mô tả một trường hợp người cao tuổi nhận được cuộc gọi lạ: người gọi mời cô làm cộng tác viên online tại nhà, mỗi ngày nhận tiền ngay. Sau đó họ đề nghị cô tăng số tiền nhiệm vụ để được rút hoa hồng. Ban đầu họ cho nhận vài chục nghìn để tạo lòng tin. Gia đình nghi ngờ đây là tình huống lừa đảo vì nội dung tạo áp lực và yêu cầu hành động liên quan đến tiền hoặc thông tin nhạy cảm.",SCAM,JOB_SCAM,MEDIUM,"Lừa tuyển cộng tác viên/việc nhẹ lương cao, yêu cầu nạp tiền hoặc làm nhiệm vụ.",việc nhẹ lương cao; nạp tiền; nhiệm vụ; hoàn tiền,Không đóng phí để nhận việc. Kiểm tra thông tin công ty và hợp đồng rõ ràng.,financial_pressure; false_promise; gamification,financial_loss,elderly,STANDARD,NONE,self_created_long_context_based_on_public_warning_taxonomy,self-created,true,no_pii,test,https://baochinhphu.vn/nhan-dien-24-hinh-thuc-lua-dao-truc-tuyen-cung-nhieu-hinh-thuc-dan-du-khac-nhau-102230703162727607.htm,ARTICLE_SHARE,Detailed synthetic Vietnamese context; no real PII; not copied from articles/posts.
SELF_000171,SELF_JOB_SCAM_0019,"Bác kể lại rằng có người gọi điện trong lúc ở nhà một mình. Người này gửi bảng lương hấp dẫn, nói người lớn tuổi cũng làm được dễ dàng, nói chuyện rất tự tin và dùng nhiều từ ngữ giống cơ quan chính thức. Tiếp theo họ yêu cầu bác gửi thông tin cá nhân để kích hoạt t.khoản cộng tác viên. Quản lý nhóm liên tục nhắc bác làm nhanh để không mất suất.",SCAM,JOB_SCAM,MEDIUM,"Lừa tuyển cộng tác viên/việc nhẹ lương cao, yêu cầu nạp tiền hoặc làm nhiệm vụ.",việc nhẹ lương cao; nạp tiền; nhiệm vụ; hoàn tiền,Không đóng phí để nhận việc. Kiểm tra thông tin công ty và hợp đồng rõ ràng.,financial_pressure; false_promise; gamification,financial_loss,elderly,CENTRAL,OBFUSCATION,self_created_long_context_based_on_public_warning_taxonomy,self-created,true,no_pii,test,https://baochinhphu.vn/nhan-dien-24-hinh-thuc-lua-dao-truc-tuyen-cung-nhieu-hinh-thuc-dan-du-khac-nhau-102230703162727607.htm,CALL_SUMMARY,Detailed synthetic Vietnamese context; no real PII; not copied from articles/posts.
SELF_000172,SELF_FAKE_SUPPORT_0011,"Một bài cảnh báo trên mạng xã hội tóm tắt sự việc: người lạ giả làm tổng đài nhà mạng, thông báo SIM của má cần chuẩn hóa. Nội dung sau đó chuyển sang yêu cầu đề nghị má cấp quyền truy cập danh bạ, tin nhắn và thông báo. Họ nói nếu không làm trong ngày, hồ sơ sẽ bị treo hoặc SIM bị khóa. Bài viết khuyên người đọc nên xác minh với người thân trước khi làm theo.",SCAM,FAKE_SUPPORT,HIGH,Giả danh nhân viên hỗ trợ kỹ thuật/dịch vụ công để yêu cầu cài app hoặc cấp quyền.,cài ứng dụng; chia sẻ màn hình; cấp quyền; hỗ trợ kỹ thuật,Không cài app lạ hoặc chia sẻ màn hình cho người không xác minh được danh tính.,technical_confusion; authority_impersonation,credential_theft; malware_install; privacy_leak,elderly,SOUTH,NONE,self_created_long_context_based_on_public_warning_taxonomy,self-created,true,no_pii,train,https://tiengchuong.chinhphu.vn/bo-cong-an-canh-bao-24-thu-doan-lua-dao-tren-khong-gian-mang-113230711094917091.htm,SOCIAL_WARNING,Detailed synthetic Vietnamese context; no real PII; not copied from articles/posts.
SELF_000173,SELF_LOAN_SCAM_0010,"O kể lại rằng có người gọi điện trong lúc ở nhà một mình. Người này gửi hợp đồng vay có dấu đỏ giả và hứa giải ngân trong ngày, nói chuyện rất tự tin và dùng nhiều từ ngữ giống cơ quan chính thức. Tiếp theo họ bắt o nộp thêm tiền vì nhập sai stk nhận vay. Khi o muốn dừng, họ dọa đưa hồ sơ lên hệ thống nợ xấu.",SCAM,LOAN_SCAM,HIGH,"Lừa vay tiền nhanh, yêu cầu phí trước hoặc thu thập giấy tờ cá nhân.",duyệt vay; phí hồ sơ; phí bảo hiểm; giải ngân; CCCD,Không gửi giấy tờ cá nhân hoặc đóng phí trước cho dịch vụ vay không rõ nguồn.,financial_pressure; urgency; false_promise,financial_loss; identity_theft,elderly,CENTRAL,ABBREVIATION,self_created_long_context_based_on_public_warning_taxonomy,self-created,true,no_pii,train,https://tiengchuong.chinhphu.vn/bo-cong-an-canh-bao-24-thu-doan-lua-dao-tren-khong-gian-mang-113230711094917091.htm,CALL_SUMMARY,Detailed synthetic Vietnamese context; no real PII; not copied from articles/posts.
SELF_000174,SELF_JOB_SCAM_0020,"Đoạn tin nhắn bắt đầu bằng lời hỏi thăm sức khỏe của o, sau đó người gửi nói việc chỉ là bấm like, đánh giá sản phẩm và nhận hoa hồng. Trong các tin tiếp theo, họ yêu cầu o nạp trước 300 nghìn để nhận nhiệm vụ đầu tiên. Sau đó số tiền nhiệm vụ tăng nhanh và không cho rút nếu chưa nạp thêm.",SCAM,JOB_SCAM,MEDIUM,"Lừa tuyển cộng tác viên/việc nhẹ lương cao, yêu cầu nạp tiền hoặc làm nhiệm vụ.",việc nhẹ lương cao; nạp tiền; nhiệm vụ; hoàn tiền,Không đóng phí để nhận việc. Kiểm tra thông tin công ty và hợp đồng rõ ràng.,financial_pressure; false_promise; gamification,financial_loss,elderly,CENTRAL,NONE,self_created_long_context_based_on_public_warning_taxonomy,self-created,true,no_pii,test,https://baochinhphu.vn/nhan-dien-24-hinh-thuc-lua-dao-truc-tuyen-cung-nhieu-hinh-thuc-dan-du-khac-nhau-102230703162727607.htm,MESSAGE_THREAD,Detailed synthetic Vietnamese context; no real PII; not copied from articles/posts.
SELF_000175,SELF_FAKE_POLICE_0011,Bài chia sẻ mô tả một trường hợp người cao tuổi nhận được cuộc gọi lạ: người gọi giả danh viện kiểm sát và đọc một số thông tin cá nhân để tạo lòng tin. Sau đó họ yêu cầu chú ck vào tk tạm giữ <BANK_ACCOUNT> để chứng minh trong sạch. Họ nói nếu chậm trễ thì công an sẽ đến nhà đọc lệnh bắt. Gia đình nghi ngờ đây là tình huống lừa đảo vì nội dung tạo áp lực và yêu cầu hành động liên quan đến tiền hoặc thông tin nhạy cảm.,SCAM,FAKE_POLICE,HIGH,Giả danh công an/viện kiểm sát/tòa án để đe dọa và yêu cầu chuyển tiền.,công an; viện kiểm sát; vụ án; chuyển tiền; không được nói với ai,Không chuyển tiền. Cúp máy và liên hệ công an địa phương hoặc người thân để xác minh.,authority_impersonation; fear; secrecy; urgency,financial_loss; psychological_pressure,elderly,SOUTH,ABBREVIATION,self_created_long_context_based_on_public_warning_taxonomy,self-created,true,no_pii,train,https://congly.vn/canh-giac-thu-doan-gia-danh-can-bo-de-lua-dao-nguoi-cao-tuoi-523282.html,ARTICLE_SHARE,Detailed synthetic Vietnamese context; no real PII; not copied from articles/posts.
SELF_000176,SELF_INVESTMENT_0015,"Chu ke lai rang co nguoi goi dien trong luc o nha mot minh. Nguoi nay noi nguoi cao tuoi co tien nhan roi nen gui vao goi loi nhuan on dinh, noi chuyen rat tu tin va dung nhieu tu ngu giong co quan chinh thuc. Tiep theo ho huong dan chu tai app ngoai va gui anh chuyen khoan cho nhom. Nhom chat co nhieu tai khoang phu hoi thuc chu vao lenh ngay.",SCAM,INVESTMENT,HIGH,"Hứa lợi nhuận cao bất thường, cam kết không rủi ro và yêu cầu nạp tiền.",lợi nhuận cao; cam kết lãi; nạp tiền; chuyên gia hỗ trợ,Không nạp tiền vào sàn/nhóm đầu tư không rõ pháp lý. Hỏi người thân hoặc chuyên gia tài chính.,greed; false_promise; social_proof,financial_loss,elderly,NORTH,TYPO,self_created_long_context_based_on_public_warning_taxonomy,self-created,true,no_pii,train,https://baochinhphu.vn/nhan-dien-24-hinh-thuc-lua-dao-truc-tuyen-cung-nhieu-hinh-thuc-dan-du-khac-nhau-102230703162727607.htm,CALL_SUMMARY,Detailed synthetic Vietnamese context; no real PII; not copied from articles/posts.
SELF_000177,SELF_OTP_BANK_0013,"Đoạn tin nhắn bắt đầu bằng lời hỏi thăm sức khỏe của má, sau đó người gửi gửi tin nhắn giống brandname ngân hàng, yêu cầu cập nhật hồ sơ trong ngày. Trong các tin tiếp theo, họ yêu cầu má đọc mã OTP vừa nhận được để hoàn tất xác minh. Nếu không làm ngay, họ dọa tài khoản sẽ bị khóa và không rút được tiền.",SCAM,OTP_BANK,HIGH,Yêu cầu cung cấp OTP/mã xác nhận hoặc thông tin ngân hàng cho người lạ.,mã OTP; mã xác nhận; tài khoản ngân hàng; xác minh ngay,"Không cung cấp OTP, mật khẩu hoặc mã xác nhận. Gọi trực tiếp tổng đài chính thức của ngân hàng.",urgency; technical_confusion; authority_impersonation,credential_theft; financial_loss,elderly,SOUTH,NONE,self_created_long_context_based_on_public_warning_taxonomy,self-created,true,no_pii,train,https://tiengchuong.chinhphu.vn/bo-cong-an-canh-bao-24-thu-doan-lua-dao-tren-khong-gian-mang-113230711094917091.htm,MESSAGE_THREAD,Detailed synthetic Vietnamese context; no real PII; not copied from articles/posts.
SELF_000178,SELF_FAKE_POLICE_0012,Bài chia sẻ mô tả một trường hợp người cao tuổi nhận được cuộc gọi lạ: người gọi tự xưng là cán bộ công an đang điều tra đường dây rửa tiền. Sau đó họ bắt chú cài ứng dụng lạ để khai báo tài sản và số dư ngân hàng. Họ nói nếu chậm trễ thì công an sẽ đến nhà đọc lệnh bắt. Gia đình nghi ngờ đây là tình huống lừa đảo vì nội dung tạo áp lực và yêu cầu hành động liên quan đến tiền hoặc thông tin nhạy cảm.,SCAM,FAKE_POLICE,HIGH,Giả danh công an/viện kiểm sát/tòa án để đe dọa và yêu cầu chuyển tiền.,công an; viện kiểm sát; vụ án; chuyển tiền; không được nói với ai,Không chuyển tiền. Cúp máy và liên hệ công an địa phương hoặc người thân để xác minh.,authority_impersonation; fear; secrecy; urgency,financial_loss; psychological_pressure,elderly,NORTH,NONE,self_created_long_context_based_on_public_warning_taxonomy,self-created,true,no_pii,train,https://congly.vn/canh-giac-thu-doan-gia-danh-can-bo-de-lua-dao-nguoi-cao-tuoi-523282.html,ARTICLE_SHARE,Detailed synthetic Vietnamese context; no real PII; not copied from articles/posts.
SELF_000179,SELF_OTP_BANK_0014,"Bai chia se mo ta mot truong hop nguoi cao tuoi nhan duoc cuoc goi la: nguoi goi gui tin nhan giong brandname ngan hang, yeu cau cap nhat ho so trong ngay. Sau do ho yeu cau bac doc ma OTP vua nhan duoc de hoan tat xac minh. Nguoi goi lien tuc nhac bac khong tat may vi quy trinh chi con vai phut. Gia dinh nghi ngo day la tinh huong lua dao vi noi dung tao ap luc va yeu cau hanh dong lien quan den tien hoac thong tin nhay cam.",SCAM,OTP_BANK,HIGH,Yêu cầu cung cấp OTP/mã xác nhận hoặc thông tin ngân hàng cho người lạ.,mã OTP; mã xác nhận; tài khoản ngân hàng; xác minh ngay,"Không cung cấp OTP, mật khẩu hoặc mã xác nhận. Gọi trực tiếp tổng đài chính thức của ngân hàng.",urgency; technical_confusion; authority_impersonation,credential_theft; financial_loss,elderly,NORTH,NO_DIACRITICS,self_created_long_context_based_on_public_warning_taxonomy,self-created,true,no_pii,train,https://tiengchuong.chinhphu.vn/bo-cong-an-canh-bao-24-thu-doan-lua-dao-tren-khong-gian-mang-113230711094917091.htm,ARTICLE_SHARE,Detailed synthetic Vietnamese context; no real PII; not copied from articles/posts.
SELF_000180,SELF_TRAVEL_COMBO_0011,"Bai chia se mo ta mot truong hop nguoi cao tuoi nhan duoc cuoc goi la: nguoi goi nguoi ban noi con dung hai suat danh cho nguoi cao tuoi di cung gia dinh. Sau do ho de nghi thanh toan toan bo de duoc giam them. Khi hoi hop dong, ho chi gui anh voucher khong co xac nhan chinh thuc. Gia dinh nghi ngo day la tinh huong lua dao vi noi dung tao ap luc va yeu cau hanh dong lien quan den tien hoac thong tin nhay cam.",SCAM,TRAVEL_COMBO,MEDIUM,"Rao combo du lịch/khách sạn giá rẻ bất thường, yêu cầu đặt cọc nhanh.",combo giá rẻ; đặt cọc; giữ chỗ; chuyển khoản,"Không đặt cọc qua tài khoản cá nhân. Kiểm tra fanpage, website, giấy phép và đánh giá thật.",false_promise; scarcity; urgency,financial_loss,elderly,CENTRAL,NO_DIACRITICS,self_created_long_context_based_on_public_warning_taxonomy,self-created,true,no_pii,train,https://baochinhphu.vn/nhan-dien-24-hinh-thuc-lua-dao-truc-tuyen-cung-nhieu-hinh-thuc-dan-du-khac-nhau-102230703162727607.htm,ARTICLE_SHARE,Detailed synthetic Vietnamese context; no real PII; not copied from articles/posts.
SELF_000181,SELF_SUSPICIOUS_0001,"Một người nhắn cho o nói hồ sơ tk cần xm lại trong hôm nay. Họ chưa yêu cầu OTP hay ck, nhưng đề nghị o chuẩn bị số căn cước và thông tin NH. Nội dung thiếu tên đơn vị rõ ràng nên cần kiểm tra lại nguồn gửi.",SUSPICIOUS,UNKNOWN,MEDIUM,Có yêu cầu xác minh/cung cấp thông tin nhưng chưa đủ dữ kiện kết luận lừa đảo.,xác minh; thông tin cá nhân; trong hôm nay,Cần kiểm tra nguồn gửi. Không cung cấp thông tin nhạy cảm nếu chưa xác minh.,uncertainty; possible_social_engineering,privacy_leak,general,CENTRAL,ABBREVIATION,self_created_long_context_based_on_public_warning_taxonomy,self-created,true,no_pii,valid,https://baochinhphu.vn/nhan-dien-24-hinh-thuc-lua-dao-truc-tuyen-cung-nhieu-hinh-thuc-dan-du-khac-nhau-102230703162727607.htm,UNCERTAIN_CONTEXT,Suspicious but not enough evidence; useful for medium risk behavior.
SELF_000182,SELF_SUSPICIOUS_0002,"Tin nhắn báo chú có giao dịch cần xác nhận và yêu cầu phản hồi sớm. Nội dung không có logo chính thức, không nói rõ N.H nào và có kèm một đường dẫn rút gọn. Trường hợp này chưa chắc là lừa đảo nhưng không nên bấm link ngay.",SUSPICIOUS,UNKNOWN,MEDIUM,Có yêu cầu xác minh/cung cấp thông tin nhưng chưa đủ dữ kiện kết luận lừa đảo.,xác minh; thông tin cá nhân; trong hôm nay,Cần kiểm tra nguồn gửi. Không cung cấp thông tin nhạy cảm nếu chưa xác minh.,uncertainty; possible_social_engineering,privacy_leak,general,NORTH,OBFUSCATION,self_created_long_context_based_on_public_warning_taxonomy,self-created,true,no_pii,valid,https://baochinhphu.vn/nhan-dien-24-hinh-thuc-lua-dao-truc-tuyen-cung-nhieu-hinh-thuc-dan-du-khac-nhau-102230703162727607.htm,UNCERTAIN_CONTEXT,Suspicious but not enough evidence; useful for medium risk behavior.
SELF_000183,SELF_SUSPICIOUS_0003,"Tin nhắn báo bác có giao dịch cần xác nhận và yêu cầu phản hồi sớm. Nội dung không có logo chính thức, không nói rõ ngân hàng nào và có kèm một đường dẫn rút gọn. Trường hợp này chưa chắc là lừa đảo nhưng không nên bấm link ngay.",SUSPICIOUS,UNKNOWN,MEDIUM,Có yêu cầu xác minh/cung cấp thông tin nhưng chưa đủ dữ kiện kết luận lừa đảo.,xác minh; thông tin cá nhân; trong hôm nay,Cần kiểm tra nguồn gửi. Không cung cấp thông tin nhạy cảm nếu chưa xác minh.,uncertainty; possible_social_engineering,privacy_leak,general,NORTH,NONE,self_created_long_context_based_on_public_warning_taxonomy,self-created,true,no_pii,valid,https://baochinhphu.vn/nhan-dien-24-hinh-thuc-lua-dao-truc-tuyen-cung-nhieu-hinh-thuc-dan-du-khac-nhau-102230703162727607.htm,UNCERTAIN_CONTEXT,Suspicious but not enough evidence; useful for medium risk behavior.
SELF_000184,SELF_SUSPICIOUS_0004,"Mot tai khoan mang xa hoi moi ket ban voi chu, hoi tham suc khoe nhieu ngay roi bat dau noi ve mot co hoi dau tu. Nguoi nay chua yeu cau chuyen tien nhung lien tuc hua loi nhuan cao. Can theo doi them truoc khi ket luan.",SUSPICIOUS,UNKNOWN,MEDIUM,Có yêu cầu xác minh/cung cấp thông tin nhưng chưa đủ dữ kiện kết luận lừa đảo.,xác minh; thông tin cá nhân; trong hôm nay,Cần kiểm tra nguồn gửi. Không cung cấp thông tin nhạy cảm nếu chưa xác minh.,uncertainty; possible_social_engineering,privacy_leak,general,NORTH,NO_DIACRITICS,self_created_long_context_based_on_public_warning_taxonomy,self-created,true,no_pii,valid,https://baochinhphu.vn/nhan-dien-24-hinh-thuc-lua-dao-truc-tuyen-cung-nhieu-hinh-thuc-dan-du-khac-nhau-102230703162727607.htm,UNCERTAIN_CONTEXT,Suspicious but not enough evidence; useful for medium risk behavior.
SELF_000185,SELF_SUSPICIOUS_0005,"Có người mời chú tham gia chương trình nhận quà tri ân, nói sẽ gọi lại để hướng dẫn. Họ chưa yêu cầu đóng phí, nhưng hỏi tuổi, địa chỉ và số điện thoại người thân. Đây là tình huống nghi ngờ vì thu thập thông tin cá nhân.",SUSPICIOUS,UNKNOWN,MEDIUM,Có yêu cầu xác minh/cung cấp thông tin nhưng chưa đủ dữ kiện kết luận lừa đảo.,xác minh; thông tin cá nhân; trong hôm nay,Cần kiểm tra nguồn gửi. Không cung cấp thông tin nhạy cảm nếu chưa xác minh.,uncertainty; possible_social_engineering,privacy_leak,general,SOUTH,NONE,self_created_long_context_based_on_public_warning_taxonomy,self-created,true,no_pii,valid,https://baochinhphu.vn/nhan-dien-24-hinh-thuc-lua-dao-truc-tuyen-cung-nhieu-hinh-thuc-dan-du-khac-nhau-102230703162727607.htm,UNCERTAIN_CONTEXT,Suspicious but not enough evidence; useful for medium risk behavior.
SELF_000186,SELF_SUSPICIOUS_0006,"Bài chia sẻ kể có nhân viên tự xưng bên dịch vụ khách hàng gọi đến, nói sẽ hỗ trợ cập nhật thông tin cho ba. Người này nói chuyện khá lịch sự nhưng dùng số lạ và không cung cấp được mã nhân viên. Chưa có yêu cầu tiền, nhưng có dấu hiệu cần cảnh giác.",SUSPICIOUS,UNKNOWN,MEDIUM,Có yêu cầu xác minh/cung cấp thông tin nhưng chưa đủ dữ kiện kết luận lừa đảo.,xác minh; thông tin cá nhân; trong hôm nay,Cần kiểm tra nguồn gửi. Không cung cấp thông tin nhạy cảm nếu chưa xác minh.,uncertainty; possible_social_engineering,privacy_leak,general,SOUTH,NONE,self_created_long_context_based_on_public_warning_taxonomy,self-created,true,no_pii,valid,https://baochinhphu.vn/nhan-dien-24-hinh-thuc-lua-dao-truc-tuyen-cung-nhieu-hinh-thuc-dan-du-khac-nhau-102230703162727607.htm,UNCERTAIN_CONTEXT,Suspicious but not enough evidence; useful for medium risk behavior.
SELF_000187,SELF_SUSPICIOUS_0007,"Bài chia sẻ kể có nhân viên tự xưng bên dịch vụ khách hàng gọi đến, nói sẽ hỗ trợ cập nhật thông tin cho chú. Người này nói chuyện khá lịch sự nhưng dùng số lạ và ko cung cấp được mã nhân viên. Chưa có yêu cầu tiền, nhưng có dấu hiệu cần cảnh giác.",SUSPICIOUS,UNKNOWN,MEDIUM,Có yêu cầu xác minh/cung cấp thông tin nhưng chưa đủ dữ kiện kết luận lừa đảo.,xác minh; thông tin cá nhân; trong hôm nay,Cần kiểm tra nguồn gửi. Không cung cấp thông tin nhạy cảm nếu chưa xác minh.,uncertainty; possible_social_engineering,privacy_leak,general,SOUTH,ABBREVIATION,self_created_long_context_based_on_public_warning_taxonomy,self-created,true,no_pii,valid,https://baochinhphu.vn/nhan-dien-24-hinh-thuc-lua-dao-truc-tuyen-cung-nhieu-hinh-thuc-dan-du-khac-nhau-102230703162727607.htm,UNCERTAIN_CONTEXT,Suspicious but not enough evidence; useful for medium risk behavior.
SELF_000188,SELF_SUSPICIOUS_0008,"Co nguoi moi ma tham gia chuong trinh nhan qua tri an, noi se goi lai de huong dan. Ho chua yeu cau dong phi, nhung hoi tuoi, dia chi va so dien thoai nguoi than. Day la tinh huong nghi ngo vi thu thap thong tin ca nhan.",SUSPICIOUS,UNKNOWN,MEDIUM,Có yêu cầu xác minh/cung cấp thông tin nhưng chưa đủ dữ kiện kết luận lừa đảo.,xác minh; thông tin cá nhân; trong hôm nay,Cần kiểm tra nguồn gửi. Không cung cấp thông tin nhạy cảm nếu chưa xác minh.,uncertainty; possible_social_engineering,privacy_leak,general,SOUTH,NO_DIACRITICS,self_created_long_context_based_on_public_warning_taxonomy,self-created,true,no_pii,valid,https://baochinhphu.vn/nhan-dien-24-hinh-thuc-lua-dao-truc-tuyen-cung-nhieu-hinh-thuc-dan-du-khac-nhau-102230703162727607.htm,UNCERTAIN_CONTEXT,Suspicious but not enough evidence; useful for medium risk behavior.
SELF_000189,SELF_SUSPICIOUS_0009,"Bai chia se ke co nhan vien tu xung ben dich vu khach hang goi den, noi se ho tro cap nhat thong tin cho co. Nguoi nay noi chuyen kha lich su nhung dung so la va khong cung cap duoc ma nhan vien. Chua co yeu cau tien, nhung co dau hieu can canh giac.",SUSPICIOUS,UNKNOWN,MEDIUM,Có yêu cầu xác minh/cung cấp thông tin nhưng chưa đủ dữ kiện kết luận lừa đảo.,xác minh; thông tin cá nhân; trong hôm nay,Cần kiểm tra nguồn gửi. Không cung cấp thông tin nhạy cảm nếu chưa xác minh.,uncertainty; possible_social_engineering,privacy_leak,general,STANDARD,TYPO,self_created_long_context_based_on_public_warning_taxonomy,self-created,true,no_pii,valid,https://baochinhphu.vn/nhan-dien-24-hinh-thuc-lua-dao-truc-tuyen-cung-nhieu-hinh-thuc-dan-du-khac-nhau-102230703162727607.htm,UNCERTAIN_CONTEXT,Suspicious but not enough evidence; useful for medium risk behavior.
SELF_000190,SELF_SUSPICIOUS_0010,"Tin nhan bao me co giao dich can xac nhan va yeu cau phan hoi som. Noi dung khong co logo chinh thuc, khong noi ro ngan hang nao va co kem mot duong dan rut gon. Truong hop nay chua chac la lua dao nhung khong nen bam link ngay.",SUSPICIOUS,UNKNOWN,MEDIUM,Có yêu cầu xác minh/cung cấp thông tin nhưng chưa đủ dữ kiện kết luận lừa đảo.,xác minh; thông tin cá nhân; trong hôm nay,Cần kiểm tra nguồn gửi. Không cung cấp thông tin nhạy cảm nếu chưa xác minh.,uncertainty; possible_social_engineering,privacy_leak,general,CENTRAL,NO_DIACRITICS,self_created_long_context_based_on_public_warning_taxonomy,self-created,true,no_pii,valid,https://baochinhphu.vn/nhan-dien-24-hinh-thuc-lua-dao-truc-tuyen-cung-nhieu-hinh-thuc-dan-du-khac-nhau-102230703162727607.htm,UNCERTAIN_CONTEXT,Suspicious but not enough evidence; useful for medium risk behavior.
SELF_000191,SELF_SUSPICIOUS_0011,"Bài chia sẻ kể có nhân viên tự xưng bên dịch vụ khách hàng gọi đến, nói sẽ hỗ trợ cập nhật thông tin cho má. Người này nói chuyện khá lịch sự nhưng dùng số lạ và không cung cấp được mã nhân viên. Chưa có yêu cầu tiền, nhưng có dấu hiệu cần cảnh giác.",SUSPICIOUS,UNKNOWN,MEDIUM,Có yêu cầu xác minh/cung cấp thông tin nhưng chưa đủ dữ kiện kết luận lừa đảo.,xác minh; thông tin cá nhân; trong hôm nay,Cần kiểm tra nguồn gửi. Không cung cấp thông tin nhạy cảm nếu chưa xác minh.,uncertainty; possible_social_engineering,privacy_leak,general,SOUTH,NONE,self_created_long_context_based_on_public_warning_taxonomy,self-created,true,no_pii,valid,https://baochinhphu.vn/nhan-dien-24-hinh-thuc-lua-dao-truc-tuyen-cung-nhieu-hinh-thuc-dan-du-khac-nhau-102230703162727607.htm,UNCERTAIN_CONTEXT,Suspicious but not enough evidence; useful for medium risk behavior.
SELF_000192,SELF_SUSPICIOUS_0012,"Bài chia sẻ kể có nhân viên tự xưng bên dịch vụ khách hàng gọi đến, nói sẽ hỗ trợ cập nhật thông tin cho mệ. Người này nói chuyện khá lịch sự nhưng dùng số lạ và ko cung cấp được mã nhân viên. Chưa có yêu cầu tiền, nhưng có dấu hiệu cần cảnh giác.",SUSPICIOUS,UNKNOWN,MEDIUM,Có yêu cầu xác minh/cung cấp thông tin nhưng chưa đủ dữ kiện kết luận lừa đảo.,xác minh; thông tin cá nhân; trong hôm nay,Cần kiểm tra nguồn gửi. Không cung cấp thông tin nhạy cảm nếu chưa xác minh.,uncertainty; possible_social_engineering,privacy_leak,general,CENTRAL,ABBREVIATION,self_created_long_context_based_on_public_warning_taxonomy,self-created,true,no_pii,valid,https://baochinhphu.vn/nhan-dien-24-hinh-thuc-lua-dao-truc-tuyen-cung-nhieu-hinh-thuc-dan-du-khac-nhau-102230703162727607.htm,UNCERTAIN_CONTEXT,Suspicious but not enough evidence; useful for medium risk behavior.
SELF_000193,SELF_SUSPICIOUS_0013,"Tin nhan bao chu co giao dich can xac nhan va yeu cau phan hoi som. Noi dung khong co logo chinh thuc, khong noi ro ngan hang nao va co kem mot duong dan rut gon. Truong hop nay chua chac la lua dao nhung khong nen bam link ngay.",SUSPICIOUS,UNKNOWN,MEDIUM,Có yêu cầu xác minh/cung cấp thông tin nhưng chưa đủ dữ kiện kết luận lừa đảo.,xác minh; thông tin cá nhân; trong hôm nay,Cần kiểm tra nguồn gửi. Không cung cấp thông tin nhạy cảm nếu chưa xác minh.,uncertainty; possible_social_engineering,privacy_leak,general,SOUTH,NO_DIACRITICS,self_created_long_context_based_on_public_warning_taxonomy,self-created,true,no_pii,valid,https://baochinhphu.vn/nhan-dien-24-hinh-thuc-lua-dao-truc-tuyen-cung-nhieu-hinh-thuc-dan-du-khac-nhau-102230703162727607.htm,UNCERTAIN_CONTEXT,Suspicious but not enough evidence; useful for medium risk behavior.
SELF_000194,SELF_SUSPICIOUS_0014,"Một người nhắn cho mệ nói hồ sơ tài khoản cần xác minh lại trong hôm nay. Họ chưa yêu cầu OTP hay chuyển tiền, nhưng đề nghị mệ chuẩn bị số căn cước và thông tin ngân hàng. Nội dung thiếu tên đơn vị rõ ràng nên cần kiểm tra lại nguồn gửi.",SUSPICIOUS,UNKNOWN,MEDIUM,Có yêu cầu xác minh/cung cấp thông tin nhưng chưa đủ dữ kiện kết luận lừa đảo.,xác minh; thông tin cá nhân; trong hôm nay,Cần kiểm tra nguồn gửi. Không cung cấp thông tin nhạy cảm nếu chưa xác minh.,uncertainty; possible_social_engineering,privacy_leak,general,CENTRAL,NONE,self_created_long_context_based_on_public_warning_taxonomy,self-created,true,no_pii,valid,https://baochinhphu.vn/nhan-dien-24-hinh-thuc-lua-dao-truc-tuyen-cung-nhieu-hinh-thuc-dan-du-khac-nhau-102230703162727607.htm,UNCERTAIN_CONTEXT,Suspicious but not enough evidence; useful for medium risk behavior.
SELF_000195,SELF_SUSPICIOUS_0015,"Tin nhắn báo chú có giao dịch cần xác nhận và yêu cầu phản hồi sớm. Nội dung không có logo chính thức, không nói rõ N.H nào và có kèm một đường dẫn rút gọn. Trường hợp này chưa chắc là lừa đảo nhưng không nên bấm link ngay. Mã tình huống tham khảo: SELF_000195.",SUSPICIOUS,UNKNOWN,MEDIUM,Có yêu cầu xác minh/cung cấp thông tin nhưng chưa đủ dữ kiện kết luận lừa đảo.,xác minh; thông tin cá nhân; trong hôm nay,Cần kiểm tra nguồn gửi. Không cung cấp thông tin nhạy cảm nếu chưa xác minh.,uncertainty; possible_social_engineering,privacy_leak,general,SOUTH,OBFUSCATION,self_created_long_context_based_on_public_warning_taxonomy,self-created,true,no_pii,valid,https://baochinhphu.vn/nhan-dien-24-hinh-thuc-lua-dao-truc-tuyen-cung-nhieu-hinh-thuc-dan-du-khac-nhau-102230703162727607.htm,UNCERTAIN_CONTEXT,Suspicious but not enough evidence; useful for medium risk behavior.
SELF_000196,SELF_SUSPICIOUS_0016,"Một tk mạng xã hội mới kết bạn với cô, hỏi thăm sức khỏe nhiều ngày rồi bắt đầu nói về một cơ hội đầu tư. Người này chưa yêu cầu ck nhưng liên tục hứa lợi nhuận cao. Cần theo dõi thêm trước khi kết luận.",SUSPICIOUS,UNKNOWN,MEDIUM,Có yêu cầu xác minh/cung cấp thông tin nhưng chưa đủ dữ kiện kết luận lừa đảo.,xác minh; thông tin cá nhân; trong hôm nay,Cần kiểm tra nguồn gửi. Không cung cấp thông tin nhạy cảm nếu chưa xác minh.,uncertainty; possible_social_engineering,privacy_leak,general,SOUTH,ABBREVIATION,self_created_long_context_based_on_public_warning_taxonomy,self-created,true,no_pii,valid,https://baochinhphu.vn/nhan-dien-24-hinh-thuc-lua-dao-truc-tuyen-cung-nhieu-hinh-thuc-dan-du-khac-nhau-102230703162727607.htm,UNCERTAIN_CONTEXT,Suspicious but not enough evidence; useful for medium risk behavior.
SELF_000197,SELF_SUSPICIOUS_0017,"Bài chia sẻ kể có nhân viên tự xưng bên dịch vụ khách hàng gọi đến, nói sẽ hỗ trợ cập nhật thông tin cho ba. Người này nói chuyện khá lịch sự nhưng dùng số lạ và không cung cấp được mã nhân viên. Chưa có yêu cầu tiền, nhưng có dấu hiệu cần cảnh giác. Mã tình huống tham khảo: SELF_000197.",SUSPICIOUS,UNKNOWN,MEDIUM,Có yêu cầu xác minh/cung cấp thông tin nhưng chưa đủ dữ kiện kết luận lừa đảo.,xác minh; thông tin cá nhân; trong hôm nay,Cần kiểm tra nguồn gửi. Không cung cấp thông tin nhạy cảm nếu chưa xác minh.,uncertainty; possible_social_engineering,privacy_leak,general,SOUTH,NONE,self_created_long_context_based_on_public_warning_taxonomy,self-created,true,no_pii,valid,https://baochinhphu.vn/nhan-dien-24-hinh-thuc-lua-dao-truc-tuyen-cung-nhieu-hinh-thuc-dan-du-khac-nhau-102230703162727607.htm,UNCERTAIN_CONTEXT,Suspicious but not enough evidence; useful for medium risk behavior.
SELF_000198,SELF_SUSPICIOUS_0018,"Tin nhan bao co co giao dich can xac nhan va yeu cau phan hoi som. Noi dung khong co logo chinh thuc, khong noi ro ngan hang nao va co kem mot duong dan rut gon. Truong hop nay chua chac la lua dao nhung khong nen bam link ngay.",SUSPICIOUS,UNKNOWN,MEDIUM,Có yêu cầu xác minh/cung cấp thông tin nhưng chưa đủ dữ kiện kết luận lừa đảo.,xác minh; thông tin cá nhân; trong hôm nay,Cần kiểm tra nguồn gửi. Không cung cấp thông tin nhạy cảm nếu chưa xác minh.,uncertainty; possible_social_engineering,privacy_leak,general,SOUTH,NO_DIACRITICS,self_created_long_context_based_on_public_warning_taxonomy,self-created,true,no_pii,valid,https://baochinhphu.vn/nhan-dien-24-hinh-thuc-lua-dao-truc-tuyen-cung-nhieu-hinh-thuc-dan-du-khac-nhau-102230703162727607.htm,UNCERTAIN_CONTEXT,Suspicious but not enough evidence; useful for medium risk behavior.
SELF_000199,SELF_SUSPICIOUS_0019,"Bài chia sẻ kể có nhân viên tự xưng bên dịch vụ khách hàng gọi đến, nói sẽ hỗ trợ cập nhật thông tin cho ba. Người này nói chuyện khá lịch sự nhưng dùng số lạ và không cung cấp được mã nhân viên. Chưa có yêu cầu tiền, nhưng có dấu hiệu cần cảnh giác. Mã tình huống tham khảo: SELF_000199.",SUSPICIOUS,UNKNOWN,MEDIUM,Có yêu cầu xác minh/cung cấp thông tin nhưng chưa đủ dữ kiện kết luận lừa đảo.,xác minh; thông tin cá nhân; trong hôm nay,Cần kiểm tra nguồn gửi. Không cung cấp thông tin nhạy cảm nếu chưa xác minh.,uncertainty; possible_social_engineering,privacy_leak,general,SOUTH,NONE,self_created_long_context_based_on_public_warning_taxonomy,self-created,true,no_pii,valid,https://baochinhphu.vn/nhan-dien-24-hinh-thuc-lua-dao-truc-tuyen-cung-nhieu-hinh-thuc-dan-du-khac-nhau-102230703162727607.htm,UNCERTAIN_CONTEXT,Suspicious but not enough evidence; useful for medium risk behavior.
SELF_000200,SELF_SUSPICIOUS_0020,"Có người mời chú tham gia chương trình nhận quà tri ân, nói sẽ gọi lại để hướng dẫn. Họ chưa yêu cầu đóng phí, nhưng hỏi tuổi, địa chỉ và số điện thoại người thân. Đây là tình huống nghi ngờ vì thu thập thông tin cá nhân. Mã tình huống tham khảo: SELF_000200.",SUSPICIOUS,UNKNOWN,MEDIUM,Có yêu cầu xác minh/cung cấp thông tin nhưng chưa đủ dữ kiện kết luận lừa đảo.,xác minh; thông tin cá nhân; trong hôm nay,Cần kiểm tra nguồn gửi. Không cung cấp thông tin nhạy cảm nếu chưa xác minh.,uncertainty; possible_social_engineering,privacy_leak,general,NORTH,OBFUSCATION,self_created_long_context_based_on_public_warning_taxonomy,self-created,true,no_pii,valid,https://baochinhphu.vn/nhan-dien-24-hinh-thuc-lua-dao-truc-tuyen-cung-nhieu-hinh-thuc-dan-du-khac-nhau-102230703162727607.htm,UNCERTAIN_CONTEXT,Suspicious but not enough evidence; useful for medium risk behavior.
SELF_000201,SELF_SUSPICIOUS_0021,"Một tài khoản mạng xã hội mới kết bạn với má, hỏi thăm sức khỏe nhiều ngày rồi bắt đầu nói về một cơ hội đầu tư. Người này chưa yêu cầu chuyển tiền nhưng liên tục hứa lợi nhuận cao. Cần theo dõi thêm trước khi kết luận.",SUSPICIOUS,UNKNOWN,MEDIUM,Có yêu cầu xác minh/cung cấp thông tin nhưng chưa đủ dữ kiện kết luận lừa đảo.,xác minh; thông tin cá nhân; trong hôm nay,Cần kiểm tra nguồn gửi. Không cung cấp thông tin nhạy cảm nếu chưa xác minh.,uncertainty; possible_social_engineering,privacy_leak,general,SOUTH,NONE,self_created_long_context_based_on_public_warning_taxonomy,self-created,true,no_pii,valid,https://baochinhphu.vn/nhan-dien-24-hinh-thuc-lua-dao-truc-tuyen-cung-nhieu-hinh-thuc-dan-du-khac-nhau-102230703162727607.htm,UNCERTAIN_CONTEXT,Suspicious but not enough evidence; useful for medium risk behavior.
SELF_000202,SELF_SUSPICIOUS_0022,"Mot tai khoan mang xa hoi moi ket ban voi co, hoi tham suc khoe nhieu ngay roi bat dau noi ve mot co hoi dau tu. Nguoi nay chua yeu cau chuyen tien nhung lien tuc hua loi nhuan cao. Can theo doi them truoc khi ket luan.",SUSPICIOUS,UNKNOWN,MEDIUM,Có yêu cầu xác minh/cung cấp thông tin nhưng chưa đủ dữ kiện kết luận lừa đảo.,xác minh; thông tin cá nhân; trong hôm nay,Cần kiểm tra nguồn gửi. Không cung cấp thông tin nhạy cảm nếu chưa xác minh.,uncertainty; possible_social_engineering,privacy_leak,general,NORTH,NO_DIACRITICS,self_created_long_context_based_on_public_warning_taxonomy,self-created,true,no_pii,valid,https://baochinhphu.vn/nhan-dien-24-hinh-thuc-lua-dao-truc-tuyen-cung-nhieu-hinh-thuc-dan-du-khac-nhau-102230703162727607.htm,UNCERTAIN_CONTEXT,Suspicious but not enough evidence; useful for medium risk behavior.
SELF_000203,SELF_SUSPICIOUS_0023,"Mot nguoi nhan cho me noi ho so tai khoang can xac mih lai trong hom nay. Ho chua yeu cau OTP hay chuyen tien, nhung de nghi me chuan bi so can cuoc va thong tin ngan hang. Noi dung thieu ten don vi ro rang nen can kiem tra lai nguon gui.",SUSPICIOUS,UNKNOWN,MEDIUM,Có yêu cầu xác minh/cung cấp thông tin nhưng chưa đủ dữ kiện kết luận lừa đảo.,xác minh; thông tin cá nhân; trong hôm nay,Cần kiểm tra nguồn gửi. Không cung cấp thông tin nhạy cảm nếu chưa xác minh.,uncertainty; possible_social_engineering,privacy_leak,general,CENTRAL,TYPO,self_created_long_context_based_on_public_warning_taxonomy,self-created,true,no_pii,valid,https://baochinhphu.vn/nhan-dien-24-hinh-thuc-lua-dao-truc-tuyen-cung-nhieu-hinh-thuc-dan-du-khac-nhau-102230703162727607.htm,UNCERTAIN_CONTEXT,Suspicious but not enough evidence; useful for medium risk behavior.
SELF_000204,SELF_SUSPICIOUS_0024,"Một t.khoản mạng xã hội mới kết bạn với bác, hỏi thăm sức khỏe nhiều ngày rồi bắt đầu nói về một cơ hội đầu tư. Người này chưa yêu cầu gửi khoản tiền nhưng liên tục hứa lợi nhuận cao. Cần theo dõi thêm trước khi kết luận.",SUSPICIOUS,UNKNOWN,MEDIUM,Có yêu cầu xác minh/cung cấp thông tin nhưng chưa đủ dữ kiện kết luận lừa đảo.,xác minh; thông tin cá nhân; trong hôm nay,Cần kiểm tra nguồn gửi. Không cung cấp thông tin nhạy cảm nếu chưa xác minh.,uncertainty; possible_social_engineering,privacy_leak,general,STANDARD,OBFUSCATION,self_created_long_context_based_on_public_warning_taxonomy,self-created,true,no_pii,valid,https://baochinhphu.vn/nhan-dien-24-hinh-thuc-lua-dao-truc-tuyen-cung-nhieu-hinh-thuc-dan-du-khac-nhau-102230703162727607.htm,UNCERTAIN_CONTEXT,Suspicious but not enough evidence; useful for medium risk behavior.
SELF_000205,SELF_SUSPICIOUS_0025,"Một tk mạng xã hội mới kết bạn với ba, hỏi thăm sức khỏe nhiều ngày rồi bắt đầu nói về một cơ hội đầu tư. Người này chưa yêu cầu ck nhưng liên tục hứa lợi nhuận cao. Cần theo dõi thêm trước khi kết luận.",SUSPICIOUS,UNKNOWN,MEDIUM,Có yêu cầu xác minh/cung cấp thông tin nhưng chưa đủ dữ kiện kết luận lừa đảo.,xác minh; thông tin cá nhân; trong hôm nay,Cần kiểm tra nguồn gửi. Không cung cấp thông tin nhạy cảm nếu chưa xác minh.,uncertainty; possible_social_engineering,privacy_leak,general,SOUTH,ABBREVIATION,self_created_long_context_based_on_public_warning_taxonomy,self-created,true,no_pii,valid,https://baochinhphu.vn/nhan-dien-24-hinh-thuc-lua-dao-truc-tuyen-cung-nhieu-hinh-thuc-dan-du-khac-nhau-102230703162727607.htm,UNCERTAIN_CONTEXT,Suspicious but not enough evidence; useful for medium risk behavior.
SELF_000206,SELF_SUSPICIOUS_0026,"Có người mời ba tham gia chương trình nhận quà tri ân, nói sẽ gọi lại để hướng dẫn. Họ chưa yêu cầu đóng phí, nhưng hỏi tuổi, địa chỉ và số điện thoại người thân. Đây là tình huống nghi ngờ vì thu thập thông tin cá nhân.",SUSPICIOUS,UNKNOWN,MEDIUM,Có yêu cầu xác minh/cung cấp thông tin nhưng chưa đủ dữ kiện kết luận lừa đảo.,xác minh; thông tin cá nhân; trong hôm nay,Cần kiểm tra nguồn gửi. Không cung cấp thông tin nhạy cảm nếu chưa xác minh.,uncertainty; possible_social_engineering,privacy_leak,general,SOUTH,ABBREVIATION,self_created_long_context_based_on_public_warning_taxonomy,self-created,true,no_pii,valid,https://baochinhphu.vn/nhan-dien-24-hinh-thuc-lua-dao-truc-tuyen-cung-nhieu-hinh-thuc-dan-du-khac-nhau-102230703162727607.htm,UNCERTAIN_CONTEXT,Suspicious but not enough evidence; useful for medium risk behavior.
SELF_000207,SELF_SUSPICIOUS_0027,"Tin nhắn báo o có giao dịch cần xác nhận và yêu cầu phản hồi sớm. Nội dung ko có logo chính thức, ko nói rõ NH nào và có kèm một đường dẫn rút gọn. Trường hợp này chưa chắc là lừa đảo nhưng ko nên bấm link ngay.",SUSPICIOUS,UNKNOWN,MEDIUM,Có yêu cầu xác minh/cung cấp thông tin nhưng chưa đủ dữ kiện kết luận lừa đảo.,xác minh; thông tin cá nhân; trong hôm nay,Cần kiểm tra nguồn gửi. Không cung cấp thông tin nhạy cảm nếu chưa xác minh.,uncertainty; possible_social_engineering,privacy_leak,general,CENTRAL,ABBREVIATION,self_created_long_context_based_on_public_warning_taxonomy,self-created,true,no_pii,valid,https://baochinhphu.vn/nhan-dien-24-hinh-thuc-lua-dao-truc-tuyen-cung-nhieu-hinh-thuc-dan-du-khac-nhau-102230703162727607.htm,UNCERTAIN_CONTEXT,Suspicious but not enough evidence; useful for medium risk behavior.
SELF_000208,SELF_SUSPICIOUS_0028,"Bài chia sẻ kể có nhân viên tự xưng bên dịch vụ khách hàng gọi đến, nói sẽ hỗ trợ cập nhật thông tin cho mệ. Người này nói chuyện khá lịch sự nhưng dùng số lạ và không cung cấp được mã nhân viên. Chưa có yêu cầu tiền, nhưng có dấu hiệu cần cảnh giác.",SUSPICIOUS,UNKNOWN,MEDIUM,Có yêu cầu xác minh/cung cấp thông tin nhưng chưa đủ dữ kiện kết luận lừa đảo.,xác minh; thông tin cá nhân; trong hôm nay,Cần kiểm tra nguồn gửi. Không cung cấp thông tin nhạy cảm nếu chưa xác minh.,uncertainty; possible_social_engineering,privacy_leak,general,CENTRAL,OBFUSCATION,self_created_long_context_based_on_public_warning_taxonomy,self-created,true,no_pii,valid,https://baochinhphu.vn/nhan-dien-24-hinh-thuc-lua-dao-truc-tuyen-cung-nhieu-hinh-thuc-dan-du-khac-nhau-102230703162727607.htm,UNCERTAIN_CONTEXT,Suspicious but not enough evidence; useful for medium risk behavior.
SELF_000209,SELF_SUSPICIOUS_0029,"Có người mời chú tham gia chương trình nhận quà tri ân, nói sẽ gọi lại để hướng dẫn. Họ chưa yêu cầu đóng phí, nhưng hỏi tuổi, địa chỉ và số điện thoại người thân. Đây là tình huống nghi ngờ vì thu thập thông tin cá nhân. Mã tình huống tham khảo: SELF_000209.",SUSPICIOUS,UNKNOWN,MEDIUM,Có yêu cầu xác minh/cung cấp thông tin nhưng chưa đủ dữ kiện kết luận lừa đảo.,xác minh; thông tin cá nhân; trong hôm nay,Cần kiểm tra nguồn gửi. Không cung cấp thông tin nhạy cảm nếu chưa xác minh.,uncertainty; possible_social_engineering,privacy_leak,general,NORTH,NONE,self_created_long_context_based_on_public_warning_taxonomy,self-created,true,no_pii,valid,https://baochinhphu.vn/nhan-dien-24-hinh-thuc-lua-dao-truc-tuyen-cung-nhieu-hinh-thuc-dan-du-khac-nhau-102230703162727607.htm,UNCERTAIN_CONTEXT,Suspicious but not enough evidence; useful for medium risk behavior.
SELF_000210,SELF_SUSPICIOUS_0030,"Bai chia se ke co nhan vien tu xung ben dich vu khach hang goi den, noi se ho tro cap nhat thong tin cho chu. Nguoi nay noi chuyen kha lich su nhung dung so la va khong cung cap duoc ma nhan vien. Chua co yeu cau tien, nhung co dau hieu can canh giac.",SUSPICIOUS,UNKNOWN,MEDIUM,Có yêu cầu xác minh/cung cấp thông tin nhưng chưa đủ dữ kiện kết luận lừa đảo.,xác minh; thông tin cá nhân; trong hôm nay,Cần kiểm tra nguồn gửi. Không cung cấp thông tin nhạy cảm nếu chưa xác minh.,uncertainty; possible_social_engineering,privacy_leak,general,STANDARD,TYPO,self_created_long_context_based_on_public_warning_taxonomy,self-created,true,no_pii,valid,https://baochinhphu.vn/nhan-dien-24-hinh-thuc-lua-dao-truc-tuyen-cung-nhieu-hinh-thuc-dan-du-khac-nhau-102230703162727607.htm,UNCERTAIN_CONTEXT,Suspicious but not enough evidence; useful for medium risk behavior.
SELF_000211,SELF_SUSPICIOUS_0031,"Mot tai khoan mang xa hoi moi ket ban voi bac, hoi tham suc khoe nhieu ngay roi bat dau noi ve mot co hoi dau tu. Nguoi nay chua yeu cau chuyen tien nhung lien tuc hua loi nhuan cao. Can theo doi them truoc khi ket luan.",SUSPICIOUS,UNKNOWN,MEDIUM,Có yêu cầu xác minh/cung cấp thông tin nhưng chưa đủ dữ kiện kết luận lừa đảo.,xác minh; thông tin cá nhân; trong hôm nay,Cần kiểm tra nguồn gửi. Không cung cấp thông tin nhạy cảm nếu chưa xác minh.,uncertainty; possible_social_engineering,privacy_leak,general,STANDARD,NO_DIACRITICS,self_created_long_context_based_on_public_warning_taxonomy,self-created,true,no_pii,valid,https://baochinhphu.vn/nhan-dien-24-hinh-thuc-lua-dao-truc-tuyen-cung-nhieu-hinh-thuc-dan-du-khac-nhau-102230703162727607.htm,UNCERTAIN_CONTEXT,Suspicious but not enough evidence; useful for medium risk behavior.
SELF_000212,SELF_SUSPICIOUS_0032,"Tin nhắn báo o có giao dịch cần xác nhận và yêu cầu phản hồi sớm. Nội dung không có logo chính thức, không nói rõ N.H nào và có kèm một đường dẫn rút gọn. Trường hợp này chưa chắc là lừa đảo nhưng không nên bấm link ngay.",SUSPICIOUS,UNKNOWN,MEDIUM,Có yêu cầu xác minh/cung cấp thông tin nhưng chưa đủ dữ kiện kết luận lừa đảo.,xác minh; thông tin cá nhân; trong hôm nay,Cần kiểm tra nguồn gửi. Không cung cấp thông tin nhạy cảm nếu chưa xác minh.,uncertainty; possible_social_engineering,privacy_leak,general,CENTRAL,OBFUSCATION,self_created_long_context_based_on_public_warning_taxonomy,self-created,true,no_pii,valid,https://baochinhphu.vn/nhan-dien-24-hinh-thuc-lua-dao-truc-tuyen-cung-nhieu-hinh-thuc-dan-du-khac-nhau-102230703162727607.htm,UNCERTAIN_CONTEXT,Suspicious but not enough evidence; useful for medium risk behavior.
SELF_000213,SELF_SUSPICIOUS_0033,"Bai chia se ke co nhan vien tu xung ben dich vu khach hang goi den, noi se ho tro cap nhat thong tin cho chu. Nguoi nay noi chuyen kha lich su nhung dung so la va khong cung cap duoc ma nhan vien. Chua co yeu cau tien, nhung co dau hieu can canh giac. Mã tình huống tham khảo: SELF_000213.",SUSPICIOUS,UNKNOWN,MEDIUM,Có yêu cầu xác minh/cung cấp thông tin nhưng chưa đủ dữ kiện kết luận lừa đảo.,xác minh; thông tin cá nhân; trong hôm nay,Cần kiểm tra nguồn gửi. Không cung cấp thông tin nhạy cảm nếu chưa xác minh.,uncertainty; possible_social_engineering,privacy_leak,general,STANDARD,TYPO,self_created_long_context_based_on_public_warning_taxonomy,self-created,true,no_pii,valid,https://baochinhphu.vn/nhan-dien-24-hinh-thuc-lua-dao-truc-tuyen-cung-nhieu-hinh-thuc-dan-du-khac-nhau-102230703162727607.htm,UNCERTAIN_CONTEXT,Suspicious but not enough evidence; useful for medium risk behavior.
SELF_000214,SELF_SUSPICIOUS_0034,"Một người nhắn cho cô nói hồ sơ tk cần xm lại trong hôm nay. Họ chưa yêu cầu OTP hay ck, nhưng đề nghị cô chuẩn bị số căn cước và thông tin NH. Nội dung thiếu tên đơn vị rõ ràng nên cần kiểm tra lại nguồn gửi.",SUSPICIOUS,UNKNOWN,MEDIUM,Có yêu cầu xác minh/cung cấp thông tin nhưng chưa đủ dữ kiện kết luận lừa đảo.,xác minh; thông tin cá nhân; trong hôm nay,Cần kiểm tra nguồn gửi. Không cung cấp thông tin nhạy cảm nếu chưa xác minh.,uncertainty; possible_social_engineering,privacy_leak,general,SOUTH,ABBREVIATION,self_created_long_context_based_on_public_warning_taxonomy,self-created,true,no_pii,valid,https://baochinhphu.vn/nhan-dien-24-hinh-thuc-lua-dao-truc-tuyen-cung-nhieu-hinh-thuc-dan-du-khac-nhau-102230703162727607.htm,UNCERTAIN_CONTEXT,Suspicious but not enough evidence; useful for medium risk behavior.
SELF_000215,SELF_SUSPICIOUS_0035,"Tin nhắn báo cô có giao dịch cần xác nhận và yêu cầu phản hồi sớm. Nội dung ko có logo chính thức, ko nói rõ NH nào và có kèm một đường dẫn rút gọn. Trường hợp này chưa chắc là lừa đảo nhưng ko nên bấm link ngay.",SUSPICIOUS,UNKNOWN,MEDIUM,Có yêu cầu xác minh/cung cấp thông tin nhưng chưa đủ dữ kiện kết luận lừa đảo.,xác minh; thông tin cá nhân; trong hôm nay,Cần kiểm tra nguồn gửi. Không cung cấp thông tin nhạy cảm nếu chưa xác minh.,uncertainty; possible_social_engineering,privacy_leak,general,STANDARD,ABBREVIATION,self_created_long_context_based_on_public_warning_taxonomy,self-created,true,no_pii,valid,https://baochinhphu.vn/nhan-dien-24-hinh-thuc-lua-dao-truc-tuyen-cung-nhieu-hinh-thuc-dan-du-khac-nhau-102230703162727607.htm,UNCERTAIN_CONTEXT,Suspicious but not enough evidence; useful for medium risk behavior.
SELF_000216,SELF_SUSPICIOUS_0036,"Mot nguoi nhan cho me noi ho so tai khoan can xac minh lai trong hom nay. Ho chua yeu cau OTP hay chuyen tien, nhung de nghi me chuan bi so can cuoc va thong tin ngan hang. Noi dung thieu ten don vi ro rang nen can kiem tra lai nguon gui.",SUSPICIOUS,UNKNOWN,MEDIUM,Có yêu cầu xác minh/cung cấp thông tin nhưng chưa đủ dữ kiện kết luận lừa đảo.,xác minh; thông tin cá nhân; trong hôm nay,Cần kiểm tra nguồn gửi. Không cung cấp thông tin nhạy cảm nếu chưa xác minh.,uncertainty; possible_social_engineering,privacy_leak,general,CENTRAL,NO_DIACRITICS,self_created_long_context_based_on_public_warning_taxonomy,self-created,true,no_pii,valid,https://baochinhphu.vn/nhan-dien-24-hinh-thuc-lua-dao-truc-tuyen-cung-nhieu-hinh-thuc-dan-du-khac-nhau-102230703162727607.htm,UNCERTAIN_CONTEXT,Suspicious but not enough evidence; useful for medium risk behavior.
SELF_000217,SELF_SUSPICIOUS_0037,"Tin nhắn báo ba có giao dịch cần xác nhận và yêu cầu phản hồi sớm. Nội dung ko có logo chính thức, ko nói rõ NH nào và có kèm một đường dẫn rút gọn. Trường hợp này chưa chắc là lừa đảo nhưng ko nên bấm link ngay.",SUSPICIOUS,UNKNOWN,MEDIUM,Có yêu cầu xác minh/cung cấp thông tin nhưng chưa đủ dữ kiện kết luận lừa đảo.,xác minh; thông tin cá nhân; trong hôm nay,Cần kiểm tra nguồn gửi. Không cung cấp thông tin nhạy cảm nếu chưa xác minh.,uncertainty; possible_social_engineering,privacy_leak,general,SOUTH,ABBREVIATION,self_created_long_context_based_on_public_warning_taxonomy,self-created,true,no_pii,valid,https://baochinhphu.vn/nhan-dien-24-hinh-thuc-lua-dao-truc-tuyen-cung-nhieu-hinh-thuc-dan-du-khac-nhau-102230703162727607.htm,UNCERTAIN_CONTEXT,Suspicious but not enough evidence; useful for medium risk behavior.
SELF_000218,SELF_SUSPICIOUS_0038,"Một người nhắn cho bác nói hồ sơ tài khoản cần xác minh lại trong hôm nay. Họ chưa yêu cầu OTP hay chuyển tiền, nhưng đề nghị bác chuẩn bị số căn cước và thông tin ngân hàng. Nội dung thiếu tên đơn vị rõ ràng nên cần kiểm tra lại nguồn gửi.",SUSPICIOUS,UNKNOWN,MEDIUM,Có yêu cầu xác minh/cung cấp thông tin nhưng chưa đủ dữ kiện kết luận lừa đảo.,xác minh; thông tin cá nhân; trong hôm nay,Cần kiểm tra nguồn gửi. Không cung cấp thông tin nhạy cảm nếu chưa xác minh.,uncertainty; possible_social_engineering,privacy_leak,general,CENTRAL,NONE,self_created_long_context_based_on_public_warning_taxonomy,self-created,true,no_pii,valid,https://baochinhphu.vn/nhan-dien-24-hinh-thuc-lua-dao-truc-tuyen-cung-nhieu-hinh-thuc-dan-du-khac-nhau-102230703162727607.htm,UNCERTAIN_CONTEXT,Suspicious but not enough evidence; useful for medium risk behavior.
SELF_000219,SELF_SUSPICIOUS_0039,"Một người nhắn cho chú nói hồ sơ tk cần xm lại trong hôm nay. Họ chưa yêu cầu OTP hay ck, nhưng đề nghị chú chuẩn bị số căn cước và thông tin NH. Nội dung thiếu tên đơn vị rõ ràng nên cần kiểm tra lại nguồn gửi.",SUSPICIOUS,UNKNOWN,MEDIUM,Có yêu cầu xác minh/cung cấp thông tin nhưng chưa đủ dữ kiện kết luận lừa đảo.,xác minh; thông tin cá nhân; trong hôm nay,Cần kiểm tra nguồn gửi. Không cung cấp thông tin nhạy cảm nếu chưa xác minh.,uncertainty; possible_social_engineering,privacy_leak,general,NORTH,ABBREVIATION,self_created_long_context_based_on_public_warning_taxonomy,self-created,true,no_pii,valid,https://baochinhphu.vn/nhan-dien-24-hinh-thuc-lua-dao-truc-tuyen-cung-nhieu-hinh-thuc-dan-du-khac-nhau-102230703162727607.htm,UNCERTAIN_CONTEXT,Suspicious but not enough evidence; useful for medium risk behavior.
SELF_000220,SELF_SUSPICIOUS_0040,"Bài chia sẻ kể có nhân viên tự xưng bên dịch vụ khách hàng gọi đến, nói sẽ hỗ trợ cập nhật thông tin cho bác. Người này nói chuyện khá lịch sự nhưng dùng số lạ và không cung cấp được mã nhân viên. Chưa có yêu cầu tiền, nhưng có dấu hiệu cần cảnh giác.",SUSPICIOUS,UNKNOWN,MEDIUM,Có yêu cầu xác minh/cung cấp thông tin nhưng chưa đủ dữ kiện kết luận lừa đảo.,xác minh; thông tin cá nhân; trong hôm nay,Cần kiểm tra nguồn gửi. Không cung cấp thông tin nhạy cảm nếu chưa xác minh.,uncertainty; possible_social_engineering,privacy_leak,general,NORTH,OBFUSCATION,self_created_long_context_based_on_public_warning_taxonomy,self-created,true,no_pii,valid,https://baochinhphu.vn/nhan-dien-24-hinh-thuc-lua-dao-truc-tuyen-cung-nhieu-hinh-thuc-dan-du-khac-nhau-102230703162727607.htm,UNCERTAIN_CONTEXT,Suspicious but not enough evidence; useful for medium risk behavior.
SELF_000221,SELF_SUSPICIOUS_0041,"Bài chia sẻ kể có nhân viên tự xưng bên dịch vụ khách hàng gọi đến, nói sẽ hỗ trợ cập nhật thông tin cho má. Người này nói chuyện khá lịch sự nhưng dùng số lạ và không cung cấp được mã nhân viên. Chưa có yêu cầu tiền, nhưng có dấu hiệu cần cảnh giác. Mã tình huống tham khảo: SELF_000221.",SUSPICIOUS,UNKNOWN,MEDIUM,Có yêu cầu xác minh/cung cấp thông tin nhưng chưa đủ dữ kiện kết luận lừa đảo.,xác minh; thông tin cá nhân; trong hôm nay,Cần kiểm tra nguồn gửi. Không cung cấp thông tin nhạy cảm nếu chưa xác minh.,uncertainty; possible_social_engineering,privacy_leak,general,SOUTH,NONE,self_created_long_context_based_on_public_warning_taxonomy,self-created,true,no_pii,valid,https://baochinhphu.vn/nhan-dien-24-hinh-thuc-lua-dao-truc-tuyen-cung-nhieu-hinh-thuc-dan-du-khac-nhau-102230703162727607.htm,UNCERTAIN_CONTEXT,Suspicious but not enough evidence; useful for medium risk behavior.
SELF_000222,SELF_SUSPICIOUS_0042,"Mot nguoi nhan cho co noi ho so tai khoang can xac mih lai trong hom nay. Ho chua yeu cau OTP hay chuyen tien, nhung de nghi co chuan bi so can cuoc va thong tin ngan hang. Noi dung thieu ten don vi ro rang nen can kiem tra lai nguon gui.",SUSPICIOUS,UNKNOWN,MEDIUM,Có yêu cầu xác minh/cung cấp thông tin nhưng chưa đủ dữ kiện kết luận lừa đảo.,xác minh; thông tin cá nhân; trong hôm nay,Cần kiểm tra nguồn gửi. Không cung cấp thông tin nhạy cảm nếu chưa xác minh.,uncertainty; possible_social_engineering,privacy_leak,general,NORTH,TYPO,self_created_long_context_based_on_public_warning_taxonomy,self-created,true,no_pii,valid,https://baochinhphu.vn/nhan-dien-24-hinh-thuc-lua-dao-truc-tuyen-cung-nhieu-hinh-thuc-dan-du-khac-nhau-102230703162727607.htm,UNCERTAIN_CONTEXT,Suspicious but not enough evidence; useful for medium risk behavior.
SELF_000223,SELF_SUSPICIOUS_0043,"Mot tai khoang mang xa hoi moi ket ban voi bac, hoi tham suc khoe nhieu ngay roi bat dau noi ve mot co hoi dau tu. Nguoi nay chua yeu cau chuyen tien nhung lien tuc hua loi nhuan cao. Can theo doi them truoc khi ket luan.",SUSPICIOUS,UNKNOWN,MEDIUM,Có yêu cầu xác minh/cung cấp thông tin nhưng chưa đủ dữ kiện kết luận lừa đảo.,xác minh; thông tin cá nhân; trong hôm nay,Cần kiểm tra nguồn gửi. Không cung cấp thông tin nhạy cảm nếu chưa xác minh.,uncertainty; possible_social_engineering,privacy_leak,general,NORTH,TYPO,self_created_long_context_based_on_public_warning_taxonomy,self-created,true,no_pii,valid,https://baochinhphu.vn/nhan-dien-24-hinh-thuc-lua-dao-truc-tuyen-cung-nhieu-hinh-thuc-dan-du-khac-nhau-102230703162727607.htm,UNCERTAIN_CONTEXT,Suspicious but not enough evidence; useful for medium risk behavior.
SELF_000224,SELF_SUSPICIOUS_0044,"Có người mời cô tham gia chương trình nhận quà tri ân, nói sẽ gọi lại để hướng dẫn. Họ chưa yêu cầu đóng phí, nhưng hỏi tuổi, địa chỉ và số điện thoại người thân. Đây là tình huống nghi ngờ vì thu thập thông tin cá nhân.",SUSPICIOUS,UNKNOWN,MEDIUM,Có yêu cầu xác minh/cung cấp thông tin nhưng chưa đủ dữ kiện kết luận lừa đảo.,xác minh; thông tin cá nhân; trong hôm nay,Cần kiểm tra nguồn gửi. Không cung cấp thông tin nhạy cảm nếu chưa xác minh.,uncertainty; possible_social_engineering,privacy_leak,general,SOUTH,NONE,self_created_long_context_based_on_public_warning_taxonomy,self-created,true,no_pii,valid,https://baochinhphu.vn/nhan-dien-24-hinh-thuc-lua-dao-truc-tuyen-cung-nhieu-hinh-thuc-dan-du-khac-nhau-102230703162727607.htm,UNCERTAIN_CONTEXT,Suspicious but not enough evidence; useful for medium risk behavior.
SELF_000225,SELF_SUSPICIOUS_0045,"Tin nhắn báo cô có giao dịch cần xác nhận và yêu cầu phản hồi sớm. Nội dung không có logo chính thức, không nói rõ N.H nào và có kèm một đường dẫn rút gọn. Trường hợp này chưa chắc là lừa đảo nhưng không nên bấm link ngay.",SUSPICIOUS,UNKNOWN,MEDIUM,Có yêu cầu xác minh/cung cấp thông tin nhưng chưa đủ dữ kiện kết luận lừa đảo.,xác minh; thông tin cá nhân; trong hôm nay,Cần kiểm tra nguồn gửi. Không cung cấp thông tin nhạy cảm nếu chưa xác minh.,uncertainty; possible_social_engineering,privacy_leak,general,NORTH,OBFUSCATION,self_created_long_context_based_on_public_warning_taxonomy,self-created,true,no_pii,valid,https://baochinhphu.vn/nhan-dien-24-hinh-thuc-lua-dao-truc-tuyen-cung-nhieu-hinh-thuc-dan-du-khac-nhau-102230703162727607.htm,UNCERTAIN_CONTEXT,Suspicious but not enough evidence; useful for medium risk behavior.
SELF_000226,SELF_SUSPICIOUS_0046,"Mot nguoi nhan cho chu noi ho so tai khoan can xac minh lai trong hom nay. Ho chua yeu cau OTP hay chuyen tien, nhung de nghi chu chuan bi so can cuoc va thong tin ngan hang. Noi dung thieu ten don vi ro rang nen can kiem tra lai nguon gui.",SUSPICIOUS,UNKNOWN,MEDIUM,Có yêu cầu xác minh/cung cấp thông tin nhưng chưa đủ dữ kiện kết luận lừa đảo.,xác minh; thông tin cá nhân; trong hôm nay,Cần kiểm tra nguồn gửi. Không cung cấp thông tin nhạy cảm nếu chưa xác minh.,uncertainty; possible_social_engineering,privacy_leak,general,SOUTH,NO_DIACRITICS,self_created_long_context_based_on_public_warning_taxonomy,self-created,true,no_pii,valid,https://baochinhphu.vn/nhan-dien-24-hinh-thuc-lua-dao-truc-tuyen-cung-nhieu-hinh-thuc-dan-du-khac-nhau-102230703162727607.htm,UNCERTAIN_CONTEXT,Suspicious but not enough evidence; useful for medium risk behavior.
SELF_000227,SELF_SUSPICIOUS_0047,"Tin nhắn báo chú có giao dịch cần xác nhận và yêu cầu phản hồi sớm. Nội dung không có logo chính thức, không nói rõ ngân hàng nào và có kèm một đường dẫn rút gọn. Trường hợp này chưa chắc là lừa đảo nhưng không nên bấm link ngay.",SUSPICIOUS,UNKNOWN,MEDIUM,Có yêu cầu xác minh/cung cấp thông tin nhưng chưa đủ dữ kiện kết luận lừa đảo.,xác minh; thông tin cá nhân; trong hôm nay,Cần kiểm tra nguồn gửi. Không cung cấp thông tin nhạy cảm nếu chưa xác minh.,uncertainty; possible_social_engineering,privacy_leak,general,NORTH,NONE,self_created_long_context_based_on_public_warning_taxonomy,self-created,true,no_pii,valid,https://baochinhphu.vn/nhan-dien-24-hinh-thuc-lua-dao-truc-tuyen-cung-nhieu-hinh-thuc-dan-du-khac-nhau-102230703162727607.htm,UNCERTAIN_CONTEXT,Suspicious but not enough evidence; useful for medium risk behavior.
SELF_000228,SELF_SUSPICIOUS_0048,"Tin nhắn báo bác có giao dịch cần xác nhận và yêu cầu phản hồi sớm. Nội dung không có logo chính thức, không nói rõ N.H nào và có kèm một đường dẫn rút gọn. Trường hợp này chưa chắc là lừa đảo nhưng không nên bấm link ngay.",SUSPICIOUS,UNKNOWN,MEDIUM,Có yêu cầu xác minh/cung cấp thông tin nhưng chưa đủ dữ kiện kết luận lừa đảo.,xác minh; thông tin cá nhân; trong hôm nay,Cần kiểm tra nguồn gửi. Không cung cấp thông tin nhạy cảm nếu chưa xác minh.,uncertainty; possible_social_engineering,privacy_leak,general,CENTRAL,OBFUSCATION,self_created_long_context_based_on_public_warning_taxonomy,self-created,true,no_pii,valid,https://baochinhphu.vn/nhan-dien-24-hinh-thuc-lua-dao-truc-tuyen-cung-nhieu-hinh-thuc-dan-du-khac-nhau-102230703162727607.htm,UNCERTAIN_CONTEXT,Suspicious but not enough evidence; useful for medium risk behavior.
SELF_000229,SELF_SUSPICIOUS_0049,"Một người nhắn cho cô nói hồ sơ tk cần xm lại trong hôm nay. Họ chưa yêu cầu OTP hay ck, nhưng đề nghị cô chuẩn bị số căn cước và thông tin NH. Nội dung thiếu tên đơn vị rõ ràng nên cần kiểm tra lại nguồn gửi. Mã tình huống tham khảo: SELF_000229.",SUSPICIOUS,UNKNOWN,MEDIUM,Có yêu cầu xác minh/cung cấp thông tin nhưng chưa đủ dữ kiện kết luận lừa đảo.,xác minh; thông tin cá nhân; trong hôm nay,Cần kiểm tra nguồn gửi. Không cung cấp thông tin nhạy cảm nếu chưa xác minh.,uncertainty; possible_social_engineering,privacy_leak,general,SOUTH,ABBREVIATION,self_created_long_context_based_on_public_warning_taxonomy,self-created,true,no_pii,valid,https://baochinhphu.vn/nhan-dien-24-hinh-thuc-lua-dao-truc-tuyen-cung-nhieu-hinh-thuc-dan-du-khac-nhau-102230703162727607.htm,UNCERTAIN_CONTEXT,Suspicious but not enough evidence; useful for medium risk behavior.
SELF_000230,SELF_SUSPICIOUS_0050,"Tin nhắn báo cô có giao dịch cần xác nhận và yêu cầu phản hồi sớm. Nội dung ko có logo chính thức, ko nói rõ NH nào và có kèm một đường dẫn rút gọn. Trường hợp này chưa chắc là lừa đảo nhưng ko nên bấm link ngay. Mã tình huống tham khảo: SELF_000230.",SUSPICIOUS,UNKNOWN,MEDIUM,Có yêu cầu xác minh/cung cấp thông tin nhưng chưa đủ dữ kiện kết luận lừa đảo.,xác minh; thông tin cá nhân; trong hôm nay,Cần kiểm tra nguồn gửi. Không cung cấp thông tin nhạy cảm nếu chưa xác minh.,uncertainty; possible_social_engineering,privacy_leak,general,STANDARD,ABBREVIATION,self_created_long_context_based_on_public_warning_taxonomy,self-created,true,no_pii,valid,https://baochinhphu.vn/nhan-dien-24-hinh-thuc-lua-dao-truc-tuyen-cung-nhieu-hinh-thuc-dan-du-khac-nhau-102230703162727607.htm,UNCERTAIN_CONTEXT,Suspicious but not enough evidence; useful for medium risk behavior.
SELF_000231,SELF_SUSPICIOUS_0051,"Bai chia se ke co nhan vien tu xung ben dich vu khach hang goi den, noi se ho tro cap nhat thong tin cho me. Nguoi nay noi chuyen kha lich su nhung dung so la va khong cung cap duoc ma nhan vien. Chua co yeu cau tien, nhung co dau hieu can canh giac.",SUSPICIOUS,UNKNOWN,MEDIUM,Có yêu cầu xác minh/cung cấp thông tin nhưng chưa đủ dữ kiện kết luận lừa đảo.,xác minh; thông tin cá nhân; trong hôm nay,Cần kiểm tra nguồn gửi. Không cung cấp thông tin nhạy cảm nếu chưa xác minh.,uncertainty; possible_social_engineering,privacy_leak,general,CENTRAL,TYPO,self_created_long_context_based_on_public_warning_taxonomy,self-created,true,no_pii,valid,https://baochinhphu.vn/nhan-dien-24-hinh-thuc-lua-dao-truc-tuyen-cung-nhieu-hinh-thuc-dan-du-khac-nhau-102230703162727607.htm,UNCERTAIN_CONTEXT,Suspicious but not enough evidence; useful for medium risk behavior.
SELF_000232,SELF_SUSPICIOUS_0052,"Một người nhắn cho o nói hồ sơ tài khoản cần xác minh lại trong hôm nay. Họ chưa yêu cầu OTP hay chuyển tiền, nhưng đề nghị o chuẩn bị số căn cước và thông tin ngân hàng. Nội dung thiếu tên đơn vị rõ ràng nên cần kiểm tra lại nguồn gửi.",SUSPICIOUS,UNKNOWN,MEDIUM,Có yêu cầu xác minh/cung cấp thông tin nhưng chưa đủ dữ kiện kết luận lừa đảo.,xác minh; thông tin cá nhân; trong hôm nay,Cần kiểm tra nguồn gửi. Không cung cấp thông tin nhạy cảm nếu chưa xác minh.,uncertainty; possible_social_engineering,privacy_leak,general,CENTRAL,NONE,self_created_long_context_based_on_public_warning_taxonomy,self-created,true,no_pii,valid,https://baochinhphu.vn/nhan-dien-24-hinh-thuc-lua-dao-truc-tuyen-cung-nhieu-hinh-thuc-dan-du-khac-nhau-102230703162727607.htm,UNCERTAIN_CONTEXT,Suspicious but not enough evidence; useful for medium risk behavior.
SELF_000233,SELF_SUSPICIOUS_0053,"Tin nhắn báo bác có giao dịch cần xác nhận và yêu cầu phản hồi sớm. Nội dung không có logo chính thức, không nói rõ ngân hàng nào và có kèm một đường dẫn rút gọn. Trường hợp này chưa chắc là lừa đảo nhưng không nên bấm link ngay. Mã tình huống tham khảo: SELF_000233.",SUSPICIOUS,UNKNOWN,MEDIUM,Có yêu cầu xác minh/cung cấp thông tin nhưng chưa đủ dữ kiện kết luận lừa đảo.,xác minh; thông tin cá nhân; trong hôm nay,Cần kiểm tra nguồn gửi. Không cung cấp thông tin nhạy cảm nếu chưa xác minh.,uncertainty; possible_social_engineering,privacy_leak,general,NORTH,NONE,self_created_long_context_based_on_public_warning_taxonomy,self-created,true,no_pii,valid,https://baochinhphu.vn/nhan-dien-24-hinh-thuc-lua-dao-truc-tuyen-cung-nhieu-hinh-thuc-dan-du-khac-nhau-102230703162727607.htm,UNCERTAIN_CONTEXT,Suspicious but not enough evidence; useful for medium risk behavior.
SELF_000234,SELF_SUSPICIOUS_0054,"Bai chia se ke co nhan vien tu xung ben dich vu khach hang goi den, noi se ho tro cap nhat thong tin cho chu. Nguoi nay noi chuyen kha lich su nhung dung so la va khong cung cap duoc ma nhan vien. Chua co yeu cau tien, nhung co dau hieu can canh giac. Mã tình huống tham khảo: SELF_000234.",SUSPICIOUS,UNKNOWN,MEDIUM,Có yêu cầu xác minh/cung cấp thông tin nhưng chưa đủ dữ kiện kết luận lừa đảo.,xác minh; thông tin cá nhân; trong hôm nay,Cần kiểm tra nguồn gửi. Không cung cấp thông tin nhạy cảm nếu chưa xác minh.,uncertainty; possible_social_engineering,privacy_leak,general,STANDARD,TYPO,self_created_long_context_based_on_public_warning_taxonomy,self-created,true,no_pii,valid,https://baochinhphu.vn/nhan-dien-24-hinh-thuc-lua-dao-truc-tuyen-cung-nhieu-hinh-thuc-dan-du-khac-nhau-102230703162727607.htm,UNCERTAIN_CONTEXT,Suspicious but not enough evidence; useful for medium risk behavior.
SELF_000235,SELF_SUSPICIOUS_0055,"Một người nhắn cho cô nói hồ sơ tài khoản cần xác minh lại trong hôm nay. Họ chưa yêu cầu OTP hay chuyển tiền, nhưng đề nghị cô chuẩn bị số căn cước và thông tin ngân hàng. Nội dung thiếu tên đơn vị rõ ràng nên cần kiểm tra lại nguồn gửi.",SUSPICIOUS,UNKNOWN,MEDIUM,Có yêu cầu xác minh/cung cấp thông tin nhưng chưa đủ dữ kiện kết luận lừa đảo.,xác minh; thông tin cá nhân; trong hôm nay,Cần kiểm tra nguồn gửi. Không cung cấp thông tin nhạy cảm nếu chưa xác minh.,uncertainty; possible_social_engineering,privacy_leak,general,SOUTH,NONE,self_created_long_context_based_on_public_warning_taxonomy,self-created,true,no_pii,valid,https://baochinhphu.vn/nhan-dien-24-hinh-thuc-lua-dao-truc-tuyen-cung-nhieu-hinh-thuc-dan-du-khac-nhau-102230703162727607.htm,UNCERTAIN_CONTEXT,Suspicious but not enough evidence; useful for medium risk behavior.
SELF_000236,SELF_SUSPICIOUS_0056,"Một người nhắn cho bác nói hồ sơ tài khoản cần xác minh lại trong hôm nay. Họ chưa yêu cầu OTP hay chuyển tiền, nhưng đề nghị bác chuẩn bị số căn cước và thông tin ngân hàng. Nội dung thiếu tên đơn vị rõ ràng nên cần kiểm tra lại nguồn gửi. Mã tình huống tham khảo: SELF_000236.",SUSPICIOUS,UNKNOWN,MEDIUM,Có yêu cầu xác minh/cung cấp thông tin nhưng chưa đủ dữ kiện kết luận lừa đảo.,xác minh; thông tin cá nhân; trong hôm nay,Cần kiểm tra nguồn gửi. Không cung cấp thông tin nhạy cảm nếu chưa xác minh.,uncertainty; possible_social_engineering,privacy_leak,general,STANDARD,NONE,self_created_long_context_based_on_public_warning_taxonomy,self-created,true,no_pii,valid,https://baochinhphu.vn/nhan-dien-24-hinh-thuc-lua-dao-truc-tuyen-cung-nhieu-hinh-thuc-dan-du-khac-nhau-102230703162727607.htm,UNCERTAIN_CONTEXT,Suspicious but not enough evidence; useful for medium risk behavior.
SELF_000237,SELF_SUSPICIOUS_0057,"Tin nhan bao bac co giao dich can xac nhan va yeu cau phan hoi som. Noi dung khong co logo chinh thuc, khong noi ro ngan hang nao va co kem mot duong dan rut gon. Truong hop nay chua chac la lua dao nhung khong nen bam link ngay.",SUSPICIOUS,UNKNOWN,MEDIUM,Có yêu cầu xác minh/cung cấp thông tin nhưng chưa đủ dữ kiện kết luận lừa đảo.,xác minh; thông tin cá nhân; trong hôm nay,Cần kiểm tra nguồn gửi. Không cung cấp thông tin nhạy cảm nếu chưa xác minh.,uncertainty; possible_social_engineering,privacy_leak,general,STANDARD,NO_DIACRITICS,self_created_long_context_based_on_public_warning_taxonomy,self-created,true,no_pii,valid,https://baochinhphu.vn/nhan-dien-24-hinh-thuc-lua-dao-truc-tuyen-cung-nhieu-hinh-thuc-dan-du-khac-nhau-102230703162727607.htm,UNCERTAIN_CONTEXT,Suspicious but not enough evidence; useful for medium risk behavior.
SELF_000238,SELF_SUSPICIOUS_0058,"Mot tai khoan mang xa hoi moi ket ban voi bac, hoi tham suc khoe nhieu ngay roi bat dau noi ve mot co hoi dau tu. Nguoi nay chua yeu cau chuyen tien nhung lien tuc hua loi nhuan cao. Can theo doi them truoc khi ket luan. Mã tình huống tham khảo: SELF_000238.",SUSPICIOUS,UNKNOWN,MEDIUM,Có yêu cầu xác minh/cung cấp thông tin nhưng chưa đủ dữ kiện kết luận lừa đảo.,xác minh; thông tin cá nhân; trong hôm nay,Cần kiểm tra nguồn gửi. Không cung cấp thông tin nhạy cảm nếu chưa xác minh.,uncertainty; possible_social_engineering,privacy_leak,general,NORTH,NO_DIACRITICS,self_created_long_context_based_on_public_warning_taxonomy,self-created,true,no_pii,valid,https://baochinhphu.vn/nhan-dien-24-hinh-thuc-lua-dao-truc-tuyen-cung-nhieu-hinh-thuc-dan-du-khac-nhau-102230703162727607.htm,UNCERTAIN_CONTEXT,Suspicious but not enough evidence; useful for medium risk behavior.
SELF_000239,SELF_SUSPICIOUS_0059,"Tin nhắn báo mệ có giao dịch cần xác nhận và yêu cầu phản hồi sớm. Nội dung ko có logo chính thức, ko nói rõ NH nào và có kèm một đường dẫn rút gọn. Trường hợp này chưa chắc là lừa đảo nhưng ko nên bấm link ngay.",SUSPICIOUS,UNKNOWN,MEDIUM,Có yêu cầu xác minh/cung cấp thông tin nhưng chưa đủ dữ kiện kết luận lừa đảo.,xác minh; thông tin cá nhân; trong hôm nay,Cần kiểm tra nguồn gửi. Không cung cấp thông tin nhạy cảm nếu chưa xác minh.,uncertainty; possible_social_engineering,privacy_leak,general,CENTRAL,ABBREVIATION,self_created_long_context_based_on_public_warning_taxonomy,self-created,true,no_pii,test,https://baochinhphu.vn/nhan-dien-24-hinh-thuc-lua-dao-truc-tuyen-cung-nhieu-hinh-thuc-dan-du-khac-nhau-102230703162727607.htm,UNCERTAIN_CONTEXT,Suspicious but not enough evidence; useful for medium risk behavior.
SELF_000240,SELF_SUSPICIOUS_0060,"Một người nhắn cho chú nói hồ sơ t.khoản cần xác minh lại trong hôm nay. Họ chưa yêu cầu OT P hay gửi khoản tiền, nhưng đề nghị chú chuẩn bị số căn cước và thông tin N.H. Nội dung thiếu tên đơn vị rõ ràng nên cần kiểm tra lại nguồn gửi.",SUSPICIOUS,UNKNOWN,MEDIUM,Có yêu cầu xác minh/cung cấp thông tin nhưng chưa đủ dữ kiện kết luận lừa đảo.,xác minh; thông tin cá nhân; trong hôm nay,Cần kiểm tra nguồn gửi. Không cung cấp thông tin nhạy cảm nếu chưa xác minh.,uncertainty; possible_social_engineering,privacy_leak,general,NORTH,OBFUSCATION,self_created_long_context_based_on_public_warning_taxonomy,self-created,true,no_pii,valid,https://baochinhphu.vn/nhan-dien-24-hinh-thuc-lua-dao-truc-tuyen-cung-nhieu-hinh-thuc-dan-du-khac-nhau-102230703162727607.htm,UNCERTAIN_CONTEXT,Suspicious but not enough evidence; useful for medium risk behavior.
SELF_000241,SELF_SAFE_0001,"Tin nhắn từ người thân báo đã chuyển tiền mua thuốc cho bác và hẹn chiều ghé qua. Người gửi dùng số điện thoại quen thuộc, không yêu cầu bác gửi lại thông tin ngân hàng hay OTP. Nội dung mang tính thông báo sinh hoạt.",SAFE,NONE,LOW,"Có nhắc đến chuyển tiền nhưng ngữ cảnh an toàn, không yêu cầu người dùng chuyển ngược hoặc cung cấp mã.",đã chuyển tiền mua thuốc; không yêu cầu OTP,"Không cần cảnh báo mạnh. Có thể tiếp tục trò chuyện bình thường, nhưng vẫn nhắc người dùng không chia sẻ OTP nếu cần.",none,none,general,CENTRAL,NONE,self_created_long_context_hard_negative,self-created,true,no_pii,train,self-created,SAFE_LONG_CONTEXT,Safe/hard-negative long context; useful to reduce false positives.
SELF_000242,SELF_SAFE_0002,"Tin nhắn của con cháu hỏi bác tối nay có muốn gọi video với cả nhà ko. Cuộc trò chuyện chỉ xoay quanh chuyện ăn uống, sức khỏe và lịch sinh hoạt. Không có yêu cầu ck hay cung cấp thông tin riêng tư.",SAFE,NONE,LOW,"Cuộc trò chuyện gia đình bình thường, không chứa dấu hiệu lừa đảo.",ăn uống; sức khỏe; không yêu cầu chuyển tiền,"Không cần cảnh báo mạnh. Có thể tiếp tục trò chuyện bình thường, nhưng vẫn nhắc người dùng không chia sẻ OTP nếu cần.",none,none,general,NORTH,ABBREVIATION,self_created_long_context_hard_negative,self-created,true,no_pii,train,self-created,SAFE_LONG_CONTEXT,Safe/hard-negative long context; useful to reduce false positives.
SELF_000243,SELF_SAFE_0003,"Tin nhan cua con chau hoi ba toi nay co muon goi video voi ca nha khong. Cuoc tro chuyen chi xoay quanh chuyen an uong, suc khoe va lich sinh hoat. Khong co yeu cau chuyen tien hay cung cap thong tin rieng tu.",SAFE,NONE,LOW,"Cuộc trò chuyện gia đình bình thường, không chứa dấu hiệu lừa đảo.",ăn uống; sức khỏe; không yêu cầu chuyển tiền,"Không cần cảnh báo mạnh. Có thể tiếp tục trò chuyện bình thường, nhưng vẫn nhắc người dùng không chia sẻ OTP nếu cần.",none,none,general,SOUTH,TYPO,self_created_long_context_hard_negative,self-created,true,no_pii,valid,self-created,SAFE_LONG_CONTEXT,Safe/hard-negative long context; useful to reduce false positives.
SELF_000244,SELF_SAFE_0004,"Bài đăng của tổ dân phố nhắc người dân cảnh giác với cuộc gọi tự xưng công an và không chuyển tiền theo hướng dẫn qua điện thoại. Nội dung là tuyên truyền phòng tránh, không phải yêu cầu thực hiện giao dịch.",SAFE,NONE,LOW,"Nội dung cảnh báo cộng đồng, không phải hành vi lừa đảo trực tiếp.",cảnh giác; không chuyển tiền; tuyên truyền phòng tránh,"Không cần cảnh báo mạnh. Có thể tiếp tục trò chuyện bình thường, nhưng vẫn nhắc người dùng không chia sẻ OTP nếu cần.",none,none,general,NORTH,NONE,self_created_long_context_hard_negative,self-created,true,no_pii,valid,self-created,SAFE_LONG_CONTEXT,Safe/hard-negative long context; useful to reduce false positives.
SELF_000245,SELF_SAFE_0005,"Tin nhắn từ người thân báo đã chuyển tiền mua thuốc cho mệ và hẹn chiều ghé qua. Người gửi dùng số điện thoại quen thuộc, không yêu cầu mệ gửi lại thông tin ngân hàng hay OTP. Nội dung mang tính thông báo sinh hoạt.",SAFE,NONE,LOW,"Có nhắc đến chuyển tiền nhưng ngữ cảnh an toàn, không yêu cầu người dùng chuyển ngược hoặc cung cấp mã.",đã chuyển tiền mua thuốc; không yêu cầu OTP,"Không cần cảnh báo mạnh. Có thể tiếp tục trò chuyện bình thường, nhưng vẫn nhắc người dùng không chia sẻ OTP nếu cần.",none,none,general,CENTRAL,NONE,self_created_long_context_hard_negative,self-created,true,no_pii,valid,self-created,SAFE_LONG_CONTEXT,Safe/hard-negative long context; useful to reduce false positives.
SELF_000246,SELF_SAFE_0006,"Bài chia sẻ trong nhóm gia đình kể rằng con cháu nhắc chú đi khám định kỳ. Nội dung chỉ có lịch hẹn, địa chỉ bệnh viện và lời dặn mang theo giấy tờ. Không có yêu cầu chuyển tiền, không có link lạ và không hỏi mã xác nhận.",SAFE,NONE,LOW,"Nội dung chăm sóc gia đình bình thường, không yêu cầu hành động rủi ro.",lịch hẹn; không yêu cầu chuyển tiền; không có link lạ,"Không cần cảnh báo mạnh. Có thể tiếp tục trò chuyện bình thường, nhưng vẫn nhắc người dùng không chia sẻ OTP nếu cần.",none,none,general,STANDARD,NONE,self_created_long_context_hard_negative,self-created,true,no_pii,valid,self-created,SAFE_LONG_CONTEXT,Safe/hard-negative long context; useful to reduce false positives.
SELF_000247,SELF_SAFE_0007,"Tin nhắn từ người thân báo đã chuyển tiền mua thuốc cho o và hẹn chiều ghé qua. Người gửi dùng số điện thoại quen thuộc, không yêu cầu o gửi lại thông tin ngân hàng hay OTP. Nội dung mang tính thông báo sinh hoạt.",SAFE,NONE,LOW,"Có nhắc đến chuyển tiền nhưng ngữ cảnh an toàn, không yêu cầu người dùng chuyển ngược hoặc cung cấp mã.",đã chuyển tiền mua thuốc; không yêu cầu OTP,"Không cần cảnh báo mạnh. Có thể tiếp tục trò chuyện bình thường, nhưng vẫn nhắc người dùng không chia sẻ OTP nếu cần.",none,none,general,CENTRAL,NONE,self_created_long_context_hard_negative,self-created,true,no_pii,valid,self-created,SAFE_LONG_CONTEXT,Safe/hard-negative long context; useful to reduce false positives.
SELF_000248,SELF_SAFE_0008,"Bài đăng của tổ dân phố nhắc người dân cảnh giác với cuộc gọi tự xưng công an và không chuyển tiền theo hướng dẫn qua điện thoại. Nội dung là tuyên truyền phòng tránh, không phải yêu cầu thực hiện giao dịch. Mã tình huống tham khảo: SELF_000248.",SAFE,NONE,LOW,"Nội dung cảnh báo cộng đồng, không phải hành vi lừa đảo trực tiếp.",cảnh giác; không chuyển tiền; tuyên truyền phòng tránh,"Không cần cảnh báo mạnh. Có thể tiếp tục trò chuyện bình thường, nhưng vẫn nhắc người dùng không chia sẻ OTP nếu cần.",none,none,general,STANDARD,NONE,self_created_long_context_hard_negative,self-created,true,no_pii,valid,self-created,SAFE_LONG_CONTEXT,Safe/hard-negative long context; useful to reduce false positives.
SELF_000249,SELF_SAFE_0009,"Bài chia sẻ trong nhóm gia đình kể rằng con cháu nhắc mệ đi khám định kỳ. Nội dung chỉ có lịch hẹn, địa chỉ bệnh viện và lời dặn mang theo giấy tờ. Không có yêu cầu chuyển tiền, không có link lạ và không hỏi mã xác nhận.",SAFE,NONE,LOW,"Nội dung chăm sóc gia đình bình thường, không yêu cầu hành động rủi ro.",lịch hẹn; không yêu cầu chuyển tiền; không có link lạ,"Không cần cảnh báo mạnh. Có thể tiếp tục trò chuyện bình thường, nhưng vẫn nhắc người dùng không chia sẻ OTP nếu cần.",none,none,general,CENTRAL,NONE,self_created_long_context_hard_negative,self-created,true,no_pii,valid,self-created,SAFE_LONG_CONTEXT,Safe/hard-negative long context; useful to reduce false positives.
SELF_000250,SELF_SAFE_0010,"Một thông báo ngân hàng nói hệ thống bảo trì vào ban đêm và khuyến cáo khách hàng không cung cấp OTP cho bất kỳ ai. Tin nhắn không có đường link đăng nhập, không yêu cầu gọi số lạ và không yêu cầu thao tác gấp.",SAFE,NONE,LOW,"Thông báo an toàn, còn có nội dung cảnh báo không cung cấp OTP.",bảo trì; không cung cấp OTP; không có đường link,"Không cần cảnh báo mạnh. Có thể tiếp tục trò chuyện bình thường, nhưng vẫn nhắc người dùng không chia sẻ OTP nếu cần.",none,none,general,SOUTH,NONE,self_created_long_context_hard_negative,self-created,true,no_pii,train,self-created,SAFE_LONG_CONTEXT,Safe/hard-negative long context; useful to reduce false positives.
SELF_000251,SELF_SAFE_0011,"Bài chia sẻ trong nhóm gia đình kể rằng con cháu nhắc bác đi khám định kỳ. Nội dung chỉ có lịch hẹn, địa chỉ bệnh viện và lời dặn mang theo giấy tờ. Không có yêu cầu chuyển tiền, không có link lạ và không hỏi mã xác nhận.",SAFE,NONE,LOW,"Nội dung chăm sóc gia đình bình thường, không yêu cầu hành động rủi ro.",lịch hẹn; không yêu cầu chuyển tiền; không có link lạ,"Không cần cảnh báo mạnh. Có thể tiếp tục trò chuyện bình thường, nhưng vẫn nhắc người dùng không chia sẻ OTP nếu cần.",none,none,general,CENTRAL,NONE,self_created_long_context_hard_negative,self-created,true,no_pii,train,self-created,SAFE_LONG_CONTEXT,Safe/hard-negative long context; useful to reduce false positives.
SELF_000252,SELF_SAFE_0012,"Một thông báo NH nói hệ thống bảo trì vào ban đêm và khuyến cáo khách hàng ko cung cấp OTP cho bất kỳ ai. Tin nhắn ko có link đăng nhập, ko yêu cầu gọi số lạ và ko yêu cầu thao tác gấp.",SAFE,NONE,LOW,"Thông báo an toàn, còn có nội dung cảnh báo không cung cấp OTP.",bảo trì; không cung cấp OTP; không có đường link,"Không cần cảnh báo mạnh. Có thể tiếp tục trò chuyện bình thường, nhưng vẫn nhắc người dùng không chia sẻ OTP nếu cần.",none,none,general,STANDARD,ABBREVIATION,self_created_long_context_hard_negative,self-created,true,no_pii,valid,self-created,SAFE_LONG_CONTEXT,Safe/hard-negative long context; useful to reduce false positives.
SELF_000253,SELF_SAFE_0013,"Tin nhắn từ người thân báo đã chuyển tiền mua thuốc cho cô và hẹn chiều ghé qua. Người gửi dùng số điện thoại quen thuộc, không yêu cầu cô gửi lại thông tin ngân hàng hay OTP. Nội dung mang tính thông báo sinh hoạt.",SAFE,NONE,LOW,"Có nhắc đến chuyển tiền nhưng ngữ cảnh an toàn, không yêu cầu người dùng chuyển ngược hoặc cung cấp mã.",đã chuyển tiền mua thuốc; không yêu cầu OTP,"Không cần cảnh báo mạnh. Có thể tiếp tục trò chuyện bình thường, nhưng vẫn nhắc người dùng không chia sẻ OTP nếu cần.",none,none,general,NORTH,NONE,self_created_long_context_hard_negative,self-created,true,no_pii,valid,self-created,SAFE_LONG_CONTEXT,Safe/hard-negative long context; useful to reduce false positives.
SELF_000254,SELF_SAFE_0014,"Tin nhắn của con cháu hỏi cô tối nay có muốn gọi video với cả nhà không. Cuộc trò chuyện chỉ xoay quanh chuyện ăn uống, sức khỏe và lịch sinh hoạt. Không có yêu cầu chuyển tiền hay cung cấp thông tin riêng tư.",SAFE,NONE,LOW,"Cuộc trò chuyện gia đình bình thường, không chứa dấu hiệu lừa đảo.",ăn uống; sức khỏe; không yêu cầu chuyển tiền,"Không cần cảnh báo mạnh. Có thể tiếp tục trò chuyện bình thường, nhưng vẫn nhắc người dùng không chia sẻ OTP nếu cần.",none,none,general,NORTH,NONE,self_created_long_context_hard_negative,self-created,true,no_pii,valid,self-created,SAFE_LONG_CONTEXT,Safe/hard-negative long context; useful to reduce false positives.
SELF_000255,SELF_SAFE_0015,"Tin nhắn của con cháu hỏi bác tối nay có muốn gọi video với cả nhà không. Cuộc trò chuyện chỉ xoay quanh chuyện ăn uống, sức khỏe và lịch sinh hoạt. Không có yêu cầu chuyển tiền hay cung cấp thông tin riêng tư.",SAFE,NONE,LOW,"Cuộc trò chuyện gia đình bình thường, không chứa dấu hiệu lừa đảo.",ăn uống; sức khỏe; không yêu cầu chuyển tiền,"Không cần cảnh báo mạnh. Có thể tiếp tục trò chuyện bình thường, nhưng vẫn nhắc người dùng không chia sẻ OTP nếu cần.",none,none,general,NORTH,NONE,self_created_long_context_hard_negative,self-created,true,no_pii,valid,self-created,SAFE_LONG_CONTEXT,Safe/hard-negative long context; useful to reduce false positives.
SELF_000256,SELF_SAFE_0016,"Bài chia sẻ trong nhóm gia đình kể rằng con cháu nhắc cô đi khám định kỳ. Nội dung chỉ có lịch hẹn, địa chỉ bệnh viện và lời dặn mang theo giấy tờ. Không có yêu cầu ck, ko có link lạ và ko hỏi mã xác nhận.",SAFE,NONE,LOW,"Nội dung chăm sóc gia đình bình thường, không yêu cầu hành động rủi ro.",lịch hẹn; không yêu cầu chuyển tiền; không có link lạ,"Không cần cảnh báo mạnh. Có thể tiếp tục trò chuyện bình thường, nhưng vẫn nhắc người dùng không chia sẻ OTP nếu cần.",none,none,general,SOUTH,ABBREVIATION,self_created_long_context_hard_negative,self-created,true,no_pii,valid,self-created,SAFE_LONG_CONTEXT,Safe/hard-negative long context; useful to reduce false positives.
SELF_000257,SELF_SAFE_0017,"Tin nhan cua con chau hoi co toi nay co muon goi video voi ca nha khong. Cuoc tro chuyen chi xoay quanh chuyen an uong, suc khoe va lich sinh hoat. Khong co yeu cau chuyen tien hay cung cap thong tin rieng tu.",SAFE,NONE,LOW,"Cuộc trò chuyện gia đình bình thường, không chứa dấu hiệu lừa đảo.",ăn uống; sức khỏe; không yêu cầu chuyển tiền,"Không cần cảnh báo mạnh. Có thể tiếp tục trò chuyện bình thường, nhưng vẫn nhắc người dùng không chia sẻ OTP nếu cần.",none,none,general,NORTH,TYPO,self_created_long_context_hard_negative,self-created,true,no_pii,valid,self-created,SAFE_LONG_CONTEXT,Safe/hard-negative long context; useful to reduce false positives.
SELF_000258,SELF_SAFE_0018,"Tin nhắn của con cháu hỏi cô tối nay có muốn gọi video với cả nhà ko. Cuộc trò chuyện chỉ xoay quanh chuyện ăn uống, sức khỏe và lịch sinh hoạt. Không có yêu cầu ck hay cung cấp thông tin riêng tư.",SAFE,NONE,LOW,"Cuộc trò chuyện gia đình bình thường, không chứa dấu hiệu lừa đảo.",ăn uống; sức khỏe; không yêu cầu chuyển tiền,"Không cần cảnh báo mạnh. Có thể tiếp tục trò chuyện bình thường, nhưng vẫn nhắc người dùng không chia sẻ OTP nếu cần.",none,none,general,STANDARD,ABBREVIATION,self_created_long_context_hard_negative,self-created,true,no_pii,valid,self-created,SAFE_LONG_CONTEXT,Safe/hard-negative long context; useful to reduce false positives.
SELF_000259,SELF_SAFE_0019,"Bài đăng của tổ dân phố nhắc người dân cảnh giác với cuộc gọi tự xưng công an và ko ck theo hướng dẫn qua điện thoại. Nội dung là tuyên truyền phòng tránh, ko phải yêu cầu thực hiện giao dịch.",SAFE,NONE,LOW,"Nội dung cảnh báo cộng đồng, không phải hành vi lừa đảo trực tiếp.",cảnh giác; không chuyển tiền; tuyên truyền phòng tránh,"Không cần cảnh báo mạnh. Có thể tiếp tục trò chuyện bình thường, nhưng vẫn nhắc người dùng không chia sẻ OTP nếu cần.",none,none,general,SOUTH,ABBREVIATION,self_created_long_context_hard_negative,self-created,true,no_pii,valid,self-created,SAFE_LONG_CONTEXT,Safe/hard-negative long context; useful to reduce false positives.
SELF_000260,SELF_SAFE_0020,"Người giao hàng nhắn cho chú rằng đơn hàng sẽ giao trong buổi chiều và nếu không tiện nhận thì có thể hẹn lại. Tin nhắn chỉ hỏi thời gian nhận hàng, không yêu cầu bấm link, trả phí hay cung cấp thông tin cá nhân.",SAFE,NONE,LOW,"Thông báo giao hàng bình thường, không chứa link lạ hoặc yêu cầu thanh toán bất thường.",hẹn lại thời gian nhận hàng; không yêu cầu bấm link,"Không cần cảnh báo mạnh. Có thể tiếp tục trò chuyện bình thường, nhưng vẫn nhắc người dùng không chia sẻ OTP nếu cần.",none,none,general,SOUTH,NONE,self_created_long_context_hard_negative,self-created,true,no_pii,train,self-created,SAFE_LONG_CONTEXT,Safe/hard-negative long context; useful to reduce false positives.
SELF_000261,SELF_SAFE_0021,"Bài đăng của tổ dân phố nhắc người dân cảnh giác với cuộc gọi tự xưng công an và ko ck theo hướng dẫn qua điện thoại. Nội dung là tuyên truyền phòng tránh, ko phải yêu cầu thực hiện giao dịch. Mã tình huống tham khảo: SELF_000261.",SAFE,NONE,LOW,"Nội dung cảnh báo cộng đồng, không phải hành vi lừa đảo trực tiếp.",cảnh giác; không chuyển tiền; tuyên truyền phòng tránh,"Không cần cảnh báo mạnh. Có thể tiếp tục trò chuyện bình thường, nhưng vẫn nhắc người dùng không chia sẻ OTP nếu cần.",none,none,general,CENTRAL,ABBREVIATION,self_created_long_context_hard_negative,self-created,true,no_pii,valid,self-created,SAFE_LONG_CONTEXT,Safe/hard-negative long context; useful to reduce false positives.
SELF_000262,SELF_SAFE_0022,"Người giao hàng nhắn cho chú rằng đơn hàng sẽ giao trong buổi chiều và nếu không tiện nhận thì có thể hẹn lại. Tin nhắn chỉ hỏi thời gian nhận hàng, không yêu cầu bấm link, trả phí hay cung cấp thông tin cá nhân. Mã tình huống tham khảo: SELF_000262.",SAFE,NONE,LOW,"Thông báo giao hàng bình thường, không chứa link lạ hoặc yêu cầu thanh toán bất thường.",hẹn lại thời gian nhận hàng; không yêu cầu bấm link,"Không cần cảnh báo mạnh. Có thể tiếp tục trò chuyện bình thường, nhưng vẫn nhắc người dùng không chia sẻ OTP nếu cần.",none,none,general,NORTH,NONE,self_created_long_context_hard_negative,self-created,true,no_pii,valid,self-created,SAFE_LONG_CONTEXT,Safe/hard-negative long context; useful to reduce false positives.
SELF_000263,SELF_SAFE_0023,"Bai dang cua to dan pho nhac nguoi dan canh giac voi cuoc goi tu xung cong an va khong chuyen tien theo huong dan qua dien thoai. Noi dung la tuyen truyen phong tranh, khong phai yeu cau thuc hien giao dich.",SAFE,NONE,LOW,"Nội dung cảnh báo cộng đồng, không phải hành vi lừa đảo trực tiếp.",cảnh giác; không chuyển tiền; tuyên truyền phòng tránh,"Không cần cảnh báo mạnh. Có thể tiếp tục trò chuyện bình thường, nhưng vẫn nhắc người dùng không chia sẻ OTP nếu cần.",none,none,general,CENTRAL,NO_DIACRITICS,self_created_long_context_hard_negative,self-created,true,no_pii,valid,self-created,SAFE_LONG_CONTEXT,Safe/hard-negative long context; useful to reduce false positives.
SELF_000264,SELF_SAFE_0024,"Tin nhắn của con cháu hỏi ba tối nay có muốn gọi video với cả nhà không. Cuộc trò chuyện chỉ xoay quanh chuyện ăn uống, sức khỏe và lịch sinh hoạt. Không có yêu cầu chuyển tiền hay cung cấp thông tin riêng tư.",SAFE,NONE,LOW,"Cuộc trò chuyện gia đình bình thường, không chứa dấu hiệu lừa đảo.",ăn uống; sức khỏe; không yêu cầu chuyển tiền,"Không cần cảnh báo mạnh. Có thể tiếp tục trò chuyện bình thường, nhưng vẫn nhắc người dùng không chia sẻ OTP nếu cần.",none,none,general,SOUTH,NONE,self_created_long_context_hard_negative,self-created,true,no_pii,valid,self-created,SAFE_LONG_CONTEXT,Safe/hard-negative long context; useful to reduce false positives.
SELF_000265,SELF_SAFE_0025,"Mot thong bao ngan hang noi he thong bao tri vao ban dem va khuyen cao khach hang khong cung cap OTP cho bat ky ai. Tin nhan khong co duong link dang nhap, khong yeu cau goi so la va khong yeu cau thao tac gap.",SAFE,NONE,LOW,"Thông báo an toàn, còn có nội dung cảnh báo không cung cấp OTP.",bảo trì; không cung cấp OTP; không có đường link,"Không cần cảnh báo mạnh. Có thể tiếp tục trò chuyện bình thường, nhưng vẫn nhắc người dùng không chia sẻ OTP nếu cần.",none,none,general,CENTRAL,NO_DIACRITICS,self_created_long_context_hard_negative,self-created,true,no_pii,valid,self-created,SAFE_LONG_CONTEXT,Safe/hard-negative long context; useful to reduce false positives.
SELF_000266,SELF_SAFE_0026,"Nguoi giao hang nhan cho co rang don hang se giao trong buoi chieu va neu khong tien nhan thi co the hen lai. Tin nhan chi hoi thoi gian nhan hang, khong yeu cau bam link, tra phi hay cung cap thong tin ca nhan.",SAFE,NONE,LOW,"Thông báo giao hàng bình thường, không chứa link lạ hoặc yêu cầu thanh toán bất thường.",hẹn lại thời gian nhận hàng; không yêu cầu bấm link,"Không cần cảnh báo mạnh. Có thể tiếp tục trò chuyện bình thường, nhưng vẫn nhắc người dùng không chia sẻ OTP nếu cần.",none,none,general,STANDARD,TYPO,self_created_long_context_hard_negative,self-created,true,no_pii,valid,self-created,SAFE_LONG_CONTEXT,Safe/hard-negative long context; useful to reduce false positives.
SELF_000267,SELF_SAFE_0027,"Bai chia se trong nhom gia dinh ke rang con chau nhac bac di kham dinh ky. Noi dung chi co lich hen, dia chi benh vien va loi dan mang theo giay to. Khong co yeu cau chuyen tien, khong co link la va khong hoi ma xac nhan.",SAFE,NONE,LOW,"Nội dung chăm sóc gia đình bình thường, không yêu cầu hành động rủi ro.",lịch hẹn; không yêu cầu chuyển tiền; không có link lạ,"Không cần cảnh báo mạnh. Có thể tiếp tục trò chuyện bình thường, nhưng vẫn nhắc người dùng không chia sẻ OTP nếu cần.",none,none,general,CENTRAL,TYPO,self_created_long_context_hard_negative,self-created,true,no_pii,valid,self-created,SAFE_LONG_CONTEXT,Safe/hard-negative long context; useful to reduce false positives.
SELF_000268,SELF_SAFE_0028,"Tin nhắn của con cháu hỏi cô tối nay có muốn gọi video với cả nhà không. Cuộc trò chuyện chỉ xoay quanh chuyện ăn uống, sức khỏe và lịch sinh hoạt. Không có yêu cầu chuyển tiền hay cung cấp thông tin riêng tư. Mã tình huống tham khảo: SELF_000268.",SAFE,NONE,LOW,"Cuộc trò chuyện gia đình bình thường, không chứa dấu hiệu lừa đảo.",ăn uống; sức khỏe; không yêu cầu chuyển tiền,"Không cần cảnh báo mạnh. Có thể tiếp tục trò chuyện bình thường, nhưng vẫn nhắc người dùng không chia sẻ OTP nếu cần.",none,none,general,STANDARD,NONE,self_created_long_context_hard_negative,self-created,true,no_pii,valid,self-created,SAFE_LONG_CONTEXT,Safe/hard-negative long context; useful to reduce false positives.
SELF_000269,SELF_SAFE_0029,"Người giao hàng nhắn cho bác rằng đơn hàng sẽ giao trong buổi chiều và nếu không tiện nhận thì có thể hẹn lại. Tin nhắn chỉ hỏi thời gian nhận hàng, không yêu cầu bấm link, trả phí hay cung cấp thông tin cá nhân.",SAFE,NONE,LOW,"Thông báo giao hàng bình thường, không chứa link lạ hoặc yêu cầu thanh toán bất thường.",hẹn lại thời gian nhận hàng; không yêu cầu bấm link,"Không cần cảnh báo mạnh. Có thể tiếp tục trò chuyện bình thường, nhưng vẫn nhắc người dùng không chia sẻ OTP nếu cần.",none,none,general,NORTH,NONE,self_created_long_context_hard_negative,self-created,true,no_pii,valid,self-created,SAFE_LONG_CONTEXT,Safe/hard-negative long context; useful to reduce false positives.
SELF_000270,SELF_SAFE_0030,"Nguoi giao hang nhan cho chu rang don hang se giao trong buoi chieu va neu khong tien nhan thi co the hen lai. Tin nhan chi hoi thoi gian nhan hang, khong yeu cau bam link, tra phi hay cung cap thong tin ca nhan.",SAFE,NONE,LOW,"Thông báo giao hàng bình thường, không chứa link lạ hoặc yêu cầu thanh toán bất thường.",hẹn lại thời gian nhận hàng; không yêu cầu bấm link,"Không cần cảnh báo mạnh. Có thể tiếp tục trò chuyện bình thường, nhưng vẫn nhắc người dùng không chia sẻ OTP nếu cần.",none,none,general,STANDARD,NO_DIACRITICS,self_created_long_context_hard_negative,self-created,true,no_pii,valid,self-created,SAFE_LONG_CONTEXT,Safe/hard-negative long context; useful to reduce false positives.
SELF_000271,SELF_SAFE_0031,"Tin nhắn từ người thân báo đã chuyển tiền mua thuốc cho mệ và hẹn chiều ghé qua. Người gửi dùng số điện thoại quen thuộc, không yêu cầu mệ gửi lại thông tin ngân hàng hay OTP. Nội dung mang tính thông báo sinh hoạt. Mã tình huống tham khảo: SELF_000271.",SAFE,NONE,LOW,"Có nhắc đến chuyển tiền nhưng ngữ cảnh an toàn, không yêu cầu người dùng chuyển ngược hoặc cung cấp mã.",đã chuyển tiền mua thuốc; không yêu cầu OTP,"Không cần cảnh báo mạnh. Có thể tiếp tục trò chuyện bình thường, nhưng vẫn nhắc người dùng không chia sẻ OTP nếu cần.",none,none,general,CENTRAL,NONE,self_created_long_context_hard_negative,self-created,true,no_pii,valid,self-created,SAFE_LONG_CONTEXT,Safe/hard-negative long context; useful to reduce false positives.
SELF_000272,SELF_SAFE_0032,"Tin nhắn của con cháu hỏi ba tối nay có muốn gọi video với cả nhà không. Cuộc trò chuyện chỉ xoay quanh chuyện ăn uống, sức khỏe và lịch sinh hoạt. Không có yêu cầu chuyển tiền hay cung cấp thông tin riêng tư. Mã tình huống tham khảo: SELF_000272.",SAFE,NONE,LOW,"Cuộc trò chuyện gia đình bình thường, không chứa dấu hiệu lừa đảo.",ăn uống; sức khỏe; không yêu cầu chuyển tiền,"Không cần cảnh báo mạnh. Có thể tiếp tục trò chuyện bình thường, nhưng vẫn nhắc người dùng không chia sẻ OTP nếu cần.",none,none,general,SOUTH,NONE,self_created_long_context_hard_negative,self-created,true,no_pii,valid,self-created,SAFE_LONG_CONTEXT,Safe/hard-negative long context; useful to reduce false positives.
SELF_000273,SELF_SAFE_0033,"Tin nhắn của con cháu hỏi bác tối nay có muốn gọi video với cả nhà không. Cuộc trò chuyện chỉ xoay quanh chuyện ăn uống, sức khỏe và lịch sinh hoạt. Không có yêu cầu chuyển tiền hay cung cấp thông tin riêng tư. Mã tình huống tham khảo: SELF_000273.",SAFE,NONE,LOW,"Cuộc trò chuyện gia đình bình thường, không chứa dấu hiệu lừa đảo.",ăn uống; sức khỏe; không yêu cầu chuyển tiền,"Không cần cảnh báo mạnh. Có thể tiếp tục trò chuyện bình thường, nhưng vẫn nhắc người dùng không chia sẻ OTP nếu cần.",none,none,general,STANDARD,NONE,self_created_long_context_hard_negative,self-created,true,no_pii,valid,self-created,SAFE_LONG_CONTEXT,Safe/hard-negative long context; useful to reduce false positives.
SELF_000274,SELF_SAFE_0034,"Bài chia sẻ trong nhóm gia đình kể rằng con cháu nhắc chú đi khám định kỳ. Nội dung chỉ có lịch hẹn, địa chỉ bệnh viện và lời dặn mang theo giấy tờ. Không có yêu cầu chuyển tiền, không có link lạ và không hỏi mã xác nhận. Mã tình huống tham khảo: SELF_000274.",SAFE,NONE,LOW,"Nội dung chăm sóc gia đình bình thường, không yêu cầu hành động rủi ro.",lịch hẹn; không yêu cầu chuyển tiền; không có link lạ,"Không cần cảnh báo mạnh. Có thể tiếp tục trò chuyện bình thường, nhưng vẫn nhắc người dùng không chia sẻ OTP nếu cần.",none,none,general,STANDARD,NONE,self_created_long_context_hard_negative,self-created,true,no_pii,valid,self-created,SAFE_LONG_CONTEXT,Safe/hard-negative long context; useful to reduce false positives.
SELF_000275,SELF_SAFE_0035,"Bài chia sẻ trong nhóm gia đình kể rằng con cháu nhắc bác đi khám định kỳ. Nội dung chỉ có lịch hẹn, địa chỉ bệnh viện và lời dặn mang theo giấy tờ. Không có yêu cầu chuyển tiền, không có link lạ và không hỏi mã xác nhận. Mã tình huống tham khảo: SELF_000275.",SAFE,NONE,LOW,"Nội dung chăm sóc gia đình bình thường, không yêu cầu hành động rủi ro.",lịch hẹn; không yêu cầu chuyển tiền; không có link lạ,"Không cần cảnh báo mạnh. Có thể tiếp tục trò chuyện bình thường, nhưng vẫn nhắc người dùng không chia sẻ OTP nếu cần.",none,none,general,NORTH,NONE,self_created_long_context_hard_negative,self-created,true,no_pii,valid,self-created,SAFE_LONG_CONTEXT,Safe/hard-negative long context; useful to reduce false positives.
SELF_000276,SELF_SAFE_0036,"Bài đăng của tổ dân phố nhắc người dân cảnh giác với cuộc gọi tự xưng công an và không chuyển tiền theo hướng dẫn qua điện thoại. Nội dung là tuyên truyền phòng tránh, không phải yêu cầu thực hiện giao dịch. Mã tình huống tham khảo: SELF_000276.",SAFE,NONE,LOW,"Nội dung cảnh báo cộng đồng, không phải hành vi lừa đảo trực tiếp.",cảnh giác; không chuyển tiền; tuyên truyền phòng tránh,"Không cần cảnh báo mạnh. Có thể tiếp tục trò chuyện bình thường, nhưng vẫn nhắc người dùng không chia sẻ OTP nếu cần.",none,none,general,SOUTH,NONE,self_created_long_context_hard_negative,self-created,true,no_pii,valid,self-created,SAFE_LONG_CONTEXT,Safe/hard-negative long context; useful to reduce false positives.
SELF_000277,SELF_SAFE_0037,"Một thông báo ngân hàng nói hệ thống bảo trì vào ban đêm và khuyến cáo khách hàng không cung cấp OTP cho bất kỳ ai. Tin nhắn không có đường link đăng nhập, không yêu cầu gọi số lạ và không yêu cầu thao tác gấp. Mã tình huống tham khảo: SELF_000277.",SAFE,NONE,LOW,"Thông báo an toàn, còn có nội dung cảnh báo không cung cấp OTP.",bảo trì; không cung cấp OTP; không có đường link,"Không cần cảnh báo mạnh. Có thể tiếp tục trò chuyện bình thường, nhưng vẫn nhắc người dùng không chia sẻ OTP nếu cần.",none,none,general,NORTH,NONE,self_created_long_context_hard_negative,self-created,true,no_pii,valid,self-created,SAFE_LONG_CONTEXT,Safe/hard-negative long context; useful to reduce false positives.
SELF_000278,SELF_SAFE_0038,"Tin nhắn từ người thân báo đã chuyển tiền mua thuốc cho bác và hẹn chiều ghé qua. Người gửi dùng số điện thoại quen thuộc, không yêu cầu bác gửi lại thông tin ngân hàng hay OTP. Nội dung mang tính thông báo sinh hoạt. Mã tình huống tham khảo: SELF_000278.",SAFE,NONE,LOW,"Có nhắc đến chuyển tiền nhưng ngữ cảnh an toàn, không yêu cầu người dùng chuyển ngược hoặc cung cấp mã.",đã chuyển tiền mua thuốc; không yêu cầu OTP,"Không cần cảnh báo mạnh. Có thể tiếp tục trò chuyện bình thường, nhưng vẫn nhắc người dùng không chia sẻ OTP nếu cần.",none,none,general,STANDARD,NONE,self_created_long_context_hard_negative,self-created,true,no_pii,valid,self-created,SAFE_LONG_CONTEXT,Safe/hard-negative long context; useful to reduce false positives.
SELF_000279,SELF_SAFE_0039,"Tin nhắn của con cháu hỏi chú tối nay có muốn gọi video với cả nhà không. Cuộc trò chuyện chỉ xoay quanh chuyện ăn uống, sức khỏe và lịch sinh hoạt. Không có yêu cầu chuyển tiền hay cung cấp thông tin riêng tư.",SAFE,NONE,LOW,"Cuộc trò chuyện gia đình bình thường, không chứa dấu hiệu lừa đảo.",ăn uống; sức khỏe; không yêu cầu chuyển tiền,"Không cần cảnh báo mạnh. Có thể tiếp tục trò chuyện bình thường, nhưng vẫn nhắc người dùng không chia sẻ OTP nếu cần.",none,none,general,NORTH,NONE,self_created_long_context_hard_negative,self-created,true,no_pii,valid,self-created,SAFE_LONG_CONTEXT,Safe/hard-negative long context; useful to reduce false positives.
SELF_000280,SELF_SAFE_0040,"Người giao hàng nhắn cho má rằng đơn hàng sẽ giao trong buổi chiều và nếu không tiện nhận thì có thể hẹn lại. Tin nhắn chỉ hỏi thời gian nhận hàng, không yêu cầu bấm link, trả phí hay cung cấp thông tin cá nhân.",SAFE,NONE,LOW,"Thông báo giao hàng bình thường, không chứa link lạ hoặc yêu cầu thanh toán bất thường.",hẹn lại thời gian nhận hàng; không yêu cầu bấm link,"Không cần cảnh báo mạnh. Có thể tiếp tục trò chuyện bình thường, nhưng vẫn nhắc người dùng không chia sẻ OTP nếu cần.",none,none,general,SOUTH,NONE,self_created_long_context_hard_negative,self-created,true,no_pii,valid,self-created,SAFE_LONG_CONTEXT,Safe/hard-negative long context; useful to reduce false positives.
SELF_000281,SELF_SAFE_0041,"Mot thong bao ngan hang noi he thong bao tri vao ban dem va khuyen cao khach hang khong cung cap OTP cho bat ky ai. Tin nhan khong co duong link dang nhap, khong yeu cau goi so la va khong yeu cau thao tac gap. Mã tình huống tham khảo: SELF_000281.",SAFE,NONE,LOW,"Thông báo an toàn, còn có nội dung cảnh báo không cung cấp OTP.",bảo trì; không cung cấp OTP; không có đường link,"Không cần cảnh báo mạnh. Có thể tiếp tục trò chuyện bình thường, nhưng vẫn nhắc người dùng không chia sẻ OTP nếu cần.",none,none,general,NORTH,TYPO,self_created_long_context_hard_negative,self-created,true,no_pii,valid,self-created,SAFE_LONG_CONTEXT,Safe/hard-negative long context; useful to reduce false positives.
SELF_000282,SELF_SAFE_0042,"Tin nhắn của con cháu hỏi o tối nay có muốn gọi video với cả nhà không. Cuộc trò chuyện chỉ xoay quanh chuyện ăn uống, sức khỏe và lịch sinh hoạt. Không có yêu cầu chuyển tiền hay cung cấp thông tin riêng tư.",SAFE,NONE,LOW,"Cuộc trò chuyện gia đình bình thường, không chứa dấu hiệu lừa đảo.",ăn uống; sức khỏe; không yêu cầu chuyển tiền,"Không cần cảnh báo mạnh. Có thể tiếp tục trò chuyện bình thường, nhưng vẫn nhắc người dùng không chia sẻ OTP nếu cần.",none,none,general,CENTRAL,NONE,self_created_long_context_hard_negative,self-created,true,no_pii,valid,self-created,SAFE_LONG_CONTEXT,Safe/hard-negative long context; useful to reduce false positives.
SELF_000283,SELF_SAFE_0043,"Người giao hàng nhắn cho bác rằng đơn hàng sẽ giao trong buổi chiều và nếu không tiện nhận thì có thể hẹn lại. Tin nhắn chỉ hỏi thời gian nhận hàng, không yêu cầu bấm link, trả phí hay cung cấp thông tin cá nhân. Mã tình huống tham khảo: SELF_000283.",SAFE,NONE,LOW,"Thông báo giao hàng bình thường, không chứa link lạ hoặc yêu cầu thanh toán bất thường.",hẹn lại thời gian nhận hàng; không yêu cầu bấm link,"Không cần cảnh báo mạnh. Có thể tiếp tục trò chuyện bình thường, nhưng vẫn nhắc người dùng không chia sẻ OTP nếu cần.",none,none,general,NORTH,NONE,self_created_long_context_hard_negative,self-created,true,no_pii,valid,self-created,SAFE_LONG_CONTEXT,Safe/hard-negative long context; useful to reduce false positives.
SELF_000284,SELF_SAFE_0044,"Bai dang cua to dan pho nhac nguoi dan canh giac voi cuoc goi tu xung cong an va khong chuyen tien theo huong dan qua dien thoai. Noi dung la tuyen truyen phong tranh, khong phai yeu cau thuc hien giao dich. Mã tình huống tham khảo: SELF_000284.",SAFE,NONE,LOW,"Nội dung cảnh báo cộng đồng, không phải hành vi lừa đảo trực tiếp.",cảnh giác; không chuyển tiền; tuyên truyền phòng tránh,"Không cần cảnh báo mạnh. Có thể tiếp tục trò chuyện bình thường, nhưng vẫn nhắc người dùng không chia sẻ OTP nếu cần.",none,none,general,SOUTH,TYPO,self_created_long_context_hard_negative,self-created,true,no_pii,valid,self-created,SAFE_LONG_CONTEXT,Safe/hard-negative long context; useful to reduce false positives.
SELF_000285,SELF_SAFE_0045,"Tin nhắn từ người thân báo đã ck mua thuốc cho o và hẹn chiều ghé qua. Người gửi dùng số điện thoại quen thuộc, ko yêu cầu o gửi lại thông tin NH hay OTP. Nội dung mang tính thông báo sinh hoạt.",SAFE,NONE,LOW,"Có nhắc đến chuyển tiền nhưng ngữ cảnh an toàn, không yêu cầu người dùng chuyển ngược hoặc cung cấp mã.",đã chuyển tiền mua thuốc; không yêu cầu OTP,"Không cần cảnh báo mạnh. Có thể tiếp tục trò chuyện bình thường, nhưng vẫn nhắc người dùng không chia sẻ OTP nếu cần.",none,none,general,CENTRAL,ABBREVIATION,self_created_long_context_hard_negative,self-created,true,no_pii,valid,self-created,SAFE_LONG_CONTEXT,Safe/hard-negative long context; useful to reduce false positives.
SELF_000286,SELF_SAFE_0046,"Tin nhắn của con cháu hỏi bác tối nay có muốn gọi video với cả nhà ko. Cuộc trò chuyện chỉ xoay quanh chuyện ăn uống, sức khỏe và lịch sinh hoạt. Không có yêu cầu ck hay cung cấp thông tin riêng tư. Mã tình huống tham khảo: SELF_000286.",SAFE,NONE,LOW,"Cuộc trò chuyện gia đình bình thường, không chứa dấu hiệu lừa đảo.",ăn uống; sức khỏe; không yêu cầu chuyển tiền,"Không cần cảnh báo mạnh. Có thể tiếp tục trò chuyện bình thường, nhưng vẫn nhắc người dùng không chia sẻ OTP nếu cần.",none,none,general,NORTH,ABBREVIATION,self_created_long_context_hard_negative,self-created,true,no_pii,valid,self-created,SAFE_LONG_CONTEXT,Safe/hard-negative long context; useful to reduce false positives.
SELF_000287,SELF_SAFE_0047,"Bài chia sẻ trong nhóm gia đình kể rằng con cháu nhắc má đi khám định kỳ. Nội dung chỉ có lịch hẹn, địa chỉ bệnh viện và lời dặn mang theo giấy tờ. Không có yêu cầu chuyển tiền, không có link lạ và không hỏi mã xác nhận.",SAFE,NONE,LOW,"Nội dung chăm sóc gia đình bình thường, không yêu cầu hành động rủi ro.",lịch hẹn; không yêu cầu chuyển tiền; không có link lạ,"Không cần cảnh báo mạnh. Có thể tiếp tục trò chuyện bình thường, nhưng vẫn nhắc người dùng không chia sẻ OTP nếu cần.",none,none,general,SOUTH,NONE,self_created_long_context_hard_negative,self-created,true,no_pii,valid,self-created,SAFE_LONG_CONTEXT,Safe/hard-negative long context; useful to reduce false positives.
SELF_000288,SELF_SAFE_0048,"Một thông báo NH nói hệ thống bảo trì vào ban đêm và khuyến cáo khách hàng ko cung cấp OTP cho bất kỳ ai. Tin nhắn ko có link đăng nhập, ko yêu cầu gọi số lạ và ko yêu cầu thao tác gấp. Mã tình huống tham khảo: SELF_000288.",SAFE,NONE,LOW,"Thông báo an toàn, còn có nội dung cảnh báo không cung cấp OTP.",bảo trì; không cung cấp OTP; không có đường link,"Không cần cảnh báo mạnh. Có thể tiếp tục trò chuyện bình thường, nhưng vẫn nhắc người dùng không chia sẻ OTP nếu cần.",none,none,general,STANDARD,ABBREVIATION,self_created_long_context_hard_negative,self-created,true,no_pii,valid,self-created,SAFE_LONG_CONTEXT,Safe/hard-negative long context; useful to reduce false positives.
SELF_000289,SELF_SAFE_0049,"Nguoi giao hang nhan cho chu rang don hang se giao trong buoi chieu va neu khong tien nhan thi co the hen lai. Tin nhan chi hoi thoi gian nhan hang, khong yeu cau bam link, tra phi hay cung cap thong tin ca nhan. Mã tình huống tham khảo: SELF_000289.",SAFE,NONE,LOW,"Thông báo giao hàng bình thường, không chứa link lạ hoặc yêu cầu thanh toán bất thường.",hẹn lại thời gian nhận hàng; không yêu cầu bấm link,"Không cần cảnh báo mạnh. Có thể tiếp tục trò chuyện bình thường, nhưng vẫn nhắc người dùng không chia sẻ OTP nếu cần.",none,none,general,NORTH,TYPO,self_created_long_context_hard_negative,self-created,true,no_pii,valid,self-created,SAFE_LONG_CONTEXT,Safe/hard-negative long context; useful to reduce false positives.
SELF_000290,SELF_SAFE_0050,"Bài chia sẻ trong nhóm gia đình kể rằng con cháu nhắc chú đi khám định kỳ. Nội dung chỉ có lịch hẹn, địa chỉ bệnh viện và lời dặn mang theo giấy tờ. Không có yêu cầu chuyển tiền, không có link lạ và không hỏi mã xác nhận. Mã tình huống tham khảo: SELF_000290.",SAFE,NONE,LOW,"Nội dung chăm sóc gia đình bình thường, không yêu cầu hành động rủi ro.",lịch hẹn; không yêu cầu chuyển tiền; không có link lạ,"Không cần cảnh báo mạnh. Có thể tiếp tục trò chuyện bình thường, nhưng vẫn nhắc người dùng không chia sẻ OTP nếu cần.",none,none,general,NORTH,NONE,self_created_long_context_hard_negative,self-created,true,no_pii,valid,self-created,SAFE_LONG_CONTEXT,Safe/hard-negative long context; useful to reduce false positives.
SELF_000291,SELF_SAFE_0051,"Mot thong bao ngan hang noi he thong bao tri vao ban dem va khuyen cao khach hang khong cung cap OTP cho bat ky ai. Tin nhan khong co duong link dang nhap, khong yeu cau goi so la va khong yeu cau thao tac gap. Mã tình huống tham khảo: SELF_000291.",SAFE,NONE,LOW,"Thông báo an toàn, còn có nội dung cảnh báo không cung cấp OTP.",bảo trì; không cung cấp OTP; không có đường link,"Không cần cảnh báo mạnh. Có thể tiếp tục trò chuyện bình thường, nhưng vẫn nhắc người dùng không chia sẻ OTP nếu cần.",none,none,general,NORTH,NO_DIACRITICS,self_created_long_context_hard_negative,self-created,true,no_pii,valid,self-created,SAFE_LONG_CONTEXT,Safe/hard-negative long context; useful to reduce false positives.
SELF_000292,SELF_SAFE_0052,"Nguoi giao hang nhan cho bac rang don hang se giao trong buoi chieu va neu khong tien nhan thi co the hen lai. Tin nhan chi hoi thoi gian nhan hang, khong yeu cau bam link, tra phi hay cung cap thong tin ca nhan.",SAFE,NONE,LOW,"Thông báo giao hàng bình thường, không chứa link lạ hoặc yêu cầu thanh toán bất thường.",hẹn lại thời gian nhận hàng; không yêu cầu bấm link,"Không cần cảnh báo mạnh. Có thể tiếp tục trò chuyện bình thường, nhưng vẫn nhắc người dùng không chia sẻ OTP nếu cần.",none,none,general,CENTRAL,TYPO,self_created_long_context_hard_negative,self-created,true,no_pii,valid,self-created,SAFE_LONG_CONTEXT,Safe/hard-negative long context; useful to reduce false positives.
SELF_000293,SELF_SAFE_0053,"Người giao hàng nhắn cho bác rằng đơn hàng sẽ giao trong buổi chiều và nếu không tiện nhận thì có thể hẹn lại. Tin nhắn chỉ hỏi thời gian nhận hàng, không yêu cầu bấm link, trả phí hay cung cấp thông tin cá nhân. Mã tình huống tham khảo: SELF_000293.",SAFE,NONE,LOW,"Thông báo giao hàng bình thường, không chứa link lạ hoặc yêu cầu thanh toán bất thường.",hẹn lại thời gian nhận hàng; không yêu cầu bấm link,"Không cần cảnh báo mạnh. Có thể tiếp tục trò chuyện bình thường, nhưng vẫn nhắc người dùng không chia sẻ OTP nếu cần.",none,none,general,CENTRAL,NONE,self_created_long_context_hard_negative,self-created,true,no_pii,valid,self-created,SAFE_LONG_CONTEXT,Safe/hard-negative long context; useful to reduce false positives.
SELF_000294,SELF_SAFE_0054,"Tin nhắn của con cháu hỏi chú tối nay có muốn gọi video với cả nhà không. Cuộc trò chuyện chỉ xoay quanh chuyện ăn uống, sức khỏe và lịch sinh hoạt. Không có yêu cầu chuyển tiền hay cung cấp thông tin riêng tư. Mã tình huống tham khảo: SELF_000294.",SAFE,NONE,LOW,"Cuộc trò chuyện gia đình bình thường, không chứa dấu hiệu lừa đảo.",ăn uống; sức khỏe; không yêu cầu chuyển tiền,"Không cần cảnh báo mạnh. Có thể tiếp tục trò chuyện bình thường, nhưng vẫn nhắc người dùng không chia sẻ OTP nếu cần.",none,none,general,NORTH,NONE,self_created_long_context_hard_negative,self-created,true,no_pii,valid,self-created,SAFE_LONG_CONTEXT,Safe/hard-negative long context; useful to reduce false positives.
SELF_000295,SELF_SAFE_0055,"Một thông báo ngân hàng nói hệ thống bảo trì vào ban đêm và khuyến cáo khách hàng không cung cấp OTP cho bất kỳ ai. Tin nhắn không có đường link đăng nhập, không yêu cầu gọi số lạ và không yêu cầu thao tác gấp. Mã tình huống tham khảo: SELF_000295.",SAFE,NONE,LOW,"Thông báo an toàn, còn có nội dung cảnh báo không cung cấp OTP.",bảo trì; không cung cấp OTP; không có đường link,"Không cần cảnh báo mạnh. Có thể tiếp tục trò chuyện bình thường, nhưng vẫn nhắc người dùng không chia sẻ OTP nếu cần.",none,none,general,STANDARD,NONE,self_created_long_context_hard_negative,self-created,true,no_pii,valid,self-created,SAFE_LONG_CONTEXT,Safe/hard-negative long context; useful to reduce false positives.
SELF_000296,SELF_SAFE_0056,"Tin nhan cua con chau hoi me toi nay co muon goi video voi ca nha khong. Cuoc tro chuyen chi xoay quanh chuyen an uong, suc khoe va lich sinh hoat. Khong co yeu cau chuyen tien hay cung cap thong tin rieng tu.",SAFE,NONE,LOW,"Cuộc trò chuyện gia đình bình thường, không chứa dấu hiệu lừa đảo.",ăn uống; sức khỏe; không yêu cầu chuyển tiền,"Không cần cảnh báo mạnh. Có thể tiếp tục trò chuyện bình thường, nhưng vẫn nhắc người dùng không chia sẻ OTP nếu cần.",none,none,general,CENTRAL,NO_DIACRITICS,self_created_long_context_hard_negative,self-created,true,no_pii,valid,self-created,SAFE_LONG_CONTEXT,Safe/hard-negative long context; useful to reduce false positives.
SELF_000297,SELF_SAFE_0057,"Một thông báo NH nói hệ thống bảo trì vào ban đêm và khuyến cáo khách hàng ko cung cấp OTP cho bất kỳ ai. Tin nhắn ko có link đăng nhập, ko yêu cầu gọi số lạ và ko yêu cầu thao tác gấp. Mã tình huống tham khảo: SELF_000297.",SAFE,NONE,LOW,"Thông báo an toàn, còn có nội dung cảnh báo không cung cấp OTP.",bảo trì; không cung cấp OTP; không có đường link,"Không cần cảnh báo mạnh. Có thể tiếp tục trò chuyện bình thường, nhưng vẫn nhắc người dùng không chia sẻ OTP nếu cần.",none,none,general,STANDARD,ABBREVIATION,self_created_long_context_hard_negative,self-created,true,no_pii,valid,self-created,SAFE_LONG_CONTEXT,Safe/hard-negative long context; useful to reduce false positives.
SELF_000298,SELF_SAFE_0058,"Nguoi giao hang nhan cho ma rang don hang se giao trong buoi chieu va neu khong tien nhan thi co the hen lai. Tin nhan chi hoi thoi gian nhan hang, khong yeu cau bam link, tra phi hay cung cap thong tin ca nhan.",SAFE,NONE,LOW,"Thông báo giao hàng bình thường, không chứa link lạ hoặc yêu cầu thanh toán bất thường.",hẹn lại thời gian nhận hàng; không yêu cầu bấm link,"Không cần cảnh báo mạnh. Có thể tiếp tục trò chuyện bình thường, nhưng vẫn nhắc người dùng không chia sẻ OTP nếu cần.",none,none,general,SOUTH,NO_DIACRITICS,self_created_long_context_hard_negative,self-created,true,no_pii,valid,self-created,SAFE_LONG_CONTEXT,Safe/hard-negative long context; useful to reduce false positives.
SELF_000299,SELF_SAFE_0059,"Tin nhan tu nguoi than bao da chuyen tien mua thuoc cho co va hen chieu ghe qua. Nguoi gui dung so dien thoai quen thuoc, khong yeu cau co gui lai thong tin ngan hang hay OTP. Noi dung mang tinh thong bao sinh hoat.",SAFE,NONE,LOW,"Có nhắc đến chuyển tiền nhưng ngữ cảnh an toàn, không yêu cầu người dùng chuyển ngược hoặc cung cấp mã.",đã chuyển tiền mua thuốc; không yêu cầu OTP,"Không cần cảnh báo mạnh. Có thể tiếp tục trò chuyện bình thường, nhưng vẫn nhắc người dùng không chia sẻ OTP nếu cần.",none,none,general,NORTH,TYPO,self_created_long_context_hard_negative,self-created,true,no_pii,valid,self-created,SAFE_LONG_CONTEXT,Safe/hard-negative long context; useful to reduce false positives.
SELF_000300,SELF_SAFE_0060,"Tin nhắn của con cháu hỏi cô tối nay có muốn gọi video với cả nhà không. Cuộc trò chuyện chỉ xoay quanh chuyện ăn uống, sức khỏe và lịch sinh hoạt. Không có yêu cầu chuyển tiền hay cung cấp thông tin riêng tư. Mã tình huống tham khảo: SELF_000300.",SAFE,NONE,LOW,"Cuộc trò chuyện gia đình bình thường, không chứa dấu hiệu lừa đảo.",ăn uống; sức khỏe; không yêu cầu chuyển tiền,"Không cần cảnh báo mạnh. Có thể tiếp tục trò chuyện bình thường, nhưng vẫn nhắc người dùng không chia sẻ OTP nếu cần.",none,none,general,NORTH,NONE,self_created_long_context_hard_negative,self-created,true,no_pii,valid,self-created,SAFE_LONG_CONTEXT,Safe/hard-negative long context; useful to reduce false positives.
